metric,topk_ratio,k,case_i,case_j,repeat,value
bgs_spearman,,,06SR5RBREL16DQ6M8LWS,0RZDK210BSMWAA6467LU,0,-0.03649267399267399
bgs_spearman,,,06SR5RBREL16DQ6M8LWS,0RZDK210BSMWAA6467LU,1,-0.026602564102564098
bgs_spearman,,,06SR5RBREL16DQ6M8LWS,0RZDK210BSMWAA6467LU,2,0.10077838827838827
bgs_spearman,,,06SR5RBREL16DQ6M8LWS,0RZDK210BSMWAA6467LU,3,-0.06277472527472526
bgs_spearman,,,06SR5RBREL16DQ6M8LWS,0RZDK210BSMWAA6467LU,4,0.029670329670329662
bgs_spearman,,,06SR5RBREL16DQ6M8LWS,0RZDK210BSMWAA6467LU,5,-0.14418498168498167
bgs_spearman,,,06SR5RBREL16DQ6M8LWS,0RZDK210BSMWAA6467LU,6,-0.060302197802197796
bgs_spearman,,,06SR5RBREL16DQ6M8LWS,0RZDK210BSMWAA6467LU,7,-0.03493589743589743
bgs_spearman,,,06SR5RBREL16DQ6M8LWS,0RZDK210BSMWAA6467LU,8,0.08772893772893772
bgs_spearman,,,06SR5RBREL16DQ6M8LWS,0RZDK210BSMWAA6467LU,9,-0.10833333333333331
bgs_spearman,,,06SR5RBREL16DQ6M8LWS,0RZDK210BSMWAA6467LU,10,-0.19656593406593406
bgs_spearman,,,06SR5RBREL16DQ6M8LWS,0RZDK210BSMWAA6467LU,11,-0.1847069597069597
bgs_spearman,,,06SR5RBREL16DQ6M8LWS,0RZDK210BSMWAA6467LU,12,-0.04134615384615384
bgs_spearman,,,06SR5RBREL16DQ6M8LWS,0RZDK210BSMWAA6467LU,13,-0.016712454212454212
bgs_spearman,,,06SR5RBREL16DQ6M8LWS,0RZDK210BSMWAA6467LU,14,-0.21190476190476187
bgs_spearman,,,06SR5RBREL16DQ6M8LWS,0RZDK210BSMWAA6467LU,15,0.09116300366300366
bgs_spearman,,,06SR5RBREL16DQ6M8LWS,0RZDK210BSMWAA6467LU,16,-0.20045787545787547
bgs_spearman,,,06SR5RBREL16DQ6M8LWS,0RZDK210BSMWAA6467LU,17,0.13402014652014652
bgs_spearman,,,06SR5RBREL16DQ6M8LWS,0RZDK210BSMWAA6467LU,18,-0.03534798534798534
bgs_spearman,,,06SR5RBREL16DQ6M8LWS,0RZDK210BSMWAA6467LU,19,0.09725274725274725
bgs_spearman,,,06SR5RBREL16DQ6M8LWS,0RZDK210BSMWAA6467LU,20,-0.12390109890109888
bgs_spearman,,,06SR5RBREL16DQ6M8LWS,0RZDK210BSMWAA6467LU,21,0.15975274725274724
bgs_spearman,,,06SR5RBREL16DQ6M8LWS,0RZDK210BSMWAA6467LU,22,-0.1883241758241758
bgs_spearman,,,06SR5RBREL16DQ6M8LWS,0RZDK210BSMWAA6467LU,23,-0.051968864468864465
bgs_spearman,,,06SR5RBREL16DQ6M8LWS,0RZDK210BSMWAA6467LU,24,0.04285714285714285
bgs_spearman,,,06SR5RBREL16DQ6M8LWS,0RZDK210BSMWAA6467LU,25,-0.10641025641025639
bgs_spearman,,,06SR5RBREL16DQ6M8LWS,0RZDK210BSMWAA6467LU,26,0.12206959706959707
bgs_spearman,,,06SR5RBREL16DQ6M8LWS,0RZDK210BSMWAA6467LU,27,-0.13035714285714287
bgs_spearman,,,06SR5RBREL16DQ6M8LWS,0RZDK210BSMWAA6467LU,28,-0.2531135531135531
bgs_spearman,,,06SR5RBREL16DQ6M8LWS,0RZDK210BSMWAA6467LU,29,-0.07078754578754579
bgs_spearman,,,06SR5RBREL16DQ6M8LWS,0RZDK210BSMWAA6467LU,30,-0.08127289377289376
bgs_spearman,,,06SR5RBREL16DQ6M8LWS,0RZDK210BSMWAA6467LU,31,-0.04020146520146519
bgs_spearman,,,06SR5RBREL16DQ6M8LWS,0RZDK210BSMWAA6467LU,32,-0.01217948717948718
bgs_spearman,,,06SR5RBREL16DQ6M8LWS,0RZDK210BSMWAA6467LU,33,-0.1554029304029304
bgs_spearman,,,06SR5RBREL16DQ6M8LWS,0RZDK210BSMWAA6467LU,34,0.04624542124542124
bgs_spearman,,,06SR5RBREL16DQ6M8LWS,0RZDK210BSMWAA6467LU,35,0.05517399267399267
bgs_spearman,,,06SR5RBREL16DQ6M8LWS,0RZDK210BSMWAA6467LU,36,-0.008150183150183149
bgs_spearman,,,06SR5RBREL16DQ6M8LWS,0RZDK210BSMWAA6467LU,37,0.10489926739926737
bgs_spearman,,,06SR5RBREL16DQ6M8LWS,0RZDK210BSMWAA6467LU,38,-0.13214285714285712
bgs_spearman,,,06SR5RBREL16DQ6M8LWS,0RZDK210BSMWAA6467LU,39,0.07303113553113552
bgs_spearman,,,06SR5RBREL16DQ6M8LWS,0RZDK210BSMWAA6467LU,40,-0.03553113553113552
bgs_spearman,,,06SR5RBREL16DQ6M8LWS,0RZDK210BSMWAA6467LU,41,0.13287545787545788
bgs_spearman,,,06SR5RBREL16DQ6M8LWS,0RZDK210BSMWAA6467LU,42,-0.044963369963369956
bgs_spearman,,,06SR5RBREL16DQ6M8LWS,0RZDK210BSMWAA6467LU,43,0.09065934065934066
bgs_spearman,,,06SR5RBREL16DQ6M8LWS,0RZDK210BSMWAA6467LU,44,-0.037271062271062264
bgs_spearman,,,06SR5RBREL16DQ6M8LWS,0RZDK210BSMWAA6467LU,45,0.1698260073260073
bgs_spearman,,,06SR5RBREL16DQ6M8LWS,0RZDK210BSMWAA6467LU,46,-0.18640109890109888
bgs_spearman,,,06SR5RBREL16DQ6M8LWS,0RZDK210BSMWAA6467LU,47,-0.10499084249084246
bgs_spearman,,,06SR5RBREL16DQ6M8LWS,0RZDK210BSMWAA6467LU,48,-0.1686355311355311
bgs_spearman,,,06SR5RBREL16DQ6M8LWS,0RZDK210BSMWAA6467LU,49,0.037957875457875455
bgs_spearman,,,06SR5RBREL16DQ6M8LWS,0RZDK210BSMWAA6467LU,50,-0.14679487179487177
bgs_spearman,,,06SR5RBREL16DQ6M8LWS,0RZDK210BSMWAA6467LU,51,0.04478021978021978
bgs_spearman,,,06SR5RBREL16DQ6M8LWS,0RZDK210BSMWAA6467LU,52,0.07303113553113552
bgs_spearman,,,06SR5RBREL16DQ6M8LWS,0RZDK210BSMWAA6467LU,53,-0.11895604395604392
bgs_spearman,,,06SR5RBREL16DQ6M8LWS,0RZDK210BSMWAA6467LU,54,0.017857142857142856
bgs_spearman,,,06SR5RBREL16DQ6M8LWS,0RZDK210BSMWAA6467LU,55,-0.01854395604395604
bgs_spearman,,,06SR5RBREL16DQ6M8LWS,0RZDK210BSMWAA6467LU,56,-0.12303113553113551
bgs_spearman,,,06SR5RBREL16DQ6M8LWS,0RZDK210BSMWAA6467LU,57,0.010989010989010988
bgs_spearman,,,06SR5RBREL16DQ6M8LWS,0RZDK210BSMWAA6467LU,58,0.0896062271062271
bgs_spearman,,,06SR5RBREL16DQ6M8LWS,0RZDK210BSMWAA6467LU,59,0.019826007326007325
bgs_spearman,,,06SR5RBREL16DQ6M8LWS,0RZDK210BSMWAA6467LU,60,0.08516483516483515
bgs_spearman,,,06SR5RBREL16DQ6M8LWS,0RZDK210BSMWAA6467LU,61,-0.08328754578754578
bgs_spearman,,,06SR5RBREL16DQ6M8LWS,0RZDK210BSMWAA6467LU,62,-0.05586080586080585
bgs_spearman,,,06SR5RBREL16DQ6M8LWS,0RZDK210BSMWAA6467LU,63,0.04033882783882784
bgs_spearman,,,06SR5RBREL16DQ6M8LWS,0RZDK210BSMWAA6467LU,64,0.060119047619047614
bgs_spearman,,,06SR5RBREL16DQ6M8LWS,0RZDK210BSMWAA6467LU,65,-0.026602564102564098
bgs_spearman,,,06SR5RBREL16DQ6M8LWS,0RZDK210BSMWAA6467LU,66,0.10389194139194138
bgs_spearman,,,06SR5RBREL16DQ6M8LWS,0RZDK210BSMWAA6467LU,67,0.07916666666666666
bgs_spearman,,,06SR5RBREL16DQ6M8LWS,0RZDK210BSMWAA6467LU,68,-0.11739926739926738
bgs_spearman,,,06SR5RBREL16DQ6M8LWS,0RZDK210BSMWAA6467LU,69,-0.027518315018315014
bgs_spearman,,,06SR5RBREL16DQ6M8LWS,0RZDK210BSMWAA6467LU,70,-0.10329670329670329
bgs_spearman,,,06SR5RBREL16DQ6M8LWS,0RZDK210BSMWAA6467LU,71,-0.11369047619047618
bgs_spearman,,,06SR5RBREL16DQ6M8LWS,0RZDK210BSMWAA6467LU,72,-0.21336996336996336
bgs_spearman,,,06SR5RBREL16DQ6M8LWS,0RZDK210BSMWAA6467LU,73,0.07266483516483516
bgs_spearman,,,06SR5RBREL16DQ6M8LWS,0RZDK210BSMWAA6467LU,74,-0.19885531135531134
bgs_spearman,,,06SR5RBREL16DQ6M8LWS,0RZDK210BSMWAA6467LU,75,-0.07797619047619048
bgs_spearman,,,06SR5RBREL16DQ6M8LWS,0RZDK210BSMWAA6467LU,76,-0.26776556776556776
bgs_spearman,,,06SR5RBREL16DQ6M8LWS,0RZDK210BSMWAA6467LU,77,0.036217948717948714
bgs_spearman,,,06SR5RBREL16DQ6M8LWS,0RZDK210BSMWAA6467LU,78,-0.278021978021978
bgs_spearman,,,06SR5RBREL16DQ6M8LWS,0RZDK210BSMWAA6467LU,79,0.08914835164835164
bgs_spearman,,,06SR5RBREL16DQ6M8LWS,0RZDK210BSMWAA6467LU,80,0.03406593406593406
bgs_spearman,,,06SR5RBREL16DQ6M8LWS,0RZDK210BSMWAA6467LU,81,0.12303113553113551
bgs_spearman,,,06SR5RBREL16DQ6M8LWS,0RZDK210BSMWAA6467LU,82,0.19880952380952377
bgs_spearman,,,06SR5RBREL16DQ6M8LWS,0RZDK210BSMWAA6467LU,83,0.06804029304029302
bgs_spearman,,,06SR5RBREL16DQ6M8LWS,0RZDK210BSMWAA6467LU,84,-0.0802197802197802
bgs_spearman,,,06SR5RBREL16DQ6M8LWS,0RZDK210BSMWAA6467LU,85,-0.05989010989010988
bgs_spearman,,,06SR5RBREL16DQ6M8LWS,0RZDK210BSMWAA6467LU,86,-0.2651556776556776
bgs_spearman,,,06SR5RBREL16DQ6M8LWS,0RZDK210BSMWAA6467LU,87,-0.0315018315018315
bgs_spearman,,,06SR5RBREL16DQ6M8LWS,0RZDK210BSMWAA6467LU,88,-0.075
bgs_spearman,,,06SR5RBREL16DQ6M8LWS,0RZDK210BSMWAA6467LU,89,0.06222527472527472
bgs_spearman,,,06SR5RBREL16DQ6M8LWS,0RZDK210BSMWAA6467LU,90,0.038049450549450546
bgs_spearman,,,06SR5RBREL16DQ6M8LWS,0RZDK210BSMWAA6467LU,91,-0.021520146520146517
bgs_spearman,,,06SR5RBREL16DQ6M8LWS,0RZDK210BSMWAA6467LU,92,-0.1152930402930403
bgs_spearman,,,06SR5RBREL16DQ6M8LWS,0RZDK210BSMWAA6467LU,93,-0.07564102564102564
bgs_spearman,,,06SR5RBREL16DQ6M8LWS,0RZDK210BSMWAA6467LU,94,-0.08557692307692306
bgs_spearman,,,06SR5RBREL16DQ6M8LWS,0RZDK210BSMWAA6467LU,95,0.04134615384615384
bgs_spearman,,,06SR5RBREL16DQ6M8LWS,0RZDK210BSMWAA6467LU,96,-0.2565018315018314
bgs_spearman,,,06SR5RBREL16DQ6M8LWS,0RZDK210BSMWAA6467LU,97,0.07206959706959706
bgs_spearman,,,06SR5RBREL16DQ6M8LWS,0RZDK210BSMWAA6467LU,98,-0.124496336996337
bgs_spearman,,,06SR5RBREL16DQ6M8LWS,0RZDK210BSMWAA6467LU,99,-0.08255494505494504
bgs_spearman,,,06SR5RBREL16DQ6M8LWS,0RZDK210BSMWAA6467LU,100,-0.13978937728937726
bgs_spearman,,,06SR5RBREL16DQ6M8LWS,0RZDK210BSMWAA6467LU,101,0.006959706959706959
bgs_spearman,,,06SR5RBREL16DQ6M8LWS,0RZDK210BSMWAA6467LU,102,0.3480311355311355
bgs_spearman,,,06SR5RBREL16DQ6M8LWS,0RZDK210BSMWAA6467LU,103,0.03159340659340659
bgs_spearman,,,06SR5RBREL16DQ6M8LWS,0RZDK210BSMWAA6467LU,104,-0.17728937728937727
bgs_spearman,,,06SR5RBREL16DQ6M8LWS,0RZDK210BSMWAA6467LU,105,-0.14006410256410254
bgs_spearman,,,06SR5RBREL16DQ6M8LWS,0RZDK210BSMWAA6467LU,106,-0.05183150183150183
bgs_spearman,,,06SR5RBREL16DQ6M8LWS,0RZDK210BSMWAA6467LU,107,0.019184981684981683
bgs_spearman,,,06SR5RBREL16DQ6M8LWS,0RZDK210BSMWAA6467LU,108,0.2559981684981685
bgs_spearman,,,06SR5RBREL16DQ6M8LWS,0RZDK210BSMWAA6467LU,109,0.20109890109890108
bgs_spearman,,,06SR5RBREL16DQ6M8LWS,0RZDK210BSMWAA6467LU,110,0.06863553113553113
bgs_spearman,,,06SR5RBREL16DQ6M8LWS,0RZDK210BSMWAA6467LU,111,-0.09578754578754577
bgs_spearman,,,06SR5RBREL16DQ6M8LWS,0RZDK210BSMWAA6467LU,112,0.21698717948717947
bgs_spearman,,,06SR5RBREL16DQ6M8LWS,0RZDK210BSMWAA6467LU,113,-0.22948717948717948
bgs_spearman,,,06SR5RBREL16DQ6M8LWS,0RZDK210BSMWAA6467LU,114,-0.07518315018315018
bgs_spearman,,,06SR5RBREL16DQ6M8LWS,0RZDK210BSMWAA6467LU,115,0.1875
bgs_spearman,,,06SR5RBREL16DQ6M8LWS,0RZDK210BSMWAA6467LU,116,-0.17435897435897435
bgs_spearman,,,06SR5RBREL16DQ6M8LWS,0RZDK210BSMWAA6467LU,117,0.058058608058608054
bgs_spearman,,,06SR5RBREL16DQ6M8LWS,0RZDK210BSMWAA6467LU,118,0.1443223443223443
bgs_spearman,,,06SR5RBREL16DQ6M8LWS,0RZDK210BSMWAA6467LU,119,-0.189514652014652
bgs_spearman,,,06SR5RBREL16DQ6M8LWS,0RZDK210BSMWAA6467LU,120,0.09908424908424908
bgs_spearman,,,06SR5RBREL16DQ6M8LWS,0RZDK210BSMWAA6467LU,121,0.022756410256410255
bgs_spearman,,,06SR5RBREL16DQ6M8LWS,0RZDK210BSMWAA6467LU,122,-0.1036172161172161
bgs_spearman,,,06SR5RBREL16DQ6M8LWS,0RZDK210BSMWAA6467LU,123,-0.00608974358974359
bgs_spearman,,,06SR5RBREL16DQ6M8LWS,0RZDK210BSMWAA6467LU,124,0.039926739926739924
bgs_spearman,,,06SR5RBREL16DQ6M8LWS,0RZDK210BSMWAA6467LU,125,-0.0749084249084249
bgs_spearman,,,06SR5RBREL16DQ6M8LWS,0RZDK210BSMWAA6467LU,126,-0.06057692307692308
bgs_spearman,,,06SR5RBREL16DQ6M8LWS,0RZDK210BSMWAA6467LU,127,0.13598901098901098
bgs_spearman,,,06SR5RBREL16DQ6M8LWS,0RZDK210BSMWAA6467LU,128,0.12458791208791208
bgs_spearman,,,06SR5RBREL16DQ6M8LWS,0RZDK210BSMWAA6467LU,129,0.2689102564102564
bgs_spearman,,,06SR5RBREL16DQ6M8LWS,0RZDK210BSMWAA6467LU,130,-0.02385531135531135
bgs_spearman,,,06SR5RBREL16DQ6M8LWS,0RZDK210BSMWAA6467LU,131,-0.07564102564102564
bgs_spearman,,,06SR5RBREL16DQ6M8LWS,0RZDK210BSMWAA6467LU,132,0.27719780219780216
bgs_spearman,,,06SR5RBREL16DQ6M8LWS,0RZDK210BSMWAA6467LU,133,0.23200549450549451
bgs_spearman,,,06SR5RBREL16DQ6M8LWS,0RZDK210BSMWAA6467LU,134,-0.23237179487179485
bgs_spearman,,,06SR5RBREL16DQ6M8LWS,0RZDK210BSMWAA6467LU,135,0.023626373626373626
bgs_spearman,,,06SR5RBREL16DQ6M8LWS,0RZDK210BSMWAA6467LU,136,-0.06456043956043955
bgs_spearman,,,06SR5RBREL16DQ6M8LWS,0RZDK210BSMWAA6467LU,137,-0.1553113553113553
bgs_spearman,,,06SR5RBREL16DQ6M8LWS,0RZDK210BSMWAA6467LU,138,-0.10673076923076923
bgs_spearman,,,06SR5RBREL16DQ6M8LWS,0RZDK210BSMWAA6467LU,139,0.06208791208791208
bgs_spearman,,,06SR5RBREL16DQ6M8LWS,0RZDK210BSMWAA6467LU,140,-0.10045787545787543
bgs_spearman,,,06SR5RBREL16DQ6M8LWS,0RZDK210BSMWAA6467LU,141,0.18479853479853478
bgs_spearman,,,06SR5RBREL16DQ6M8LWS,0RZDK210BSMWAA6467LU,142,-0.0038919413919413916
bgs_spearman,,,06SR5RBREL16DQ6M8LWS,0RZDK210BSMWAA6467LU,143,0.2711996336996337
bgs_spearman,,,06SR5RBREL16DQ6M8LWS,0RZDK210BSMWAA6467LU,144,-0.21863553113553108
bgs_spearman,,,06SR5RBREL16DQ6M8LWS,0RZDK210BSMWAA6467LU,145,-0.05645604395604395
bgs_spearman,,,06SR5RBREL16DQ6M8LWS,0RZDK210BSMWAA6467LU,146,-0.08269230769230768
bgs_spearman,,,06SR5RBREL16DQ6M8LWS,0RZDK210BSMWAA6467LU,147,0.09816849816849817
bgs_spearman,,,06SR5RBREL16DQ6M8LWS,0RZDK210BSMWAA6467LU,148,-0.017948717948717947
bgs_spearman,,,06SR5RBREL16DQ6M8LWS,0RZDK210BSMWAA6467LU,149,0.1528388278388278
bgs_spearman,,,06SR5RBREL16DQ6M8LWS,0RZDK210BSMWAA6467LU,150,0.09152930402930402
bgs_spearman,,,06SR5RBREL16DQ6M8LWS,0RZDK210BSMWAA6467LU,151,0.03498168498168498
bgs_spearman,,,06SR5RBREL16DQ6M8LWS,0RZDK210BSMWAA6467LU,152,-0.04812271062271061
bgs_spearman,,,06SR5RBREL16DQ6M8LWS,0RZDK210BSMWAA6467LU,153,0.01433150183150183
bgs_spearman,,,06SR5RBREL16DQ6M8LWS,0RZDK210BSMWAA6467LU,154,0.16785714285714284
bgs_spearman,,,06SR5RBREL16DQ6M8LWS,0RZDK210BSMWAA6467LU,155,0.02147435897435897
bgs_spearman,,,06SR5RBREL16DQ6M8LWS,0RZDK210BSMWAA6467LU,156,0.2522893772893773
bgs_spearman,,,06SR5RBREL16DQ6M8LWS,0RZDK210BSMWAA6467LU,157,0.1699175824175824
bgs_spearman,,,06SR5RBREL16DQ6M8LWS,0RZDK210BSMWAA6467LU,158,0.1683150183150183
bgs_spearman,,,06SR5RBREL16DQ6M8LWS,0RZDK210BSMWAA6467LU,159,-0.10402930402930403
bgs_spearman,,,06SR5RBREL16DQ6M8LWS,0RZDK210BSMWAA6467LU,160,-0.10668498168498168
bgs_spearman,,,06SR5RBREL16DQ6M8LWS,0RZDK210BSMWAA6467LU,161,-0.03214285714285714
bgs_spearman,,,06SR5RBREL16DQ6M8LWS,0RZDK210BSMWAA6467LU,162,-0.16959706959706958
bgs_spearman,,,06SR5RBREL16DQ6M8LWS,0RZDK210BSMWAA6467LU,163,-0.141025641025641
bgs_spearman,,,06SR5RBREL16DQ6M8LWS,0RZDK210BSMWAA6467LU,164,-0.18896520146520146
bgs_spearman,,,06SR5RBREL16DQ6M8LWS,0RZDK210BSMWAA6467LU,165,0.049404761904761896
bgs_spearman,,,06SR5RBREL16DQ6M8LWS,0RZDK210BSMWAA6467LU,166,-0.18576007326007324
bgs_spearman,,,06SR5RBREL16DQ6M8LWS,0RZDK210BSMWAA6467LU,167,-0.08543956043956043
bgs_spearman,,,06SR5RBREL16DQ6M8LWS,0RZDK210BSMWAA6467LU,168,0.07211538461538462
bgs_spearman,,,06SR5RBREL16DQ6M8LWS,0RZDK210BSMWAA6467LU,169,0.2092490842490842
bgs_spearman,,,06SR5RBREL16DQ6M8LWS,0RZDK210BSMWAA6467LU,170,-0.08168498168498167
bgs_spearman,,,06SR5RBREL16DQ6M8LWS,0RZDK210BSMWAA6467LU,171,0.07023809523809522
bgs_spearman,,,06SR5RBREL16DQ6M8LWS,0RZDK210BSMWAA6467LU,172,0.047344322344322336
bgs_spearman,,,06SR5RBREL16DQ6M8LWS,0RZDK210BSMWAA6467LU,173,0.03864468864468864
bgs_spearman,,,06SR5RBREL16DQ6M8LWS,0RZDK210BSMWAA6467LU,174,-0.023031135531135526
bgs_spearman,,,06SR5RBREL16DQ6M8LWS,0RZDK210BSMWAA6467LU,175,0.09674908424908424
bgs_spearman,,,06SR5RBREL16DQ6M8LWS,0RZDK210BSMWAA6467LU,176,-0.12445054945054944
bgs_spearman,,,06SR5RBREL16DQ6M8LWS,0RZDK210BSMWAA6467LU,177,0.006135531135531135
bgs_spearman,,,06SR5RBREL16DQ6M8LWS,0RZDK210BSMWAA6467LU,178,0.09276556776556776
bgs_spearman,,,06SR5RBREL16DQ6M8LWS,0RZDK210BSMWAA6467LU,179,0.10915750915750914
bgs_spearman,,,06SR5RBREL16DQ6M8LWS,0RZDK210BSMWAA6467LU,180,-0.009386446886446884
bgs_spearman,,,06SR5RBREL16DQ6M8LWS,0RZDK210BSMWAA6467LU,181,0.08795787545787545
bgs_spearman,,,06SR5RBREL16DQ6M8LWS,0RZDK210BSMWAA6467LU,182,-0.037866300366300364
bgs_spearman,,,06SR5RBREL16DQ6M8LWS,0RZDK210BSMWAA6467LU,183,0.029761904761904757
bgs_spearman,,,06SR5RBREL16DQ6M8LWS,0RZDK210BSMWAA6467LU,184,-0.1554029304029304
bgs_spearman,,,06SR5RBREL16DQ6M8LWS,0RZDK210BSMWAA6467LU,185,-0.01923076923076923
bgs_spearman,,,06SR5RBREL16DQ6M8LWS,0RZDK210BSMWAA6467LU,186,-0.20119047619047617
bgs_spearman,,,06SR5RBREL16DQ6M8LWS,0RZDK210BSMWAA6467LU,187,-0.0077380952380952375
bgs_spearman,,,06SR5RBREL16DQ6M8LWS,0RZDK210BSMWAA6467LU,188,0.02921245421245421
bgs_spearman,,,06SR5RBREL16DQ6M8LWS,0RZDK210BSMWAA6467LU,189,0.02527472527472527
bgs_spearman,,,06SR5RBREL16DQ6M8LWS,0RZDK210BSMWAA6467LU,190,-0.32678571428571423
bgs_spearman,,,06SR5RBREL16DQ6M8LWS,0RZDK210BSMWAA6467LU,191,-0.053891941391941374
bgs_spearman,,,06SR5RBREL16DQ6M8LWS,0RZDK210BSMWAA6467LU,192,-0.04029304029304029
bgs_spearman,,,06SR5RBREL16DQ6M8LWS,0RZDK210BSMWAA6467LU,193,0.0309065934065934
bgs_spearman,,,06SR5RBREL16DQ6M8LWS,0RZDK210BSMWAA6467LU,194,0.3253663003663003
bgs_spearman,,,06SR5RBREL16DQ6M8LWS,0RZDK210BSMWAA6467LU,195,-0.06932234432234433
bgs_spearman,,,06SR5RBREL16DQ6M8LWS,0RZDK210BSMWAA6467LU,196,-0.11909340659340659
bgs_spearman,,,06SR5RBREL16DQ6M8LWS,0RZDK210BSMWAA6467LU,197,0.030448717948717948
bgs_spearman,,,06SR5RBREL16DQ6M8LWS,0RZDK210BSMWAA6467LU,198,-0.00934065934065934
bgs_spearman,,,06SR5RBREL16DQ6M8LWS,0RZDK210BSMWAA6467LU,199,0.14935897435897433
bgs_spearman,,,06SR5RBREL16DQ6M8LWS,1D7CUD1955YZPGK8XHJX,0,0.03635531135531135
bgs_spearman,,,06SR5RBREL16DQ6M8LWS,1D7CUD1955YZPGK8XHJX,1,-0.10476190476190475
bgs_spearman,,,06SR5RBREL16DQ6M8LWS,1D7CUD1955YZPGK8XHJX,2,0.19427655677655675
bgs_spearman,,,06SR5RBREL16DQ6M8LWS,1D7CUD1955YZPGK8XHJX,3,0.06176739926739926
bgs_spearman,,,06SR5RBREL16DQ6M8LWS,1D7CUD1955YZPGK8XHJX,4,-0.1576923076923077
bgs_spearman,,,06SR5RBREL16DQ6M8LWS,1D7CUD1955YZPGK8XHJX,5,0.036538461538461534
bgs_spearman,,,06SR5RBREL16DQ6M8LWS,1D7CUD1955YZPGK8XHJX,6,-0.10613553113553112
bgs_spearman,,,06SR5RBREL16DQ6M8LWS,1D7CUD1955YZPGK8XHJX,7,0.12875457875457874
bgs_spearman,,,06SR5RBREL16DQ6M8LWS,1D7CUD1955YZPGK8XHJX,8,-0.11176739926739926
bgs_spearman,,,06SR5RBREL16DQ6M8LWS,1D7CUD1955YZPGK8XHJX,9,-0.09743589743589744
bgs_spearman,,,06SR5RBREL16DQ6M8LWS,1D7CUD1955YZPGK8XHJX,10,-0.012637362637362636
bgs_spearman,,,06SR5RBREL16DQ6M8LWS,1D7CUD1955YZPGK8XHJX,11,0.008562271062271061
bgs_spearman,,,06SR5RBREL16DQ6M8LWS,1D7CUD1955YZPGK8XHJX,12,0.1483974358974359
bgs_spearman,,,06SR5RBREL16DQ6M8LWS,1D7CUD1955YZPGK8XHJX,13,0.10746336996336994
bgs_spearman,,,06SR5RBREL16DQ6M8LWS,1D7CUD1955YZPGK8XHJX,14,0.189514652014652
bgs_spearman,,,06SR5RBREL16DQ6M8LWS,1D7CUD1955YZPGK8XHJX,15,-0.14418498168498167
bgs_spearman,,,06SR5RBREL16DQ6M8LWS,1D7CUD1955YZPGK8XHJX,16,0.12509157509157506
bgs_spearman,,,06SR5RBREL16DQ6M8LWS,1D7CUD1955YZPGK8XHJX,17,-0.00673076923076923
bgs_spearman,,,06SR5RBREL16DQ6M8LWS,1D7CUD1955YZPGK8XHJX,18,-0.1622252747252747
bgs_spearman,,,06SR5RBREL16DQ6M8LWS,1D7CUD1955YZPGK8XHJX,19,0.006181318681318681
bgs_spearman,,,06SR5RBREL16DQ6M8LWS,1D7CUD1955YZPGK8XHJX,20,0.07536630036630036
bgs_spearman,,,06SR5RBREL16DQ6M8LWS,1D7CUD1955YZPGK8XHJX,21,0.19143772893772892
bgs_spearman,,,06SR5RBREL16DQ6M8LWS,1D7CUD1955YZPGK8XHJX,22,0.046611721611721606
bgs_spearman,,,06SR5RBREL16DQ6M8LWS,1D7CUD1955YZPGK8XHJX,23,-0.02097069597069597
bgs_spearman,,,06SR5RBREL16DQ6M8LWS,1D7CUD1955YZPGK8XHJX,24,0.052701465201465195
bgs_spearman,,,06SR5RBREL16DQ6M8LWS,1D7CUD1955YZPGK8XHJX,25,0.11062271062271062
bgs_spearman,,,06SR5RBREL16DQ6M8LWS,1D7CUD1955YZPGK8XHJX,26,0.061217948717948716
bgs_spearman,,,06SR5RBREL16DQ6M8LWS,1D7CUD1955YZPGK8XHJX,27,-0.001923076923076923
bgs_spearman,,,06SR5RBREL16DQ6M8LWS,1D7CUD1955YZPGK8XHJX,28,0.27266483516483514
bgs_spearman,,,06SR5RBREL16DQ6M8LWS,1D7CUD1955YZPGK8XHJX,29,-0.11909340659340659
bgs_spearman,,,06SR5RBREL16DQ6M8LWS,1D7CUD1955YZPGK8XHJX,30,-0.2635531135531135
bgs_spearman,,,06SR5RBREL16DQ6M8LWS,1D7CUD1955YZPGK8XHJX,31,0.16762820512820512
bgs_spearman,,,06SR5RBREL16DQ6M8LWS,1D7CUD1955YZPGK8XHJX,32,0.16236263736263734
bgs_spearman,,,06SR5RBREL16DQ6M8LWS,1D7CUD1955YZPGK8XHJX,33,-0.1584249084249084
bgs_spearman,,,06SR5RBREL16DQ6M8LWS,1D7CUD1955YZPGK8XHJX,34,-0.07435897435897434
bgs_spearman,,,06SR5RBREL16DQ6M8LWS,1D7CUD1955YZPGK8XHJX,35,0.20270146520146518
bgs_spearman,,,06SR5RBREL16DQ6M8LWS,1D7CUD1955YZPGK8XHJX,36,0.19478021978021975
bgs_spearman,,,06SR5RBREL16DQ6M8LWS,1D7CUD1955YZPGK8XHJX,37,-0.11968864468864467
bgs_spearman,,,06SR5RBREL16DQ6M8LWS,1D7CUD1955YZPGK8XHJX,38,-0.007463369963369962
bgs_spearman,,,06SR5RBREL16DQ6M8LWS,1D7CUD1955YZPGK8XHJX,39,-0.13456959706959704
bgs_spearman,,,06SR5RBREL16DQ6M8LWS,1D7CUD1955YZPGK8XHJX,40,0.06529304029304028
bgs_spearman,,,06SR5RBREL16DQ6M8LWS,1D7CUD1955YZPGK8XHJX,41,-0.0072802197802197795
bgs_spearman,,,06SR5RBREL16DQ6M8LWS,1D7CUD1955YZPGK8XHJX,42,0.07353479853479852
bgs_spearman,,,06SR5RBREL16DQ6M8LWS,1D7CUD1955YZPGK8XHJX,43,0.02953296703296703
bgs_spearman,,,06SR5RBREL16DQ6M8LWS,1D7CUD1955YZPGK8XHJX,44,-0.0467032967032967
bgs_spearman,,,06SR5RBREL16DQ6M8LWS,1D7CUD1955YZPGK8XHJX,45,0.10274725274725274
bgs_spearman,,,06SR5RBREL16DQ6M8LWS,1D7CUD1955YZPGK8XHJX,46,-0.033516483516483515
bgs_spearman,,,06SR5RBREL16DQ6M8LWS,1D7CUD1955YZPGK8XHJX,47,0.021886446886446885
bgs_spearman,,,06SR5RBREL16DQ6M8LWS,1D7CUD1955YZPGK8XHJX,48,0.01561355311355311
bgs_spearman,,,06SR5RBREL16DQ6M8LWS,1D7CUD1955YZPGK8XHJX,49,-0.019276556776556774
bgs_spearman,,,06SR5RBREL16DQ6M8LWS,1D7CUD1955YZPGK8XHJX,50,-0.3043498168498168
bgs_spearman,,,06SR5RBREL16DQ6M8LWS,1D7CUD1955YZPGK8XHJX,51,-0.17733516483516482
bgs_spearman,,,06SR5RBREL16DQ6M8LWS,1D7CUD1955YZPGK8XHJX,52,0.028296703296703293
bgs_spearman,,,06SR5RBREL16DQ6M8LWS,1D7CUD1955YZPGK8XHJX,53,-0.012545787545787545
bgs_spearman,,,06SR5RBREL16DQ6M8LWS,1D7CUD1955YZPGK8XHJX,54,0.1487179487179487
bgs_spearman,,,06SR5RBREL16DQ6M8LWS,1D7CUD1955YZPGK8XHJX,55,0.046520146520146514
bgs_spearman,,,06SR5RBREL16DQ6M8LWS,1D7CUD1955YZPGK8XHJX,56,0.10416666666666666
bgs_spearman,,,06SR5RBREL16DQ6M8LWS,1D7CUD1955YZPGK8XHJX,57,-0.06474358974358974
bgs_spearman,,,06SR5RBREL16DQ6M8LWS,1D7CUD1955YZPGK8XHJX,58,-0.05114468864468863
bgs_spearman,,,06SR5RBREL16DQ6M8LWS,1D7CUD1955YZPGK8XHJX,59,-0.0021062271062271057
bgs_spearman,,,06SR5RBREL16DQ6M8LWS,1D7CUD1955YZPGK8XHJX,60,-0.09807692307692308
bgs_spearman,,,06SR5RBREL16DQ6M8LWS,1D7CUD1955YZPGK8XHJX,61,0.17271062271062268
bgs_spearman,,,06SR5RBREL16DQ6M8LWS,1D7CUD1955YZPGK8XHJX,62,-0.010714285714285713
bgs_spearman,,,06SR5RBREL16DQ6M8LWS,1D7CUD1955YZPGK8XHJX,63,-0.06831501831501831
bgs_spearman,,,06SR5RBREL16DQ6M8LWS,1D7CUD1955YZPGK8XHJX,64,-0.01891025641025641
bgs_spearman,,,06SR5RBREL16DQ6M8LWS,1D7CUD1955YZPGK8XHJX,65,0.10453296703296702
bgs_spearman,,,06SR5RBREL16DQ6M8LWS,1D7CUD1955YZPGK8XHJX,66,-0.05219780219780219
bgs_spearman,,,06SR5RBREL16DQ6M8LWS,1D7CUD1955YZPGK8XHJX,67,-0.03168498168498168
bgs_spearman,,,06SR5RBREL16DQ6M8LWS,1D7CUD1955YZPGK8XHJX,68,-0.004258241758241758
bgs_spearman,,,06SR5RBREL16DQ6M8LWS,1D7CUD1955YZPGK8XHJX,69,-0.15746336996336993
bgs_spearman,,,06SR5RBREL16DQ6M8LWS,1D7CUD1955YZPGK8XHJX,70,0.17673992673992672
bgs_spearman,,,06SR5RBREL16DQ6M8LWS,1D7CUD1955YZPGK8XHJX,71,-0.013782051282051282
bgs_spearman,,,06SR5RBREL16DQ6M8LWS,1D7CUD1955YZPGK8XHJX,72,0.13814102564102562
bgs_spearman,,,06SR5RBREL16DQ6M8LWS,1D7CUD1955YZPGK8XHJX,73,0.04304029304029303
bgs_spearman,,,06SR5RBREL16DQ6M8LWS,1D7CUD1955YZPGK8XHJX,74,-0.27582417582417584
bgs_spearman,,,06SR5RBREL16DQ6M8LWS,1D7CUD1955YZPGK8XHJX,75,-0.15915750915750912
bgs_spearman,,,06SR5RBREL16DQ6M8LWS,1D7CUD1955YZPGK8XHJX,76,0.1296245421245421
bgs_spearman,,,06SR5RBREL16DQ6M8LWS,1D7CUD1955YZPGK8XHJX,77,-0.05769230769230769
bgs_spearman,,,06SR5RBREL16DQ6M8LWS,1D7CUD1955YZPGK8XHJX,78,0.360485347985348
bgs_spearman,,,06SR5RBREL16DQ6M8LWS,1D7CUD1955YZPGK8XHJX,79,0.005494505494505494
bgs_spearman,,,06SR5RBREL16DQ6M8LWS,1D7CUD1955YZPGK8XHJX,80,-0.1803113553113553
bgs_spearman,,,06SR5RBREL16DQ6M8LWS,1D7CUD1955YZPGK8XHJX,81,0.10673076923076923
bgs_spearman,,,06SR5RBREL16DQ6M8LWS,1D7CUD1955YZPGK8XHJX,82,-0.18438644688644687
bgs_spearman,,,06SR5RBREL16DQ6M8LWS,1D7CUD1955YZPGK8XHJX,83,-0.06973443223443222
bgs_spearman,,,06SR5RBREL16DQ6M8LWS,1D7CUD1955YZPGK8XHJX,84,0.02999084249084248
bgs_spearman,,,06SR5RBREL16DQ6M8LWS,1D7CUD1955YZPGK8XHJX,85,-0.11268315018315017
bgs_spearman,,,06SR5RBREL16DQ6M8LWS,1D7CUD1955YZPGK8XHJX,86,0.013965201465201462
bgs_spearman,,,06SR5RBREL16DQ6M8LWS,1D7CUD1955YZPGK8XHJX,87,0.1266941391941392
bgs_spearman,,,06SR5RBREL16DQ6M8LWS,1D7CUD1955YZPGK8XHJX,88,-0.19569597069597067
bgs_spearman,,,06SR5RBREL16DQ6M8LWS,1D7CUD1955YZPGK8XHJX,89,0.08507326007326006
bgs_spearman,,,06SR5RBREL16DQ6M8LWS,1D7CUD1955YZPGK8XHJX,90,0.3363095238095238
bgs_spearman,,,06SR5RBREL16DQ6M8LWS,1D7CUD1955YZPGK8XHJX,91,-0.09766483516483515
bgs_spearman,,,06SR5RBREL16DQ6M8LWS,1D7CUD1955YZPGK8XHJX,92,-0.25943223443223445
bgs_spearman,,,06SR5RBREL16DQ6M8LWS,1D7CUD1955YZPGK8XHJX,93,-0.018086080586080584
bgs_spearman,,,06SR5RBREL16DQ6M8LWS,1D7CUD1955YZPGK8XHJX,94,-0.011355311355311355
bgs_spearman,,,06SR5RBREL16DQ6M8LWS,1D7CUD1955YZPGK8XHJX,95,-0.3280677655677655
bgs_spearman,,,06SR5RBREL16DQ6M8LWS,1D7CUD1955YZPGK8XHJX,96,0.023214285714285715
bgs_spearman,,,06SR5RBREL16DQ6M8LWS,1D7CUD1955YZPGK8XHJX,97,0.14084249084249081
bgs_spearman,,,06SR5RBREL16DQ6M8LWS,1D7CUD1955YZPGK8XHJX,98,0.17495421245421242
bgs_spearman,,,06SR5RBREL16DQ6M8LWS,1D7CUD1955YZPGK8XHJX,99,0.11634615384615382
bgs_spearman,,,06SR5RBREL16DQ6M8LWS,1D7CUD1955YZPGK8XHJX,100,0.049587912087912085
bgs_spearman,,,06SR5RBREL16DQ6M8LWS,1D7CUD1955YZPGK8XHJX,101,-0.18493589743589745
bgs_spearman,,,06SR5RBREL16DQ6M8LWS,1D7CUD1955YZPGK8XHJX,102,0.13223443223443224
bgs_spearman,,,06SR5RBREL16DQ6M8LWS,1D7CUD1955YZPGK8XHJX,103,0.023489010989010985
bgs_spearman,,,06SR5RBREL16DQ6M8LWS,1D7CUD1955YZPGK8XHJX,104,-0.10993589743589742
bgs_spearman,,,06SR5RBREL16DQ6M8LWS,1D7CUD1955YZPGK8XHJX,105,0.012728937728937727
bgs_spearman,,,06SR5RBREL16DQ6M8LWS,1D7CUD1955YZPGK8XHJX,106,0.12751831501831498
bgs_spearman,,,06SR5RBREL16DQ6M8LWS,1D7CUD1955YZPGK8XHJX,107,-0.021703296703296703
bgs_spearman,,,06SR5RBREL16DQ6M8LWS,1D7CUD1955YZPGK8XHJX,108,-0.16570512820512817
bgs_spearman,,,06SR5RBREL16DQ6M8LWS,1D7CUD1955YZPGK8XHJX,109,0.19024725274725274
bgs_spearman,,,06SR5RBREL16DQ6M8LWS,1D7CUD1955YZPGK8XHJX,110,-0.19171245421245417
bgs_spearman,,,06SR5RBREL16DQ6M8LWS,1D7CUD1955YZPGK8XHJX,111,-0.1786172161172161
bgs_spearman,,,06SR5RBREL16DQ6M8LWS,1D7CUD1955YZPGK8XHJX,112,0.1308150183150183
bgs_spearman,,,06SR5RBREL16DQ6M8LWS,1D7CUD1955YZPGK8XHJX,113,0.013186813186813185
bgs_spearman,,,06SR5RBREL16DQ6M8LWS,1D7CUD1955YZPGK8XHJX,114,-0.23296703296703294
bgs_spearman,,,06SR5RBREL16DQ6M8LWS,1D7CUD1955YZPGK8XHJX,115,-0.003159340659340659
bgs_spearman,,,06SR5RBREL16DQ6M8LWS,1D7CUD1955YZPGK8XHJX,116,0.03456959706959707
bgs_spearman,,,06SR5RBREL16DQ6M8LWS,1D7CUD1955YZPGK8XHJX,117,0.03333333333333333
bgs_spearman,,,06SR5RBREL16DQ6M8LWS,1D7CUD1955YZPGK8XHJX,118,0.0482142857142857
bgs_spearman,,,06SR5RBREL16DQ6M8LWS,1D7CUD1955YZPGK8XHJX,119,0.11652930402930402
bgs_spearman,,,06SR5RBREL16DQ6M8LWS,1D7CUD1955YZPGK8XHJX,120,-0.021199633699633697
bgs_spearman,,,06SR5RBREL16DQ6M8LWS,1D7CUD1955YZPGK8XHJX,121,0.09423076923076922
bgs_spearman,,,06SR5RBREL16DQ6M8LWS,1D7CUD1955YZPGK8XHJX,122,0.0015109890109890106
bgs_spearman,,,06SR5RBREL16DQ6M8LWS,1D7CUD1955YZPGK8XHJX,123,-0.12074175824175823
bgs_spearman,,,06SR5RBREL16DQ6M8LWS,1D7CUD1955YZPGK8XHJX,124,0.0682234432234432
bgs_spearman,,,06SR5RBREL16DQ6M8LWS,1D7CUD1955YZPGK8XHJX,125,-0.029441391941391937
bgs_spearman,,,06SR5RBREL16DQ6M8LWS,1D7CUD1955YZPGK8XHJX,126,0.309569597069597
bgs_spearman,,,06SR5RBREL16DQ6M8LWS,1D7CUD1955YZPGK8XHJX,127,-0.0875
bgs_spearman,,,06SR5RBREL16DQ6M8LWS,1D7CUD1955YZPGK8XHJX,128,-0.013049450549450548
bgs_spearman,,,06SR5RBREL16DQ6M8LWS,1D7CUD1955YZPGK8XHJX,129,-0.03988095238095237
bgs_spearman,,,06SR5RBREL16DQ6M8LWS,1D7CUD1955YZPGK8XHJX,130,0.0847069597069597
bgs_spearman,,,06SR5RBREL16DQ6M8LWS,1D7CUD1955YZPGK8XHJX,131,0.04116300366300366
bgs_spearman,,,06SR5RBREL16DQ6M8LWS,1D7CUD1955YZPGK8XHJX,132,-0.12847985347985347
bgs_spearman,,,06SR5RBREL16DQ6M8LWS,1D7CUD1955YZPGK8XHJX,133,0.09065934065934066
bgs_spearman,,,06SR5RBREL16DQ6M8LWS,1D7CUD1955YZPGK8XHJX,134,-0.05924908424908424
bgs_spearman,,,06SR5RBREL16DQ6M8LWS,1D7CUD1955YZPGK8XHJX,135,-0.033928571428571426
bgs_spearman,,,06SR5RBREL16DQ6M8LWS,1D7CUD1955YZPGK8XHJX,136,-0.14409340659340658
bgs_spearman,,,06SR5RBREL16DQ6M8LWS,1D7CUD1955YZPGK8XHJX,137,-0.09203296703296703
bgs_spearman,,,06SR5RBREL16DQ6M8LWS,1D7CUD1955YZPGK8XHJX,138,0.0009157509157509158
bgs_spearman,,,06SR5RBREL16DQ6M8LWS,1D7CUD1955YZPGK8XHJX,139,-0.021657509157509157
bgs_spearman,,,06SR5RBREL16DQ6M8LWS,1D7CUD1955YZPGK8XHJX,140,0.1302197802197802
bgs_spearman,,,06SR5RBREL16DQ6M8LWS,1D7CUD1955YZPGK8XHJX,141,0.28681318681318674
bgs_spearman,,,06SR5RBREL16DQ6M8LWS,1D7CUD1955YZPGK8XHJX,142,0.13612637362637361
bgs_spearman,,,06SR5RBREL16DQ6M8LWS,1D7CUD1955YZPGK8XHJX,143,0.14633699633699632
bgs_spearman,,,06SR5RBREL16DQ6M8LWS,1D7CUD1955YZPGK8XHJX,144,-0.20705128205128204
bgs_spearman,,,06SR5RBREL16DQ6M8LWS,1D7CUD1955YZPGK8XHJX,145,-0.02225274725274725
bgs_spearman,,,06SR5RBREL16DQ6M8LWS,1D7CUD1955YZPGK8XHJX,146,-0.01804029304029304
bgs_spearman,,,06SR5RBREL16DQ6M8LWS,1D7CUD1955YZPGK8XHJX,147,-0.1831043956043956
bgs_spearman,,,06SR5RBREL16DQ6M8LWS,1D7CUD1955YZPGK8XHJX,148,-0.25109890109890104
bgs_spearman,,,06SR5RBREL16DQ6M8LWS,1D7CUD1955YZPGK8XHJX,149,-0.04473443223443223
bgs_spearman,,,06SR5RBREL16DQ6M8LWS,1D7CUD1955YZPGK8XHJX,150,0.09139194139194137
bgs_spearman,,,06SR5RBREL16DQ6M8LWS,1D7CUD1955YZPGK8XHJX,151,0.09880952380952379
bgs_spearman,,,06SR5RBREL16DQ6M8LWS,1D7CUD1955YZPGK8XHJX,152,-0.1364468864468864
bgs_spearman,,,06SR5RBREL16DQ6M8LWS,1D7CUD1955YZPGK8XHJX,153,0.16098901098901097
bgs_spearman,,,06SR5RBREL16DQ6M8LWS,1D7CUD1955YZPGK8XHJX,154,-0.01108058608058608
bgs_spearman,,,06SR5RBREL16DQ6M8LWS,1D7CUD1955YZPGK8XHJX,155,-0.19679487179487176
bgs_spearman,,,06SR5RBREL16DQ6M8LWS,1D7CUD1955YZPGK8XHJX,156,0.18264652014652014
bgs_spearman,,,06SR5RBREL16DQ6M8LWS,1D7CUD1955YZPGK8XHJX,157,0.0776098901098901
bgs_spearman,,,06SR5RBREL16DQ6M8LWS,1D7CUD1955YZPGK8XHJX,158,0.12499999999999997
bgs_spearman,,,06SR5RBREL16DQ6M8LWS,1D7CUD1955YZPGK8XHJX,159,-0.09423076923076922
bgs_spearman,,,06SR5RBREL16DQ6M8LWS,1D7CUD1955YZPGK8XHJX,160,0.11826923076923075
bgs_spearman,,,06SR5RBREL16DQ6M8LWS,1D7CUD1955YZPGK8XHJX,161,-0.1288003663003663
bgs_spearman,,,06SR5RBREL16DQ6M8LWS,1D7CUD1955YZPGK8XHJX,162,-0.17161172161172158
bgs_spearman,,,06SR5RBREL16DQ6M8LWS,1D7CUD1955YZPGK8XHJX,163,-0.0711080586080586
bgs_spearman,,,06SR5RBREL16DQ6M8LWS,1D7CUD1955YZPGK8XHJX,164,-0.07715201465201464
bgs_spearman,,,06SR5RBREL16DQ6M8LWS,1D7CUD1955YZPGK8XHJX,165,-0.09134615384615384
bgs_spearman,,,06SR5RBREL16DQ6M8LWS,1D7CUD1955YZPGK8XHJX,166,0.02193223443223443
bgs_spearman,,,06SR5RBREL16DQ6M8LWS,1D7CUD1955YZPGK8XHJX,167,-0.023305860805860803
bgs_spearman,,,06SR5RBREL16DQ6M8LWS,1D7CUD1955YZPGK8XHJX,168,-0.042490842490842486
bgs_spearman,,,06SR5RBREL16DQ6M8LWS,1D7CUD1955YZPGK8XHJX,169,0.007646520146520145
bgs_spearman,,,06SR5RBREL16DQ6M8LWS,1D7CUD1955YZPGK8XHJX,170,0.0013736263736263735
bgs_spearman,,,06SR5RBREL16DQ6M8LWS,1D7CUD1955YZPGK8XHJX,171,0.011034798534798532
bgs_spearman,,,06SR5RBREL16DQ6M8LWS,1D7CUD1955YZPGK8XHJX,172,-0.21300366300366297
bgs_spearman,,,06SR5RBREL16DQ6M8LWS,1D7CUD1955YZPGK8XHJX,173,0.03525641025641025
bgs_spearman,,,06SR5RBREL16DQ6M8LWS,1D7CUD1955YZPGK8XHJX,174,0.03475274725274725
bgs_spearman,,,06SR5RBREL16DQ6M8LWS,1D7CUD1955YZPGK8XHJX,175,0.3112179487179487
bgs_spearman,,,06SR5RBREL16DQ6M8LWS,1D7CUD1955YZPGK8XHJX,176,-0.14519230769230768
bgs_spearman,,,06SR5RBREL16DQ6M8LWS,1D7CUD1955YZPGK8XHJX,177,-0.10233516483516482
bgs_spearman,,,06SR5RBREL16DQ6M8LWS,1D7CUD1955YZPGK8XHJX,178,0.03434065934065934
bgs_spearman,,,06SR5RBREL16DQ6M8LWS,1D7CUD1955YZPGK8XHJX,179,0.1144230769230769
bgs_spearman,,,06SR5RBREL16DQ6M8LWS,1D7CUD1955YZPGK8XHJX,180,0.14349816849816846
bgs_spearman,,,06SR5RBREL16DQ6M8LWS,1D7CUD1955YZPGK8XHJX,181,-0.12751831501831498
bgs_spearman,,,06SR5RBREL16DQ6M8LWS,1D7CUD1955YZPGK8XHJX,182,-0.2569139194139194
bgs_spearman,,,06SR5RBREL16DQ6M8LWS,1D7CUD1955YZPGK8XHJX,183,0.022115384615384613
bgs_spearman,,,06SR5RBREL16DQ6M8LWS,1D7CUD1955YZPGK8XHJX,184,-0.06488095238095237
bgs_spearman,,,06SR5RBREL16DQ6M8LWS,1D7CUD1955YZPGK8XHJX,185,0.16927655677655676
bgs_spearman,,,06SR5RBREL16DQ6M8LWS,1D7CUD1955YZPGK8XHJX,186,0.2241300366300366
bgs_spearman,,,06SR5RBREL16DQ6M8LWS,1D7CUD1955YZPGK8XHJX,187,0.41735347985347976
bgs_spearman,,,06SR5RBREL16DQ6M8LWS,1D7CUD1955YZPGK8XHJX,188,-0.1382783882783883
bgs_spearman,,,06SR5RBREL16DQ6M8LWS,1D7CUD1955YZPGK8XHJX,189,-0.26465201465201466
bgs_spearman,,,06SR5RBREL16DQ6M8LWS,1D7CUD1955YZPGK8XHJX,190,-0.03305860805860806
bgs_spearman,,,06SR5RBREL16DQ6M8LWS,1D7CUD1955YZPGK8XHJX,191,-0.03887362637362637
bgs_spearman,,,06SR5RBREL16DQ6M8LWS,1D7CUD1955YZPGK8XHJX,192,-0.228525641025641
bgs_spearman,,,06SR5RBREL16DQ6M8LWS,1D7CUD1955YZPGK8XHJX,193,-0.19551282051282048
bgs_spearman,,,06SR5RBREL16DQ6M8LWS,1D7CUD1955YZPGK8XHJX,194,-0.04189560439560439
bgs_spearman,,,06SR5RBREL16DQ6M8LWS,1D7CUD1955YZPGK8XHJX,195,-0.15654761904761902
bgs_spearman,,,06SR5RBREL16DQ6M8LWS,1D7CUD1955YZPGK8XHJX,196,0.1412087912087912
bgs_spearman,,,06SR5RBREL16DQ6M8LWS,1D7CUD1955YZPGK8XHJX,197,-0.08379120879120878
bgs_spearman,,,06SR5RBREL16DQ6M8LWS,1D7CUD1955YZPGK8XHJX,198,-0.009523809523809523
bgs_spearman,,,06SR5RBREL16DQ6M8LWS,1D7CUD1955YZPGK8XHJX,199,0.01813186813186813
bgs_spearman,,,06SR5RBREL16DQ6M8LWS,1GU15S0GJ6PFNARO469W,0,-0.11565934065934064
bgs_spearman,,,06SR5RBREL16DQ6M8LWS,1GU15S0GJ6PFNARO469W,1,0.028250915750915748
bgs_spearman,,,06SR5RBREL16DQ6M8LWS,1GU15S0GJ6PFNARO469W,2,-0.1840201465201465
bgs_spearman,,,06SR5RBREL16DQ6M8LWS,1GU15S0GJ6PFNARO469W,3,-0.12326007326007324
bgs_spearman,,,06SR5RBREL16DQ6M8LWS,1GU15S0GJ6PFNARO469W,4,0.07019230769230768
bgs_spearman,,,06SR5RBREL16DQ6M8LWS,1GU15S0GJ6PFNARO469W,5,0.11007326007326006
bgs_spearman,,,06SR5RBREL16DQ6M8LWS,1GU15S0GJ6PFNARO469W,6,0.10979853479853478
bgs_spearman,,,06SR5RBREL16DQ6M8LWS,1GU15S0GJ6PFNARO469W,7,-0.02129120879120879
bgs_spearman,,,06SR5RBREL16DQ6M8LWS,1GU15S0GJ6PFNARO469W,8,0.05549450549450549
bgs_spearman,,,06SR5RBREL16DQ6M8LWS,1GU15S0GJ6PFNARO469W,9,-0.0699175824175824
bgs_spearman,,,06SR5RBREL16DQ6M8LWS,1GU15S0GJ6PFNARO469W,10,-0.005998168498168497
bgs_spearman,,,06SR5RBREL16DQ6M8LWS,1GU15S0GJ6PFNARO469W,11,-0.03182234432234432
bgs_spearman,,,06SR5RBREL16DQ6M8LWS,1GU15S0GJ6PFNARO469W,12,-0.0820054945054945
bgs_spearman,,,06SR5RBREL16DQ6M8LWS,1GU15S0GJ6PFNARO469W,13,-0.0727106227106227
bgs_spearman,,,06SR5RBREL16DQ6M8LWS,1GU15S0GJ6PFNARO469W,14,0.08516483516483515
bgs_spearman,,,06SR5RBREL16DQ6M8LWS,1GU15S0GJ6PFNARO469W,15,0.09670329670329668
bgs_spearman,,,06SR5RBREL16DQ6M8LWS,1GU15S0GJ6PFNARO469W,16,-0.12271062271062269
bgs_spearman,,,06SR5RBREL16DQ6M8LWS,1GU15S0GJ6PFNARO469W,17,0.11982600732600732
bgs_spearman,,,06SR5RBREL16DQ6M8LWS,1GU15S0GJ6PFNARO469W,18,-0.029807692307692306
bgs_spearman,,,06SR5RBREL16DQ6M8LWS,1GU15S0GJ6PFNARO469W,19,-0.020924908424908423
bgs_spearman,,,06SR5RBREL16DQ6M8LWS,1GU15S0GJ6PFNARO469W,20,0.02669413919413919
bgs_spearman,,,06SR5RBREL16DQ6M8LWS,1GU15S0GJ6PFNARO469W,21,0.0672161172161172
bgs_spearman,,,06SR5RBREL16DQ6M8LWS,1GU15S0GJ6PFNARO469W,22,0.1382326007326007
bgs_spearman,,,06SR5RBREL16DQ6M8LWS,1GU15S0GJ6PFNARO469W,23,0.061538461538461535
bgs_spearman,,,06SR5RBREL16DQ6M8LWS,1GU15S0GJ6PFNARO469W,24,0.14858058608058605
bgs_spearman,,,06SR5RBREL16DQ6M8LWS,1GU15S0GJ6PFNARO469W,25,0.2602564102564102
bgs_spearman,,,06SR5RBREL16DQ6M8LWS,1GU15S0GJ6PFNARO469W,26,0.09798534798534797
bgs_spearman,,,06SR5RBREL16DQ6M8LWS,1GU15S0GJ6PFNARO469W,27,0.08965201465201465
bgs_spearman,,,06SR5RBREL16DQ6M8LWS,1GU15S0GJ6PFNARO469W,28,0.15673076923076923
bgs_spearman,,,06SR5RBREL16DQ6M8LWS,1GU15S0GJ6PFNARO469W,29,0.008287545787545788
bgs_spearman,,,06SR5RBREL16DQ6M8LWS,1GU15S0GJ6PFNARO469W,30,-0.10320512820512821
bgs_spearman,,,06SR5RBREL16DQ6M8LWS,1GU15S0GJ6PFNARO469W,31,-0.009706959706959705
bgs_spearman,,,06SR5RBREL16DQ6M8LWS,1GU15S0GJ6PFNARO469W,32,-0.11588827838827838
bgs_spearman,,,06SR5RBREL16DQ6M8LWS,1GU15S0GJ6PFNARO469W,33,-0.13232600732600733
bgs_spearman,,,06SR5RBREL16DQ6M8LWS,1GU15S0GJ6PFNARO469W,34,-0.16094322344322343
bgs_spearman,,,06SR5RBREL16DQ6M8LWS,1GU15S0GJ6PFNARO469W,35,0.09043040293040291
bgs_spearman,,,06SR5RBREL16DQ6M8LWS,1GU15S0GJ6PFNARO469W,36,-0.06675824175824176
bgs_spearman,,,06SR5RBREL16DQ6M8LWS,1GU15S0GJ6PFNARO469W,37,-0.09839743589743588
bgs_spearman,,,06SR5RBREL16DQ6M8LWS,1GU15S0GJ6PFNARO469W,38,0.03136446886446886
bgs_spearman,,,06SR5RBREL16DQ6M8LWS,1GU15S0GJ6PFNARO469W,39,-0.13411172161172158
bgs_spearman,,,06SR5RBREL16DQ6M8LWS,1GU15S0GJ6PFNARO469W,40,-0.05325091575091574
bgs_spearman,,,06SR5RBREL16DQ6M8LWS,1GU15S0GJ6PFNARO469W,41,-0.16359890109890107
bgs_spearman,,,06SR5RBREL16DQ6M8LWS,1GU15S0GJ6PFNARO469W,42,0.03489010989010989
bgs_spearman,,,06SR5RBREL16DQ6M8LWS,1GU15S0GJ6PFNARO469W,43,-0.07586996336996336
bgs_spearman,,,06SR5RBREL16DQ6M8LWS,1GU15S0GJ6PFNARO469W,44,-0.03969780219780219
bgs_spearman,,,06SR5RBREL16DQ6M8LWS,1GU15S0GJ6PFNARO469W,45,-0.17577838827838826
bgs_spearman,,,06SR5RBREL16DQ6M8LWS,1GU15S0GJ6PFNARO469W,46,-0.03328754578754578
bgs_spearman,,,06SR5RBREL16DQ6M8LWS,1GU15S0GJ6PFNARO469W,47,0.005998168498168497
bgs_spearman,,,06SR5RBREL16DQ6M8LWS,1GU15S0GJ6PFNARO469W,48,0.011858974358974357
bgs_spearman,,,06SR5RBREL16DQ6M8LWS,1GU15S0GJ6PFNARO469W,49,-0.10746336996336994
bgs_spearman,,,06SR5RBREL16DQ6M8LWS,1GU15S0GJ6PFNARO469W,50,-0.011904761904761902
bgs_spearman,,,06SR5RBREL16DQ6M8LWS,1GU15S0GJ6PFNARO469W,51,-0.06126373626373626
bgs_spearman,,,06SR5RBREL16DQ6M8LWS,1GU15S0GJ6PFNARO469W,52,0.11616300366300364
bgs_spearman,,,06SR5RBREL16DQ6M8LWS,1GU15S0GJ6PFNARO469W,53,-0.0846153846153846
bgs_spearman,,,06SR5RBREL16DQ6M8LWS,1GU15S0GJ6PFNARO469W,54,-0.13708791208791204
bgs_spearman,,,06SR5RBREL16DQ6M8LWS,1GU15S0GJ6PFNARO469W,55,-0.18186813186813183
bgs_spearman,,,06SR5RBREL16DQ6M8LWS,1GU15S0GJ6PFNARO469W,56,-0.004258241758241758
bgs_spearman,,,06SR5RBREL16DQ6M8LWS,1GU15S0GJ6PFNARO469W,57,0.18452380952380948
bgs_spearman,,,06SR5RBREL16DQ6M8LWS,1GU15S0GJ6PFNARO469W,58,-0.10508241758241756
bgs_spearman,,,06SR5RBREL16DQ6M8LWS,1GU15S0GJ6PFNARO469W,59,0.003159340659340659
bgs_spearman,,,06SR5RBREL16DQ6M8LWS,1GU15S0GJ6PFNARO469W,60,-0.05201465201465202
bgs_spearman,,,06SR5RBREL16DQ6M8LWS,1GU15S0GJ6PFNARO469W,61,0.009981684981684981
bgs_spearman,,,06SR5RBREL16DQ6M8LWS,1GU15S0GJ6PFNARO469W,62,0.19652014652014652
bgs_spearman,,,06SR5RBREL16DQ6M8LWS,1GU15S0GJ6PFNARO469W,63,-0.05608974358974358
bgs_spearman,,,06SR5RBREL16DQ6M8LWS,1GU15S0GJ6PFNARO469W,64,0.12742673992673992
bgs_spearman,,,06SR5RBREL16DQ6M8LWS,1GU15S0GJ6PFNARO469W,65,0.09729853479853479
bgs_spearman,,,06SR5RBREL16DQ6M8LWS,1GU15S0GJ6PFNARO469W,66,0.14308608058608058
bgs_spearman,,,06SR5RBREL16DQ6M8LWS,1GU15S0GJ6PFNARO469W,67,0.28214285714285714
bgs_spearman,,,06SR5RBREL16DQ6M8LWS,1GU15S0GJ6PFNARO469W,68,0.05924908424908424
bgs_spearman,,,06SR5RBREL16DQ6M8LWS,1GU15S0GJ6PFNARO469W,69,0.03278388278388278
bgs_spearman,,,06SR5RBREL16DQ6M8LWS,1GU15S0GJ6PFNARO469W,70,-0.30187728937728936
bgs_spearman,,,06SR5RBREL16DQ6M8LWS,1GU15S0GJ6PFNARO469W,71,0.11753663003663004
bgs_spearman,,,06SR5RBREL16DQ6M8LWS,1GU15S0GJ6PFNARO469W,72,0.11323260073260073
bgs_spearman,,,06SR5RBREL16DQ6M8LWS,1GU15S0GJ6PFNARO469W,73,0.0342032967032967
bgs_spearman,,,06SR5RBREL16DQ6M8LWS,1GU15S0GJ6PFNARO469W,74,0.12257326007326007
bgs_spearman,,,06SR5RBREL16DQ6M8LWS,1GU15S0GJ6PFNARO469W,75,0.11813186813186811
bgs_spearman,,,06SR5RBREL16DQ6M8LWS,1GU15S0GJ6PFNARO469W,76,0.1398351648351648
bgs_spearman,,,06SR5RBREL16DQ6M8LWS,1GU15S0GJ6PFNARO469W,77,-0.2672161172161172
bgs_spearman,,,06SR5RBREL16DQ6M8LWS,1GU15S0GJ6PFNARO469W,78,-0.029441391941391937
bgs_spearman,,,06SR5RBREL16DQ6M8LWS,1GU15S0GJ6PFNARO469W,79,0.010622710622710621
bgs_spearman,,,06SR5RBREL16DQ6M8LWS,1GU15S0GJ6PFNARO469W,80,-0.1574175824175824
bgs_spearman,,,06SR5RBREL16DQ6M8LWS,1GU15S0GJ6PFNARO469W,81,0.08814102564102563
bgs_spearman,,,06SR5RBREL16DQ6M8LWS,1GU15S0GJ6PFNARO469W,82,-0.0662087912087912
bgs_spearman,,,06SR5RBREL16DQ6M8LWS,1GU15S0GJ6PFNARO469W,83,0.28997252747252744
bgs_spearman,,,06SR5RBREL16DQ6M8LWS,1GU15S0GJ6PFNARO469W,84,-0.23246336996336991
bgs_spearman,,,06SR5RBREL16DQ6M8LWS,1GU15S0GJ6PFNARO469W,85,0.04913003663003663
bgs_spearman,,,06SR5RBREL16DQ6M8LWS,1GU15S0GJ6PFNARO469W,86,0.12641941391941391
bgs_spearman,,,06SR5RBREL16DQ6M8LWS,1GU15S0GJ6PFNARO469W,87,0.3648351648351648
bgs_spearman,,,06SR5RBREL16DQ6M8LWS,1GU15S0GJ6PFNARO469W,88,-0.09619963369963369
bgs_spearman,,,06SR5RBREL16DQ6M8LWS,1GU15S0GJ6PFNARO469W,89,-0.04267399267399267
bgs_spearman,,,06SR5RBREL16DQ6M8LWS,1GU15S0GJ6PFNARO469W,90,-0.1303113553113553
bgs_spearman,,,06SR5RBREL16DQ6M8LWS,1GU15S0GJ6PFNARO469W,91,0.03974358974358974
bgs_spearman,,,06SR5RBREL16DQ6M8LWS,1GU15S0GJ6PFNARO469W,92,0.06543040293040292
bgs_spearman,,,06SR5RBREL16DQ6M8LWS,1GU15S0GJ6PFNARO469W,93,0.061217948717948716
bgs_spearman,,,06SR5RBREL16DQ6M8LWS,1GU15S0GJ6PFNARO469W,94,0.08754578754578754
bgs_spearman,,,06SR5RBREL16DQ6M8LWS,1GU15S0GJ6PFNARO469W,95,-0.021886446886446885
bgs_spearman,,,06SR5RBREL16DQ6M8LWS,1GU15S0GJ6PFNARO469W,96,-0.037042124542124535
bgs_spearman,,,06SR5RBREL16DQ6M8LWS,1GU15S0GJ6PFNARO469W,97,0.004578754578754578
bgs_spearman,,,06SR5RBREL16DQ6M8LWS,1GU15S0GJ6PFNARO469W,98,0.10906593406593405
bgs_spearman,,,06SR5RBREL16DQ6M8LWS,1GU15S0GJ6PFNARO469W,99,-0.138507326007326
bgs_spearman,,,06SR5RBREL16DQ6M8LWS,1GU15S0GJ6PFNARO469W,100,-0.059661172161172144
bgs_spearman,,,06SR5RBREL16DQ6M8LWS,1GU15S0GJ6PFNARO469W,101,-0.05128205128205128
bgs_spearman,,,06SR5RBREL16DQ6M8LWS,1GU15S0GJ6PFNARO469W,102,0.0777930402930403
bgs_spearman,,,06SR5RBREL16DQ6M8LWS,1GU15S0GJ6PFNARO469W,103,-0.21217948717948718
bgs_spearman,,,06SR5RBREL16DQ6M8LWS,1GU15S0GJ6PFNARO469W,104,0.1014194139194139
bgs_spearman,,,06SR5RBREL16DQ6M8LWS,1GU15S0GJ6PFNARO469W,105,-0.0440018315018315
bgs_spearman,,,06SR5RBREL16DQ6M8LWS,1GU15S0GJ6PFNARO469W,106,-0.167032967032967
bgs_spearman,,,06SR5RBREL16DQ6M8LWS,1GU15S0GJ6PFNARO469W,107,-0.01941391941391941
bgs_spearman,,,06SR5RBREL16DQ6M8LWS,1GU15S0GJ6PFNARO469W,108,-0.3024267399267399
bgs_spearman,,,06SR5RBREL16DQ6M8LWS,1GU15S0GJ6PFNARO469W,109,0.12852564102564099
bgs_spearman,,,06SR5RBREL16DQ6M8LWS,1GU15S0GJ6PFNARO469W,110,-0.02261904761904762
bgs_spearman,,,06SR5RBREL16DQ6M8LWS,1GU15S0GJ6PFNARO469W,111,0.27738095238095234
bgs_spearman,,,06SR5RBREL16DQ6M8LWS,1GU15S0GJ6PFNARO469W,112,-0.2002289377289377
bgs_spearman,,,06SR5RBREL16DQ6M8LWS,1GU15S0GJ6PFNARO469W,113,0.0005036630036630036
bgs_spearman,,,06SR5RBREL16DQ6M8LWS,1GU15S0GJ6PFNARO469W,114,0.11181318681318679
bgs_spearman,,,06SR5RBREL16DQ6M8LWS,1GU15S0GJ6PFNARO469W,115,-0.09285714285714286
bgs_spearman,,,06SR5RBREL16DQ6M8LWS,1GU15S0GJ6PFNARO469W,116,0.04688644688644688
bgs_spearman,,,06SR5RBREL16DQ6M8LWS,1GU15S0GJ6PFNARO469W,117,-0.10160256410256409
bgs_spearman,,,06SR5RBREL16DQ6M8LWS,1GU15S0GJ6PFNARO469W,118,0.23305860805860804
bgs_spearman,,,06SR5RBREL16DQ6M8LWS,1GU15S0GJ6PFNARO469W,119,0.11112637362637359
bgs_spearman,,,06SR5RBREL16DQ6M8LWS,1GU15S0GJ6PFNARO469W,120,-0.1927197802197802
bgs_spearman,,,06SR5RBREL16DQ6M8LWS,1GU15S0GJ6PFNARO469W,121,-0.13232600732600733
bgs_spearman,,,06SR5RBREL16DQ6M8LWS,1GU15S0GJ6PFNARO469W,122,-0.04537545787545787
bgs_spearman,,,06SR5RBREL16DQ6M8LWS,1GU15S0GJ6PFNARO469W,123,0.027930402930402925
bgs_spearman,,,06SR5RBREL16DQ6M8LWS,1GU15S0GJ6PFNARO469W,124,0.12037545787545786
bgs_spearman,,,06SR5RBREL16DQ6M8LWS,1GU15S0GJ6PFNARO469W,125,0.14766483516483514
bgs_spearman,,,06SR5RBREL16DQ6M8LWS,1GU15S0GJ6PFNARO469W,126,0.09766483516483515
bgs_spearman,,,06SR5RBREL16DQ6M8LWS,1GU15S0GJ6PFNARO469W,127,-0.1576007326007326
bgs_spearman,,,06SR5RBREL16DQ6M8LWS,1GU15S0GJ6PFNARO469W,128,-0.1418956043956044
bgs_spearman,,,06SR5RBREL16DQ6M8LWS,1GU15S0GJ6PFNARO469W,129,0.114514652014652
bgs_spearman,,,06SR5RBREL16DQ6M8LWS,1GU15S0GJ6PFNARO469W,130,0.00293040293040293
bgs_spearman,,,06SR5RBREL16DQ6M8LWS,1GU15S0GJ6PFNARO469W,131,0.04729853479853479
bgs_spearman,,,06SR5RBREL16DQ6M8LWS,1GU15S0GJ6PFNARO469W,132,0.040842490842490836
bgs_spearman,,,06SR5RBREL16DQ6M8LWS,1GU15S0GJ6PFNARO469W,133,-0.2922161172161172
bgs_spearman,,,06SR5RBREL16DQ6M8LWS,1GU15S0GJ6PFNARO469W,134,-0.02692307692307692
bgs_spearman,,,06SR5RBREL16DQ6M8LWS,1GU15S0GJ6PFNARO469W,135,-0.11936813186813185
bgs_spearman,,,06SR5RBREL16DQ6M8LWS,1GU15S0GJ6PFNARO469W,136,-0.08067765567765568
bgs_spearman,,,06SR5RBREL16DQ6M8LWS,1GU15S0GJ6PFNARO469W,137,0.0076007326007326
bgs_spearman,,,06SR5RBREL16DQ6M8LWS,1GU15S0GJ6PFNARO469W,138,-0.1881410256410256
bgs_spearman,,,06SR5RBREL16DQ6M8LWS,1GU15S0GJ6PFNARO469W,139,-0.060027472527472515
bgs_spearman,,,06SR5RBREL16DQ6M8LWS,1GU15S0GJ6PFNARO469W,140,0.08228021978021977
bgs_spearman,,,06SR5RBREL16DQ6M8LWS,1GU15S0GJ6PFNARO469W,141,-0.0009157509157509158
bgs_spearman,,,06SR5RBREL16DQ6M8LWS,1GU15S0GJ6PFNARO469W,142,-0.027930402930402925
bgs_spearman,,,06SR5RBREL16DQ6M8LWS,1GU15S0GJ6PFNARO469W,143,0.15297619047619046
bgs_spearman,,,06SR5RBREL16DQ6M8LWS,1GU15S0GJ6PFNARO469W,144,0.16749084249084248
bgs_spearman,,,06SR5RBREL16DQ6M8LWS,1GU15S0GJ6PFNARO469W,145,-0.07390109890109889
bgs_spearman,,,06SR5RBREL16DQ6M8LWS,1GU15S0GJ6PFNARO469W,146,-0.13296703296703297
bgs_spearman,,,06SR5RBREL16DQ6M8LWS,1GU15S0GJ6PFNARO469W,147,-0.05645604395604395
bgs_spearman,,,06SR5RBREL16DQ6M8LWS,1GU15S0GJ6PFNARO469W,148,0.1436355311355311
bgs_spearman,,,06SR5RBREL16DQ6M8LWS,1GU15S0GJ6PFNARO469W,149,-0.0896062271062271
bgs_spearman,,,06SR5RBREL16DQ6M8LWS,1GU15S0GJ6PFNARO469W,150,0.088003663003663
bgs_spearman,,,06SR5RBREL16DQ6M8LWS,1GU15S0GJ6PFNARO469W,151,0.08374542124542124
bgs_spearman,,,06SR5RBREL16DQ6M8LWS,1GU15S0GJ6PFNARO469W,152,0.09578754578754577
bgs_spearman,,,06SR5RBREL16DQ6M8LWS,1GU15S0GJ6PFNARO469W,153,0.1565934065934066
bgs_spearman,,,06SR5RBREL16DQ6M8LWS,1GU15S0GJ6PFNARO469W,154,0.00673076923076923
bgs_spearman,,,06SR5RBREL16DQ6M8LWS,1GU15S0GJ6PFNARO469W,155,-0.13786630036630035
bgs_spearman,,,06SR5RBREL16DQ6M8LWS,1GU15S0GJ6PFNARO469W,156,-0.01053113553113553
bgs_spearman,,,06SR5RBREL16DQ6M8LWS,1GU15S0GJ6PFNARO469W,157,0.02866300366300366
bgs_spearman,,,06SR5RBREL16DQ6M8LWS,1GU15S0GJ6PFNARO469W,158,0.052060439560439556
bgs_spearman,,,06SR5RBREL16DQ6M8LWS,1GU15S0GJ6PFNARO469W,159,-0.064010989010989
bgs_spearman,,,06SR5RBREL16DQ6M8LWS,1GU15S0GJ6PFNARO469W,160,-0.076510989010989
bgs_spearman,,,06SR5RBREL16DQ6M8LWS,1GU15S0GJ6PFNARO469W,161,0.24212454212454212
bgs_spearman,,,06SR5RBREL16DQ6M8LWS,1GU15S0GJ6PFNARO469W,162,0.024816849816849815
bgs_spearman,,,06SR5RBREL16DQ6M8LWS,1GU15S0GJ6PFNARO469W,163,0.11263736263736263
bgs_spearman,,,06SR5RBREL16DQ6M8LWS,1GU15S0GJ6PFNARO469W,164,-0.1179029304029304
bgs_spearman,,,06SR5RBREL16DQ6M8LWS,1GU15S0GJ6PFNARO469W,165,0.1357142857142857
bgs_spearman,,,06SR5RBREL16DQ6M8LWS,1GU15S0GJ6PFNARO469W,166,0.11108058608058606
bgs_spearman,,,06SR5RBREL16DQ6M8LWS,1GU15S0GJ6PFNARO469W,167,0.026327838827838825
bgs_spearman,,,06SR5RBREL16DQ6M8LWS,1GU15S0GJ6PFNARO469W,168,-0.00434981684981685
bgs_spearman,,,06SR5RBREL16DQ6M8LWS,1GU15S0GJ6PFNARO469W,169,-0.010851648351648351
bgs_spearman,,,06SR5RBREL16DQ6M8LWS,1GU15S0GJ6PFNARO469W,170,-0.01259157509157509
bgs_spearman,,,06SR5RBREL16DQ6M8LWS,1GU15S0GJ6PFNARO469W,171,0.05874542124542124
bgs_spearman,,,06SR5RBREL16DQ6M8LWS,1GU15S0GJ6PFNARO469W,172,-0.0024725274725274724
bgs_spearman,,,06SR5RBREL16DQ6M8LWS,1GU15S0GJ6PFNARO469W,173,-0.10737179487179487
bgs_spearman,,,06SR5RBREL16DQ6M8LWS,1GU15S0GJ6PFNARO469W,174,-0.17783882783882782
bgs_spearman,,,06SR5RBREL16DQ6M8LWS,1GU15S0GJ6PFNARO469W,175,-0.3188186813186813
bgs_spearman,,,06SR5RBREL16DQ6M8LWS,1GU15S0GJ6PFNARO469W,176,-0.13864468864468865
bgs_spearman,,,06SR5RBREL16DQ6M8LWS,1GU15S0GJ6PFNARO469W,177,-0.033516483516483515
bgs_spearman,,,06SR5RBREL16DQ6M8LWS,1GU15S0GJ6PFNARO469W,178,-0.16135531135531136
bgs_spearman,,,06SR5RBREL16DQ6M8LWS,1GU15S0GJ6PFNARO469W,179,0.11236263736263735
bgs_spearman,,,06SR5RBREL16DQ6M8LWS,1GU15S0GJ6PFNARO469W,180,-0.0006868131868131868
bgs_spearman,,,06SR5RBREL16DQ6M8LWS,1GU15S0GJ6PFNARO469W,181,0.0168040293040293
bgs_spearman,,,06SR5RBREL16DQ6M8LWS,1GU15S0GJ6PFNARO469W,182,0.05668498168498167
bgs_spearman,,,06SR5RBREL16DQ6M8LWS,1GU15S0GJ6PFNARO469W,183,0.18626373626373624
bgs_spearman,,,06SR5RBREL16DQ6M8LWS,1GU15S0GJ6PFNARO469W,184,-0.13090659340659339
bgs_spearman,,,06SR5RBREL16DQ6M8LWS,1GU15S0GJ6PFNARO469W,185,0.012866300366300366
bgs_spearman,,,06SR5RBREL16DQ6M8LWS,1GU15S0GJ6PFNARO469W,186,0.027564102564102563
bgs_spearman,,,06SR5RBREL16DQ6M8LWS,1GU15S0GJ6PFNARO469W,187,0.07591575091575091
bgs_spearman,,,06SR5RBREL16DQ6M8LWS,1GU15S0GJ6PFNARO469W,188,0.22326007326007324
bgs_spearman,,,06SR5RBREL16DQ6M8LWS,1GU15S0GJ6PFNARO469W,189,0.02916666666666666
bgs_spearman,,,06SR5RBREL16DQ6M8LWS,1GU15S0GJ6PFNARO469W,190,-0.06552197802197801
bgs_spearman,,,06SR5RBREL16DQ6M8LWS,1GU15S0GJ6PFNARO469W,191,-0.021520146520146517
bgs_spearman,,,06SR5RBREL16DQ6M8LWS,1GU15S0GJ6PFNARO469W,192,0.019184981684981683
bgs_spearman,,,06SR5RBREL16DQ6M8LWS,1GU15S0GJ6PFNARO469W,193,0.056501831501831495
bgs_spearman,,,06SR5RBREL16DQ6M8LWS,1GU15S0GJ6PFNARO469W,194,-0.214514652014652
bgs_spearman,,,06SR5RBREL16DQ6M8LWS,1GU15S0GJ6PFNARO469W,195,-0.17188644688644686
bgs_spearman,,,06SR5RBREL16DQ6M8LWS,1GU15S0GJ6PFNARO469W,196,0.007692307692307692
bgs_spearman,,,06SR5RBREL16DQ6M8LWS,1GU15S0GJ6PFNARO469W,197,0.07857142857142856
bgs_spearman,,,06SR5RBREL16DQ6M8LWS,1GU15S0GJ6PFNARO469W,198,0.0024725274725274724
bgs_spearman,,,06SR5RBREL16DQ6M8LWS,1GU15S0GJ6PFNARO469W,199,-0.12646520146520146
bgs_spearman,,,06SR5RBREL16DQ6M8LWS,1MHBF3G6DCPWHSKG7XCP,0,-0.20288461538461536
bgs_spearman,,,06SR5RBREL16DQ6M8LWS,1MHBF3G6DCPWHSKG7XCP,1,-0.0694139194139194
bgs_spearman,,,06SR5RBREL16DQ6M8LWS,1MHBF3G6DCPWHSKG7XCP,2,0.019963369963369962
bgs_spearman,,,06SR5RBREL16DQ6M8LWS,1MHBF3G6DCPWHSKG7XCP,3,0.2759615384615384
bgs_spearman,,,06SR5RBREL16DQ6M8LWS,1MHBF3G6DCPWHSKG7XCP,4,0.1814102564102564
bgs_spearman,,,06SR5RBREL16DQ6M8LWS,1MHBF3G6DCPWHSKG7XCP,5,-0.07467948717948716
bgs_spearman,,,06SR5RBREL16DQ6M8LWS,1MHBF3G6DCPWHSKG7XCP,6,-0.1784340659340659
bgs_spearman,,,06SR5RBREL16DQ6M8LWS,1MHBF3G6DCPWHSKG7XCP,7,-0.028250915750915748
bgs_spearman,,,06SR5RBREL16DQ6M8LWS,1MHBF3G6DCPWHSKG7XCP,8,-0.12509157509157506
bgs_spearman,,,06SR5RBREL16DQ6M8LWS,1MHBF3G6DCPWHSKG7XCP,9,0.0824175824175824
bgs_spearman,,,06SR5RBREL16DQ6M8LWS,1MHBF3G6DCPWHSKG7XCP,10,-0.027289377289377286
bgs_spearman,,,06SR5RBREL16DQ6M8LWS,1MHBF3G6DCPWHSKG7XCP,11,-0.04079670329670329
bgs_spearman,,,06SR5RBREL16DQ6M8LWS,1MHBF3G6DCPWHSKG7XCP,12,-0.04276556776556776
bgs_spearman,,,06SR5RBREL16DQ6M8LWS,1MHBF3G6DCPWHSKG7XCP,13,-0.22925824175824172
bgs_spearman,,,06SR5RBREL16DQ6M8LWS,1MHBF3G6DCPWHSKG7XCP,14,0.12756410256410255
bgs_spearman,,,06SR5RBREL16DQ6M8LWS,1MHBF3G6DCPWHSKG7XCP,15,-0.12321428571428569
bgs_spearman,,,06SR5RBREL16DQ6M8LWS,1MHBF3G6DCPWHSKG7XCP,16,0.22477106227106222
bgs_spearman,,,06SR5RBREL16DQ6M8LWS,1MHBF3G6DCPWHSKG7XCP,17,0.0054487179487179484
bgs_spearman,,,06SR5RBREL16DQ6M8LWS,1MHBF3G6DCPWHSKG7XCP,18,0.05315934065934065
bgs_spearman,,,06SR5RBREL16DQ6M8LWS,1MHBF3G6DCPWHSKG7XCP,19,-0.01552197802197802
bgs_spearman,,,06SR5RBREL16DQ6M8LWS,1MHBF3G6DCPWHSKG7XCP,20,-0.019276556776556774
bgs_spearman,,,06SR5RBREL16DQ6M8LWS,1MHBF3G6DCPWHSKG7XCP,21,-0.07289377289377288
bgs_spearman,,,06SR5RBREL16DQ6M8LWS,1MHBF3G6DCPWHSKG7XCP,22,0.0776098901098901
bgs_spearman,,,06SR5RBREL16DQ6M8LWS,1MHBF3G6DCPWHSKG7XCP,23,0.03365384615384615
bgs_spearman,,,06SR5RBREL16DQ6M8LWS,1MHBF3G6DCPWHSKG7XCP,24,-0.08795787545787545
bgs_spearman,,,06SR5RBREL16DQ6M8LWS,1MHBF3G6DCPWHSKG7XCP,25,-0.1036172161172161
bgs_spearman,,,06SR5RBREL16DQ6M8LWS,1MHBF3G6DCPWHSKG7XCP,26,0.05604395604395603
bgs_spearman,,,06SR5RBREL16DQ6M8LWS,1MHBF3G6DCPWHSKG7XCP,27,0.1293040293040293
bgs_spearman,,,06SR5RBREL16DQ6M8LWS,1MHBF3G6DCPWHSKG7XCP,28,0.016025641025641024
bgs_spearman,,,06SR5RBREL16DQ6M8LWS,1MHBF3G6DCPWHSKG7XCP,29,0.25956959706959704
bgs_spearman,,,06SR5RBREL16DQ6M8LWS,1MHBF3G6DCPWHSKG7XCP,30,0.1601190476190476
bgs_spearman,,,06SR5RBREL16DQ6M8LWS,1MHBF3G6DCPWHSKG7XCP,31,0.012362637362637362
bgs_spearman,,,06SR5RBREL16DQ6M8LWS,1MHBF3G6DCPWHSKG7XCP,32,-0.3084249084249084
bgs_spearman,,,06SR5RBREL16DQ6M8LWS,1MHBF3G6DCPWHSKG7XCP,33,0.07422161172161171
bgs_spearman,,,06SR5RBREL16DQ6M8LWS,1MHBF3G6DCPWHSKG7XCP,34,-0.15430402930402928
bgs_spearman,,,06SR5RBREL16DQ6M8LWS,1MHBF3G6DCPWHSKG7XCP,35,0.06945970695970696
bgs_spearman,,,06SR5RBREL16DQ6M8LWS,1MHBF3G6DCPWHSKG7XCP,36,-0.16149267399267397
bgs_spearman,,,06SR5RBREL16DQ6M8LWS,1MHBF3G6DCPWHSKG7XCP,37,0.1992216117216117
bgs_spearman,,,06SR5RBREL16DQ6M8LWS,1MHBF3G6DCPWHSKG7XCP,38,0.1114010989010989
bgs_spearman,,,06SR5RBREL16DQ6M8LWS,1MHBF3G6DCPWHSKG7XCP,39,-0.11195054945054946
bgs_spearman,,,06SR5RBREL16DQ6M8LWS,1MHBF3G6DCPWHSKG7XCP,40,-0.19184981684981683
bgs_spearman,,,06SR5RBREL16DQ6M8LWS,1MHBF3G6DCPWHSKG7XCP,41,0.07252747252747252
bgs_spearman,,,06SR5RBREL16DQ6M8LWS,1MHBF3G6DCPWHSKG7XCP,42,0.10915750915750914
bgs_spearman,,,06SR5RBREL16DQ6M8LWS,1MHBF3G6DCPWHSKG7XCP,43,0.0728021978021978
bgs_spearman,,,06SR5RBREL16DQ6M8LWS,1MHBF3G6DCPWHSKG7XCP,44,0.035485347985347984
bgs_spearman,,,06SR5RBREL16DQ6M8LWS,1MHBF3G6DCPWHSKG7XCP,45,-0.08237179487179486
bgs_spearman,,,06SR5RBREL16DQ6M8LWS,1MHBF3G6DCPWHSKG7XCP,46,0.3132326007326007
bgs_spearman,,,06SR5RBREL16DQ6M8LWS,1MHBF3G6DCPWHSKG7XCP,47,-0.0928113553113553
bgs_spearman,,,06SR5RBREL16DQ6M8LWS,1MHBF3G6DCPWHSKG7XCP,48,0.024450549450549447
bgs_spearman,,,06SR5RBREL16DQ6M8LWS,1MHBF3G6DCPWHSKG7XCP,49,0.13612637362637361
bgs_spearman,,,06SR5RBREL16DQ6M8LWS,1MHBF3G6DCPWHSKG7XCP,50,-0.07783882783882784
bgs_spearman,,,06SR5RBREL16DQ6M8LWS,1MHBF3G6DCPWHSKG7XCP,51,-0.014056776556776554
bgs_spearman,,,06SR5RBREL16DQ6M8LWS,1MHBF3G6DCPWHSKG7XCP,52,0.18255494505494504
bgs_spearman,,,06SR5RBREL16DQ6M8LWS,1MHBF3G6DCPWHSKG7XCP,53,-0.06323260073260073
bgs_spearman,,,06SR5RBREL16DQ6M8LWS,1MHBF3G6DCPWHSKG7XCP,54,0.14468864468864467
bgs_spearman,,,06SR5RBREL16DQ6M8LWS,1MHBF3G6DCPWHSKG7XCP,55,-0.18319597069597068
bgs_spearman,,,06SR5RBREL16DQ6M8LWS,1MHBF3G6DCPWHSKG7XCP,56,0.075503663003663
bgs_spearman,,,06SR5RBREL16DQ6M8LWS,1MHBF3G6DCPWHSKG7XCP,57,0.37220695970695966
bgs_spearman,,,06SR5RBREL16DQ6M8LWS,1MHBF3G6DCPWHSKG7XCP,58,0.14633699633699632
bgs_spearman,,,06SR5RBREL16DQ6M8LWS,1MHBF3G6DCPWHSKG7XCP,59,-0.1850274725274725
bgs_spearman,,,06SR5RBREL16DQ6M8LWS,1MHBF3G6DCPWHSKG7XCP,60,0.0608058608058608
bgs_spearman,,,06SR5RBREL16DQ6M8LWS,1MHBF3G6DCPWHSKG7XCP,61,0.15
bgs_spearman,,,06SR5RBREL16DQ6M8LWS,1MHBF3G6DCPWHSKG7XCP,62,0.0706043956043956
bgs_spearman,,,06SR5RBREL16DQ6M8LWS,1MHBF3G6DCPWHSKG7XCP,63,-0.20641025641025643
bgs_spearman,,,06SR5RBREL16DQ6M8LWS,1MHBF3G6DCPWHSKG7XCP,64,0.08869047619047618
bgs_spearman,,,06SR5RBREL16DQ6M8LWS,1MHBF3G6DCPWHSKG7XCP,65,0.03603479853479853
bgs_spearman,,,06SR5RBREL16DQ6M8LWS,1MHBF3G6DCPWHSKG7XCP,66,-0.048992673992673985
bgs_spearman,,,06SR5RBREL16DQ6M8LWS,1MHBF3G6DCPWHSKG7XCP,67,0.14377289377289376
bgs_spearman,,,06SR5RBREL16DQ6M8LWS,1MHBF3G6DCPWHSKG7XCP,68,-0.0842032967032967
bgs_spearman,,,06SR5RBREL16DQ6M8LWS,1MHBF3G6DCPWHSKG7XCP,69,0.20828754578754577
bgs_spearman,,,06SR5RBREL16DQ6M8LWS,1MHBF3G6DCPWHSKG7XCP,70,-0.0863095238095238
bgs_spearman,,,06SR5RBREL16DQ6M8LWS,1MHBF3G6DCPWHSKG7XCP,71,-0.15325091575091573
bgs_spearman,,,06SR5RBREL16DQ6M8LWS,1MHBF3G6DCPWHSKG7XCP,72,-0.05384615384615384
bgs_spearman,,,06SR5RBREL16DQ6M8LWS,1MHBF3G6DCPWHSKG7XCP,73,0.012087912087912085
bgs_spearman,,,06SR5RBREL16DQ6M8LWS,1MHBF3G6DCPWHSKG7XCP,74,0.03681318681318681
bgs_spearman,,,06SR5RBREL16DQ6M8LWS,1MHBF3G6DCPWHSKG7XCP,75,-0.1546245421245421
bgs_spearman,,,06SR5RBREL16DQ6M8LWS,1MHBF3G6DCPWHSKG7XCP,76,0.18145604395604395
bgs_spearman,,,06SR5RBREL16DQ6M8LWS,1MHBF3G6DCPWHSKG7XCP,77,-0.11112637362637359
bgs_spearman,,,06SR5RBREL16DQ6M8LWS,1MHBF3G6DCPWHSKG7XCP,78,0.03585164835164834
bgs_spearman,,,06SR5RBREL16DQ6M8LWS,1MHBF3G6DCPWHSKG7XCP,79,-0.1509157509157509
bgs_spearman,,,06SR5RBREL16DQ6M8LWS,1MHBF3G6DCPWHSKG7XCP,80,-0.09555860805860805
bgs_spearman,,,06SR5RBREL16DQ6M8LWS,1MHBF3G6DCPWHSKG7XCP,81,-0.05517399267399267
bgs_spearman,,,06SR5RBREL16DQ6M8LWS,1MHBF3G6DCPWHSKG7XCP,82,0.025824175824175823
bgs_spearman,,,06SR5RBREL16DQ6M8LWS,1MHBF3G6DCPWHSKG7XCP,83,-0.0004578754578754579
bgs_spearman,,,06SR5RBREL16DQ6M8LWS,1MHBF3G6DCPWHSKG7XCP,84,0.001923076923076923
bgs_spearman,,,06SR5RBREL16DQ6M8LWS,1MHBF3G6DCPWHSKG7XCP,85,-0.14647435897435895
bgs_spearman,,,06SR5RBREL16DQ6M8LWS,1MHBF3G6DCPWHSKG7XCP,86,-0.025915750915750914
bgs_spearman,,,06SR5RBREL16DQ6M8LWS,1MHBF3G6DCPWHSKG7XCP,87,0.13649267399267398
bgs_spearman,,,06SR5RBREL16DQ6M8LWS,1MHBF3G6DCPWHSKG7XCP,88,-0.005311355311355311
bgs_spearman,,,06SR5RBREL16DQ6M8LWS,1MHBF3G6DCPWHSKG7XCP,89,0.1439102564102564
bgs_spearman,,,06SR5RBREL16DQ6M8LWS,1MHBF3G6DCPWHSKG7XCP,90,0.03429487179487179
bgs_spearman,,,06SR5RBREL16DQ6M8LWS,1MHBF3G6DCPWHSKG7XCP,91,-0.022435897435897433
bgs_spearman,,,06SR5RBREL16DQ6M8LWS,1MHBF3G6DCPWHSKG7XCP,92,0.10769230769230768
bgs_spearman,,,06SR5RBREL16DQ6M8LWS,1MHBF3G6DCPWHSKG7XCP,93,0.23177655677655676
bgs_spearman,,,06SR5RBREL16DQ6M8LWS,1MHBF3G6DCPWHSKG7XCP,94,-0.050137362637362626
bgs_spearman,,,06SR5RBREL16DQ6M8LWS,1MHBF3G6DCPWHSKG7XCP,95,-0.19478021978021975
bgs_spearman,,,06SR5RBREL16DQ6M8LWS,1MHBF3G6DCPWHSKG7XCP,96,-0.31423992673992673
bgs_spearman,,,06SR5RBREL16DQ6M8LWS,1MHBF3G6DCPWHSKG7XCP,97,-0.08653846153846154
bgs_spearman,,,06SR5RBREL16DQ6M8LWS,1MHBF3G6DCPWHSKG7XCP,98,0.007509157509157508
bgs_spearman,,,06SR5RBREL16DQ6M8LWS,1MHBF3G6DCPWHSKG7XCP,99,-0.09239926739926739
bgs_spearman,,,06SR5RBREL16DQ6M8LWS,1MHBF3G6DCPWHSKG7XCP,100,0.25096153846153846
bgs_spearman,,,06SR5RBREL16DQ6M8LWS,1MHBF3G6DCPWHSKG7XCP,101,0.014743589743589743
bgs_spearman,,,06SR5RBREL16DQ6M8LWS,1MHBF3G6DCPWHSKG7XCP,102,-0.0022435897435897434
bgs_spearman,,,06SR5RBREL16DQ6M8LWS,1MHBF3G6DCPWHSKG7XCP,103,-0.03543956043956043
bgs_spearman,,,06SR5RBREL16DQ6M8LWS,1MHBF3G6DCPWHSKG7XCP,104,0.13438644688644688
bgs_spearman,,,06SR5RBREL16DQ6M8LWS,1MHBF3G6DCPWHSKG7XCP,105,0.10192307692307691
bgs_spearman,,,06SR5RBREL16DQ6M8LWS,1MHBF3G6DCPWHSKG7XCP,106,-0.15636446886446884
bgs_spearman,,,06SR5RBREL16DQ6M8LWS,1MHBF3G6DCPWHSKG7XCP,107,-0.00554029304029304
bgs_spearman,,,06SR5RBREL16DQ6M8LWS,1MHBF3G6DCPWHSKG7XCP,108,0.18731684981684982
bgs_spearman,,,06SR5RBREL16DQ6M8LWS,1MHBF3G6DCPWHSKG7XCP,109,-0.10274725274725274
bgs_spearman,,,06SR5RBREL16DQ6M8LWS,1MHBF3G6DCPWHSKG7XCP,110,0.044963369963369956
bgs_spearman,,,06SR5RBREL16DQ6M8LWS,1MHBF3G6DCPWHSKG7XCP,111,0.12605311355311355
bgs_spearman,,,06SR5RBREL16DQ6M8LWS,1MHBF3G6DCPWHSKG7XCP,112,-0.24239926739926737
bgs_spearman,,,06SR5RBREL16DQ6M8LWS,1MHBF3G6DCPWHSKG7XCP,113,0.3474816849816849
bgs_spearman,,,06SR5RBREL16DQ6M8LWS,1MHBF3G6DCPWHSKG7XCP,114,-0.061538461538461535
bgs_spearman,,,06SR5RBREL16DQ6M8LWS,1MHBF3G6DCPWHSKG7XCP,115,0.12957875457875456
bgs_spearman,,,06SR5RBREL16DQ6M8LWS,1MHBF3G6DCPWHSKG7XCP,116,-0.015384615384615384
bgs_spearman,,,06SR5RBREL16DQ6M8LWS,1MHBF3G6DCPWHSKG7XCP,117,0.17037545787545785
bgs_spearman,,,06SR5RBREL16DQ6M8LWS,1MHBF3G6DCPWHSKG7XCP,118,-0.19276556776556775
bgs_spearman,,,06SR5RBREL16DQ6M8LWS,1MHBF3G6DCPWHSKG7XCP,119,0.23118131868131864
bgs_spearman,,,06SR5RBREL16DQ6M8LWS,1MHBF3G6DCPWHSKG7XCP,120,-0.143040293040293
bgs_spearman,,,06SR5RBREL16DQ6M8LWS,1MHBF3G6DCPWHSKG7XCP,121,-0.0570054945054945
bgs_spearman,,,06SR5RBREL16DQ6M8LWS,1MHBF3G6DCPWHSKG7XCP,122,0.23379120879120877
bgs_spearman,,,06SR5RBREL16DQ6M8LWS,1MHBF3G6DCPWHSKG7XCP,123,-0.09537545787545787
bgs_spearman,,,06SR5RBREL16DQ6M8LWS,1MHBF3G6DCPWHSKG7XCP,124,-0.0028388278388278387
bgs_spearman,,,06SR5RBREL16DQ6M8LWS,1MHBF3G6DCPWHSKG7XCP,125,-0.2728937728937728
bgs_spearman,,,06SR5RBREL16DQ6M8LWS,1MHBF3G6DCPWHSKG7XCP,126,-0.053434065934065925
bgs_spearman,,,06SR5RBREL16DQ6M8LWS,1MHBF3G6DCPWHSKG7XCP,127,0.0173992673992674
bgs_spearman,,,06SR5RBREL16DQ6M8LWS,1MHBF3G6DCPWHSKG7XCP,128,0.04148351648351648
bgs_spearman,,,06SR5RBREL16DQ6M8LWS,1MHBF3G6DCPWHSKG7XCP,129,0.15989010989010988
bgs_spearman,,,06SR5RBREL16DQ6M8LWS,1MHBF3G6DCPWHSKG7XCP,130,-0.036538461538461534
bgs_spearman,,,06SR5RBREL16DQ6M8LWS,1MHBF3G6DCPWHSKG7XCP,131,-0.1418956043956044
bgs_spearman,,,06SR5RBREL16DQ6M8LWS,1MHBF3G6DCPWHSKG7XCP,132,0.05366300366300365
bgs_spearman,,,06SR5RBREL16DQ6M8LWS,1MHBF3G6DCPWHSKG7XCP,133,-0.08347069597069597
bgs_spearman,,,06SR5RBREL16DQ6M8LWS,1MHBF3G6DCPWHSKG7XCP,134,-0.0695054945054945
bgs_spearman,,,06SR5RBREL16DQ6M8LWS,1MHBF3G6DCPWHSKG7XCP,135,4.578754578754578e-05
bgs_spearman,,,06SR5RBREL16DQ6M8LWS,1MHBF3G6DCPWHSKG7XCP,136,0.19340659340659336
bgs_spearman,,,06SR5RBREL16DQ6M8LWS,1MHBF3G6DCPWHSKG7XCP,137,0.1666208791208791
bgs_spearman,,,06SR5RBREL16DQ6M8LWS,1MHBF3G6DCPWHSKG7XCP,138,-0.177518315018315
bgs_spearman,,,06SR5RBREL16DQ6M8LWS,1MHBF3G6DCPWHSKG7XCP,139,0.06904761904761904
bgs_spearman,,,06SR5RBREL16DQ6M8LWS,1MHBF3G6DCPWHSKG7XCP,140,-0.0005494505494505493
bgs_spearman,,,06SR5RBREL16DQ6M8LWS,1MHBF3G6DCPWHSKG7XCP,141,0.07902930402930403
bgs_spearman,,,06SR5RBREL16DQ6M8LWS,1MHBF3G6DCPWHSKG7XCP,142,-0.24665750915750917
bgs_spearman,,,06SR5RBREL16DQ6M8LWS,1MHBF3G6DCPWHSKG7XCP,143,-0.06547619047619047
bgs_spearman,,,06SR5RBREL16DQ6M8LWS,1MHBF3G6DCPWHSKG7XCP,144,0.017948717948717947
bgs_spearman,,,06SR5RBREL16DQ6M8LWS,1MHBF3G6DCPWHSKG7XCP,145,0.15086996336996333
bgs_spearman,,,06SR5RBREL16DQ6M8LWS,1MHBF3G6DCPWHSKG7XCP,146,-0.010989010989010988
bgs_spearman,,,06SR5RBREL16DQ6M8LWS,1MHBF3G6DCPWHSKG7XCP,147,-0.07394688644688645
bgs_spearman,,,06SR5RBREL16DQ6M8LWS,1MHBF3G6DCPWHSKG7XCP,148,0.00554029304029304
bgs_spearman,,,06SR5RBREL16DQ6M8LWS,1MHBF3G6DCPWHSKG7XCP,149,-0.031272893772893766
bgs_spearman,,,06SR5RBREL16DQ6M8LWS,1MHBF3G6DCPWHSKG7XCP,150,-0.1943223443223443
bgs_spearman,,,06SR5RBREL16DQ6M8LWS,1MHBF3G6DCPWHSKG7XCP,151,-0.047985347985347974
bgs_spearman,,,06SR5RBREL16DQ6M8LWS,1MHBF3G6DCPWHSKG7XCP,152,0.053205128205128197
bgs_spearman,,,06SR5RBREL16DQ6M8LWS,1MHBF3G6DCPWHSKG7XCP,153,0.00847069597069597
bgs_spearman,,,06SR5RBREL16DQ6M8LWS,1MHBF3G6DCPWHSKG7XCP,154,-0.03919413919413919
bgs_spearman,,,06SR5RBREL16DQ6M8LWS,1MHBF3G6DCPWHSKG7XCP,155,-0.10961538461538461
bgs_spearman,,,06SR5RBREL16DQ6M8LWS,1MHBF3G6DCPWHSKG7XCP,156,-0.04304029304029303
bgs_spearman,,,06SR5RBREL16DQ6M8LWS,1MHBF3G6DCPWHSKG7XCP,157,0.02957875457875457
bgs_spearman,,,06SR5RBREL16DQ6M8LWS,1MHBF3G6DCPWHSKG7XCP,158,0.08722527472527472
bgs_spearman,,,06SR5RBREL16DQ6M8LWS,1MHBF3G6DCPWHSKG7XCP,159,0.1788003663003663
bgs_spearman,,,06SR5RBREL16DQ6M8LWS,1MHBF3G6DCPWHSKG7XCP,160,0.013598901098901097
bgs_spearman,,,06SR5RBREL16DQ6M8LWS,1MHBF3G6DCPWHSKG7XCP,161,-0.09189560439560437
bgs_spearman,,,06SR5RBREL16DQ6M8LWS,1MHBF3G6DCPWHSKG7XCP,162,0.01877289377289377
bgs_spearman,,,06SR5RBREL16DQ6M8LWS,1MHBF3G6DCPWHSKG7XCP,163,-0.24148351648351646
bgs_spearman,,,06SR5RBREL16DQ6M8LWS,1MHBF3G6DCPWHSKG7XCP,164,0.2155677655677655
bgs_spearman,,,06SR5RBREL16DQ6M8LWS,1MHBF3G6DCPWHSKG7XCP,165,0.20439560439560436
bgs_spearman,,,06SR5RBREL16DQ6M8LWS,1MHBF3G6DCPWHSKG7XCP,166,0.1881410256410256
bgs_spearman,,,06SR5RBREL16DQ6M8LWS,1MHBF3G6DCPWHSKG7XCP,167,-0.12875457875457874
bgs_spearman,,,06SR5RBREL16DQ6M8LWS,1MHBF3G6DCPWHSKG7XCP,168,0.08891941391941391
bgs_spearman,,,06SR5RBREL16DQ6M8LWS,1MHBF3G6DCPWHSKG7XCP,169,-0.03063186813186813
bgs_spearman,,,06SR5RBREL16DQ6M8LWS,1MHBF3G6DCPWHSKG7XCP,170,-0.09038461538461538
bgs_spearman,,,06SR5RBREL16DQ6M8LWS,1MHBF3G6DCPWHSKG7XCP,171,0.20489926739926737
bgs_spearman,,,06SR5RBREL16DQ6M8LWS,1MHBF3G6DCPWHSKG7XCP,172,0.046611721611721606
bgs_spearman,,,06SR5RBREL16DQ6M8LWS,1MHBF3G6DCPWHSKG7XCP,173,-0.0777930402930403
bgs_spearman,,,06SR5RBREL16DQ6M8LWS,1MHBF3G6DCPWHSKG7XCP,174,0.061996336996336984
bgs_spearman,,,06SR5RBREL16DQ6M8LWS,1MHBF3G6DCPWHSKG7XCP,175,0.029487179487179487
bgs_spearman,,,06SR5RBREL16DQ6M8LWS,1MHBF3G6DCPWHSKG7XCP,176,0.00013736263736263734
bgs_spearman,,,06SR5RBREL16DQ6M8LWS,1MHBF3G6DCPWHSKG7XCP,177,0.14903846153846154
bgs_spearman,,,06SR5RBREL16DQ6M8LWS,1MHBF3G6DCPWHSKG7XCP,178,0.04102564102564102
bgs_spearman,,,06SR5RBREL16DQ6M8LWS,1MHBF3G6DCPWHSKG7XCP,179,-0.017857142857142856
bgs_spearman,,,06SR5RBREL16DQ6M8LWS,1MHBF3G6DCPWHSKG7XCP,180,-0.2770604395604395
bgs_spearman,,,06SR5RBREL16DQ6M8LWS,1MHBF3G6DCPWHSKG7XCP,181,-0.014010989010989008
bgs_spearman,,,06SR5RBREL16DQ6M8LWS,1MHBF3G6DCPWHSKG7XCP,182,0.021565934065934062
bgs_spearman,,,06SR5RBREL16DQ6M8LWS,1MHBF3G6DCPWHSKG7XCP,183,-0.20228937728937726
bgs_spearman,,,06SR5RBREL16DQ6M8LWS,1MHBF3G6DCPWHSKG7XCP,184,-0.165018315018315
bgs_spearman,,,06SR5RBREL16DQ6M8LWS,1MHBF3G6DCPWHSKG7XCP,185,0.054761904761904755
bgs_spearman,,,06SR5RBREL16DQ6M8LWS,1MHBF3G6DCPWHSKG7XCP,186,0.06323260073260073
bgs_spearman,,,06SR5RBREL16DQ6M8LWS,1MHBF3G6DCPWHSKG7XCP,187,0.04015567765567765
bgs_spearman,,,06SR5RBREL16DQ6M8LWS,1MHBF3G6DCPWHSKG7XCP,188,-0.2722069597069597
bgs_spearman,,,06SR5RBREL16DQ6M8LWS,1MHBF3G6DCPWHSKG7XCP,189,0.007646520146520145
bgs_spearman,,,06SR5RBREL16DQ6M8LWS,1MHBF3G6DCPWHSKG7XCP,190,0.005906593406593406
bgs_spearman,,,06SR5RBREL16DQ6M8LWS,1MHBF3G6DCPWHSKG7XCP,191,0.10595238095238094
bgs_spearman,,,06SR5RBREL16DQ6M8LWS,1MHBF3G6DCPWHSKG7XCP,192,0.005082417582417583
bgs_spearman,,,06SR5RBREL16DQ6M8LWS,1MHBF3G6DCPWHSKG7XCP,193,0.09038461538461538
bgs_spearman,,,06SR5RBREL16DQ6M8LWS,1MHBF3G6DCPWHSKG7XCP,194,0.13347069597069594
bgs_spearman,,,06SR5RBREL16DQ6M8LWS,1MHBF3G6DCPWHSKG7XCP,195,0.10902014652014651
bgs_spearman,,,06SR5RBREL16DQ6M8LWS,1MHBF3G6DCPWHSKG7XCP,196,-0.04684065934065934
bgs_spearman,,,06SR5RBREL16DQ6M8LWS,1MHBF3G6DCPWHSKG7XCP,197,0.1666208791208791
bgs_spearman,,,06SR5RBREL16DQ6M8LWS,1MHBF3G6DCPWHSKG7XCP,198,0.11497252747252747
bgs_spearman,,,06SR5RBREL16DQ6M8LWS,1MHBF3G6DCPWHSKG7XCP,199,0.11533882783882782
bgs_spearman,,,06SR5RBREL16DQ6M8LWS,23X6SY44VT9KFHR7S7OC,0,-0.013186813186813185
bgs_spearman,,,06SR5RBREL16DQ6M8LWS,23X6SY44VT9KFHR7S7OC,1,0.29391025641025637
bgs_spearman,,,06SR5RBREL16DQ6M8LWS,23X6SY44VT9KFHR7S7OC,2,-0.1742216117216117
bgs_spearman,,,06SR5RBREL16DQ6M8LWS,23X6SY44VT9KFHR7S7OC,3,0.08946886446886446
bgs_spearman,,,06SR5RBREL16DQ6M8LWS,23X6SY44VT9KFHR7S7OC,4,-0.03873626373626373
bgs_spearman,,,06SR5RBREL16DQ6M8LWS,23X6SY44VT9KFHR7S7OC,5,0.015018315018315015
bgs_spearman,,,06SR5RBREL16DQ6M8LWS,23X6SY44VT9KFHR7S7OC,6,0.08232600732600732
bgs_spearman,,,06SR5RBREL16DQ6M8LWS,23X6SY44VT9KFHR7S7OC,7,-0.06886446886446886
bgs_spearman,,,06SR5RBREL16DQ6M8LWS,23X6SY44VT9KFHR7S7OC,8,-0.010027472527472525
bgs_spearman,,,06SR5RBREL16DQ6M8LWS,23X6SY44VT9KFHR7S7OC,9,0.13388278388278388
bgs_spearman,,,06SR5RBREL16DQ6M8LWS,23X6SY44VT9KFHR7S7OC,10,0.04789377289377288
bgs_spearman,,,06SR5RBREL16DQ6M8LWS,23X6SY44VT9KFHR7S7OC,11,0.10888278388278388
bgs_spearman,,,06SR5RBREL16DQ6M8LWS,23X6SY44VT9KFHR7S7OC,12,0.027106227106227104
bgs_spearman,,,06SR5RBREL16DQ6M8LWS,23X6SY44VT9KFHR7S7OC,13,-0.3163919413919413
bgs_spearman,,,06SR5RBREL16DQ6M8LWS,23X6SY44VT9KFHR7S7OC,14,-0.05123626373626372
bgs_spearman,,,06SR5RBREL16DQ6M8LWS,23X6SY44VT9KFHR7S7OC,15,-0.229029304029304
bgs_spearman,,,06SR5RBREL16DQ6M8LWS,23X6SY44VT9KFHR7S7OC,16,-0.03594322344322344
bgs_spearman,,,06SR5RBREL16DQ6M8LWS,23X6SY44VT9KFHR7S7OC,17,0.029349816849816846
bgs_spearman,,,06SR5RBREL16DQ6M8LWS,23X6SY44VT9KFHR7S7OC,18,-0.11089743589743589
bgs_spearman,,,06SR5RBREL16DQ6M8LWS,23X6SY44VT9KFHR7S7OC,19,-0.044963369963369956
bgs_spearman,,,06SR5RBREL16DQ6M8LWS,23X6SY44VT9KFHR7S7OC,20,0.02994505494505494
bgs_spearman,,,06SR5RBREL16DQ6M8LWS,23X6SY44VT9KFHR7S7OC,21,-0.055265567765567764
bgs_spearman,,,06SR5RBREL16DQ6M8LWS,23X6SY44VT9KFHR7S7OC,22,0.11973443223443223
bgs_spearman,,,06SR5RBREL16DQ6M8LWS,23X6SY44VT9KFHR7S7OC,23,-0.10160256410256409
bgs_spearman,,,06SR5RBREL16DQ6M8LWS,23X6SY44VT9KFHR7S7OC,24,0.19954212454212453
bgs_spearman,,,06SR5RBREL16DQ6M8LWS,23X6SY44VT9KFHR7S7OC,25,0.011034798534798532
bgs_spearman,,,06SR5RBREL16DQ6M8LWS,23X6SY44VT9KFHR7S7OC,26,-0.14894688644688642
bgs_spearman,,,06SR5RBREL16DQ6M8LWS,23X6SY44VT9KFHR7S7OC,27,-0.018727106227106226
bgs_spearman,,,06SR5RBREL16DQ6M8LWS,23X6SY44VT9KFHR7S7OC,28,0.06694139194139194
bgs_spearman,,,06SR5RBREL16DQ6M8LWS,23X6SY44VT9KFHR7S7OC,29,-0.10160256410256409
bgs_spearman,,,06SR5RBREL16DQ6M8LWS,23X6SY44VT9KFHR7S7OC,30,0.035210622710622703
bgs_spearman,,,06SR5RBREL16DQ6M8LWS,23X6SY44VT9KFHR7S7OC,31,-0.23324175824175822
bgs_spearman,,,06SR5RBREL16DQ6M8LWS,23X6SY44VT9KFHR7S7OC,32,0.12344322344322343
bgs_spearman,,,06SR5RBREL16DQ6M8LWS,23X6SY44VT9KFHR7S7OC,33,-0.16263736263736264
bgs_spearman,,,06SR5RBREL16DQ6M8LWS,23X6SY44VT9KFHR7S7OC,34,-0.03228021978021978
bgs_spearman,,,06SR5RBREL16DQ6M8LWS,23X6SY44VT9KFHR7S7OC,35,-0.10059523809523808
bgs_spearman,,,06SR5RBREL16DQ6M8LWS,23X6SY44VT9KFHR7S7OC,36,-0.07628205128205127
bgs_spearman,,,06SR5RBREL16DQ6M8LWS,23X6SY44VT9KFHR7S7OC,37,0.040430402930402926
bgs_spearman,,,06SR5RBREL16DQ6M8LWS,23X6SY44VT9KFHR7S7OC,38,-0.05586080586080585
bgs_spearman,,,06SR5RBREL16DQ6M8LWS,23X6SY44VT9KFHR7S7OC,39,0.202014652014652
bgs_spearman,,,06SR5RBREL16DQ6M8LWS,23X6SY44VT9KFHR7S7OC,40,-0.10274725274725274
bgs_spearman,,,06SR5RBREL16DQ6M8LWS,23X6SY44VT9KFHR7S7OC,41,-0.10517399267399266
bgs_spearman,,,06SR5RBREL16DQ6M8LWS,23X6SY44VT9KFHR7S7OC,42,0.1352106227106227
bgs_spearman,,,06SR5RBREL16DQ6M8LWS,23X6SY44VT9KFHR7S7OC,43,0.045695970695970686
bgs_spearman,,,06SR5RBREL16DQ6M8LWS,23X6SY44VT9KFHR7S7OC,44,-0.08095238095238094
bgs_spearman,,,06SR5RBREL16DQ6M8LWS,23X6SY44VT9KFHR7S7OC,45,0.10366300366300366
bgs_spearman,,,06SR5RBREL16DQ6M8LWS,23X6SY44VT9KFHR7S7OC,46,-0.01543040293040293
bgs_spearman,,,06SR5RBREL16DQ6M8LWS,23X6SY44VT9KFHR7S7OC,47,-0.06094322344322344
bgs_spearman,,,06SR5RBREL16DQ6M8LWS,23X6SY44VT9KFHR7S7OC,48,0.018086080586080584
bgs_spearman,,,06SR5RBREL16DQ6M8LWS,23X6SY44VT9KFHR7S7OC,49,-0.06918498168498168
bgs_spearman,,,06SR5RBREL16DQ6M8LWS,23X6SY44VT9KFHR7S7OC,50,0.14885531135531135
bgs_spearman,,,06SR5RBREL16DQ6M8LWS,23X6SY44VT9KFHR7S7OC,51,0.08978937728937728
bgs_spearman,,,06SR5RBREL16DQ6M8LWS,23X6SY44VT9KFHR7S7OC,52,-0.11955128205128204
bgs_spearman,,,06SR5RBREL16DQ6M8LWS,23X6SY44VT9KFHR7S7OC,53,0.0934981684981685
bgs_spearman,,,06SR5RBREL16DQ6M8LWS,23X6SY44VT9KFHR7S7OC,54,-0.15778388278388275
bgs_spearman,,,06SR5RBREL16DQ6M8LWS,23X6SY44VT9KFHR7S7OC,55,0.13493589743589743
bgs_spearman,,,06SR5RBREL16DQ6M8LWS,23X6SY44VT9KFHR7S7OC,56,0.0353021978021978
bgs_spearman,,,06SR5RBREL16DQ6M8LWS,23X6SY44VT9KFHR7S7OC,57,-0.12252747252747252
bgs_spearman,,,06SR5RBREL16DQ6M8LWS,23X6SY44VT9KFHR7S7OC,58,0.02962454212454212
bgs_spearman,,,06SR5RBREL16DQ6M8LWS,23X6SY44VT9KFHR7S7OC,59,-0.11488095238095238
bgs_spearman,,,06SR5RBREL16DQ6M8LWS,23X6SY44VT9KFHR7S7OC,60,0.11478937728937727
bgs_spearman,,,06SR5RBREL16DQ6M8LWS,23X6SY44VT9KFHR7S7OC,61,0.153525641025641
bgs_spearman,,,06SR5RBREL16DQ6M8LWS,23X6SY44VT9KFHR7S7OC,62,-0.08543956043956043
bgs_spearman,,,06SR5RBREL16DQ6M8LWS,23X6SY44VT9KFHR7S7OC,63,-0.2562271062271062
bgs_spearman,,,06SR5RBREL16DQ6M8LWS,23X6SY44VT9KFHR7S7OC,64,0.08809523809523809
bgs_spearman,,,06SR5RBREL16DQ6M8LWS,23X6SY44VT9KFHR7S7OC,65,0.10604395604395603
bgs_spearman,,,06SR5RBREL16DQ6M8LWS,23X6SY44VT9KFHR7S7OC,66,-0.06533882783882783
bgs_spearman,,,06SR5RBREL16DQ6M8LWS,23X6SY44VT9KFHR7S7OC,67,-0.04065934065934066
bgs_spearman,,,06SR5RBREL16DQ6M8LWS,23X6SY44VT9KFHR7S7OC,68,-0.1579212454212454
bgs_spearman,,,06SR5RBREL16DQ6M8LWS,23X6SY44VT9KFHR7S7OC,69,-0.03461538461538461
bgs_spearman,,,06SR5RBREL16DQ6M8LWS,23X6SY44VT9KFHR7S7OC,70,0.11419413919413918
bgs_spearman,,,06SR5RBREL16DQ6M8LWS,23X6SY44VT9KFHR7S7OC,71,-0.00608974358974359
bgs_spearman,,,06SR5RBREL16DQ6M8LWS,23X6SY44VT9KFHR7S7OC,72,-0.12037545787545786
bgs_spearman,,,06SR5RBREL16DQ6M8LWS,23X6SY44VT9KFHR7S7OC,73,-0.08282967032967033
bgs_spearman,,,06SR5RBREL16DQ6M8LWS,23X6SY44VT9KFHR7S7OC,74,0.1564102564102564
bgs_spearman,,,06SR5RBREL16DQ6M8LWS,23X6SY44VT9KFHR7S7OC,75,-0.11057692307692306
bgs_spearman,,,06SR5RBREL16DQ6M8LWS,23X6SY44VT9KFHR7S7OC,76,0.0168040293040293
bgs_spearman,,,06SR5RBREL16DQ6M8LWS,23X6SY44VT9KFHR7S7OC,77,-0.048168498168498164
bgs_spearman,,,06SR5RBREL16DQ6M8LWS,23X6SY44VT9KFHR7S7OC,78,0.12632783882783882
bgs_spearman,,,06SR5RBREL16DQ6M8LWS,23X6SY44VT9KFHR7S7OC,79,-0.18044871794871795
bgs_spearman,,,06SR5RBREL16DQ6M8LWS,23X6SY44VT9KFHR7S7OC,80,-0.20586080586080585
bgs_spearman,,,06SR5RBREL16DQ6M8LWS,23X6SY44VT9KFHR7S7OC,81,-0.0009157509157509158
bgs_spearman,,,06SR5RBREL16DQ6M8LWS,23X6SY44VT9KFHR7S7OC,82,0.03841575091575091
bgs_spearman,,,06SR5RBREL16DQ6M8LWS,23X6SY44VT9KFHR7S7OC,83,-0.10283882783882783
bgs_spearman,,,06SR5RBREL16DQ6M8LWS,23X6SY44VT9KFHR7S7OC,84,0.04752747252747252
bgs_spearman,,,06SR5RBREL16DQ6M8LWS,23X6SY44VT9KFHR7S7OC,85,-0.10155677655677654
bgs_spearman,,,06SR5RBREL16DQ6M8LWS,23X6SY44VT9KFHR7S7OC,86,0.06597985347985348
bgs_spearman,,,06SR5RBREL16DQ6M8LWS,23X6SY44VT9KFHR7S7OC,87,0.09157509157509156
bgs_spearman,,,06SR5RBREL16DQ6M8LWS,23X6SY44VT9KFHR7S7OC,88,-0.12632783882783882
bgs_spearman,,,06SR5RBREL16DQ6M8LWS,23X6SY44VT9KFHR7S7OC,89,0.20471611721611718
bgs_spearman,,,06SR5RBREL16DQ6M8LWS,23X6SY44VT9KFHR7S7OC,90,-0.055586080586080576
bgs_spearman,,,06SR5RBREL16DQ6M8LWS,23X6SY44VT9KFHR7S7OC,91,-0.04551282051282051
bgs_spearman,,,06SR5RBREL16DQ6M8LWS,23X6SY44VT9KFHR7S7OC,92,-0.1027014652014652
bgs_spearman,,,06SR5RBREL16DQ6M8LWS,23X6SY44VT9KFHR7S7OC,93,0.1324175824175824
bgs_spearman,,,06SR5RBREL16DQ6M8LWS,23X6SY44VT9KFHR7S7OC,94,0.16694139194139193
bgs_spearman,,,06SR5RBREL16DQ6M8LWS,23X6SY44VT9KFHR7S7OC,95,-0.03946886446886446
bgs_spearman,,,06SR5RBREL16DQ6M8LWS,23X6SY44VT9KFHR7S7OC,96,0.027243589743589744
bgs_spearman,,,06SR5RBREL16DQ6M8LWS,23X6SY44VT9KFHR7S7OC,97,0.0641025641025641
bgs_spearman,,,06SR5RBREL16DQ6M8LWS,23X6SY44VT9KFHR7S7OC,98,-0.00013736263736263734
bgs_spearman,,,06SR5RBREL16DQ6M8LWS,23X6SY44VT9KFHR7S7OC,99,0.24656593406593402
bgs_spearman,,,06SR5RBREL16DQ6M8LWS,23X6SY44VT9KFHR7S7OC,100,0.013507326007326006
bgs_spearman,,,06SR5RBREL16DQ6M8LWS,23X6SY44VT9KFHR7S7OC,101,0.07568681318681318
bgs_spearman,,,06SR5RBREL16DQ6M8LWS,23X6SY44VT9KFHR7S7OC,102,0.19995421245421244
bgs_spearman,,,06SR5RBREL16DQ6M8LWS,23X6SY44VT9KFHR7S7OC,103,0.0646062271062271
bgs_spearman,,,06SR5RBREL16DQ6M8LWS,23X6SY44VT9KFHR7S7OC,104,-0.04574175824175824
bgs_spearman,,,06SR5RBREL16DQ6M8LWS,23X6SY44VT9KFHR7S7OC,105,0.17783882783882782
bgs_spearman,,,06SR5RBREL16DQ6M8LWS,23X6SY44VT9KFHR7S7OC,106,0.1804029304029304
bgs_spearman,,,06SR5RBREL16DQ6M8LWS,23X6SY44VT9KFHR7S7OC,107,-0.12655677655677655
bgs_spearman,,,06SR5RBREL16DQ6M8LWS,23X6SY44VT9KFHR7S7OC,108,-0.06955128205128204
bgs_spearman,,,06SR5RBREL16DQ6M8LWS,23X6SY44VT9KFHR7S7OC,109,-0.12715201465201464
bgs_spearman,,,06SR5RBREL16DQ6M8LWS,23X6SY44VT9KFHR7S7OC,110,-0.008195970695970695
bgs_spearman,,,06SR5RBREL16DQ6M8LWS,23X6SY44VT9KFHR7S7OC,111,-0.0445054945054945
bgs_spearman,,,06SR5RBREL16DQ6M8LWS,23X6SY44VT9KFHR7S7OC,112,-0.06790293040293038
bgs_spearman,,,06SR5RBREL16DQ6M8LWS,23X6SY44VT9KFHR7S7OC,113,0.06336996336996337
bgs_spearman,,,06SR5RBREL16DQ6M8LWS,23X6SY44VT9KFHR7S7OC,114,0.10343406593406591
bgs_spearman,,,06SR5RBREL16DQ6M8LWS,23X6SY44VT9KFHR7S7OC,115,-0.03406593406593406
bgs_spearman,,,06SR5RBREL16DQ6M8LWS,23X6SY44VT9KFHR7S7OC,116,0.17838827838827837
bgs_spearman,,,06SR5RBREL16DQ6M8LWS,23X6SY44VT9KFHR7S7OC,117,0.12165750915750913
bgs_spearman,,,06SR5RBREL16DQ6M8LWS,23X6SY44VT9KFHR7S7OC,118,-0.26259157509157505
bgs_spearman,,,06SR5RBREL16DQ6M8LWS,23X6SY44VT9KFHR7S7OC,119,-0.0037087912087912078
bgs_spearman,,,06SR5RBREL16DQ6M8LWS,23X6SY44VT9KFHR7S7OC,120,0.012728937728937727
bgs_spearman,,,06SR5RBREL16DQ6M8LWS,23X6SY44VT9KFHR7S7OC,121,0.04922161172161172
bgs_spearman,,,06SR5RBREL16DQ6M8LWS,23X6SY44VT9KFHR7S7OC,122,-0.12495421245421244
bgs_spearman,,,06SR5RBREL16DQ6M8LWS,23X6SY44VT9KFHR7S7OC,123,-0.05315934065934065
bgs_spearman,,,06SR5RBREL16DQ6M8LWS,23X6SY44VT9KFHR7S7OC,124,-0.017536630036630037
bgs_spearman,,,06SR5RBREL16DQ6M8LWS,23X6SY44VT9KFHR7S7OC,125,-0.00989010989010989
bgs_spearman,,,06SR5RBREL16DQ6M8LWS,23X6SY44VT9KFHR7S7OC,126,-0.06543040293040292
bgs_spearman,,,06SR5RBREL16DQ6M8LWS,23X6SY44VT9KFHR7S7OC,127,0.1624084249084249
bgs_spearman,,,06SR5RBREL16DQ6M8LWS,23X6SY44VT9KFHR7S7OC,128,0.0641025641025641
bgs_spearman,,,06SR5RBREL16DQ6M8LWS,23X6SY44VT9KFHR7S7OC,129,0.024130036630036624
bgs_spearman,,,06SR5RBREL16DQ6M8LWS,23X6SY44VT9KFHR7S7OC,130,0.19368131868131866
bgs_spearman,,,06SR5RBREL16DQ6M8LWS,23X6SY44VT9KFHR7S7OC,131,-0.2321886446886447
bgs_spearman,,,06SR5RBREL16DQ6M8LWS,23X6SY44VT9KFHR7S7OC,132,0.01932234432234432
bgs_spearman,,,06SR5RBREL16DQ6M8LWS,23X6SY44VT9KFHR7S7OC,133,-0.014056776556776554
bgs_spearman,,,06SR5RBREL16DQ6M8LWS,23X6SY44VT9KFHR7S7OC,134,0.17069597069597067
bgs_spearman,,,06SR5RBREL16DQ6M8LWS,23X6SY44VT9KFHR7S7OC,135,0.11053113553113553
bgs_spearman,,,06SR5RBREL16DQ6M8LWS,23X6SY44VT9KFHR7S7OC,136,0.08910256410256408
bgs_spearman,,,06SR5RBREL16DQ6M8LWS,23X6SY44VT9KFHR7S7OC,137,0.026831501831501826
bgs_spearman,,,06SR5RBREL16DQ6M8LWS,23X6SY44VT9KFHR7S7OC,138,0.1364010989010989
bgs_spearman,,,06SR5RBREL16DQ6M8LWS,23X6SY44VT9KFHR7S7OC,139,-0.13333333333333333
bgs_spearman,,,06SR5RBREL16DQ6M8LWS,23X6SY44VT9KFHR7S7OC,140,-0.03333333333333333
bgs_spearman,,,06SR5RBREL16DQ6M8LWS,23X6SY44VT9KFHR7S7OC,141,0.11730769230769228
bgs_spearman,,,06SR5RBREL16DQ6M8LWS,23X6SY44VT9KFHR7S7OC,142,0.05178571428571428
bgs_spearman,,,06SR5RBREL16DQ6M8LWS,23X6SY44VT9KFHR7S7OC,143,0.09780219780219779
bgs_spearman,,,06SR5RBREL16DQ6M8LWS,23X6SY44VT9KFHR7S7OC,144,0.20631868131868128
bgs_spearman,,,06SR5RBREL16DQ6M8LWS,23X6SY44VT9KFHR7S7OC,145,-0.08795787545787545
bgs_spearman,,,06SR5RBREL16DQ6M8LWS,23X6SY44VT9KFHR7S7OC,146,-0.16973443223443221
bgs_spearman,,,06SR5RBREL16DQ6M8LWS,23X6SY44VT9KFHR7S7OC,147,0.23296703296703294
bgs_spearman,,,06SR5RBREL16DQ6M8LWS,23X6SY44VT9KFHR7S7OC,148,0.01217948717948718
bgs_spearman,,,06SR5RBREL16DQ6M8LWS,23X6SY44VT9KFHR7S7OC,149,-0.09217032967032966
bgs_spearman,,,06SR5RBREL16DQ6M8LWS,23X6SY44VT9KFHR7S7OC,150,0.003113553113553113
bgs_spearman,,,06SR5RBREL16DQ6M8LWS,23X6SY44VT9KFHR7S7OC,151,-0.25544871794871793
bgs_spearman,,,06SR5RBREL16DQ6M8LWS,23X6SY44VT9KFHR7S7OC,152,-0.10357142857142856
bgs_spearman,,,06SR5RBREL16DQ6M8LWS,23X6SY44VT9KFHR7S7OC,153,-0.13878205128205126
bgs_spearman,,,06SR5RBREL16DQ6M8LWS,23X6SY44VT9KFHR7S7OC,154,0.03008241758241758
bgs_spearman,,,06SR5RBREL16DQ6M8LWS,23X6SY44VT9KFHR7S7OC,155,0.016117216117216115
bgs_spearman,,,06SR5RBREL16DQ6M8LWS,23X6SY44VT9KFHR7S7OC,156,-0.04336080586080586
bgs_spearman,,,06SR5RBREL16DQ6M8LWS,23X6SY44VT9KFHR7S7OC,157,0.11153846153846153
bgs_spearman,,,06SR5RBREL16DQ6M8LWS,23X6SY44VT9KFHR7S7OC,158,0.0021520146520146517
bgs_spearman,,,06SR5RBREL16DQ6M8LWS,23X6SY44VT9KFHR7S7OC,159,-0.04748168498168497
bgs_spearman,,,06SR5RBREL16DQ6M8LWS,23X6SY44VT9KFHR7S7OC,160,0.19079670329670328
bgs_spearman,,,06SR5RBREL16DQ6M8LWS,23X6SY44VT9KFHR7S7OC,161,0.0141025641025641
bgs_spearman,,,06SR5RBREL16DQ6M8LWS,23X6SY44VT9KFHR7S7OC,162,-0.16913919413919412
bgs_spearman,,,06SR5RBREL16DQ6M8LWS,23X6SY44VT9KFHR7S7OC,163,-0.04826007326007325
bgs_spearman,,,06SR5RBREL16DQ6M8LWS,23X6SY44VT9KFHR7S7OC,164,0.04954212454212454
bgs_spearman,,,06SR5RBREL16DQ6M8LWS,23X6SY44VT9KFHR7S7OC,165,0.17156593406593407
bgs_spearman,,,06SR5RBREL16DQ6M8LWS,23X6SY44VT9KFHR7S7OC,166,-0.06543040293040292
bgs_spearman,,,06SR5RBREL16DQ6M8LWS,23X6SY44VT9KFHR7S7OC,167,-0.08282967032967033
bgs_spearman,,,06SR5RBREL16DQ6M8LWS,23X6SY44VT9KFHR7S7OC,168,-0.07358058608058607
bgs_spearman,,,06SR5RBREL16DQ6M8LWS,23X6SY44VT9KFHR7S7OC,169,-0.04761904761904761
bgs_spearman,,,06SR5RBREL16DQ6M8LWS,23X6SY44VT9KFHR7S7OC,170,-0.2243589743589743
bgs_spearman,,,06SR5RBREL16DQ6M8LWS,23X6SY44VT9KFHR7S7OC,171,0.02376373626373626
bgs_spearman,,,06SR5RBREL16DQ6M8LWS,23X6SY44VT9KFHR7S7OC,172,0.15196886446886443
bgs_spearman,,,06SR5RBREL16DQ6M8LWS,23X6SY44VT9KFHR7S7OC,173,-0.017719780219780216
bgs_spearman,,,06SR5RBREL16DQ6M8LWS,23X6SY44VT9KFHR7S7OC,174,0.12413003663003663
bgs_spearman,,,06SR5RBREL16DQ6M8LWS,23X6SY44VT9KFHR7S7OC,175,0.058562271062271055
bgs_spearman,,,06SR5RBREL16DQ6M8LWS,23X6SY44VT9KFHR7S7OC,176,0.11996336996336993
bgs_spearman,,,06SR5RBREL16DQ6M8LWS,23X6SY44VT9KFHR7S7OC,177,0.04345238095238095
bgs_spearman,,,06SR5RBREL16DQ6M8LWS,23X6SY44VT9KFHR7S7OC,178,0.11767399267399264
bgs_spearman,,,06SR5RBREL16DQ6M8LWS,23X6SY44VT9KFHR7S7OC,179,0.101007326007326
bgs_spearman,,,06SR5RBREL16DQ6M8LWS,23X6SY44VT9KFHR7S7OC,180,0.041987179487179484
bgs_spearman,,,06SR5RBREL16DQ6M8LWS,23X6SY44VT9KFHR7S7OC,181,-0.03951465201465201
bgs_spearman,,,06SR5RBREL16DQ6M8LWS,23X6SY44VT9KFHR7S7OC,182,0.09565018315018314
bgs_spearman,,,06SR5RBREL16DQ6M8LWS,23X6SY44VT9KFHR7S7OC,183,0.17994505494505492
bgs_spearman,,,06SR5RBREL16DQ6M8LWS,23X6SY44VT9KFHR7S7OC,184,0.03328754578754578
bgs_spearman,,,06SR5RBREL16DQ6M8LWS,23X6SY44VT9KFHR7S7OC,185,-0.020421245421245418
bgs_spearman,,,06SR5RBREL16DQ6M8LWS,23X6SY44VT9KFHR7S7OC,186,0.2651556776556776
bgs_spearman,,,06SR5RBREL16DQ6M8LWS,23X6SY44VT9KFHR7S7OC,187,0.013369963369963368
bgs_spearman,,,06SR5RBREL16DQ6M8LWS,23X6SY44VT9KFHR7S7OC,188,-0.1672161172161172
bgs_spearman,,,06SR5RBREL16DQ6M8LWS,23X6SY44VT9KFHR7S7OC,189,-0.032188644688644685
bgs_spearman,,,06SR5RBREL16DQ6M8LWS,23X6SY44VT9KFHR7S7OC,190,-0.024313186813186814
bgs_spearman,,,06SR5RBREL16DQ6M8LWS,23X6SY44VT9KFHR7S7OC,191,0.07637362637362637
bgs_spearman,,,06SR5RBREL16DQ6M8LWS,23X6SY44VT9KFHR7S7OC,192,-0.07586996336996336
bgs_spearman,,,06SR5RBREL16DQ6M8LWS,23X6SY44VT9KFHR7S7OC,193,0.017811355311355307
bgs_spearman,,,06SR5RBREL16DQ6M8LWS,23X6SY44VT9KFHR7S7OC,194,-0.15219780219780218
bgs_spearman,,,06SR5RBREL16DQ6M8LWS,23X6SY44VT9KFHR7S7OC,195,-0.0896062271062271
bgs_spearman,,,06SR5RBREL16DQ6M8LWS,23X6SY44VT9KFHR7S7OC,196,-0.05512820512820513
bgs_spearman,,,06SR5RBREL16DQ6M8LWS,23X6SY44VT9KFHR7S7OC,197,-0.1037087912087912
bgs_spearman,,,06SR5RBREL16DQ6M8LWS,23X6SY44VT9KFHR7S7OC,198,0.2285714285714286
bgs_spearman,,,06SR5RBREL16DQ6M8LWS,23X6SY44VT9KFHR7S7OC,199,-0.01282051282051282
bgs_spearman,,,06SR5RBREL16DQ6M8LWS,2XL5HSFSE93RMOJDRGR4,0,0.04995421245421245
bgs_spearman,,,06SR5RBREL16DQ6M8LWS,2XL5HSFSE93RMOJDRGR4,1,-0.006227106227106226
bgs_spearman,,,06SR5RBREL16DQ6M8LWS,2XL5HSFSE93RMOJDRGR4,2,0.043635531135531126
bgs_spearman,,,06SR5RBREL16DQ6M8LWS,2XL5HSFSE93RMOJDRGR4,3,0.07847985347985348
bgs_spearman,,,06SR5RBREL16DQ6M8LWS,2XL5HSFSE93RMOJDRGR4,4,0.012316849816849816
bgs_spearman,,,06SR5RBREL16DQ6M8LWS,2XL5HSFSE93RMOJDRGR4,5,-0.028159340659340656
bgs_spearman,,,06SR5RBREL16DQ6M8LWS,2XL5HSFSE93RMOJDRGR4,6,-0.06694139194139194
bgs_spearman,,,06SR5RBREL16DQ6M8LWS,2XL5HSFSE93RMOJDRGR4,7,-0.028113553113553107
bgs_spearman,,,06SR5RBREL16DQ6M8LWS,2XL5HSFSE93RMOJDRGR4,8,-0.04152930402930402
bgs_spearman,,,06SR5RBREL16DQ6M8LWS,2XL5HSFSE93RMOJDRGR4,9,0.025457875457875454
bgs_spearman,,,06SR5RBREL16DQ6M8LWS,2XL5HSFSE93RMOJDRGR4,10,0.1313186813186813
bgs_spearman,,,06SR5RBREL16DQ6M8LWS,2XL5HSFSE93RMOJDRGR4,11,0.07582417582417582
bgs_spearman,,,06SR5RBREL16DQ6M8LWS,2XL5HSFSE93RMOJDRGR4,12,0.08873626373626373
bgs_spearman,,,06SR5RBREL16DQ6M8LWS,2XL5HSFSE93RMOJDRGR4,13,-0.17605311355311354
bgs_spearman,,,06SR5RBREL16DQ6M8LWS,2XL5HSFSE93RMOJDRGR4,14,0.0521062271062271
bgs_spearman,,,06SR5RBREL16DQ6M8LWS,2XL5HSFSE93RMOJDRGR4,15,0.1537087912087912
bgs_spearman,,,06SR5RBREL16DQ6M8LWS,2XL5HSFSE93RMOJDRGR4,16,-0.04258241758241758
bgs_spearman,,,06SR5RBREL16DQ6M8LWS,2XL5HSFSE93RMOJDRGR4,17,0.08328754578754578
bgs_spearman,,,06SR5RBREL16DQ6M8LWS,2XL5HSFSE93RMOJDRGR4,18,-0.006043956043956042
bgs_spearman,,,06SR5RBREL16DQ6M8LWS,2XL5HSFSE93RMOJDRGR4,19,0.0021062271062271057
bgs_spearman,,,06SR5RBREL16DQ6M8LWS,2XL5HSFSE93RMOJDRGR4,20,0.14134615384615384
bgs_spearman,,,06SR5RBREL16DQ6M8LWS,2XL5HSFSE93RMOJDRGR4,21,-0.06373626373626373
bgs_spearman,,,06SR5RBREL16DQ6M8LWS,2XL5HSFSE93RMOJDRGR4,22,0.11524725274725274
bgs_spearman,,,06SR5RBREL16DQ6M8LWS,2XL5HSFSE93RMOJDRGR4,23,-0.24413919413919413
bgs_spearman,,,06SR5RBREL16DQ6M8LWS,2XL5HSFSE93RMOJDRGR4,24,-0.13749999999999998
bgs_spearman,,,06SR5RBREL16DQ6M8LWS,2XL5HSFSE93RMOJDRGR4,25,0.174496336996337
bgs_spearman,,,06SR5RBREL16DQ6M8LWS,2XL5HSFSE93RMOJDRGR4,26,0.0030677655677655677
bgs_spearman,,,06SR5RBREL16DQ6M8LWS,2XL5HSFSE93RMOJDRGR4,27,0.010164835164835165
bgs_spearman,,,06SR5RBREL16DQ6M8LWS,2XL5HSFSE93RMOJDRGR4,28,-0.007967032967032966
bgs_spearman,,,06SR5RBREL16DQ6M8LWS,2XL5HSFSE93RMOJDRGR4,29,-0.039926739926739924
bgs_spearman,,,06SR5RBREL16DQ6M8LWS,2XL5HSFSE93RMOJDRGR4,30,-0.11327838827838826
bgs_spearman,,,06SR5RBREL16DQ6M8LWS,2XL5HSFSE93RMOJDRGR4,31,-0.1142857142857143
bgs_spearman,,,06SR5RBREL16DQ6M8LWS,2XL5HSFSE93RMOJDRGR4,32,0.008150183150183149
bgs_spearman,,,06SR5RBREL16DQ6M8LWS,2XL5HSFSE93RMOJDRGR4,33,0.008928571428571428
bgs_spearman,,,06SR5RBREL16DQ6M8LWS,2XL5HSFSE93RMOJDRGR4,34,-0.06826923076923076
bgs_spearman,,,06SR5RBREL16DQ6M8LWS,2XL5HSFSE93RMOJDRGR4,35,-0.01804029304029304
bgs_spearman,,,06SR5RBREL16DQ6M8LWS,2XL5HSFSE93RMOJDRGR4,36,0.05439560439560439
bgs_spearman,,,06SR5RBREL16DQ6M8LWS,2XL5HSFSE93RMOJDRGR4,37,0.04615384615384615
bgs_spearman,,,06SR5RBREL16DQ6M8LWS,2XL5HSFSE93RMOJDRGR4,38,0.05503663003663003
bgs_spearman,,,06SR5RBREL16DQ6M8LWS,2XL5HSFSE93RMOJDRGR4,39,0.08617216117216116
bgs_spearman,,,06SR5RBREL16DQ6M8LWS,2XL5HSFSE93RMOJDRGR4,40,-0.08008241758241756
bgs_spearman,,,06SR5RBREL16DQ6M8LWS,2XL5HSFSE93RMOJDRGR4,41,-0.13795787545787544
bgs_spearman,,,06SR5RBREL16DQ6M8LWS,2XL5HSFSE93RMOJDRGR4,42,0.04391025641025641
bgs_spearman,,,06SR5RBREL16DQ6M8LWS,2XL5HSFSE93RMOJDRGR4,43,-0.033012820512820513
bgs_spearman,,,06SR5RBREL16DQ6M8LWS,2XL5HSFSE93RMOJDRGR4,44,-0.23484432234432231
bgs_spearman,,,06SR5RBREL16DQ6M8LWS,2XL5HSFSE93RMOJDRGR4,45,-0.232051282051282
bgs_spearman,,,06SR5RBREL16DQ6M8LWS,2XL5HSFSE93RMOJDRGR4,46,-0.24331501831501826
bgs_spearman,,,06SR5RBREL16DQ6M8LWS,2XL5HSFSE93RMOJDRGR4,47,-0.02106227106227106
bgs_spearman,,,06SR5RBREL16DQ6M8LWS,2XL5HSFSE93RMOJDRGR4,48,-0.0035714285714285718
bgs_spearman,,,06SR5RBREL16DQ6M8LWS,2XL5HSFSE93RMOJDRGR4,49,-0.08988095238095238
bgs_spearman,,,06SR5RBREL16DQ6M8LWS,2XL5HSFSE93RMOJDRGR4,50,0.06149267399267398
bgs_spearman,,,06SR5RBREL16DQ6M8LWS,2XL5HSFSE93RMOJDRGR4,51,0.18076923076923077
bgs_spearman,,,06SR5RBREL16DQ6M8LWS,2XL5HSFSE93RMOJDRGR4,52,0.13896520146520144
bgs_spearman,,,06SR5RBREL16DQ6M8LWS,2XL5HSFSE93RMOJDRGR4,53,-0.28956043956043953
bgs_spearman,,,06SR5RBREL16DQ6M8LWS,2XL5HSFSE93RMOJDRGR4,54,-0.1398351648351648
bgs_spearman,,,06SR5RBREL16DQ6M8LWS,2XL5HSFSE93RMOJDRGR4,55,-0.02559523809523809
bgs_spearman,,,06SR5RBREL16DQ6M8LWS,2XL5HSFSE93RMOJDRGR4,56,0.10105311355311355
bgs_spearman,,,06SR5RBREL16DQ6M8LWS,2XL5HSFSE93RMOJDRGR4,57,-0.04061355311355311
bgs_spearman,,,06SR5RBREL16DQ6M8LWS,2XL5HSFSE93RMOJDRGR4,58,-0.1847069597069597
bgs_spearman,,,06SR5RBREL16DQ6M8LWS,2XL5HSFSE93RMOJDRGR4,59,-0.12014652014652012
bgs_spearman,,,06SR5RBREL16DQ6M8LWS,2XL5HSFSE93RMOJDRGR4,60,0.07156593406593405
bgs_spearman,,,06SR5RBREL16DQ6M8LWS,2XL5HSFSE93RMOJDRGR4,61,-0.09491758241758241
bgs_spearman,,,06SR5RBREL16DQ6M8LWS,2XL5HSFSE93RMOJDRGR4,62,-0.1443223443223443
bgs_spearman,,,06SR5RBREL16DQ6M8LWS,2XL5HSFSE93RMOJDRGR4,63,-0.17023809523809522
bgs_spearman,,,06SR5RBREL16DQ6M8LWS,2XL5HSFSE93RMOJDRGR4,64,0.08012820512820512
bgs_spearman,,,06SR5RBREL16DQ6M8LWS,2XL5HSFSE93RMOJDRGR4,65,-0.029304029304029304
bgs_spearman,,,06SR5RBREL16DQ6M8LWS,2XL5HSFSE93RMOJDRGR4,66,-0.06996336996336996
bgs_spearman,,,06SR5RBREL16DQ6M8LWS,2XL5HSFSE93RMOJDRGR4,67,-0.09184981684981684
bgs_spearman,,,06SR5RBREL16DQ6M8LWS,2XL5HSFSE93RMOJDRGR4,68,-0.1421245421245421
bgs_spearman,,,06SR5RBREL16DQ6M8LWS,2XL5HSFSE93RMOJDRGR4,69,0.15686813186813184
bgs_spearman,,,06SR5RBREL16DQ6M8LWS,2XL5HSFSE93RMOJDRGR4,70,0.053021978021978014
bgs_spearman,,,06SR5RBREL16DQ6M8LWS,2XL5HSFSE93RMOJDRGR4,71,-0.1142857142857143
bgs_spearman,,,06SR5RBREL16DQ6M8LWS,2XL5HSFSE93RMOJDRGR4,72,0.25595238095238093
bgs_spearman,,,06SR5RBREL16DQ6M8LWS,2XL5HSFSE93RMOJDRGR4,73,0.012499999999999999
bgs_spearman,,,06SR5RBREL16DQ6M8LWS,2XL5HSFSE93RMOJDRGR4,74,0.17889194139194137
bgs_spearman,,,06SR5RBREL16DQ6M8LWS,2XL5HSFSE93RMOJDRGR4,75,0.10082417582417581
bgs_spearman,,,06SR5RBREL16DQ6M8LWS,2XL5HSFSE93RMOJDRGR4,76,0.05242673992673992
bgs_spearman,,,06SR5RBREL16DQ6M8LWS,2XL5HSFSE93RMOJDRGR4,77,-0.1364468864468864
bgs_spearman,,,06SR5RBREL16DQ6M8LWS,2XL5HSFSE93RMOJDRGR4,78,0.09587912087912086
bgs_spearman,,,06SR5RBREL16DQ6M8LWS,2XL5HSFSE93RMOJDRGR4,79,0.030265567765567766
bgs_spearman,,,06SR5RBREL16DQ6M8LWS,2XL5HSFSE93RMOJDRGR4,80,-0.035576923076923075
bgs_spearman,,,06SR5RBREL16DQ6M8LWS,2XL5HSFSE93RMOJDRGR4,81,0.12765567765567765
bgs_spearman,,,06SR5RBREL16DQ6M8LWS,2XL5HSFSE93RMOJDRGR4,82,-0.11721611721611722
bgs_spearman,,,06SR5RBREL16DQ6M8LWS,2XL5HSFSE93RMOJDRGR4,83,-0.023076923076923075
bgs_spearman,,,06SR5RBREL16DQ6M8LWS,2XL5HSFSE93RMOJDRGR4,84,0.060393772893772894
bgs_spearman,,,06SR5RBREL16DQ6M8LWS,2XL5HSFSE93RMOJDRGR4,85,0.08424908424908424
bgs_spearman,,,06SR5RBREL16DQ6M8LWS,2XL5HSFSE93RMOJDRGR4,86,-0.24638278388278384
bgs_spearman,,,06SR5RBREL16DQ6M8LWS,2XL5HSFSE93RMOJDRGR4,87,-0.11369047619047618
bgs_spearman,,,06SR5RBREL16DQ6M8LWS,2XL5HSFSE93RMOJDRGR4,88,-0.03443223443223443
bgs_spearman,,,06SR5RBREL16DQ6M8LWS,2XL5HSFSE93RMOJDRGR4,89,0.04253663003663003
bgs_spearman,,,06SR5RBREL16DQ6M8LWS,2XL5HSFSE93RMOJDRGR4,90,-0.2994047619047619
bgs_spearman,,,06SR5RBREL16DQ6M8LWS,2XL5HSFSE93RMOJDRGR4,91,0.07023809523809522
bgs_spearman,,,06SR5RBREL16DQ6M8LWS,2XL5HSFSE93RMOJDRGR4,92,0.05911172161172161
bgs_spearman,,,06SR5RBREL16DQ6M8LWS,2XL5HSFSE93RMOJDRGR4,93,-0.021886446886446885
bgs_spearman,,,06SR5RBREL16DQ6M8LWS,2XL5HSFSE93RMOJDRGR4,94,-0.020009157509157507
bgs_spearman,,,06SR5RBREL16DQ6M8LWS,2XL5HSFSE93RMOJDRGR4,95,-0.014697802197802198
bgs_spearman,,,06SR5RBREL16DQ6M8LWS,2XL5HSFSE93RMOJDRGR4,96,0.24038461538461536
bgs_spearman,,,06SR5RBREL16DQ6M8LWS,2XL5HSFSE93RMOJDRGR4,97,0.04427655677655677
bgs_spearman,,,06SR5RBREL16DQ6M8LWS,2XL5HSFSE93RMOJDRGR4,98,-0.003342490842490842
bgs_spearman,,,06SR5RBREL16DQ6M8LWS,2XL5HSFSE93RMOJDRGR4,99,0.05554029304029303
bgs_spearman,,,06SR5RBREL16DQ6M8LWS,2XL5HSFSE93RMOJDRGR4,100,-0.21428571428571425
bgs_spearman,,,06SR5RBREL16DQ6M8LWS,2XL5HSFSE93RMOJDRGR4,101,-0.08576007326007325
bgs_spearman,,,06SR5RBREL16DQ6M8LWS,2XL5HSFSE93RMOJDRGR4,102,-0.06607142857142856
bgs_spearman,,,06SR5RBREL16DQ6M8LWS,2XL5HSFSE93RMOJDRGR4,103,-0.017811355311355307
bgs_spearman,,,06SR5RBREL16DQ6M8LWS,2XL5HSFSE93RMOJDRGR4,104,-0.06204212454212454
bgs_spearman,,,06SR5RBREL16DQ6M8LWS,2XL5HSFSE93RMOJDRGR4,105,0.16204212454212452
bgs_spearman,,,06SR5RBREL16DQ6M8LWS,2XL5HSFSE93RMOJDRGR4,106,0.09835164835164835
bgs_spearman,,,06SR5RBREL16DQ6M8LWS,2XL5HSFSE93RMOJDRGR4,107,-0.008424908424908423
bgs_spearman,,,06SR5RBREL16DQ6M8LWS,2XL5HSFSE93RMOJDRGR4,108,-0.14945054945054945
bgs_spearman,,,06SR5RBREL16DQ6M8LWS,2XL5HSFSE93RMOJDRGR4,109,0.14207875457875457
bgs_spearman,,,06SR5RBREL16DQ6M8LWS,2XL5HSFSE93RMOJDRGR4,110,0.1418040293040293
bgs_spearman,,,06SR5RBREL16DQ6M8LWS,2XL5HSFSE93RMOJDRGR4,111,0.056181318681318676
bgs_spearman,,,06SR5RBREL16DQ6M8LWS,2XL5HSFSE93RMOJDRGR4,112,-0.10608974358974359
bgs_spearman,,,06SR5RBREL16DQ6M8LWS,2XL5HSFSE93RMOJDRGR4,113,-0.1629120879120879
bgs_spearman,,,06SR5RBREL16DQ6M8LWS,2XL5HSFSE93RMOJDRGR4,114,-0.01314102564102564
bgs_spearman,,,06SR5RBREL16DQ6M8LWS,2XL5HSFSE93RMOJDRGR4,115,-0.03974358974358974
bgs_spearman,,,06SR5RBREL16DQ6M8LWS,2XL5HSFSE93RMOJDRGR4,116,0.12889194139194135
bgs_spearman,,,06SR5RBREL16DQ6M8LWS,2XL5HSFSE93RMOJDRGR4,117,0.05489926739926739
bgs_spearman,,,06SR5RBREL16DQ6M8LWS,2XL5HSFSE93RMOJDRGR4,118,-0.0830128205128205
bgs_spearman,,,06SR5RBREL16DQ6M8LWS,2XL5HSFSE93RMOJDRGR4,119,-0.14798534798534796
bgs_spearman,,,06SR5RBREL16DQ6M8LWS,2XL5HSFSE93RMOJDRGR4,120,-0.13040293040293038
bgs_spearman,,,06SR5RBREL16DQ6M8LWS,2XL5HSFSE93RMOJDRGR4,121,0.1784340659340659
bgs_spearman,,,06SR5RBREL16DQ6M8LWS,2XL5HSFSE93RMOJDRGR4,122,0.1310897435897436
bgs_spearman,,,06SR5RBREL16DQ6M8LWS,2XL5HSFSE93RMOJDRGR4,123,0.18919413919413916
bgs_spearman,,,06SR5RBREL16DQ6M8LWS,2XL5HSFSE93RMOJDRGR4,124,-0.015064102564102564
bgs_spearman,,,06SR5RBREL16DQ6M8LWS,2XL5HSFSE93RMOJDRGR4,125,-0.06978021978021978
bgs_spearman,,,06SR5RBREL16DQ6M8LWS,2XL5HSFSE93RMOJDRGR4,126,-0.1745421245421245
bgs_spearman,,,06SR5RBREL16DQ6M8LWS,2XL5HSFSE93RMOJDRGR4,127,-0.11913919413919412
bgs_spearman,,,06SR5RBREL16DQ6M8LWS,2XL5HSFSE93RMOJDRGR4,128,-0.13452380952380952
bgs_spearman,,,06SR5RBREL16DQ6M8LWS,2XL5HSFSE93RMOJDRGR4,129,-0.20297619047619048
bgs_spearman,,,06SR5RBREL16DQ6M8LWS,2XL5HSFSE93RMOJDRGR4,130,0.03017399267399267
bgs_spearman,,,06SR5RBREL16DQ6M8LWS,2XL5HSFSE93RMOJDRGR4,131,-0.14423076923076925
bgs_spearman,,,06SR5RBREL16DQ6M8LWS,2XL5HSFSE93RMOJDRGR4,132,-0.08658424908424908
bgs_spearman,,,06SR5RBREL16DQ6M8LWS,2XL5HSFSE93RMOJDRGR4,133,-0.14152930402930403
bgs_spearman,,,06SR5RBREL16DQ6M8LWS,2XL5HSFSE93RMOJDRGR4,134,0.1454212454212454
bgs_spearman,,,06SR5RBREL16DQ6M8LWS,2XL5HSFSE93RMOJDRGR4,135,0.15119047619047618
bgs_spearman,,,06SR5RBREL16DQ6M8LWS,2XL5HSFSE93RMOJDRGR4,136,-0.056181318681318676
bgs_spearman,,,06SR5RBREL16DQ6M8LWS,2XL5HSFSE93RMOJDRGR4,137,-0.19107142857142856
bgs_spearman,,,06SR5RBREL16DQ6M8LWS,2XL5HSFSE93RMOJDRGR4,138,-0.12898351648351647
bgs_spearman,,,06SR5RBREL16DQ6M8LWS,2XL5HSFSE93RMOJDRGR4,139,0.01314102564102564
bgs_spearman,,,06SR5RBREL16DQ6M8LWS,2XL5HSFSE93RMOJDRGR4,140,0.007692307692307692
bgs_spearman,,,06SR5RBREL16DQ6M8LWS,2XL5HSFSE93RMOJDRGR4,141,-0.07715201465201464
bgs_spearman,,,06SR5RBREL16DQ6M8LWS,2XL5HSFSE93RMOJDRGR4,142,0.010897435897435897
bgs_spearman,,,06SR5RBREL16DQ6M8LWS,2XL5HSFSE93RMOJDRGR4,143,-0.09056776556776555
bgs_spearman,,,06SR5RBREL16DQ6M8LWS,2XL5HSFSE93RMOJDRGR4,144,-0.16185897435897434
bgs_spearman,,,06SR5RBREL16DQ6M8LWS,2XL5HSFSE93RMOJDRGR4,145,-0.16469780219780217
bgs_spearman,,,06SR5RBREL16DQ6M8LWS,2XL5HSFSE93RMOJDRGR4,146,0.24285714285714285
bgs_spearman,,,06SR5RBREL16DQ6M8LWS,2XL5HSFSE93RMOJDRGR4,147,0.09139194139194137
bgs_spearman,,,06SR5RBREL16DQ6M8LWS,2XL5HSFSE93RMOJDRGR4,148,0.10123626373626374
bgs_spearman,,,06SR5RBREL16DQ6M8LWS,2XL5HSFSE93RMOJDRGR4,149,-0.07115384615384615
bgs_spearman,,,06SR5RBREL16DQ6M8LWS,2XL5HSFSE93RMOJDRGR4,150,0.03438644688644688
bgs_spearman,,,06SR5RBREL16DQ6M8LWS,2XL5HSFSE93RMOJDRGR4,151,0.18186813186813183
bgs_spearman,,,06SR5RBREL16DQ6M8LWS,2XL5HSFSE93RMOJDRGR4,152,0.06643772893772894
bgs_spearman,,,06SR5RBREL16DQ6M8LWS,2XL5HSFSE93RMOJDRGR4,153,0.05833333333333332
bgs_spearman,,,06SR5RBREL16DQ6M8LWS,2XL5HSFSE93RMOJDRGR4,154,0.0029761904761904756
bgs_spearman,,,06SR5RBREL16DQ6M8LWS,2XL5HSFSE93RMOJDRGR4,155,0.19125457875457877
bgs_spearman,,,06SR5RBREL16DQ6M8LWS,2XL5HSFSE93RMOJDRGR4,156,-0.11318681318681317
bgs_spearman,,,06SR5RBREL16DQ6M8LWS,2XL5HSFSE93RMOJDRGR4,157,0.12994505494505493
bgs_spearman,,,06SR5RBREL16DQ6M8LWS,2XL5HSFSE93RMOJDRGR4,158,0.06854395604395602
bgs_spearman,,,06SR5RBREL16DQ6M8LWS,2XL5HSFSE93RMOJDRGR4,159,0.041666666666666664
bgs_spearman,,,06SR5RBREL16DQ6M8LWS,2XL5HSFSE93RMOJDRGR4,160,0.03379120879120879
bgs_spearman,,,06SR5RBREL16DQ6M8LWS,2XL5HSFSE93RMOJDRGR4,161,-0.001694139194139194
bgs_spearman,,,06SR5RBREL16DQ6M8LWS,2XL5HSFSE93RMOJDRGR4,162,-0.1992216117216117
bgs_spearman,,,06SR5RBREL16DQ6M8LWS,2XL5HSFSE93RMOJDRGR4,163,0.009478021978021977
bgs_spearman,,,06SR5RBREL16DQ6M8LWS,2XL5HSFSE93RMOJDRGR4,164,0.10837912087912088
bgs_spearman,,,06SR5RBREL16DQ6M8LWS,2XL5HSFSE93RMOJDRGR4,165,0.0825091575091575
bgs_spearman,,,06SR5RBREL16DQ6M8LWS,2XL5HSFSE93RMOJDRGR4,166,-0.14734432234432232
bgs_spearman,,,06SR5RBREL16DQ6M8LWS,2XL5HSFSE93RMOJDRGR4,167,0.10119047619047618
bgs_spearman,,,06SR5RBREL16DQ6M8LWS,2XL5HSFSE93RMOJDRGR4,168,-0.13356227106227103
bgs_spearman,,,06SR5RBREL16DQ6M8LWS,2XL5HSFSE93RMOJDRGR4,169,0.12499999999999997
bgs_spearman,,,06SR5RBREL16DQ6M8LWS,2XL5HSFSE93RMOJDRGR4,170,-0.04839743589743589
bgs_spearman,,,06SR5RBREL16DQ6M8LWS,2XL5HSFSE93RMOJDRGR4,171,-0.2980769230769231
bgs_spearman,,,06SR5RBREL16DQ6M8LWS,2XL5HSFSE93RMOJDRGR4,172,-0.15247252747252746
bgs_spearman,,,06SR5RBREL16DQ6M8LWS,2XL5HSFSE93RMOJDRGR4,173,0.13493589743589743
bgs_spearman,,,06SR5RBREL16DQ6M8LWS,2XL5HSFSE93RMOJDRGR4,174,0.043498168498168496
bgs_spearman,,,06SR5RBREL16DQ6M8LWS,2XL5HSFSE93RMOJDRGR4,175,-0.14638278388278386
bgs_spearman,,,06SR5RBREL16DQ6M8LWS,2XL5HSFSE93RMOJDRGR4,176,-0.08118131868131867
bgs_spearman,,,06SR5RBREL16DQ6M8LWS,2XL5HSFSE93RMOJDRGR4,177,0.019139194139194137
bgs_spearman,,,06SR5RBREL16DQ6M8LWS,2XL5HSFSE93RMOJDRGR4,178,-0.00934065934065934
bgs_spearman,,,06SR5RBREL16DQ6M8LWS,2XL5HSFSE93RMOJDRGR4,179,0.08012820512820512
bgs_spearman,,,06SR5RBREL16DQ6M8LWS,2XL5HSFSE93RMOJDRGR4,180,0.09903846153846152
bgs_spearman,,,06SR5RBREL16DQ6M8LWS,2XL5HSFSE93RMOJDRGR4,181,-0.18337912087912087
bgs_spearman,,,06SR5RBREL16DQ6M8LWS,2XL5HSFSE93RMOJDRGR4,182,-0.03182234432234432
bgs_spearman,,,06SR5RBREL16DQ6M8LWS,2XL5HSFSE93RMOJDRGR4,183,-0.2742216117216117
bgs_spearman,,,06SR5RBREL16DQ6M8LWS,2XL5HSFSE93RMOJDRGR4,184,0.08278388278388277
bgs_spearman,,,06SR5RBREL16DQ6M8LWS,2XL5HSFSE93RMOJDRGR4,185,0.09748168498168497
bgs_spearman,,,06SR5RBREL16DQ6M8LWS,2XL5HSFSE93RMOJDRGR4,186,0.22532051282051277
bgs_spearman,,,06SR5RBREL16DQ6M8LWS,2XL5HSFSE93RMOJDRGR4,187,-0.0451007326007326
bgs_spearman,,,06SR5RBREL16DQ6M8LWS,2XL5HSFSE93RMOJDRGR4,188,0.14445970695970695
bgs_spearman,,,06SR5RBREL16DQ6M8LWS,2XL5HSFSE93RMOJDRGR4,189,0.10714285714285712
bgs_spearman,,,06SR5RBREL16DQ6M8LWS,2XL5HSFSE93RMOJDRGR4,190,0.16144688644688643
bgs_spearman,,,06SR5RBREL16DQ6M8LWS,2XL5HSFSE93RMOJDRGR4,191,0.015476190476190475
bgs_spearman,,,06SR5RBREL16DQ6M8LWS,2XL5HSFSE93RMOJDRGR4,192,0.04162087912087911
bgs_spearman,,,06SR5RBREL16DQ6M8LWS,2XL5HSFSE93RMOJDRGR4,193,0.20352564102564102
bgs_spearman,,,06SR5RBREL16DQ6M8LWS,2XL5HSFSE93RMOJDRGR4,194,-0.0917124542124542
bgs_spearman,,,06SR5RBREL16DQ6M8LWS,2XL5HSFSE93RMOJDRGR4,195,-0.02353479853479853
bgs_spearman,,,06SR5RBREL16DQ6M8LWS,2XL5HSFSE93RMOJDRGR4,196,-0.009752747252747253
bgs_spearman,,,06SR5RBREL16DQ6M8LWS,2XL5HSFSE93RMOJDRGR4,197,0.05109890109890109
bgs_spearman,,,06SR5RBREL16DQ6M8LWS,2XL5HSFSE93RMOJDRGR4,198,0.011767399267399265
bgs_spearman,,,06SR5RBREL16DQ6M8LWS,2XL5HSFSE93RMOJDRGR4,199,-0.04583333333333333
bgs_spearman,,,06SR5RBREL16DQ6M8LWS,38CWS74285MFGZZXR09Z,0,-0.035989010989010986
bgs_spearman,,,06SR5RBREL16DQ6M8LWS,38CWS74285MFGZZXR09Z,1,-0.011996336996336994
bgs_spearman,,,06SR5RBREL16DQ6M8LWS,38CWS74285MFGZZXR09Z,2,-0.12321428571428569
bgs_spearman,,,06SR5RBREL16DQ6M8LWS,38CWS74285MFGZZXR09Z,3,0.03012820512820513
bgs_spearman,,,06SR5RBREL16DQ6M8LWS,38CWS74285MFGZZXR09Z,4,0.18740842490842485
bgs_spearman,,,06SR5RBREL16DQ6M8LWS,38CWS74285MFGZZXR09Z,5,0.027655677655677655
bgs_spearman,,,06SR5RBREL16DQ6M8LWS,38CWS74285MFGZZXR09Z,6,-0.17339743589743586
bgs_spearman,,,06SR5RBREL16DQ6M8LWS,38CWS74285MFGZZXR09Z,7,-0.16643772893772893
bgs_spearman,,,06SR5RBREL16DQ6M8LWS,38CWS74285MFGZZXR09Z,8,0.014697802197802198
bgs_spearman,,,06SR5RBREL16DQ6M8LWS,38CWS74285MFGZZXR09Z,9,-0.25155677655677655
bgs_spearman,,,06SR5RBREL16DQ6M8LWS,38CWS74285MFGZZXR09Z,10,0.1929029304029304
bgs_spearman,,,06SR5RBREL16DQ6M8LWS,38CWS74285MFGZZXR09Z,11,-0.006868131868131868
bgs_spearman,,,06SR5RBREL16DQ6M8LWS,38CWS74285MFGZZXR09Z,12,0.27298534798534796
bgs_spearman,,,06SR5RBREL16DQ6M8LWS,38CWS74285MFGZZXR09Z,13,-0.02376373626373626
bgs_spearman,,,06SR5RBREL16DQ6M8LWS,38CWS74285MFGZZXR09Z,14,0.13026556776556775
bgs_spearman,,,06SR5RBREL16DQ6M8LWS,38CWS74285MFGZZXR09Z,15,-0.2292124542124542
bgs_spearman,,,06SR5RBREL16DQ6M8LWS,38CWS74285MFGZZXR09Z,16,-0.024725274725274724
bgs_spearman,,,06SR5RBREL16DQ6M8LWS,38CWS74285MFGZZXR09Z,17,0.153525641025641
bgs_spearman,,,06SR5RBREL16DQ6M8LWS,38CWS74285MFGZZXR09Z,18,-0.08493589743589743
bgs_spearman,,,06SR5RBREL16DQ6M8LWS,38CWS74285MFGZZXR09Z,19,-0.03933150183150183
bgs_spearman,,,06SR5RBREL16DQ6M8LWS,38CWS74285MFGZZXR09Z,20,0.15755494505494502
bgs_spearman,,,06SR5RBREL16DQ6M8LWS,38CWS74285MFGZZXR09Z,21,0.07147435897435897
bgs_spearman,,,06SR5RBREL16DQ6M8LWS,38CWS74285MFGZZXR09Z,22,0.04606227106227105
bgs_spearman,,,06SR5RBREL16DQ6M8LWS,38CWS74285MFGZZXR09Z,23,0.21561355311355312
bgs_spearman,,,06SR5RBREL16DQ6M8LWS,38CWS74285MFGZZXR09Z,24,-0.07390109890109889
bgs_spearman,,,06SR5RBREL16DQ6M8LWS,38CWS74285MFGZZXR09Z,25,-0.18608058608058606
bgs_spearman,,,06SR5RBREL16DQ6M8LWS,38CWS74285MFGZZXR09Z,26,-0.1043040293040293
bgs_spearman,,,06SR5RBREL16DQ6M8LWS,38CWS74285MFGZZXR09Z,27,0.046932234432234425
bgs_spearman,,,06SR5RBREL16DQ6M8LWS,38CWS74285MFGZZXR09Z,28,0.20398351648351645
bgs_spearman,,,06SR5RBREL16DQ6M8LWS,38CWS74285MFGZZXR09Z,29,0.04839743589743589
bgs_spearman,,,06SR5RBREL16DQ6M8LWS,38CWS74285MFGZZXR09Z,30,-0.007783882783882783
bgs_spearman,,,06SR5RBREL16DQ6M8LWS,38CWS74285MFGZZXR09Z,31,0.0677197802197802
bgs_spearman,,,06SR5RBREL16DQ6M8LWS,38CWS74285MFGZZXR09Z,32,-0.00018315018315018312
bgs_spearman,,,06SR5RBREL16DQ6M8LWS,38CWS74285MFGZZXR09Z,33,-0.08255494505494504
bgs_spearman,,,06SR5RBREL16DQ6M8LWS,38CWS74285MFGZZXR09Z,34,-0.04500915750915751
bgs_spearman,,,06SR5RBREL16DQ6M8LWS,38CWS74285MFGZZXR09Z,35,0.12779304029304028
bgs_spearman,,,06SR5RBREL16DQ6M8LWS,38CWS74285MFGZZXR09Z,36,-0.11268315018315017
bgs_spearman,,,06SR5RBREL16DQ6M8LWS,38CWS74285MFGZZXR09Z,37,-0.02953296703296703
bgs_spearman,,,06SR5RBREL16DQ6M8LWS,38CWS74285MFGZZXR09Z,38,0.005586080586080585
bgs_spearman,,,06SR5RBREL16DQ6M8LWS,38CWS74285MFGZZXR09Z,39,-0.012408424908424908
bgs_spearman,,,06SR5RBREL16DQ6M8LWS,38CWS74285MFGZZXR09Z,40,-0.20274725274725272
bgs_spearman,,,06SR5RBREL16DQ6M8LWS,38CWS74285MFGZZXR09Z,41,-0.010164835164835165
bgs_spearman,,,06SR5RBREL16DQ6M8LWS,38CWS74285MFGZZXR09Z,42,-0.03983516483516483
bgs_spearman,,,06SR5RBREL16DQ6M8LWS,38CWS74285MFGZZXR09Z,43,0.13525641025641025
bgs_spearman,,,06SR5RBREL16DQ6M8LWS,38CWS74285MFGZZXR09Z,44,0.09391025641025641
bgs_spearman,,,06SR5RBREL16DQ6M8LWS,38CWS74285MFGZZXR09Z,45,0.008195970695970695
bgs_spearman,,,06SR5RBREL16DQ6M8LWS,38CWS74285MFGZZXR09Z,46,0.20865384615384613
bgs_spearman,,,06SR5RBREL16DQ6M8LWS,38CWS74285MFGZZXR09Z,47,-0.027793040293040288
bgs_spearman,,,06SR5RBREL16DQ6M8LWS,38CWS74285MFGZZXR09Z,48,0.10242673992673991
bgs_spearman,,,06SR5RBREL16DQ6M8LWS,38CWS74285MFGZZXR09Z,49,-0.16039377289377288
bgs_spearman,,,06SR5RBREL16DQ6M8LWS,38CWS74285MFGZZXR09Z,50,0.03347069597069597
bgs_spearman,,,06SR5RBREL16DQ6M8LWS,38CWS74285MFGZZXR09Z,51,0.07243589743589743
bgs_spearman,,,06SR5RBREL16DQ6M8LWS,38CWS74285MFGZZXR09Z,52,0.030998168498168492
bgs_spearman,,,06SR5RBREL16DQ6M8LWS,38CWS74285MFGZZXR09Z,53,0.10485347985347984
bgs_spearman,,,06SR5RBREL16DQ6M8LWS,38CWS74285MFGZZXR09Z,54,-0.04688644688644688
bgs_spearman,,,06SR5RBREL16DQ6M8LWS,38CWS74285MFGZZXR09Z,55,0.06900183150183149
bgs_spearman,,,06SR5RBREL16DQ6M8LWS,38CWS74285MFGZZXR09Z,56,0.033836996336996335
bgs_spearman,,,06SR5RBREL16DQ6M8LWS,38CWS74285MFGZZXR09Z,57,-0.03429487179487179
bgs_spearman,,,06SR5RBREL16DQ6M8LWS,38CWS74285MFGZZXR09Z,58,-0.15338827838827837
bgs_spearman,,,06SR5RBREL16DQ6M8LWS,38CWS74285MFGZZXR09Z,59,-0.09235347985347984
bgs_spearman,,,06SR5RBREL16DQ6M8LWS,38CWS74285MFGZZXR09Z,60,-0.0025641025641025637
bgs_spearman,,,06SR5RBREL16DQ6M8LWS,38CWS74285MFGZZXR09Z,61,0.1536172161172161
bgs_spearman,,,06SR5RBREL16DQ6M8LWS,38CWS74285MFGZZXR09Z,62,-0.03324175824175824
bgs_spearman,,,06SR5RBREL16DQ6M8LWS,38CWS74285MFGZZXR09Z,63,0.24125457875457873
bgs_spearman,,,06SR5RBREL16DQ6M8LWS,38CWS74285MFGZZXR09Z,64,-0.2771062271062271
bgs_spearman,,,06SR5RBREL16DQ6M8LWS,38CWS74285MFGZZXR09Z,65,-0.043498168498168496
bgs_spearman,,,06SR5RBREL16DQ6M8LWS,38CWS74285MFGZZXR09Z,66,-0.24079670329670327
bgs_spearman,,,06SR5RBREL16DQ6M8LWS,38CWS74285MFGZZXR09Z,67,0.14239926739926737
bgs_spearman,,,06SR5RBREL16DQ6M8LWS,38CWS74285MFGZZXR09Z,68,-0.033012820512820513
bgs_spearman,,,06SR5RBREL16DQ6M8LWS,38CWS74285MFGZZXR09Z,69,0.046520146520146514
bgs_spearman,,,06SR5RBREL16DQ6M8LWS,38CWS74285MFGZZXR09Z,70,0.004716117216117216
bgs_spearman,,,06SR5RBREL16DQ6M8LWS,38CWS74285MFGZZXR09Z,71,0.038507326007326
bgs_spearman,,,06SR5RBREL16DQ6M8LWS,38CWS74285MFGZZXR09Z,72,0.15728021978021975
bgs_spearman,,,06SR5RBREL16DQ6M8LWS,38CWS74285MFGZZXR09Z,73,0.1238095238095238
bgs_spearman,,,06SR5RBREL16DQ6M8LWS,38CWS74285MFGZZXR09Z,74,0.11881868131868131
bgs_spearman,,,06SR5RBREL16DQ6M8LWS,38CWS74285MFGZZXR09Z,75,0.00036630036630036625
bgs_spearman,,,06SR5RBREL16DQ6M8LWS,38CWS74285MFGZZXR09Z,76,0.11236263736263735
bgs_spearman,,,06SR5RBREL16DQ6M8LWS,38CWS74285MFGZZXR09Z,77,-0.08218864468864467
bgs_spearman,,,06SR5RBREL16DQ6M8LWS,38CWS74285MFGZZXR09Z,78,0.0954212454212454
bgs_spearman,,,06SR5RBREL16DQ6M8LWS,38CWS74285MFGZZXR09Z,79,-0.1037087912087912
bgs_spearman,,,06SR5RBREL16DQ6M8LWS,38CWS74285MFGZZXR09Z,80,-0.1804029304029304
bgs_spearman,,,06SR5RBREL16DQ6M8LWS,38CWS74285MFGZZXR09Z,81,-0.03182234432234432
bgs_spearman,,,06SR5RBREL16DQ6M8LWS,38CWS74285MFGZZXR09Z,82,0.010897435897435897
bgs_spearman,,,06SR5RBREL16DQ6M8LWS,38CWS74285MFGZZXR09Z,83,-0.05219780219780219
bgs_spearman,,,06SR5RBREL16DQ6M8LWS,38CWS74285MFGZZXR09Z,84,0.04862637362637363
bgs_spearman,,,06SR5RBREL16DQ6M8LWS,38CWS74285MFGZZXR09Z,85,-0.047344322344322336
bgs_spearman,,,06SR5RBREL16DQ6M8LWS,38CWS74285MFGZZXR09Z,86,0.36153846153846153
bgs_spearman,,,06SR5RBREL16DQ6M8LWS,38CWS74285MFGZZXR09Z,87,0.0580128205128205
bgs_spearman,,,06SR5RBREL16DQ6M8LWS,38CWS74285MFGZZXR09Z,88,-0.07335164835164834
bgs_spearman,,,06SR5RBREL16DQ6M8LWS,38CWS74285MFGZZXR09Z,89,-0.07426739926739925
bgs_spearman,,,06SR5RBREL16DQ6M8LWS,38CWS74285MFGZZXR09Z,90,0.1919413919413919
bgs_spearman,,,06SR5RBREL16DQ6M8LWS,38CWS74285MFGZZXR09Z,91,-0.17165750915750913
bgs_spearman,,,06SR5RBREL16DQ6M8LWS,38CWS74285MFGZZXR09Z,92,-0.061996336996336984
bgs_spearman,,,06SR5RBREL16DQ6M8LWS,38CWS74285MFGZZXR09Z,93,-0.0847069597069597
bgs_spearman,,,06SR5RBREL16DQ6M8LWS,38CWS74285MFGZZXR09Z,94,-0.014743589743589743
bgs_spearman,,,06SR5RBREL16DQ6M8LWS,38CWS74285MFGZZXR09Z,95,-0.03255494505494505
bgs_spearman,,,06SR5RBREL16DQ6M8LWS,38CWS74285MFGZZXR09Z,96,-0.08855311355311354
bgs_spearman,,,06SR5RBREL16DQ6M8LWS,38CWS74285MFGZZXR09Z,97,-0.03095238095238095
bgs_spearman,,,06SR5RBREL16DQ6M8LWS,38CWS74285MFGZZXR09Z,98,-0.03823260073260073
bgs_spearman,,,06SR5RBREL16DQ6M8LWS,38CWS74285MFGZZXR09Z,99,0.18937728937728934
bgs_spearman,,,06SR5RBREL16DQ6M8LWS,38CWS74285MFGZZXR09Z,100,-0.02467948717948718
bgs_spearman,,,06SR5RBREL16DQ6M8LWS,38CWS74285MFGZZXR09Z,101,-0.09033882783882784
bgs_spearman,,,06SR5RBREL16DQ6M8LWS,38CWS74285MFGZZXR09Z,102,0.04546703296703296
bgs_spearman,,,06SR5RBREL16DQ6M8LWS,38CWS74285MFGZZXR09Z,103,0.2517399267399267
bgs_spearman,,,06SR5RBREL16DQ6M8LWS,38CWS74285MFGZZXR09Z,104,-0.07266483516483516
bgs_spearman,,,06SR5RBREL16DQ6M8LWS,38CWS74285MFGZZXR09Z,105,0.001968864468864469
bgs_spearman,,,06SR5RBREL16DQ6M8LWS,38CWS74285MFGZZXR09Z,106,-0.2171245421245421
bgs_spearman,,,06SR5RBREL16DQ6M8LWS,38CWS74285MFGZZXR09Z,107,-0.09844322344322344
bgs_spearman,,,06SR5RBREL16DQ6M8LWS,38CWS74285MFGZZXR09Z,108,-0.04299450549450549
bgs_spearman,,,06SR5RBREL16DQ6M8LWS,38CWS74285MFGZZXR09Z,109,-0.12989926739926738
bgs_spearman,,,06SR5RBREL16DQ6M8LWS,38CWS74285MFGZZXR09Z,110,0.13228021978021975
bgs_spearman,,,06SR5RBREL16DQ6M8LWS,38CWS74285MFGZZXR09Z,111,0.29652014652014647
bgs_spearman,,,06SR5RBREL16DQ6M8LWS,38CWS74285MFGZZXR09Z,112,-0.17362637362637362
bgs_spearman,,,06SR5RBREL16DQ6M8LWS,38CWS74285MFGZZXR09Z,113,-0.29468864468864464
bgs_spearman,,,06SR5RBREL16DQ6M8LWS,38CWS74285MFGZZXR09Z,114,-0.08841575091575091
bgs_spearman,,,06SR5RBREL16DQ6M8LWS,38CWS74285MFGZZXR09Z,115,-0.08452380952380951
bgs_spearman,,,06SR5RBREL16DQ6M8LWS,38CWS74285MFGZZXR09Z,116,-0.09404761904761903
bgs_spearman,,,06SR5RBREL16DQ6M8LWS,38CWS74285MFGZZXR09Z,117,-0.2456501831501831
bgs_spearman,,,06SR5RBREL16DQ6M8LWS,38CWS74285MFGZZXR09Z,118,-0.060897435897435896
bgs_spearman,,,06SR5RBREL16DQ6M8LWS,38CWS74285MFGZZXR09Z,119,-0.1344322344322344
bgs_spearman,,,06SR5RBREL16DQ6M8LWS,38CWS74285MFGZZXR09Z,120,-0.06478937728937728
bgs_spearman,,,06SR5RBREL16DQ6M8LWS,38CWS74285MFGZZXR09Z,121,-0.22477106227106222
bgs_spearman,,,06SR5RBREL16DQ6M8LWS,38CWS74285MFGZZXR09Z,122,0.07541208791208791
bgs_spearman,,,06SR5RBREL16DQ6M8LWS,38CWS74285MFGZZXR09Z,123,-0.08589743589743588
bgs_spearman,,,06SR5RBREL16DQ6M8LWS,38CWS74285MFGZZXR09Z,124,-0.14258241758241758
bgs_spearman,,,06SR5RBREL16DQ6M8LWS,38CWS74285MFGZZXR09Z,125,-0.3005952380952381
bgs_spearman,,,06SR5RBREL16DQ6M8LWS,38CWS74285MFGZZXR09Z,126,-0.25718864468864466
bgs_spearman,,,06SR5RBREL16DQ6M8LWS,38CWS74285MFGZZXR09Z,127,0.23067765567765564
bgs_spearman,,,06SR5RBREL16DQ6M8LWS,38CWS74285MFGZZXR09Z,128,-0.013873626373626373
bgs_spearman,,,06SR5RBREL16DQ6M8LWS,38CWS74285MFGZZXR09Z,129,0.08287545787545786
bgs_spearman,,,06SR5RBREL16DQ6M8LWS,38CWS74285MFGZZXR09Z,130,0.3246336996336996
bgs_spearman,,,06SR5RBREL16DQ6M8LWS,38CWS74285MFGZZXR09Z,131,0.1628205128205128
bgs_spearman,,,06SR5RBREL16DQ6M8LWS,38CWS74285MFGZZXR09Z,132,0.04743589743589743
bgs_spearman,,,06SR5RBREL16DQ6M8LWS,38CWS74285MFGZZXR09Z,133,0.01172161172161172
bgs_spearman,,,06SR5RBREL16DQ6M8LWS,38CWS74285MFGZZXR09Z,134,0.22055860805860802
bgs_spearman,,,06SR5RBREL16DQ6M8LWS,38CWS74285MFGZZXR09Z,135,0.12660256410256407
bgs_spearman,,,06SR5RBREL16DQ6M8LWS,38CWS74285MFGZZXR09Z,136,0.019184981684981683
bgs_spearman,,,06SR5RBREL16DQ6M8LWS,38CWS74285MFGZZXR09Z,137,-0.049587912087912085
bgs_spearman,,,06SR5RBREL16DQ6M8LWS,38CWS74285MFGZZXR09Z,138,-0.06662087912087912
bgs_spearman,,,06SR5RBREL16DQ6M8LWS,38CWS74285MFGZZXR09Z,139,-0.18067765567765567
bgs_spearman,,,06SR5RBREL16DQ6M8LWS,38CWS74285MFGZZXR09Z,140,-0.11089743589743589
bgs_spearman,,,06SR5RBREL16DQ6M8LWS,38CWS74285MFGZZXR09Z,141,-0.024267399267399268
bgs_spearman,,,06SR5RBREL16DQ6M8LWS,38CWS74285MFGZZXR09Z,142,-0.18347069597069596
bgs_spearman,,,06SR5RBREL16DQ6M8LWS,38CWS74285MFGZZXR09Z,143,-0.022435897435897433
bgs_spearman,,,06SR5RBREL16DQ6M8LWS,38CWS74285MFGZZXR09Z,144,-0.07390109890109889
bgs_spearman,,,06SR5RBREL16DQ6M8LWS,38CWS74285MFGZZXR09Z,145,0.07174908424908423
bgs_spearman,,,06SR5RBREL16DQ6M8LWS,38CWS74285MFGZZXR09Z,146,0.14711538461538462
bgs_spearman,,,06SR5RBREL16DQ6M8LWS,38CWS74285MFGZZXR09Z,147,-0.2191391941391941
bgs_spearman,,,06SR5RBREL16DQ6M8LWS,38CWS74285MFGZZXR09Z,148,0.07843406593406592
bgs_spearman,,,06SR5RBREL16DQ6M8LWS,38CWS74285MFGZZXR09Z,149,-0.17023809523809522
bgs_spearman,,,06SR5RBREL16DQ6M8LWS,38CWS74285MFGZZXR09Z,150,0.07889194139194138
bgs_spearman,,,06SR5RBREL16DQ6M8LWS,38CWS74285MFGZZXR09Z,151,0.06607142857142856
bgs_spearman,,,06SR5RBREL16DQ6M8LWS,38CWS74285MFGZZXR09Z,152,0.13489010989010988
bgs_spearman,,,06SR5RBREL16DQ6M8LWS,38CWS74285MFGZZXR09Z,153,-0.16776556776556775
bgs_spearman,,,06SR5RBREL16DQ6M8LWS,38CWS74285MFGZZXR09Z,154,0.0445054945054945
bgs_spearman,,,06SR5RBREL16DQ6M8LWS,38CWS74285MFGZZXR09Z,155,0.13159340659340657
bgs_spearman,,,06SR5RBREL16DQ6M8LWS,38CWS74285MFGZZXR09Z,156,0.06602564102564103
bgs_spearman,,,06SR5RBREL16DQ6M8LWS,38CWS74285MFGZZXR09Z,157,-0.03461538461538461
bgs_spearman,,,06SR5RBREL16DQ6M8LWS,38CWS74285MFGZZXR09Z,158,-0.25137362637362637
bgs_spearman,,,06SR5RBREL16DQ6M8LWS,38CWS74285MFGZZXR09Z,159,-0.038598901098901094
bgs_spearman,,,06SR5RBREL16DQ6M8LWS,38CWS74285MFGZZXR09Z,160,0.0010073260073260072
bgs_spearman,,,06SR5RBREL16DQ6M8LWS,38CWS74285MFGZZXR09Z,161,0.12206959706959707
bgs_spearman,,,06SR5RBREL16DQ6M8LWS,38CWS74285MFGZZXR09Z,162,-0.2193681318681318
bgs_spearman,,,06SR5RBREL16DQ6M8LWS,38CWS74285MFGZZXR09Z,163,4.578754578754578e-05
bgs_spearman,,,06SR5RBREL16DQ6M8LWS,38CWS74285MFGZZXR09Z,164,-0.04157509157509157
bgs_spearman,,,06SR5RBREL16DQ6M8LWS,38CWS74285MFGZZXR09Z,165,-0.1139194139194139
bgs_spearman,,,06SR5RBREL16DQ6M8LWS,38CWS74285MFGZZXR09Z,166,-0.04793956043956043
bgs_spearman,,,06SR5RBREL16DQ6M8LWS,38CWS74285MFGZZXR09Z,167,0.1673992673992674
bgs_spearman,,,06SR5RBREL16DQ6M8LWS,38CWS74285MFGZZXR09Z,168,0.09826007326007326
bgs_spearman,,,06SR5RBREL16DQ6M8LWS,38CWS74285MFGZZXR09Z,169,-0.05645604395604395
bgs_spearman,,,06SR5RBREL16DQ6M8LWS,38CWS74285MFGZZXR09Z,170,-0.11213369963369962
bgs_spearman,,,06SR5RBREL16DQ6M8LWS,38CWS74285MFGZZXR09Z,171,0.2099358974358974
bgs_spearman,,,06SR5RBREL16DQ6M8LWS,38CWS74285MFGZZXR09Z,172,0.12596153846153843
bgs_spearman,,,06SR5RBREL16DQ6M8LWS,38CWS74285MFGZZXR09Z,173,0.10856227106227105
bgs_spearman,,,06SR5RBREL16DQ6M8LWS,38CWS74285MFGZZXR09Z,174,-0.09125457875457874
bgs_spearman,,,06SR5RBREL16DQ6M8LWS,38CWS74285MFGZZXR09Z,175,0.049679487179487176
bgs_spearman,,,06SR5RBREL16DQ6M8LWS,38CWS74285MFGZZXR09Z,176,0.09267399267399268
bgs_spearman,,,06SR5RBREL16DQ6M8LWS,38CWS74285MFGZZXR09Z,177,0.1502289377289377
bgs_spearman,,,06SR5RBREL16DQ6M8LWS,38CWS74285MFGZZXR09Z,178,-0.09560439560439558
bgs_spearman,,,06SR5RBREL16DQ6M8LWS,38CWS74285MFGZZXR09Z,179,-0.0815018315018315
bgs_spearman,,,06SR5RBREL16DQ6M8LWS,38CWS74285MFGZZXR09Z,180,-0.0065934065934065925
bgs_spearman,,,06SR5RBREL16DQ6M8LWS,38CWS74285MFGZZXR09Z,181,0.025778388278388277
bgs_spearman,,,06SR5RBREL16DQ6M8LWS,38CWS74285MFGZZXR09Z,182,-0.025778388278388277
bgs_spearman,,,06SR5RBREL16DQ6M8LWS,38CWS74285MFGZZXR09Z,183,0.27880036630036625
bgs_spearman,,,06SR5RBREL16DQ6M8LWS,38CWS74285MFGZZXR09Z,184,-0.03928571428571428
bgs_spearman,,,06SR5RBREL16DQ6M8LWS,38CWS74285MFGZZXR09Z,185,-0.06826923076923076
bgs_spearman,,,06SR5RBREL16DQ6M8LWS,38CWS74285MFGZZXR09Z,186,0.18731684981684982
bgs_spearman,,,06SR5RBREL16DQ6M8LWS,38CWS74285MFGZZXR09Z,187,-0.15137362637362636
bgs_spearman,,,06SR5RBREL16DQ6M8LWS,38CWS74285MFGZZXR09Z,188,0.04903846153846154
bgs_spearman,,,06SR5RBREL16DQ6M8LWS,38CWS74285MFGZZXR09Z,189,-0.009065934065934065
bgs_spearman,,,06SR5RBREL16DQ6M8LWS,38CWS74285MFGZZXR09Z,190,0.007692307692307692
bgs_spearman,,,06SR5RBREL16DQ6M8LWS,38CWS74285MFGZZXR09Z,191,-0.047344322344322336
bgs_spearman,,,06SR5RBREL16DQ6M8LWS,38CWS74285MFGZZXR09Z,192,0.10554029304029304
bgs_spearman,,,06SR5RBREL16DQ6M8LWS,38CWS74285MFGZZXR09Z,193,-0.09551282051282049
bgs_spearman,,,06SR5RBREL16DQ6M8LWS,38CWS74285MFGZZXR09Z,194,-0.09514652014652013
bgs_spearman,,,06SR5RBREL16DQ6M8LWS,38CWS74285MFGZZXR09Z,195,-0.09134615384615384
bgs_spearman,,,06SR5RBREL16DQ6M8LWS,38CWS74285MFGZZXR09Z,196,0.11053113553113553
bgs_spearman,,,06SR5RBREL16DQ6M8LWS,38CWS74285MFGZZXR09Z,197,0.04409340659340659
bgs_spearman,,,06SR5RBREL16DQ6M8LWS,38CWS74285MFGZZXR09Z,198,0.27005494505494504
bgs_spearman,,,06SR5RBREL16DQ6M8LWS,38CWS74285MFGZZXR09Z,199,-0.05924908424908424
bgs_spearman,,,0RZDK210BSMWAA6467LU,1D7CUD1955YZPGK8XHJX,0,-0.03195970695970696
bgs_spearman,,,0RZDK210BSMWAA6467LU,1D7CUD1955YZPGK8XHJX,1,-0.1514194139194139
bgs_spearman,,,0RZDK210BSMWAA6467LU,1D7CUD1955YZPGK8XHJX,2,0.17316849816849816
bgs_spearman,,,0RZDK210BSMWAA6467LU,1D7CUD1955YZPGK8XHJX,3,0.24207875457875455
bgs_spearman,,,0RZDK210BSMWAA6467LU,1D7CUD1955YZPGK8XHJX,4,-0.03466117216117216
bgs_spearman,,,0RZDK210BSMWAA6467LU,1D7CUD1955YZPGK8XHJX,5,0.12728937728937728
bgs_spearman,,,0RZDK210BSMWAA6467LU,1D7CUD1955YZPGK8XHJX,6,-0.1086996336996337
bgs_spearman,,,0RZDK210BSMWAA6467LU,1D7CUD1955YZPGK8XHJX,7,-0.11804029304029302
bgs_spearman,,,0RZDK210BSMWAA6467LU,1D7CUD1955YZPGK8XHJX,8,-0.3141941391941392
bgs_spearman,,,0RZDK210BSMWAA6467LU,1D7CUD1955YZPGK8XHJX,9,-0.03543956043956043
bgs_spearman,,,0RZDK210BSMWAA6467LU,1D7CUD1955YZPGK8XHJX,10,0.33003663003663
bgs_spearman,,,0RZDK210BSMWAA6467LU,1D7CUD1955YZPGK8XHJX,11,0.10480769230769228
bgs_spearman,,,0RZDK210BSMWAA6467LU,1D7CUD1955YZPGK8XHJX,12,-0.0663003663003663
bgs_spearman,,,0RZDK210BSMWAA6467LU,1D7CUD1955YZPGK8XHJX,13,-0.046932234432234425
bgs_spearman,,,0RZDK210BSMWAA6467LU,1D7CUD1955YZPGK8XHJX,14,-0.023076923076923075
bgs_spearman,,,0RZDK210BSMWAA6467LU,1D7CUD1955YZPGK8XHJX,15,-0.10206043956043956
bgs_spearman,,,0RZDK210BSMWAA6467LU,1D7CUD1955YZPGK8XHJX,16,0.00022893772893772894
bgs_spearman,,,0RZDK210BSMWAA6467LU,1D7CUD1955YZPGK8XHJX,17,0.062362637362637356
bgs_spearman,,,0RZDK210BSMWAA6467LU,1D7CUD1955YZPGK8XHJX,18,0.03223443223443223
bgs_spearman,,,0RZDK210BSMWAA6467LU,1D7CUD1955YZPGK8XHJX,19,0.12989926739926738
bgs_spearman,,,0RZDK210BSMWAA6467LU,1D7CUD1955YZPGK8XHJX,20,0.1418040293040293
bgs_spearman,,,0RZDK210BSMWAA6467LU,1D7CUD1955YZPGK8XHJX,21,-0.11964285714285712
bgs_spearman,,,0RZDK210BSMWAA6467LU,1D7CUD1955YZPGK8XHJX,22,0.0657051282051282
bgs_spearman,,,0RZDK210BSMWAA6467LU,1D7CUD1955YZPGK8XHJX,23,-0.1455128205128205
bgs_spearman,,,0RZDK210BSMWAA6467LU,1D7CUD1955YZPGK8XHJX,24,0.13218864468864466
bgs_spearman,,,0RZDK210BSMWAA6467LU,1D7CUD1955YZPGK8XHJX,25,-0.03956043956043956
bgs_spearman,,,0RZDK210BSMWAA6467LU,1D7CUD1955YZPGK8XHJX,26,-0.027152014652014653
bgs_spearman,,,0RZDK210BSMWAA6467LU,1D7CUD1955YZPGK8XHJX,27,0.07504578754578754
bgs_spearman,,,0RZDK210BSMWAA6467LU,1D7CUD1955YZPGK8XHJX,28,0.00013736263736263734
bgs_spearman,,,0RZDK210BSMWAA6467LU,1D7CUD1955YZPGK8XHJX,29,0.11007326007326006
bgs_spearman,,,0RZDK210BSMWAA6467LU,1D7CUD1955YZPGK8XHJX,30,-0.12806776556776556
bgs_spearman,,,0RZDK210BSMWAA6467LU,1D7CUD1955YZPGK8XHJX,31,0.04862637362637363
bgs_spearman,,,0RZDK210BSMWAA6467LU,1D7CUD1955YZPGK8XHJX,32,-0.1748168498168498
bgs_spearman,,,0RZDK210BSMWAA6467LU,1D7CUD1955YZPGK8XHJX,33,-0.09903846153846152
bgs_spearman,,,0RZDK210BSMWAA6467LU,1D7CUD1955YZPGK8XHJX,34,-0.1784340659340659
bgs_spearman,,,0RZDK210BSMWAA6467LU,1D7CUD1955YZPGK8XHJX,35,-0.03269230769230769
bgs_spearman,,,0RZDK210BSMWAA6467LU,1D7CUD1955YZPGK8XHJX,36,0.0369047619047619
bgs_spearman,,,0RZDK210BSMWAA6467LU,1D7CUD1955YZPGK8XHJX,37,-0.06327838827838828
bgs_spearman,,,0RZDK210BSMWAA6467LU,1D7CUD1955YZPGK8XHJX,38,-0.11254578754578753
bgs_spearman,,,0RZDK210BSMWAA6467LU,1D7CUD1955YZPGK8XHJX,39,-0.07069597069597068
bgs_spearman,,,0RZDK210BSMWAA6467LU,1D7CUD1955YZPGK8XHJX,40,0.01259157509157509
bgs_spearman,,,0RZDK210BSMWAA6467LU,1D7CUD1955YZPGK8XHJX,41,0.01822344322344322
bgs_spearman,,,0RZDK210BSMWAA6467LU,1D7CUD1955YZPGK8XHJX,42,-0.02921245421245421
bgs_spearman,,,0RZDK210BSMWAA6467LU,1D7CUD1955YZPGK8XHJX,43,-0.015384615384615384
bgs_spearman,,,0RZDK210BSMWAA6467LU,1D7CUD1955YZPGK8XHJX,44,0.0862179487179487
bgs_spearman,,,0RZDK210BSMWAA6467LU,1D7CUD1955YZPGK8XHJX,45,0.029349816849816846
bgs_spearman,,,0RZDK210BSMWAA6467LU,1D7CUD1955YZPGK8XHJX,46,0.19198717948717947
bgs_spearman,,,0RZDK210BSMWAA6467LU,1D7CUD1955YZPGK8XHJX,47,-0.006959706959706959
bgs_spearman,,,0RZDK210BSMWAA6467LU,1D7CUD1955YZPGK8XHJX,48,-0.01561355311355311
bgs_spearman,,,0RZDK210BSMWAA6467LU,1D7CUD1955YZPGK8XHJX,49,0.0038919413919413916
bgs_spearman,,,0RZDK210BSMWAA6467LU,1D7CUD1955YZPGK8XHJX,50,0.2304029304029304
bgs_spearman,,,0RZDK210BSMWAA6467LU,1D7CUD1955YZPGK8XHJX,51,-0.00673076923076923
bgs_spearman,,,0RZDK210BSMWAA6467LU,1D7CUD1955YZPGK8XHJX,52,-0.024587912087912087
bgs_spearman,,,0RZDK210BSMWAA6467LU,1D7CUD1955YZPGK8XHJX,53,0.09052197802197802
bgs_spearman,,,0RZDK210BSMWAA6467LU,1D7CUD1955YZPGK8XHJX,54,-0.09615384615384615
bgs_spearman,,,0RZDK210BSMWAA6467LU,1D7CUD1955YZPGK8XHJX,55,0.18823260073260073
bgs_spearman,,,0RZDK210BSMWAA6467LU,1D7CUD1955YZPGK8XHJX,56,-0.055906593406593395
bgs_spearman,,,0RZDK210BSMWAA6467LU,1D7CUD1955YZPGK8XHJX,57,0.09688644688644689
bgs_spearman,,,0RZDK210BSMWAA6467LU,1D7CUD1955YZPGK8XHJX,58,0.03173076923076923
bgs_spearman,,,0RZDK210BSMWAA6467LU,1D7CUD1955YZPGK8XHJX,59,0.031272893772893766
bgs_spearman,,,0RZDK210BSMWAA6467LU,1D7CUD1955YZPGK8XHJX,60,-0.1541208791208791
bgs_spearman,,,0RZDK210BSMWAA6467LU,1D7CUD1955YZPGK8XHJX,61,-0.06428571428571428
bgs_spearman,,,0RZDK210BSMWAA6467LU,1D7CUD1955YZPGK8XHJX,62,0.14963369963369963
bgs_spearman,,,0RZDK210BSMWAA6467LU,1D7CUD1955YZPGK8XHJX,63,-0.06575091575091574
bgs_spearman,,,0RZDK210BSMWAA6467LU,1D7CUD1955YZPGK8XHJX,64,0.03241758241758241
bgs_spearman,,,0RZDK210BSMWAA6467LU,1D7CUD1955YZPGK8XHJX,65,0.10842490842490841
bgs_spearman,,,0RZDK210BSMWAA6467LU,1D7CUD1955YZPGK8XHJX,66,0.06094322344322344
bgs_spearman,,,0RZDK210BSMWAA6467LU,1D7CUD1955YZPGK8XHJX,67,0.25119047619047613
bgs_spearman,,,0RZDK210BSMWAA6467LU,1D7CUD1955YZPGK8XHJX,68,0.03475274725274725
bgs_spearman,,,0RZDK210BSMWAA6467LU,1D7CUD1955YZPGK8XHJX,69,0.059661172161172144
bgs_spearman,,,0RZDK210BSMWAA6467LU,1D7CUD1955YZPGK8XHJX,70,-0.15883699633699633
bgs_spearman,,,0RZDK210BSMWAA6467LU,1D7CUD1955YZPGK8XHJX,71,-0.08397435897435897
bgs_spearman,,,0RZDK210BSMWAA6467LU,1D7CUD1955YZPGK8XHJX,72,0.11648351648351647
bgs_spearman,,,0RZDK210BSMWAA6467LU,1D7CUD1955YZPGK8XHJX,73,0.06456043956043955
bgs_spearman,,,0RZDK210BSMWAA6467LU,1D7CUD1955YZPGK8XHJX,74,0.015476190476190475
bgs_spearman,,,0RZDK210BSMWAA6467LU,1D7CUD1955YZPGK8XHJX,75,-0.0863095238095238
bgs_spearman,,,0RZDK210BSMWAA6467LU,1D7CUD1955YZPGK8XHJX,76,-0.2081043956043956
bgs_spearman,,,0RZDK210BSMWAA6467LU,1D7CUD1955YZPGK8XHJX,77,-0.03182234432234432
bgs_spearman,,,0RZDK210BSMWAA6467LU,1D7CUD1955YZPGK8XHJX,78,-0.14038461538461536
bgs_spearman,,,0RZDK210BSMWAA6467LU,1D7CUD1955YZPGK8XHJX,79,-0.10833333333333331
bgs_spearman,,,0RZDK210BSMWAA6467LU,1D7CUD1955YZPGK8XHJX,80,-0.1596153846153846
bgs_spearman,,,0RZDK210BSMWAA6467LU,1D7CUD1955YZPGK8XHJX,81,-0.003113553113553113
bgs_spearman,,,0RZDK210BSMWAA6467LU,1D7CUD1955YZPGK8XHJX,82,-0.15334249084249083
bgs_spearman,,,0RZDK210BSMWAA6467LU,1D7CUD1955YZPGK8XHJX,83,0.1683150183150183
bgs_spearman,,,0RZDK210BSMWAA6467LU,1D7CUD1955YZPGK8XHJX,84,-0.005723443223443222
bgs_spearman,,,0RZDK210BSMWAA6467LU,1D7CUD1955YZPGK8XHJX,85,-0.19171245421245417
bgs_spearman,,,0RZDK210BSMWAA6467LU,1D7CUD1955YZPGK8XHJX,86,-0.12367216117216116
bgs_spearman,,,0RZDK210BSMWAA6467LU,1D7CUD1955YZPGK8XHJX,87,0.2181318681318681
bgs_spearman,,,0RZDK210BSMWAA6467LU,1D7CUD1955YZPGK8XHJX,88,0.1125915750915751
bgs_spearman,,,0RZDK210BSMWAA6467LU,1D7CUD1955YZPGK8XHJX,89,-0.06854395604395602
bgs_spearman,,,0RZDK210BSMWAA6467LU,1D7CUD1955YZPGK8XHJX,90,-0.12046703296703296
bgs_spearman,,,0RZDK210BSMWAA6467LU,1D7CUD1955YZPGK8XHJX,91,-0.07028388278388278
bgs_spearman,,,0RZDK210BSMWAA6467LU,1D7CUD1955YZPGK8XHJX,92,0.2187271062271062
bgs_spearman,,,0RZDK210BSMWAA6467LU,1D7CUD1955YZPGK8XHJX,93,0.08223443223443222
bgs_spearman,,,0RZDK210BSMWAA6467LU,1D7CUD1955YZPGK8XHJX,94,-0.12101648351648349
bgs_spearman,,,0RZDK210BSMWAA6467LU,1D7CUD1955YZPGK8XHJX,95,-0.04413919413919413
bgs_spearman,,,0RZDK210BSMWAA6467LU,1D7CUD1955YZPGK8XHJX,96,0.2202838827838828
bgs_spearman,,,0RZDK210BSMWAA6467LU,1D7CUD1955YZPGK8XHJX,97,0.12275641025641024
bgs_spearman,,,0RZDK210BSMWAA6467LU,1D7CUD1955YZPGK8XHJX,98,-0.01767399267399267
bgs_spearman,,,0RZDK210BSMWAA6467LU,1D7CUD1955YZPGK8XHJX,99,-0.019184981684981683
bgs_spearman,,,0RZDK210BSMWAA6467LU,1D7CUD1955YZPGK8XHJX,100,-0.061217948717948716
bgs_spearman,,,0RZDK210BSMWAA6467LU,1D7CUD1955YZPGK8XHJX,101,0.14386446886446885
bgs_spearman,,,0RZDK210BSMWAA6467LU,1D7CUD1955YZPGK8XHJX,102,0.04212454212454212
bgs_spearman,,,0RZDK210BSMWAA6467LU,1D7CUD1955YZPGK8XHJX,103,-0.06836080586080585
bgs_spearman,,,0RZDK210BSMWAA6467LU,1D7CUD1955YZPGK8XHJX,104,0.1301282051282051
bgs_spearman,,,0RZDK210BSMWAA6467LU,1D7CUD1955YZPGK8XHJX,105,-0.21140109890109887
bgs_spearman,,,0RZDK210BSMWAA6467LU,1D7CUD1955YZPGK8XHJX,106,-0.05274725274725274
bgs_spearman,,,0RZDK210BSMWAA6467LU,1D7CUD1955YZPGK8XHJX,107,-0.11923076923076922
bgs_spearman,,,0RZDK210BSMWAA6467LU,1D7CUD1955YZPGK8XHJX,108,0.14418498168498167
bgs_spearman,,,0RZDK210BSMWAA6467LU,1D7CUD1955YZPGK8XHJX,109,0.10741758241758241
bgs_spearman,,,0RZDK210BSMWAA6467LU,1D7CUD1955YZPGK8XHJX,110,-0.01877289377289377
bgs_spearman,,,0RZDK210BSMWAA6467LU,1D7CUD1955YZPGK8XHJX,111,0.16048534798534797
bgs_spearman,,,0RZDK210BSMWAA6467LU,1D7CUD1955YZPGK8XHJX,112,-0.023397435897435894
bgs_spearman,,,0RZDK210BSMWAA6467LU,1D7CUD1955YZPGK8XHJX,113,-0.16506410256410253
bgs_spearman,,,0RZDK210BSMWAA6467LU,1D7CUD1955YZPGK8XHJX,114,-0.0056776556776556774
bgs_spearman,,,0RZDK210BSMWAA6467LU,1D7CUD1955YZPGK8XHJX,115,0.009615384615384614
bgs_spearman,,,0RZDK210BSMWAA6467LU,1D7CUD1955YZPGK8XHJX,116,0.05531135531135531
bgs_spearman,,,0RZDK210BSMWAA6467LU,1D7CUD1955YZPGK8XHJX,117,0.050503663003663
bgs_spearman,,,0RZDK210BSMWAA6467LU,1D7CUD1955YZPGK8XHJX,118,0.0412087912087912
bgs_spearman,,,0RZDK210BSMWAA6467LU,1D7CUD1955YZPGK8XHJX,119,-0.05842490842490842
bgs_spearman,,,0RZDK210BSMWAA6467LU,1D7CUD1955YZPGK8XHJX,120,0.006547619047619047
bgs_spearman,,,0RZDK210BSMWAA6467LU,1D7CUD1955YZPGK8XHJX,121,-0.10434981684981684
bgs_spearman,,,0RZDK210BSMWAA6467LU,1D7CUD1955YZPGK8XHJX,122,-0.21868131868131868
bgs_spearman,,,0RZDK210BSMWAA6467LU,1D7CUD1955YZPGK8XHJX,123,-0.22225274725274718
bgs_spearman,,,0RZDK210BSMWAA6467LU,1D7CUD1955YZPGK8XHJX,124,0.13365384615384612
bgs_spearman,,,0RZDK210BSMWAA6467LU,1D7CUD1955YZPGK8XHJX,125,-0.013369963369963368
bgs_spearman,,,0RZDK210BSMWAA6467LU,1D7CUD1955YZPGK8XHJX,126,0.055448717948717946
bgs_spearman,,,0RZDK210BSMWAA6467LU,1D7CUD1955YZPGK8XHJX,127,-0.03214285714285714
bgs_spearman,,,0RZDK210BSMWAA6467LU,1D7CUD1955YZPGK8XHJX,128,0.17509157509157508
bgs_spearman,,,0RZDK210BSMWAA6467LU,1D7CUD1955YZPGK8XHJX,129,0.16643772893772893
bgs_spearman,,,0RZDK210BSMWAA6467LU,1D7CUD1955YZPGK8XHJX,130,0.017902930402930402
bgs_spearman,,,0RZDK210BSMWAA6467LU,1D7CUD1955YZPGK8XHJX,131,-0.13786630036630035
bgs_spearman,,,0RZDK210BSMWAA6467LU,1D7CUD1955YZPGK8XHJX,132,0.0423076923076923
bgs_spearman,,,0RZDK210BSMWAA6467LU,1D7CUD1955YZPGK8XHJX,133,0.14455128205128204
bgs_spearman,,,0RZDK210BSMWAA6467LU,1D7CUD1955YZPGK8XHJX,134,0.003113553113553113
bgs_spearman,,,0RZDK210BSMWAA6467LU,1D7CUD1955YZPGK8XHJX,135,-0.028388278388278385
bgs_spearman,,,0RZDK210BSMWAA6467LU,1D7CUD1955YZPGK8XHJX,136,0.01217948717948718
bgs_spearman,,,0RZDK210BSMWAA6467LU,1D7CUD1955YZPGK8XHJX,137,0.2099358974358974
bgs_spearman,,,0RZDK210BSMWAA6467LU,1D7CUD1955YZPGK8XHJX,138,-0.13667582417582416
bgs_spearman,,,0RZDK210BSMWAA6467LU,1D7CUD1955YZPGK8XHJX,139,-0.16469780219780217
bgs_spearman,,,0RZDK210BSMWAA6467LU,1D7CUD1955YZPGK8XHJX,140,0.18035714285714283
bgs_spearman,,,0RZDK210BSMWAA6467LU,1D7CUD1955YZPGK8XHJX,141,-0.05595238095238095
bgs_spearman,,,0RZDK210BSMWAA6467LU,1D7CUD1955YZPGK8XHJX,142,0.044230769230769226
bgs_spearman,,,0RZDK210BSMWAA6467LU,1D7CUD1955YZPGK8XHJX,143,0.08978937728937728
bgs_spearman,,,0RZDK210BSMWAA6467LU,1D7CUD1955YZPGK8XHJX,144,-0.012042124542124541
bgs_spearman,,,0RZDK210BSMWAA6467LU,1D7CUD1955YZPGK8XHJX,145,-0.006456043956043956
bgs_spearman,,,0RZDK210BSMWAA6467LU,1D7CUD1955YZPGK8XHJX,146,0.14674908424908426
bgs_spearman,,,0RZDK210BSMWAA6467LU,1D7CUD1955YZPGK8XHJX,147,-0.09835164835164835
bgs_spearman,,,0RZDK210BSMWAA6467LU,1D7CUD1955YZPGK8XHJX,148,0.1784340659340659
bgs_spearman,,,0RZDK210BSMWAA6467LU,1D7CUD1955YZPGK8XHJX,149,-0.020650183150183146
bgs_spearman,,,0RZDK210BSMWAA6467LU,1D7CUD1955YZPGK8XHJX,150,-0.04542124542124542
bgs_spearman,,,0RZDK210BSMWAA6467LU,1D7CUD1955YZPGK8XHJX,151,0.1329212454212454
bgs_spearman,,,0RZDK210BSMWAA6467LU,1D7CUD1955YZPGK8XHJX,152,-0.020558608058608055
bgs_spearman,,,0RZDK210BSMWAA6467LU,1D7CUD1955YZPGK8XHJX,153,-0.03594322344322344
bgs_spearman,,,0RZDK210BSMWAA6467LU,1D7CUD1955YZPGK8XHJX,154,0.07028388278388278
bgs_spearman,,,0RZDK210BSMWAA6467LU,1D7CUD1955YZPGK8XHJX,155,-0.07554945054945054
bgs_spearman,,,0RZDK210BSMWAA6467LU,1D7CUD1955YZPGK8XHJX,156,0.1969322344322344
bgs_spearman,,,0RZDK210BSMWAA6467LU,1D7CUD1955YZPGK8XHJX,157,-0.09514652014652013
bgs_spearman,,,0RZDK210BSMWAA6467LU,1D7CUD1955YZPGK8XHJX,158,0.0824175824175824
bgs_spearman,,,0RZDK210BSMWAA6467LU,1D7CUD1955YZPGK8XHJX,159,0.06597985347985348
bgs_spearman,,,0RZDK210BSMWAA6467LU,1D7CUD1955YZPGK8XHJX,160,0.008608058608058607
bgs_spearman,,,0RZDK210BSMWAA6467LU,1D7CUD1955YZPGK8XHJX,161,0.1750457875457875
bgs_spearman,,,0RZDK210BSMWAA6467LU,1D7CUD1955YZPGK8XHJX,162,-0.06043956043956044
bgs_spearman,,,0RZDK210BSMWAA6467LU,1D7CUD1955YZPGK8XHJX,163,-0.0874084249084249
bgs_spearman,,,0RZDK210BSMWAA6467LU,1D7CUD1955YZPGK8XHJX,164,0.03988095238095237
bgs_spearman,,,0RZDK210BSMWAA6467LU,1D7CUD1955YZPGK8XHJX,165,0.11808608058608058
bgs_spearman,,,0RZDK210BSMWAA6467LU,1D7CUD1955YZPGK8XHJX,166,-0.16694139194139193
bgs_spearman,,,0RZDK210BSMWAA6467LU,1D7CUD1955YZPGK8XHJX,167,0.08063186813186814
bgs_spearman,,,0RZDK210BSMWAA6467LU,1D7CUD1955YZPGK8XHJX,168,-0.03928571428571428
bgs_spearman,,,0RZDK210BSMWAA6467LU,1D7CUD1955YZPGK8XHJX,169,-0.07605311355311355
bgs_spearman,,,0RZDK210BSMWAA6467LU,1D7CUD1955YZPGK8XHJX,170,0.09798534798534797
bgs_spearman,,,0RZDK210BSMWAA6467LU,1D7CUD1955YZPGK8XHJX,171,0.0834249084249084
bgs_spearman,,,0RZDK210BSMWAA6467LU,1D7CUD1955YZPGK8XHJX,172,0.1456043956043956
bgs_spearman,,,0RZDK210BSMWAA6467LU,1D7CUD1955YZPGK8XHJX,173,-0.3416208791208791
bgs_spearman,,,0RZDK210BSMWAA6467LU,1D7CUD1955YZPGK8XHJX,174,0.013827838827838827
bgs_spearman,,,0RZDK210BSMWAA6467LU,1D7CUD1955YZPGK8XHJX,175,-0.0342032967032967
bgs_spearman,,,0RZDK210BSMWAA6467LU,1D7CUD1955YZPGK8XHJX,176,0.07632783882783882
bgs_spearman,,,0RZDK210BSMWAA6467LU,1D7CUD1955YZPGK8XHJX,177,-0.20224358974358975
bgs_spearman,,,0RZDK210BSMWAA6467LU,1D7CUD1955YZPGK8XHJX,178,0.1537087912087912
bgs_spearman,,,0RZDK210BSMWAA6467LU,1D7CUD1955YZPGK8XHJX,179,-0.05315934065934065
bgs_spearman,,,0RZDK210BSMWAA6467LU,1D7CUD1955YZPGK8XHJX,180,0.021657509157509157
bgs_spearman,,,0RZDK210BSMWAA6467LU,1D7CUD1955YZPGK8XHJX,181,-0.10434981684981684
bgs_spearman,,,0RZDK210BSMWAA6467LU,1D7CUD1955YZPGK8XHJX,182,-0.010851648351648351
bgs_spearman,,,0RZDK210BSMWAA6467LU,1D7CUD1955YZPGK8XHJX,183,-0.014285714285714287
bgs_spearman,,,0RZDK210BSMWAA6467LU,1D7CUD1955YZPGK8XHJX,184,-0.20325091575091572
bgs_spearman,,,0RZDK210BSMWAA6467LU,1D7CUD1955YZPGK8XHJX,185,0.1460164835164835
bgs_spearman,,,0RZDK210BSMWAA6467LU,1D7CUD1955YZPGK8XHJX,186,0.037042124542124535
bgs_spearman,,,0RZDK210BSMWAA6467LU,1D7CUD1955YZPGK8XHJX,187,-0.20119047619047617
bgs_spearman,,,0RZDK210BSMWAA6467LU,1D7CUD1955YZPGK8XHJX,188,-0.0727106227106227
bgs_spearman,,,0RZDK210BSMWAA6467LU,1D7CUD1955YZPGK8XHJX,189,0.1444139194139194
bgs_spearman,,,0RZDK210BSMWAA6467LU,1D7CUD1955YZPGK8XHJX,190,0.127014652014652
bgs_spearman,,,0RZDK210BSMWAA6467LU,1D7CUD1955YZPGK8XHJX,191,0.07014652014652015
bgs_spearman,,,0RZDK210BSMWAA6467LU,1D7CUD1955YZPGK8XHJX,192,0.10402930402930403
bgs_spearman,,,0RZDK210BSMWAA6467LU,1D7CUD1955YZPGK8XHJX,193,0.1996336996336996
bgs_spearman,,,0RZDK210BSMWAA6467LU,1D7CUD1955YZPGK8XHJX,194,-0.07907509157509156
bgs_spearman,,,0RZDK210BSMWAA6467LU,1D7CUD1955YZPGK8XHJX,195,0.07925824175824174
bgs_spearman,,,0RZDK210BSMWAA6467LU,1D7CUD1955YZPGK8XHJX,196,0.08978937728937728
bgs_spearman,,,0RZDK210BSMWAA6467LU,1D7CUD1955YZPGK8XHJX,197,-0.15883699633699633
bgs_spearman,,,0RZDK210BSMWAA6467LU,1D7CUD1955YZPGK8XHJX,198,-0.1527014652014652
bgs_spearman,,,0RZDK210BSMWAA6467LU,1D7CUD1955YZPGK8XHJX,199,-0.03104395604395604
bgs_spearman,,,0RZDK210BSMWAA6467LU,1GU15S0GJ6PFNARO469W,0,-0.22065018315018314
bgs_spearman,,,0RZDK210BSMWAA6467LU,1GU15S0GJ6PFNARO469W,1,-0.29894688644688644
bgs_spearman,,,0RZDK210BSMWAA6467LU,1GU15S0GJ6PFNARO469W,2,0.07861721611721612
bgs_spearman,,,0RZDK210BSMWAA6467LU,1GU15S0GJ6PFNARO469W,3,0.08246336996336996
bgs_spearman,,,0RZDK210BSMWAA6467LU,1GU15S0GJ6PFNARO469W,4,-0.12055860805860805
bgs_spearman,,,0RZDK210BSMWAA6467LU,1GU15S0GJ6PFNARO469W,5,0.25398351648351647
bgs_spearman,,,0RZDK210BSMWAA6467LU,1GU15S0GJ6PFNARO469W,6,0.1666208791208791
bgs_spearman,,,0RZDK210BSMWAA6467LU,1GU15S0GJ6PFNARO469W,7,-0.02239010989010989
bgs_spearman,,,0RZDK210BSMWAA6467LU,1GU15S0GJ6PFNARO469W,8,0.23901098901098897
bgs_spearman,,,0RZDK210BSMWAA6467LU,1GU15S0GJ6PFNARO469W,9,0.14487179487179486
bgs_spearman,,,0RZDK210BSMWAA6467LU,1GU15S0GJ6PFNARO469W,10,0.00036630036630036625
bgs_spearman,,,0RZDK210BSMWAA6467LU,1GU15S0GJ6PFNARO469W,11,-0.07875457875457874
bgs_spearman,,,0RZDK210BSMWAA6467LU,1GU15S0GJ6PFNARO469W,12,0.07037545787545786
bgs_spearman,,,0RZDK210BSMWAA6467LU,1GU15S0GJ6PFNARO469W,13,-0.1596153846153846
bgs_spearman,,,0RZDK210BSMWAA6467LU,1GU15S0GJ6PFNARO469W,14,-0.007234432234432234
bgs_spearman,,,0RZDK210BSMWAA6467LU,1GU15S0GJ6PFNARO469W,15,-0.0673076923076923
bgs_spearman,,,0RZDK210BSMWAA6467LU,1GU15S0GJ6PFNARO469W,16,0.23630952380952375
bgs_spearman,,,0RZDK210BSMWAA6467LU,1GU15S0GJ6PFNARO469W,17,0.10618131868131868
bgs_spearman,,,0RZDK210BSMWAA6467LU,1GU15S0GJ6PFNARO469W,18,-0.06428571428571428
bgs_spearman,,,0RZDK210BSMWAA6467LU,1GU15S0GJ6PFNARO469W,19,-0.15975274725274724
bgs_spearman,,,0RZDK210BSMWAA6467LU,1GU15S0GJ6PFNARO469W,20,-0.04546703296703296
bgs_spearman,,,0RZDK210BSMWAA6467LU,1GU15S0GJ6PFNARO469W,21,-0.016025641025641024
bgs_spearman,,,0RZDK210BSMWAA6467LU,1GU15S0GJ6PFNARO469W,22,0.2118131868131868
bgs_spearman,,,0RZDK210BSMWAA6467LU,1GU15S0GJ6PFNARO469W,23,0.16657509157509157
bgs_spearman,,,0RZDK210BSMWAA6467LU,1GU15S0GJ6PFNARO469W,24,-0.22298534798534797
bgs_spearman,,,0RZDK210BSMWAA6467LU,1GU15S0GJ6PFNARO469W,25,-0.04743589743589743
bgs_spearman,,,0RZDK210BSMWAA6467LU,1GU15S0GJ6PFNARO469W,26,-0.024130036630036624
bgs_spearman,,,0RZDK210BSMWAA6467LU,1GU15S0GJ6PFNARO469W,27,-0.3332875457875457
bgs_spearman,,,0RZDK210BSMWAA6467LU,1GU15S0GJ6PFNARO469W,28,0.014697802197802198
bgs_spearman,,,0RZDK210BSMWAA6467LU,1GU15S0GJ6PFNARO469W,29,0.07486263736263736
bgs_spearman,,,0RZDK210BSMWAA6467LU,1GU15S0GJ6PFNARO469W,30,-0.0682234432234432
bgs_spearman,,,0RZDK210BSMWAA6467LU,1GU15S0GJ6PFNARO469W,31,-0.1417124542124542
bgs_spearman,,,0RZDK210BSMWAA6467LU,1GU15S0GJ6PFNARO469W,32,-0.20444139194139194
bgs_spearman,,,0RZDK210BSMWAA6467LU,1GU15S0GJ6PFNARO469W,33,-0.03484432234432234
bgs_spearman,,,0RZDK210BSMWAA6467LU,1GU15S0GJ6PFNARO469W,34,-0.1632326007326007
bgs_spearman,,,0RZDK210BSMWAA6467LU,1GU15S0GJ6PFNARO469W,35,-0.03841575091575091
bgs_spearman,,,0RZDK210BSMWAA6467LU,1GU15S0GJ6PFNARO469W,36,-0.09565018315018314
bgs_spearman,,,0RZDK210BSMWAA6467LU,1GU15S0GJ6PFNARO469W,37,0.049267399267399266
bgs_spearman,,,0RZDK210BSMWAA6467LU,1GU15S0GJ6PFNARO469W,38,0.09409340659340659
bgs_spearman,,,0RZDK210BSMWAA6467LU,1GU15S0GJ6PFNARO469W,39,-0.12934981684981686
bgs_spearman,,,0RZDK210BSMWAA6467LU,1GU15S0GJ6PFNARO469W,40,0.25476190476190474
bgs_spearman,,,0RZDK210BSMWAA6467LU,1GU15S0GJ6PFNARO469W,41,0.17023809523809522
bgs_spearman,,,0RZDK210BSMWAA6467LU,1GU15S0GJ6PFNARO469W,42,0.30961538461538457
bgs_spearman,,,0RZDK210BSMWAA6467LU,1GU15S0GJ6PFNARO469W,43,-0.22568681318681316
bgs_spearman,,,0RZDK210BSMWAA6467LU,1GU15S0GJ6PFNARO469W,44,0.06488095238095237
bgs_spearman,,,0RZDK210BSMWAA6467LU,1GU15S0GJ6PFNARO469W,45,0.00022893772893772894
bgs_spearman,,,0RZDK210BSMWAA6467LU,1GU15S0GJ6PFNARO469W,46,-0.02875457875457875
bgs_spearman,,,0RZDK210BSMWAA6467LU,1GU15S0GJ6PFNARO469W,47,0.0937271062271062
bgs_spearman,,,0RZDK210BSMWAA6467LU,1GU15S0GJ6PFNARO469W,48,0.026739926739926735
bgs_spearman,,,0RZDK210BSMWAA6467LU,1GU15S0GJ6PFNARO469W,49,0.050137362637362626
bgs_spearman,,,0RZDK210BSMWAA6467LU,1GU15S0GJ6PFNARO469W,50,-0.0016025641025641025
bgs_spearman,,,0RZDK210BSMWAA6467LU,1GU15S0GJ6PFNARO469W,51,-0.01543040293040293
bgs_spearman,,,0RZDK210BSMWAA6467LU,1GU15S0GJ6PFNARO469W,52,0.21817765567765565
bgs_spearman,,,0RZDK210BSMWAA6467LU,1GU15S0GJ6PFNARO469W,53,-0.1579212454212454
bgs_spearman,,,0RZDK210BSMWAA6467LU,1GU15S0GJ6PFNARO469W,54,0.029075091575091576
bgs_spearman,,,0RZDK210BSMWAA6467LU,1GU15S0GJ6PFNARO469W,55,-0.05531135531135531
bgs_spearman,,,0RZDK210BSMWAA6467LU,1GU15S0GJ6PFNARO469W,56,-0.3141941391941392
bgs_spearman,,,0RZDK210BSMWAA6467LU,1GU15S0GJ6PFNARO469W,57,-0.06433150183150182
bgs_spearman,,,0RZDK210BSMWAA6467LU,1GU15S0GJ6PFNARO469W,58,0.02541208791208791
bgs_spearman,,,0RZDK210BSMWAA6467LU,1GU15S0GJ6PFNARO469W,59,0.15366300366300364
bgs_spearman,,,0RZDK210BSMWAA6467LU,1GU15S0GJ6PFNARO469W,60,-0.04789377289377288
bgs_spearman,,,0RZDK210BSMWAA6467LU,1GU15S0GJ6PFNARO469W,61,0.016117216117216115
bgs_spearman,,,0RZDK210BSMWAA6467LU,1GU15S0GJ6PFNARO469W,62,-0.08003663003663003
bgs_spearman,,,0RZDK210BSMWAA6467LU,1GU15S0GJ6PFNARO469W,63,-0.10792124542124541
bgs_spearman,,,0RZDK210BSMWAA6467LU,1GU15S0GJ6PFNARO469W,64,0.047023809523809516
bgs_spearman,,,0RZDK210BSMWAA6467LU,1GU15S0GJ6PFNARO469W,65,0.03594322344322344
bgs_spearman,,,0RZDK210BSMWAA6467LU,1GU15S0GJ6PFNARO469W,66,-0.03846153846153846
bgs_spearman,,,0RZDK210BSMWAA6467LU,1GU15S0GJ6PFNARO469W,67,0.10728021978021977
bgs_spearman,,,0RZDK210BSMWAA6467LU,1GU15S0GJ6PFNARO469W,68,-0.09221611721611721
bgs_spearman,,,0RZDK210BSMWAA6467LU,1GU15S0GJ6PFNARO469W,69,0.15847069597069596
bgs_spearman,,,0RZDK210BSMWAA6467LU,1GU15S0GJ6PFNARO469W,70,0.24377289377289377
bgs_spearman,,,0RZDK210BSMWAA6467LU,1GU15S0GJ6PFNARO469W,71,-0.23195970695970694
bgs_spearman,,,0RZDK210BSMWAA6467LU,1GU15S0GJ6PFNARO469W,72,-0.11327838827838826
bgs_spearman,,,0RZDK210BSMWAA6467LU,1GU15S0GJ6PFNARO469W,73,0.013644688644688643
bgs_spearman,,,0RZDK210BSMWAA6467LU,1GU15S0GJ6PFNARO469W,74,0.01433150183150183
bgs_spearman,,,0RZDK210BSMWAA6467LU,1GU15S0GJ6PFNARO469W,75,-0.027930402930402925
bgs_spearman,,,0RZDK210BSMWAA6467LU,1GU15S0GJ6PFNARO469W,76,-0.07513736263736263
bgs_spearman,,,0RZDK210BSMWAA6467LU,1GU15S0GJ6PFNARO469W,77,-0.06565934065934065
bgs_spearman,,,0RZDK210BSMWAA6467LU,1GU15S0GJ6PFNARO469W,78,0.11767399267399264
bgs_spearman,,,0RZDK210BSMWAA6467LU,1GU15S0GJ6PFNARO469W,79,0.03905677655677656
bgs_spearman,,,0RZDK210BSMWAA6467LU,1GU15S0GJ6PFNARO469W,80,-0.15375457875457874
bgs_spearman,,,0RZDK210BSMWAA6467LU,1GU15S0GJ6PFNARO469W,81,0.07202380952380952
bgs_spearman,,,0RZDK210BSMWAA6467LU,1GU15S0GJ6PFNARO469W,82,0.03356227106227106
bgs_spearman,,,0RZDK210BSMWAA6467LU,1GU15S0GJ6PFNARO469W,83,-0.06639194139194138
bgs_spearman,,,0RZDK210BSMWAA6467LU,1GU15S0GJ6PFNARO469W,84,-0.14162087912087912
bgs_spearman,,,0RZDK210BSMWAA6467LU,1GU15S0GJ6PFNARO469W,85,-0.1594322344322344
bgs_spearman,,,0RZDK210BSMWAA6467LU,1GU15S0GJ6PFNARO469W,86,0.03901098901098901
bgs_spearman,,,0RZDK210BSMWAA6467LU,1GU15S0GJ6PFNARO469W,87,-0.1362179487179487
bgs_spearman,,,0RZDK210BSMWAA6467LU,1GU15S0GJ6PFNARO469W,88,0.1119047619047619
bgs_spearman,,,0RZDK210BSMWAA6467LU,1GU15S0GJ6PFNARO469W,89,-0.09152930402930402
bgs_spearman,,,0RZDK210BSMWAA6467LU,1GU15S0GJ6PFNARO469W,90,0.009478021978021977
bgs_spearman,,,0RZDK210BSMWAA6467LU,1GU15S0GJ6PFNARO469W,91,0.17280219780219777
bgs_spearman,,,0RZDK210BSMWAA6467LU,1GU15S0GJ6PFNARO469W,92,0.05851648351648351
bgs_spearman,,,0RZDK210BSMWAA6467LU,1GU15S0GJ6PFNARO469W,93,0.11199633699633699
bgs_spearman,,,0RZDK210BSMWAA6467LU,1GU15S0GJ6PFNARO469W,94,-0.06272893772893771
bgs_spearman,,,0RZDK210BSMWAA6467LU,1GU15S0GJ6PFNARO469W,95,-0.16144688644688643
bgs_spearman,,,0RZDK210BSMWAA6467LU,1GU15S0GJ6PFNARO469W,96,-0.006227106227106226
bgs_spearman,,,0RZDK210BSMWAA6467LU,1GU15S0GJ6PFNARO469W,97,-0.12284798534798533
bgs_spearman,,,0RZDK210BSMWAA6467LU,1GU15S0GJ6PFNARO469W,98,0.13896520146520144
bgs_spearman,,,0RZDK210BSMWAA6467LU,1GU15S0GJ6PFNARO469W,99,-0.03667582417582417
bgs_spearman,,,0RZDK210BSMWAA6467LU,1GU15S0GJ6PFNARO469W,100,0.10384615384615384
bgs_spearman,,,0RZDK210BSMWAA6467LU,1GU15S0GJ6PFNARO469W,101,-0.012637362637362636
bgs_spearman,,,0RZDK210BSMWAA6467LU,1GU15S0GJ6PFNARO469W,102,-0.03333333333333333
bgs_spearman,,,0RZDK210BSMWAA6467LU,1GU15S0GJ6PFNARO469W,103,-0.17898351648351646
bgs_spearman,,,0RZDK210BSMWAA6467LU,1GU15S0GJ6PFNARO469W,104,-0.059523809523809514
bgs_spearman,,,0RZDK210BSMWAA6467LU,1GU15S0GJ6PFNARO469W,105,-0.06066849816849816
bgs_spearman,,,0RZDK210BSMWAA6467LU,1GU15S0GJ6PFNARO469W,106,0.09528388278388278
bgs_spearman,,,0RZDK210BSMWAA6467LU,1GU15S0GJ6PFNARO469W,107,-0.12170329670329669
bgs_spearman,,,0RZDK210BSMWAA6467LU,1GU15S0GJ6PFNARO469W,108,0.03131868131868131
bgs_spearman,,,0RZDK210BSMWAA6467LU,1GU15S0GJ6PFNARO469W,109,0.13836996336996335
bgs_spearman,,,0RZDK210BSMWAA6467LU,1GU15S0GJ6PFNARO469W,110,0.040018315018315015
bgs_spearman,,,0RZDK210BSMWAA6467LU,1GU15S0GJ6PFNARO469W,111,0.11634615384615382
bgs_spearman,,,0RZDK210BSMWAA6467LU,1GU15S0GJ6PFNARO469W,112,-0.07408424908424907
bgs_spearman,,,0RZDK210BSMWAA6467LU,1GU15S0GJ6PFNARO469W,113,0.10787545787545785
bgs_spearman,,,0RZDK210BSMWAA6467LU,1GU15S0GJ6PFNARO469W,114,0.019047619047619046
bgs_spearman,,,0RZDK210BSMWAA6467LU,1GU15S0GJ6PFNARO469W,115,-0.05091575091575091
bgs_spearman,,,0RZDK210BSMWAA6467LU,1GU15S0GJ6PFNARO469W,116,-0.2852106227106227
bgs_spearman,,,0RZDK210BSMWAA6467LU,1GU15S0GJ6PFNARO469W,117,0.001465201465201465
bgs_spearman,,,0RZDK210BSMWAA6467LU,1GU15S0GJ6PFNARO469W,118,-0.1913461538461538
bgs_spearman,,,0RZDK210BSMWAA6467LU,1GU15S0GJ6PFNARO469W,119,0.13040293040293038
bgs_spearman,,,0RZDK210BSMWAA6467LU,1GU15S0GJ6PFNARO469W,120,-0.13273809523809524
bgs_spearman,,,0RZDK210BSMWAA6467LU,1GU15S0GJ6PFNARO469W,121,0.10059523809523808
bgs_spearman,,,0RZDK210BSMWAA6467LU,1GU15S0GJ6PFNARO469W,122,-0.12129120879120876
bgs_spearman,,,0RZDK210BSMWAA6467LU,1GU15S0GJ6PFNARO469W,123,-0.0862179487179487
bgs_spearman,,,0RZDK210BSMWAA6467LU,1GU15S0GJ6PFNARO469W,124,0.01845238095238095
bgs_spearman,,,0RZDK210BSMWAA6467LU,1GU15S0GJ6PFNARO469W,125,0.06968864468864468
bgs_spearman,,,0RZDK210BSMWAA6467LU,1GU15S0GJ6PFNARO469W,126,0.0157051282051282
bgs_spearman,,,0RZDK210BSMWAA6467LU,1GU15S0GJ6PFNARO469W,127,0.09395604395604394
bgs_spearman,,,0RZDK210BSMWAA6467LU,1GU15S0GJ6PFNARO469W,128,-0.14326923076923076
bgs_spearman,,,0RZDK210BSMWAA6467LU,1GU15S0GJ6PFNARO469W,129,-0.04688644688644688
bgs_spearman,,,0RZDK210BSMWAA6467LU,1GU15S0GJ6PFNARO469W,130,-0.12678571428571428
bgs_spearman,,,0RZDK210BSMWAA6467LU,1GU15S0GJ6PFNARO469W,131,0.04391025641025641
bgs_spearman,,,0RZDK210BSMWAA6467LU,1GU15S0GJ6PFNARO469W,132,-0.08804945054945054
bgs_spearman,,,0RZDK210BSMWAA6467LU,1GU15S0GJ6PFNARO469W,133,-0.05077838827838827
bgs_spearman,,,0RZDK210BSMWAA6467LU,1GU15S0GJ6PFNARO469W,134,-0.11085164835164833
bgs_spearman,,,0RZDK210BSMWAA6467LU,1GU15S0GJ6PFNARO469W,135,0.043223443223443216
bgs_spearman,,,0RZDK210BSMWAA6467LU,1GU15S0GJ6PFNARO469W,136,-0.02477106227106227
bgs_spearman,,,0RZDK210BSMWAA6467LU,1GU15S0GJ6PFNARO469W,137,0.13237179487179487
bgs_spearman,,,0RZDK210BSMWAA6467LU,1GU15S0GJ6PFNARO469W,138,-0.0776098901098901
bgs_spearman,,,0RZDK210BSMWAA6467LU,1GU15S0GJ6PFNARO469W,139,-0.1929029304029304
bgs_spearman,,,0RZDK210BSMWAA6467LU,1GU15S0GJ6PFNARO469W,140,-0.05489926739926739
bgs_spearman,,,0RZDK210BSMWAA6467LU,1GU15S0GJ6PFNARO469W,141,0.07793040293040292
bgs_spearman,,,0RZDK210BSMWAA6467LU,1GU15S0GJ6PFNARO469W,142,0.2586996336996337
bgs_spearman,,,0RZDK210BSMWAA6467LU,1GU15S0GJ6PFNARO469W,143,-0.15228937728937728
bgs_spearman,,,0RZDK210BSMWAA6467LU,1GU15S0GJ6PFNARO469W,144,-0.04152930402930402
bgs_spearman,,,0RZDK210BSMWAA6467LU,1GU15S0GJ6PFNARO469W,145,0.08122710622710622
bgs_spearman,,,0RZDK210BSMWAA6467LU,1GU15S0GJ6PFNARO469W,146,-0.004716117216117216
bgs_spearman,,,0RZDK210BSMWAA6467LU,1GU15S0GJ6PFNARO469W,147,0.11053113553113553
bgs_spearman,,,0RZDK210BSMWAA6467LU,1GU15S0GJ6PFNARO469W,148,0.11098901098901098
bgs_spearman,,,0RZDK210BSMWAA6467LU,1GU15S0GJ6PFNARO469W,149,-0.20966117216117217
bgs_spearman,,,0RZDK210BSMWAA6467LU,1GU15S0GJ6PFNARO469W,150,-0.163003663003663
bgs_spearman,,,0RZDK210BSMWAA6467LU,1GU15S0GJ6PFNARO469W,151,0.11076007326007323
bgs_spearman,,,0RZDK210BSMWAA6467LU,1GU15S0GJ6PFNARO469W,152,-0.09569597069597068
bgs_spearman,,,0RZDK210BSMWAA6467LU,1GU15S0GJ6PFNARO469W,153,0.18946886446886446
bgs_spearman,,,0RZDK210BSMWAA6467LU,1GU15S0GJ6PFNARO469W,154,0.16620879120879117
bgs_spearman,,,0RZDK210BSMWAA6467LU,1GU15S0GJ6PFNARO469W,155,-0.17060439560439558
bgs_spearman,,,0RZDK210BSMWAA6467LU,1GU15S0GJ6PFNARO469W,156,0.16085164835164834
bgs_spearman,,,0RZDK210BSMWAA6467LU,1GU15S0GJ6PFNARO469W,157,-0.2456501831501831
bgs_spearman,,,0RZDK210BSMWAA6467LU,1GU15S0GJ6PFNARO469W,158,-0.10306776556776556
bgs_spearman,,,0RZDK210BSMWAA6467LU,1GU15S0GJ6PFNARO469W,159,-0.21657509157509156
bgs_spearman,,,0RZDK210BSMWAA6467LU,1GU15S0GJ6PFNARO469W,160,-0.15984432234432233
bgs_spearman,,,0RZDK210BSMWAA6467LU,1GU15S0GJ6PFNARO469W,161,0.027701465201465197
bgs_spearman,,,0RZDK210BSMWAA6467LU,1GU15S0GJ6PFNARO469W,162,-0.1358974358974359
bgs_spearman,,,0RZDK210BSMWAA6467LU,1GU15S0GJ6PFNARO469W,163,0.20293040293040288
bgs_spearman,,,0RZDK210BSMWAA6467LU,1GU15S0GJ6PFNARO469W,164,0.09299450549450548
bgs_spearman,,,0RZDK210BSMWAA6467LU,1GU15S0GJ6PFNARO469W,165,-0.10686813186813185
bgs_spearman,,,0RZDK210BSMWAA6467LU,1GU15S0GJ6PFNARO469W,166,-0.19926739926739923
bgs_spearman,,,0RZDK210BSMWAA6467LU,1GU15S0GJ6PFNARO469W,167,0.043818681318681316
bgs_spearman,,,0RZDK210BSMWAA6467LU,1GU15S0GJ6PFNARO469W,168,-0.329532967032967
bgs_spearman,,,0RZDK210BSMWAA6467LU,1GU15S0GJ6PFNARO469W,169,0.0608058608058608
bgs_spearman,,,0RZDK210BSMWAA6467LU,1GU15S0GJ6PFNARO469W,170,0.06662087912087912
bgs_spearman,,,0RZDK210BSMWAA6467LU,1GU15S0GJ6PFNARO469W,171,0.06794871794871794
bgs_spearman,,,0RZDK210BSMWAA6467LU,1GU15S0GJ6PFNARO469W,172,-0.21327838827838827
bgs_spearman,,,0RZDK210BSMWAA6467LU,1GU15S0GJ6PFNARO469W,173,-0.0788003663003663
bgs_spearman,,,0RZDK210BSMWAA6467LU,1GU15S0GJ6PFNARO469W,174,0.06538461538461537
bgs_spearman,,,0RZDK210BSMWAA6467LU,1GU15S0GJ6PFNARO469W,175,0.03928571428571428
bgs_spearman,,,0RZDK210BSMWAA6467LU,1GU15S0GJ6PFNARO469W,176,0.03617216117216117
bgs_spearman,,,0RZDK210BSMWAA6467LU,1GU15S0GJ6PFNARO469W,177,-0.11739926739926738
bgs_spearman,,,0RZDK210BSMWAA6467LU,1GU15S0GJ6PFNARO469W,178,0.02678571428571428
bgs_spearman,,,0RZDK210BSMWAA6467LU,1GU15S0GJ6PFNARO469W,179,0.332051282051282
bgs_spearman,,,0RZDK210BSMWAA6467LU,1GU15S0GJ6PFNARO469W,180,0.06895604395604396
bgs_spearman,,,0RZDK210BSMWAA6467LU,1GU15S0GJ6PFNARO469W,181,-0.07339743589743589
bgs_spearman,,,0RZDK210BSMWAA6467LU,1GU15S0GJ6PFNARO469W,182,0.12353479853479853
bgs_spearman,,,0RZDK210BSMWAA6467LU,1GU15S0GJ6PFNARO469W,183,0.028159340659340656
bgs_spearman,,,0RZDK210BSMWAA6467LU,1GU15S0GJ6PFNARO469W,184,-0.0677197802197802
bgs_spearman,,,0RZDK210BSMWAA6467LU,1GU15S0GJ6PFNARO469W,185,-0.020238095238095236
bgs_spearman,,,0RZDK210BSMWAA6467LU,1GU15S0GJ6PFNARO469W,186,-0.06295787545787544
bgs_spearman,,,0RZDK210BSMWAA6467LU,1GU15S0GJ6PFNARO469W,187,0.2335164835164835
bgs_spearman,,,0RZDK210BSMWAA6467LU,1GU15S0GJ6PFNARO469W,188,-0.07944139194139194
bgs_spearman,,,0RZDK210BSMWAA6467LU,1GU15S0GJ6PFNARO469W,189,0.13402014652014652
bgs_spearman,,,0RZDK210BSMWAA6467LU,1GU15S0GJ6PFNARO469W,190,-0.04812271062271061
bgs_spearman,,,0RZDK210BSMWAA6467LU,1GU15S0GJ6PFNARO469W,191,-0.23965201465201463
bgs_spearman,,,0RZDK210BSMWAA6467LU,1GU15S0GJ6PFNARO469W,192,-0.014056776556776554
bgs_spearman,,,0RZDK210BSMWAA6467LU,1GU15S0GJ6PFNARO469W,193,0.11249999999999999
bgs_spearman,,,0RZDK210BSMWAA6467LU,1GU15S0GJ6PFNARO469W,194,-0.1151098901098901
bgs_spearman,,,0RZDK210BSMWAA6467LU,1GU15S0GJ6PFNARO469W,195,0.09143772893772892
bgs_spearman,,,0RZDK210BSMWAA6467LU,1GU15S0GJ6PFNARO469W,196,-0.1262362637362637
bgs_spearman,,,0RZDK210BSMWAA6467LU,1GU15S0GJ6PFNARO469W,197,-0.060897435897435896
bgs_spearman,,,0RZDK210BSMWAA6467LU,1GU15S0GJ6PFNARO469W,198,-0.0923076923076923
bgs_spearman,,,0RZDK210BSMWAA6467LU,1GU15S0GJ6PFNARO469W,199,-0.21364468864468864
bgs_spearman,,,0RZDK210BSMWAA6467LU,1MHBF3G6DCPWHSKG7XCP,0,-0.1943223443223443
bgs_spearman,,,0RZDK210BSMWAA6467LU,1MHBF3G6DCPWHSKG7XCP,1,0.03933150183150183
bgs_spearman,,,0RZDK210BSMWAA6467LU,1MHBF3G6DCPWHSKG7XCP,2,0.1831043956043956
bgs_spearman,,,0RZDK210BSMWAA6467LU,1MHBF3G6DCPWHSKG7XCP,3,-0.07843406593406592
bgs_spearman,,,0RZDK210BSMWAA6467LU,1MHBF3G6DCPWHSKG7XCP,4,0.11698717948717947
bgs_spearman,,,0RZDK210BSMWAA6467LU,1MHBF3G6DCPWHSKG7XCP,5,-0.17234432234432231
bgs_spearman,,,0RZDK210BSMWAA6467LU,1MHBF3G6DCPWHSKG7XCP,6,-0.11698717948717947
bgs_spearman,,,0RZDK210BSMWAA6467LU,1MHBF3G6DCPWHSKG7XCP,7,0.15448717948717947
bgs_spearman,,,0RZDK210BSMWAA6467LU,1MHBF3G6DCPWHSKG7XCP,8,0.0011904761904761904
bgs_spearman,,,0RZDK210BSMWAA6467LU,1MHBF3G6DCPWHSKG7XCP,9,-0.03855311355311355
bgs_spearman,,,0RZDK210BSMWAA6467LU,1MHBF3G6DCPWHSKG7XCP,10,0.2504578754578754
bgs_spearman,,,0RZDK210BSMWAA6467LU,1MHBF3G6DCPWHSKG7XCP,11,0.15366300366300364
bgs_spearman,,,0RZDK210BSMWAA6467LU,1MHBF3G6DCPWHSKG7XCP,12,-0.07440476190476189
bgs_spearman,,,0RZDK210BSMWAA6467LU,1MHBF3G6DCPWHSKG7XCP,13,-0.1953296703296703
bgs_spearman,,,0RZDK210BSMWAA6467LU,1MHBF3G6DCPWHSKG7XCP,14,0.18841575091575088
bgs_spearman,,,0RZDK210BSMWAA6467LU,1MHBF3G6DCPWHSKG7XCP,15,0.019184981684981683
bgs_spearman,,,0RZDK210BSMWAA6467LU,1MHBF3G6DCPWHSKG7XCP,16,0.22152014652014645
bgs_spearman,,,0RZDK210BSMWAA6467LU,1MHBF3G6DCPWHSKG7XCP,17,0.03397435897435897
bgs_spearman,,,0RZDK210BSMWAA6467LU,1MHBF3G6DCPWHSKG7XCP,18,0.049679487179487176
bgs_spearman,,,0RZDK210BSMWAA6467LU,1MHBF3G6DCPWHSKG7XCP,19,0.01964285714285714
bgs_spearman,,,0RZDK210BSMWAA6467LU,1MHBF3G6DCPWHSKG7XCP,20,0.04015567765567765
bgs_spearman,,,0RZDK210BSMWAA6467LU,1MHBF3G6DCPWHSKG7XCP,21,-0.16465201465201465
bgs_spearman,,,0RZDK210BSMWAA6467LU,1MHBF3G6DCPWHSKG7XCP,22,-0.15467032967032965
bgs_spearman,,,0RZDK210BSMWAA6467LU,1MHBF3G6DCPWHSKG7XCP,23,0.06492673992673992
bgs_spearman,,,0RZDK210BSMWAA6467LU,1MHBF3G6DCPWHSKG7XCP,24,0.12614468864468864
bgs_spearman,,,0RZDK210BSMWAA6467LU,1MHBF3G6DCPWHSKG7XCP,25,0.07467948717948716
bgs_spearman,,,0RZDK210BSMWAA6467LU,1MHBF3G6DCPWHSKG7XCP,26,-0.1527930402930403
bgs_spearman,,,0RZDK210BSMWAA6467LU,1MHBF3G6DCPWHSKG7XCP,27,-0.017445054945054946
bgs_spearman,,,0RZDK210BSMWAA6467LU,1MHBF3G6DCPWHSKG7XCP,28,-0.0407051282051282
bgs_spearman,,,0RZDK210BSMWAA6467LU,1MHBF3G6DCPWHSKG7XCP,29,0.03328754578754578
bgs_spearman,,,0RZDK210BSMWAA6467LU,1MHBF3G6DCPWHSKG7XCP,30,-0.0657051282051282
bgs_spearman,,,0RZDK210BSMWAA6467LU,1MHBF3G6DCPWHSKG7XCP,31,0.1911172161172161
bgs_spearman,,,0RZDK210BSMWAA6467LU,1MHBF3G6DCPWHSKG7XCP,32,0.030357142857142857
bgs_spearman,,,0RZDK210BSMWAA6467LU,1MHBF3G6DCPWHSKG7XCP,33,0.15187728937728934
bgs_spearman,,,0RZDK210BSMWAA6467LU,1MHBF3G6DCPWHSKG7XCP,34,-0.09803113553113552
bgs_spearman,,,0RZDK210BSMWAA6467LU,1MHBF3G6DCPWHSKG7XCP,35,0.21304945054945051
bgs_spearman,,,0RZDK210BSMWAA6467LU,1MHBF3G6DCPWHSKG7XCP,36,-0.16488095238095238
bgs_spearman,,,0RZDK210BSMWAA6467LU,1MHBF3G6DCPWHSKG7XCP,37,0.11231684981684982
bgs_spearman,,,0RZDK210BSMWAA6467LU,1MHBF3G6DCPWHSKG7XCP,38,-0.1984432234432234
bgs_spearman,,,0RZDK210BSMWAA6467LU,1MHBF3G6DCPWHSKG7XCP,39,-0.03003663003663003
bgs_spearman,,,0RZDK210BSMWAA6467LU,1MHBF3G6DCPWHSKG7XCP,40,-0.16254578754578752
bgs_spearman,,,0RZDK210BSMWAA6467LU,1MHBF3G6DCPWHSKG7XCP,41,-0.04789377289377288
bgs_spearman,,,0RZDK210BSMWAA6467LU,1MHBF3G6DCPWHSKG7XCP,42,0.22554945054945053
bgs_spearman,,,0RZDK210BSMWAA6467LU,1MHBF3G6DCPWHSKG7XCP,43,0.12532051282051282
bgs_spearman,,,0RZDK210BSMWAA6467LU,1MHBF3G6DCPWHSKG7XCP,44,0.07335164835164834
bgs_spearman,,,0RZDK210BSMWAA6467LU,1MHBF3G6DCPWHSKG7XCP,45,0.10929487179487178
bgs_spearman,,,0RZDK210BSMWAA6467LU,1MHBF3G6DCPWHSKG7XCP,46,-0.01735347985347985
bgs_spearman,,,0RZDK210BSMWAA6467LU,1MHBF3G6DCPWHSKG7XCP,47,0.09065934065934066
bgs_spearman,,,0RZDK210BSMWAA6467LU,1MHBF3G6DCPWHSKG7XCP,48,0.036217948717948714
bgs_spearman,,,0RZDK210BSMWAA6467LU,1MHBF3G6DCPWHSKG7XCP,49,0.06689560439560438
bgs_spearman,,,0RZDK210BSMWAA6467LU,1MHBF3G6DCPWHSKG7XCP,50,-0.21378205128205122
bgs_spearman,,,0RZDK210BSMWAA6467LU,1MHBF3G6DCPWHSKG7XCP,51,-0.09175824175824174
bgs_spearman,,,0RZDK210BSMWAA6467LU,1MHBF3G6DCPWHSKG7XCP,52,0.03937728937728937
bgs_spearman,,,0RZDK210BSMWAA6467LU,1MHBF3G6DCPWHSKG7XCP,53,0.014514652014652013
bgs_spearman,,,0RZDK210BSMWAA6467LU,1MHBF3G6DCPWHSKG7XCP,54,0.20801282051282047
bgs_spearman,,,0RZDK210BSMWAA6467LU,1MHBF3G6DCPWHSKG7XCP,55,0.04684065934065934
bgs_spearman,,,0RZDK210BSMWAA6467LU,1MHBF3G6DCPWHSKG7XCP,56,0.09999999999999999
bgs_spearman,,,0RZDK210BSMWAA6467LU,1MHBF3G6DCPWHSKG7XCP,57,-0.08992673992673991
bgs_spearman,,,0RZDK210BSMWAA6467LU,1MHBF3G6DCPWHSKG7XCP,58,-0.29340659340659336
bgs_spearman,,,0RZDK210BSMWAA6467LU,1MHBF3G6DCPWHSKG7XCP,59,-0.05782967032967032
bgs_spearman,,,0RZDK210BSMWAA6467LU,1MHBF3G6DCPWHSKG7XCP,60,0.11355311355311354
bgs_spearman,,,0RZDK210BSMWAA6467LU,1MHBF3G6DCPWHSKG7XCP,61,-0.0451007326007326
bgs_spearman,,,0RZDK210BSMWAA6467LU,1MHBF3G6DCPWHSKG7XCP,62,0.18988095238095237
bgs_spearman,,,0RZDK210BSMWAA6467LU,1MHBF3G6DCPWHSKG7XCP,63,0.25705128205128197
bgs_spearman,,,0RZDK210BSMWAA6467LU,1MHBF3G6DCPWHSKG7XCP,64,0.10215201465201464
bgs_spearman,,,0RZDK210BSMWAA6467LU,1MHBF3G6DCPWHSKG7XCP,65,-0.05073260073260072
bgs_spearman,,,0RZDK210BSMWAA6467LU,1MHBF3G6DCPWHSKG7XCP,66,-0.10334249084249084
bgs_spearman,,,0RZDK210BSMWAA6467LU,1MHBF3G6DCPWHSKG7XCP,67,-0.16611721611721608
bgs_spearman,,,0RZDK210BSMWAA6467LU,1MHBF3G6DCPWHSKG7XCP,68,-0.0396062271062271
bgs_spearman,,,0RZDK210BSMWAA6467LU,1MHBF3G6DCPWHSKG7XCP,69,-0.1392857142857143
bgs_spearman,,,0RZDK210BSMWAA6467LU,1MHBF3G6DCPWHSKG7XCP,70,0.06066849816849816
bgs_spearman,,,0RZDK210BSMWAA6467LU,1MHBF3G6DCPWHSKG7XCP,71,0.14418498168498167
bgs_spearman,,,0RZDK210BSMWAA6467LU,1MHBF3G6DCPWHSKG7XCP,72,0.13800366300366299
bgs_spearman,,,0RZDK210BSMWAA6467LU,1MHBF3G6DCPWHSKG7XCP,73,-0.18937728937728934
bgs_spearman,,,0RZDK210BSMWAA6467LU,1MHBF3G6DCPWHSKG7XCP,74,0.2588369963369963
bgs_spearman,,,0RZDK210BSMWAA6467LU,1MHBF3G6DCPWHSKG7XCP,75,0.15206043956043955
bgs_spearman,,,0RZDK210BSMWAA6467LU,1MHBF3G6DCPWHSKG7XCP,76,0.05677655677655677
bgs_spearman,,,0RZDK210BSMWAA6467LU,1MHBF3G6DCPWHSKG7XCP,77,0.0074175824175824155
bgs_spearman,,,0RZDK210BSMWAA6467LU,1MHBF3G6DCPWHSKG7XCP,78,-0.08887362637362636
bgs_spearman,,,0RZDK210BSMWAA6467LU,1MHBF3G6DCPWHSKG7XCP,79,0.054029304029304025
bgs_spearman,,,0RZDK210BSMWAA6467LU,1MHBF3G6DCPWHSKG7XCP,80,0.07957875457875456
bgs_spearman,,,0RZDK210BSMWAA6467LU,1MHBF3G6DCPWHSKG7XCP,81,-0.20581501831501828
bgs_spearman,,,0RZDK210BSMWAA6467LU,1MHBF3G6DCPWHSKG7XCP,82,-0.1138278388278388
bgs_spearman,,,0RZDK210BSMWAA6467LU,1MHBF3G6DCPWHSKG7XCP,83,0.04134615384615384
bgs_spearman,,,0RZDK210BSMWAA6467LU,1MHBF3G6DCPWHSKG7XCP,84,0.0687271062271062
bgs_spearman,,,0RZDK210BSMWAA6467LU,1MHBF3G6DCPWHSKG7XCP,85,0.1926282051282051
bgs_spearman,,,0RZDK210BSMWAA6467LU,1MHBF3G6DCPWHSKG7XCP,86,-0.09949633699633698
bgs_spearman,,,0RZDK210BSMWAA6467LU,1MHBF3G6DCPWHSKG7XCP,87,-0.14798534798534796
bgs_spearman,,,0RZDK210BSMWAA6467LU,1MHBF3G6DCPWHSKG7XCP,88,-0.07614468864468864
bgs_spearman,,,0RZDK210BSMWAA6467LU,1MHBF3G6DCPWHSKG7XCP,89,-0.02454212454212454
bgs_spearman,,,0RZDK210BSMWAA6467LU,1MHBF3G6DCPWHSKG7XCP,90,0.14963369963369963
bgs_spearman,,,0RZDK210BSMWAA6467LU,1MHBF3G6DCPWHSKG7XCP,91,0.08177655677655676
bgs_spearman,,,0RZDK210BSMWAA6467LU,1MHBF3G6DCPWHSKG7XCP,92,0.06369047619047619
bgs_spearman,,,0RZDK210BSMWAA6467LU,1MHBF3G6DCPWHSKG7XCP,93,-0.19638278388278385
bgs_spearman,,,0RZDK210BSMWAA6467LU,1MHBF3G6DCPWHSKG7XCP,94,0.12206959706959707
bgs_spearman,,,0RZDK210BSMWAA6467LU,1MHBF3G6DCPWHSKG7XCP,95,0.007554945054945055
bgs_spearman,,,0RZDK210BSMWAA6467LU,1MHBF3G6DCPWHSKG7XCP,96,0.017536630036630037
bgs_spearman,,,0RZDK210BSMWAA6467LU,1MHBF3G6DCPWHSKG7XCP,97,-0.08759157509157509
bgs_spearman,,,0RZDK210BSMWAA6467LU,1MHBF3G6DCPWHSKG7XCP,98,0.01639194139194139
bgs_spearman,,,0RZDK210BSMWAA6467LU,1MHBF3G6DCPWHSKG7XCP,99,0.1779304029304029
bgs_spearman,,,0RZDK210BSMWAA6467LU,1MHBF3G6DCPWHSKG7XCP,100,-0.05384615384615384
bgs_spearman,,,0RZDK210BSMWAA6467LU,1MHBF3G6DCPWHSKG7XCP,101,0.12655677655677655
bgs_spearman,,,0RZDK210BSMWAA6467LU,1MHBF3G6DCPWHSKG7XCP,102,-0.13003663003663002
bgs_spearman,,,0RZDK210BSMWAA6467LU,1MHBF3G6DCPWHSKG7XCP,103,-0.10457875457875457
bgs_spearman,,,0RZDK210BSMWAA6467LU,1MHBF3G6DCPWHSKG7XCP,104,0.006639194139194138
bgs_spearman,,,0RZDK210BSMWAA6467LU,1MHBF3G6DCPWHSKG7XCP,105,-0.0077380952380952375
bgs_spearman,,,0RZDK210BSMWAA6467LU,1MHBF3G6DCPWHSKG7XCP,106,-0.09546703296703296
bgs_spearman,,,0RZDK210BSMWAA6467LU,1MHBF3G6DCPWHSKG7XCP,107,-0.05879120879120879
bgs_spearman,,,0RZDK210BSMWAA6467LU,1MHBF3G6DCPWHSKG7XCP,108,-0.0951007326007326
bgs_spearman,,,0RZDK210BSMWAA6467LU,1MHBF3G6DCPWHSKG7XCP,109,0.09322344322344321
bgs_spearman,,,0RZDK210BSMWAA6467LU,1MHBF3G6DCPWHSKG7XCP,110,-0.03337912087912088
bgs_spearman,,,0RZDK210BSMWAA6467LU,1MHBF3G6DCPWHSKG7XCP,111,-0.28466117216117215
bgs_spearman,,,0RZDK210BSMWAA6467LU,1MHBF3G6DCPWHSKG7XCP,112,0.0412087912087912
bgs_spearman,,,0RZDK210BSMWAA6467LU,1MHBF3G6DCPWHSKG7XCP,113,0.1261904761904762
bgs_spearman,,,0RZDK210BSMWAA6467LU,1MHBF3G6DCPWHSKG7XCP,114,0.0043040293040293035
bgs_spearman,,,0RZDK210BSMWAA6467LU,1MHBF3G6DCPWHSKG7XCP,115,0.11849816849816848
bgs_spearman,,,0RZDK210BSMWAA6467LU,1MHBF3G6DCPWHSKG7XCP,116,0.1392857142857143
bgs_spearman,,,0RZDK210BSMWAA6467LU,1MHBF3G6DCPWHSKG7XCP,117,0.06863553113553113
bgs_spearman,,,0RZDK210BSMWAA6467LU,1MHBF3G6DCPWHSKG7XCP,118,0.1426282051282051
bgs_spearman,,,0RZDK210BSMWAA6467LU,1MHBF3G6DCPWHSKG7XCP,119,-0.04697802197802197
bgs_spearman,,,0RZDK210BSMWAA6467LU,1MHBF3G6DCPWHSKG7XCP,120,0.1814102564102564
bgs_spearman,,,0RZDK210BSMWAA6467LU,1MHBF3G6DCPWHSKG7XCP,121,0.13484432234432234
bgs_spearman,,,0RZDK210BSMWAA6467LU,1MHBF3G6DCPWHSKG7XCP,122,-0.016849816849816845
bgs_spearman,,,0RZDK210BSMWAA6467LU,1MHBF3G6DCPWHSKG7XCP,123,-0.26588827838827833
bgs_spearman,,,0RZDK210BSMWAA6467LU,1MHBF3G6DCPWHSKG7XCP,124,0.1374542124542124
bgs_spearman,,,0RZDK210BSMWAA6467LU,1MHBF3G6DCPWHSKG7XCP,125,0.0695054945054945
bgs_spearman,,,0RZDK210BSMWAA6467LU,1MHBF3G6DCPWHSKG7XCP,126,0.0173992673992674
bgs_spearman,,,0RZDK210BSMWAA6467LU,1MHBF3G6DCPWHSKG7XCP,127,-0.018315018315018312
bgs_spearman,,,0RZDK210BSMWAA6467LU,1MHBF3G6DCPWHSKG7XCP,128,-0.13315018315018312
bgs_spearman,,,0RZDK210BSMWAA6467LU,1MHBF3G6DCPWHSKG7XCP,129,-0.005219780219780219
bgs_spearman,,,0RZDK210BSMWAA6467LU,1MHBF3G6DCPWHSKG7XCP,130,0.10315934065934064
bgs_spearman,,,0RZDK210BSMWAA6467LU,1MHBF3G6DCPWHSKG7XCP,131,0.06506410256410255
bgs_spearman,,,0RZDK210BSMWAA6467LU,1MHBF3G6DCPWHSKG7XCP,132,0.023031135531135526
bgs_spearman,,,0RZDK210BSMWAA6467LU,1MHBF3G6DCPWHSKG7XCP,133,-0.04601648351648351
bgs_spearman,,,0RZDK210BSMWAA6467LU,1MHBF3G6DCPWHSKG7XCP,134,0.09885531135531134
bgs_spearman,,,0RZDK210BSMWAA6467LU,1MHBF3G6DCPWHSKG7XCP,135,-0.03397435897435897
bgs_spearman,,,0RZDK210BSMWAA6467LU,1MHBF3G6DCPWHSKG7XCP,136,0.21515567765567764
bgs_spearman,,,0RZDK210BSMWAA6467LU,1MHBF3G6DCPWHSKG7XCP,137,-0.1732142857142857
bgs_spearman,,,0RZDK210BSMWAA6467LU,1MHBF3G6DCPWHSKG7XCP,138,-0.0776098901098901
bgs_spearman,,,0RZDK210BSMWAA6467LU,1MHBF3G6DCPWHSKG7XCP,139,0.03438644688644688
bgs_spearman,,,0RZDK210BSMWAA6467LU,1MHBF3G6DCPWHSKG7XCP,140,0.04006410256410256
bgs_spearman,,,0RZDK210BSMWAA6467LU,1MHBF3G6DCPWHSKG7XCP,141,-0.06982600732600733
bgs_spearman,,,0RZDK210BSMWAA6467LU,1MHBF3G6DCPWHSKG7XCP,142,-0.09963369963369961
bgs_spearman,,,0RZDK210BSMWAA6467LU,1MHBF3G6DCPWHSKG7XCP,143,0.03576007326007325
bgs_spearman,,,0RZDK210BSMWAA6467LU,1MHBF3G6DCPWHSKG7XCP,144,0.05686813186813185
bgs_spearman,,,0RZDK210BSMWAA6467LU,1MHBF3G6DCPWHSKG7XCP,145,-0.114010989010989
bgs_spearman,,,0RZDK210BSMWAA6467LU,1MHBF3G6DCPWHSKG7XCP,146,0.10874542124542122
bgs_spearman,,,0RZDK210BSMWAA6467LU,1MHBF3G6DCPWHSKG7XCP,147,-0.08640109890109889
bgs_spearman,,,0RZDK210BSMWAA6467LU,1MHBF3G6DCPWHSKG7XCP,148,0.13186813186813184
bgs_spearman,,,0RZDK210BSMWAA6467LU,1MHBF3G6DCPWHSKG7XCP,149,0.05769230769230769
bgs_spearman,,,0RZDK210BSMWAA6467LU,1MHBF3G6DCPWHSKG7XCP,150,0.1671245421245421
bgs_spearman,,,0RZDK210BSMWAA6467LU,1MHBF3G6DCPWHSKG7XCP,151,0.2979853479853479
bgs_spearman,,,0RZDK210BSMWAA6467LU,1MHBF3G6DCPWHSKG7XCP,152,-0.1924450549450549
bgs_spearman,,,0RZDK210BSMWAA6467LU,1MHBF3G6DCPWHSKG7XCP,153,0.014652014652014652
bgs_spearman,,,0RZDK210BSMWAA6467LU,1MHBF3G6DCPWHSKG7XCP,154,0.07724358974358973
bgs_spearman,,,0RZDK210BSMWAA6467LU,1MHBF3G6DCPWHSKG7XCP,155,-0.1229395604395604
bgs_spearman,,,0RZDK210BSMWAA6467LU,1MHBF3G6DCPWHSKG7XCP,156,0.1382783882783883
bgs_spearman,,,0RZDK210BSMWAA6467LU,1MHBF3G6DCPWHSKG7XCP,157,0.024999999999999998
bgs_spearman,,,0RZDK210BSMWAA6467LU,1MHBF3G6DCPWHSKG7XCP,158,-0.03873626373626373
bgs_spearman,,,0RZDK210BSMWAA6467LU,1MHBF3G6DCPWHSKG7XCP,159,-0.2984432234432234
bgs_spearman,,,0RZDK210BSMWAA6467LU,1MHBF3G6DCPWHSKG7XCP,160,0.12939560439560438
bgs_spearman,,,0RZDK210BSMWAA6467LU,1MHBF3G6DCPWHSKG7XCP,161,-0.0793040293040293
bgs_spearman,,,0RZDK210BSMWAA6467LU,1MHBF3G6DCPWHSKG7XCP,162,-0.05906593406593406
bgs_spearman,,,0RZDK210BSMWAA6467LU,1MHBF3G6DCPWHSKG7XCP,163,-0.12335164835164833
bgs_spearman,,,0RZDK210BSMWAA6467LU,1MHBF3G6DCPWHSKG7XCP,164,-0.05022893772893772
bgs_spearman,,,0RZDK210BSMWAA6467LU,1MHBF3G6DCPWHSKG7XCP,165,-0.10663919413919414
bgs_spearman,,,0RZDK210BSMWAA6467LU,1MHBF3G6DCPWHSKG7XCP,166,-0.005952380952380951
bgs_spearman,,,0RZDK210BSMWAA6467LU,1MHBF3G6DCPWHSKG7XCP,167,0.2684981684981685
bgs_spearman,,,0RZDK210BSMWAA6467LU,1MHBF3G6DCPWHSKG7XCP,168,-0.04317765567765567
bgs_spearman,,,0RZDK210BSMWAA6467LU,1MHBF3G6DCPWHSKG7XCP,169,0.05897435897435897
bgs_spearman,,,0RZDK210BSMWAA6467LU,1MHBF3G6DCPWHSKG7XCP,170,0.24816849816849815
bgs_spearman,,,0RZDK210BSMWAA6467LU,1MHBF3G6DCPWHSKG7XCP,171,-0.05201465201465202
bgs_spearman,,,0RZDK210BSMWAA6467LU,1MHBF3G6DCPWHSKG7XCP,172,-0.15009157509157509
bgs_spearman,,,0RZDK210BSMWAA6467LU,1MHBF3G6DCPWHSKG7XCP,173,0.18617216117216112
bgs_spearman,,,0RZDK210BSMWAA6467LU,1MHBF3G6DCPWHSKG7XCP,174,-0.003021978021978021
bgs_spearman,,,0RZDK210BSMWAA6467LU,1MHBF3G6DCPWHSKG7XCP,175,0.0341117216117216
bgs_spearman,,,0RZDK210BSMWAA6467LU,1MHBF3G6DCPWHSKG7XCP,176,0.16080586080586076
bgs_spearman,,,0RZDK210BSMWAA6467LU,1MHBF3G6DCPWHSKG7XCP,177,-0.09445970695970696
bgs_spearman,,,0RZDK210BSMWAA6467LU,1MHBF3G6DCPWHSKG7XCP,178,0.00206043956043956
bgs_spearman,,,0RZDK210BSMWAA6467LU,1MHBF3G6DCPWHSKG7XCP,179,0.042078754578754575
bgs_spearman,,,0RZDK210BSMWAA6467LU,1MHBF3G6DCPWHSKG7XCP,180,-0.053891941391941374
bgs_spearman,,,0RZDK210BSMWAA6467LU,1MHBF3G6DCPWHSKG7XCP,181,0.0797161172161172
bgs_spearman,,,0RZDK210BSMWAA6467LU,1MHBF3G6DCPWHSKG7XCP,182,0.1961996336996337
bgs_spearman,,,0RZDK210BSMWAA6467LU,1MHBF3G6DCPWHSKG7XCP,183,-0.17866300366300364
bgs_spearman,,,0RZDK210BSMWAA6467LU,1MHBF3G6DCPWHSKG7XCP,184,-0.06213369963369962
bgs_spearman,,,0RZDK210BSMWAA6467LU,1MHBF3G6DCPWHSKG7XCP,185,-0.20238095238095236
bgs_spearman,,,0RZDK210BSMWAA6467LU,1MHBF3G6DCPWHSKG7XCP,186,0.05975274725274724
bgs_spearman,,,0RZDK210BSMWAA6467LU,1MHBF3G6DCPWHSKG7XCP,187,-0.052472527472527467
bgs_spearman,,,0RZDK210BSMWAA6467LU,1MHBF3G6DCPWHSKG7XCP,188,0.20146520146520144
bgs_spearman,,,0RZDK210BSMWAA6467LU,1MHBF3G6DCPWHSKG7XCP,189,-0.01510989010989011
bgs_spearman,,,0RZDK210BSMWAA6467LU,1MHBF3G6DCPWHSKG7XCP,190,0.03814102564102564
bgs_spearman,,,0RZDK210BSMWAA6467LU,1MHBF3G6DCPWHSKG7XCP,191,0.16336996336996334
bgs_spearman,,,0RZDK210BSMWAA6467LU,1MHBF3G6DCPWHSKG7XCP,192,0.2292124542124542
bgs_spearman,,,0RZDK210BSMWAA6467LU,1MHBF3G6DCPWHSKG7XCP,193,0.11607142857142855
bgs_spearman,,,0RZDK210BSMWAA6467LU,1MHBF3G6DCPWHSKG7XCP,194,-0.051327838827838826
bgs_spearman,,,0RZDK210BSMWAA6467LU,1MHBF3G6DCPWHSKG7XCP,195,-0.17541208791208787
bgs_spearman,,,0RZDK210BSMWAA6467LU,1MHBF3G6DCPWHSKG7XCP,196,0.13420329670329667
bgs_spearman,,,0RZDK210BSMWAA6467LU,1MHBF3G6DCPWHSKG7XCP,197,0.05251831501831501
bgs_spearman,,,0RZDK210BSMWAA6467LU,1MHBF3G6DCPWHSKG7XCP,198,-0.1052197802197802
bgs_spearman,,,0RZDK210BSMWAA6467LU,1MHBF3G6DCPWHSKG7XCP,199,-0.07394688644688645
bgs_spearman,,,0RZDK210BSMWAA6467LU,23X6SY44VT9KFHR7S7OC,0,0.055906593406593395
bgs_spearman,,,0RZDK210BSMWAA6467LU,23X6SY44VT9KFHR7S7OC,1,-0.014010989010989008
bgs_spearman,,,0RZDK210BSMWAA6467LU,23X6SY44VT9KFHR7S7OC,2,-0.05828754578754579
bgs_spearman,,,0RZDK210BSMWAA6467LU,23X6SY44VT9KFHR7S7OC,3,-0.17509157509157508
bgs_spearman,,,0RZDK210BSMWAA6467LU,23X6SY44VT9KFHR7S7OC,4,0.012728937728937727
bgs_spearman,,,0RZDK210BSMWAA6467LU,23X6SY44VT9KFHR7S7OC,5,0.023397435897435894
bgs_spearman,,,0RZDK210BSMWAA6467LU,23X6SY44VT9KFHR7S7OC,6,9.157509157509156e-05
bgs_spearman,,,0RZDK210BSMWAA6467LU,23X6SY44VT9KFHR7S7OC,7,-0.10375457875457875
bgs_spearman,,,0RZDK210BSMWAA6467LU,23X6SY44VT9KFHR7S7OC,8,-0.04253663003663003
bgs_spearman,,,0RZDK210BSMWAA6467LU,23X6SY44VT9KFHR7S7OC,9,-0.0005036630036630036
bgs_spearman,,,0RZDK210BSMWAA6467LU,23X6SY44VT9KFHR7S7OC,10,-0.09336080586080585
bgs_spearman,,,0RZDK210BSMWAA6467LU,23X6SY44VT9KFHR7S7OC,11,0.03452380952380952
bgs_spearman,,,0RZDK210BSMWAA6467LU,23X6SY44VT9KFHR7S7OC,12,-0.04935897435897436
bgs_spearman,,,0RZDK210BSMWAA6467LU,23X6SY44VT9KFHR7S7OC,13,0.03173076923076923
bgs_spearman,,,0RZDK210BSMWAA6467LU,23X6SY44VT9KFHR7S7OC,14,-0.048580586080586075
bgs_spearman,,,0RZDK210BSMWAA6467LU,23X6SY44VT9KFHR7S7OC,15,-0.04835164835164834
bgs_spearman,,,0RZDK210BSMWAA6467LU,23X6SY44VT9KFHR7S7OC,16,-0.18598901098901097
bgs_spearman,,,0RZDK210BSMWAA6467LU,23X6SY44VT9KFHR7S7OC,17,-0.2337454212454212
bgs_spearman,,,0RZDK210BSMWAA6467LU,23X6SY44VT9KFHR7S7OC,18,0.011858974358974357
bgs_spearman,,,0RZDK210BSMWAA6467LU,23X6SY44VT9KFHR7S7OC,19,0.2480311355311355
bgs_spearman,,,0RZDK210BSMWAA6467LU,23X6SY44VT9KFHR7S7OC,20,0.05480769230769231
bgs_spearman,,,0RZDK210BSMWAA6467LU,23X6SY44VT9KFHR7S7OC,21,-0.13594322344322343
bgs_spearman,,,0RZDK210BSMWAA6467LU,23X6SY44VT9KFHR7S7OC,22,-0.013507326007326006
bgs_spearman,,,0RZDK210BSMWAA6467LU,23X6SY44VT9KFHR7S7OC,23,-0.011996336996336994
bgs_spearman,,,0RZDK210BSMWAA6467LU,23X6SY44VT9KFHR7S7OC,24,0.1043040293040293
bgs_spearman,,,0RZDK210BSMWAA6467LU,23X6SY44VT9KFHR7S7OC,25,-0.024450549450549447
bgs_spearman,,,0RZDK210BSMWAA6467LU,23X6SY44VT9KFHR7S7OC,26,0.03685897435897435
bgs_spearman,,,0RZDK210BSMWAA6467LU,23X6SY44VT9KFHR7S7OC,27,-0.2214285714285714
bgs_spearman,,,0RZDK210BSMWAA6467LU,23X6SY44VT9KFHR7S7OC,28,-0.1086996336996337
bgs_spearman,,,0RZDK210BSMWAA6467LU,23X6SY44VT9KFHR7S7OC,29,0.0007326007326007325
bgs_spearman,,,0RZDK210BSMWAA6467LU,23X6SY44VT9KFHR7S7OC,30,0.009752747252747253
bgs_spearman,,,0RZDK210BSMWAA6467LU,23X6SY44VT9KFHR7S7OC,31,0.18928571428571428
bgs_spearman,,,0RZDK210BSMWAA6467LU,23X6SY44VT9KFHR7S7OC,32,0.06158424908424908
bgs_spearman,,,0RZDK210BSMWAA6467LU,23X6SY44VT9KFHR7S7OC,33,-0.21808608058608053
bgs_spearman,,,0RZDK210BSMWAA6467LU,23X6SY44VT9KFHR7S7OC,34,0.007234432234432234
bgs_spearman,,,0RZDK210BSMWAA6467LU,23X6SY44VT9KFHR7S7OC,35,0.11300366300366299
bgs_spearman,,,0RZDK210BSMWAA6467LU,23X6SY44VT9KFHR7S7OC,36,0.027838827838827837
bgs_spearman,,,0RZDK210BSMWAA6467LU,23X6SY44VT9KFHR7S7OC,37,0.05782967032967032
bgs_spearman,,,0RZDK210BSMWAA6467LU,23X6SY44VT9KFHR7S7OC,38,0.2007326007326007
bgs_spearman,,,0RZDK210BSMWAA6467LU,23X6SY44VT9KFHR7S7OC,39,0.020146520146520144
bgs_spearman,,,0RZDK210BSMWAA6467LU,23X6SY44VT9KFHR7S7OC,40,0.05975274725274724
bgs_spearman,,,0RZDK210BSMWAA6467LU,23X6SY44VT9KFHR7S7OC,41,0.20315934065934063
bgs_spearman,,,0RZDK210BSMWAA6467LU,23X6SY44VT9KFHR7S7OC,42,0.179532967032967
bgs_spearman,,,0RZDK210BSMWAA6467LU,23X6SY44VT9KFHR7S7OC,43,0.11410256410256407
bgs_spearman,,,0RZDK210BSMWAA6467LU,23X6SY44VT9KFHR7S7OC,44,-0.06909340659340658
bgs_spearman,,,0RZDK210BSMWAA6467LU,23X6SY44VT9KFHR7S7OC,45,0.056227106227106215
bgs_spearman,,,0RZDK210BSMWAA6467LU,23X6SY44VT9KFHR7S7OC,46,0.029899267399267397
bgs_spearman,,,0RZDK210BSMWAA6467LU,23X6SY44VT9KFHR7S7OC,47,0.0347069597069597
bgs_spearman,,,0RZDK210BSMWAA6467LU,23X6SY44VT9KFHR7S7OC,48,0.12751831501831498
bgs_spearman,,,0RZDK210BSMWAA6467LU,23X6SY44VT9KFHR7S7OC,49,-0.017445054945054946
bgs_spearman,,,0RZDK210BSMWAA6467LU,23X6SY44VT9KFHR7S7OC,50,0.020146520146520144
bgs_spearman,,,0RZDK210BSMWAA6467LU,23X6SY44VT9KFHR7S7OC,51,-0.1860347985347985
bgs_spearman,,,0RZDK210BSMWAA6467LU,23X6SY44VT9KFHR7S7OC,52,0.050503663003663
bgs_spearman,,,0RZDK210BSMWAA6467LU,23X6SY44VT9KFHR7S7OC,53,-0.08035714285714285
bgs_spearman,,,0RZDK210BSMWAA6467LU,23X6SY44VT9KFHR7S7OC,54,0.12916666666666665
bgs_spearman,,,0RZDK210BSMWAA6467LU,23X6SY44VT9KFHR7S7OC,55,0.03296703296703296
bgs_spearman,,,0RZDK210BSMWAA6467LU,23X6SY44VT9KFHR7S7OC,56,-0.002701465201465201
bgs_spearman,,,0RZDK210BSMWAA6467LU,23X6SY44VT9KFHR7S7OC,57,0.21437728937728937
bgs_spearman,,,0RZDK210BSMWAA6467LU,23X6SY44VT9KFHR7S7OC,58,0.003937728937728938
bgs_spearman,,,0RZDK210BSMWAA6467LU,23X6SY44VT9KFHR7S7OC,59,0.003663003663003663
bgs_spearman,,,0RZDK210BSMWAA6467LU,23X6SY44VT9KFHR7S7OC,60,0.03809523809523809
bgs_spearman,,,0RZDK210BSMWAA6467LU,23X6SY44VT9KFHR7S7OC,61,-0.16410256410256407
bgs_spearman,,,0RZDK210BSMWAA6467LU,23X6SY44VT9KFHR7S7OC,62,0.011675824175824174
bgs_spearman,,,0RZDK210BSMWAA6467LU,23X6SY44VT9KFHR7S7OC,63,0.05851648351648351
bgs_spearman,,,0RZDK210BSMWAA6467LU,23X6SY44VT9KFHR7S7OC,64,0.22289377289377285
bgs_spearman,,,0RZDK210BSMWAA6467LU,23X6SY44VT9KFHR7S7OC,65,-0.077518315018315
bgs_spearman,,,0RZDK210BSMWAA6467LU,23X6SY44VT9KFHR7S7OC,66,-0.19679487179487176
bgs_spearman,,,0RZDK210BSMWAA6467LU,23X6SY44VT9KFHR7S7OC,67,0.1871336996336996
bgs_spearman,,,0RZDK210BSMWAA6467LU,23X6SY44VT9KFHR7S7OC,68,-0.11323260073260073
bgs_spearman,,,0RZDK210BSMWAA6467LU,23X6SY44VT9KFHR7S7OC,69,0.17541208791208787
bgs_spearman,,,0RZDK210BSMWAA6467LU,23X6SY44VT9KFHR7S7OC,70,0.07527472527472527
bgs_spearman,,,0RZDK210BSMWAA6467LU,23X6SY44VT9KFHR7S7OC,71,-0.08456959706959706
bgs_spearman,,,0RZDK210BSMWAA6467LU,23X6SY44VT9KFHR7S7OC,72,-0.08127289377289376
bgs_spearman,,,0RZDK210BSMWAA6467LU,23X6SY44VT9KFHR7S7OC,73,0.06662087912087912
bgs_spearman,,,0RZDK210BSMWAA6467LU,23X6SY44VT9KFHR7S7OC,74,0.0715201465201465
bgs_spearman,,,0RZDK210BSMWAA6467LU,23X6SY44VT9KFHR7S7OC,75,0.007234432234432234
bgs_spearman,,,0RZDK210BSMWAA6467LU,23X6SY44VT9KFHR7S7OC,76,-0.07408424908424907
bgs_spearman,,,0RZDK210BSMWAA6467LU,23X6SY44VT9KFHR7S7OC,77,-0.0007326007326007325
bgs_spearman,,,0RZDK210BSMWAA6467LU,23X6SY44VT9KFHR7S7OC,78,0.033928571428571426
bgs_spearman,,,0RZDK210BSMWAA6467LU,23X6SY44VT9KFHR7S7OC,79,-0.05874542124542124
bgs_spearman,,,0RZDK210BSMWAA6467LU,23X6SY44VT9KFHR7S7OC,80,-0.05503663003663003
bgs_spearman,,,0RZDK210BSMWAA6467LU,23X6SY44VT9KFHR7S7OC,81,0.14152930402930403
bgs_spearman,,,0RZDK210BSMWAA6467LU,23X6SY44VT9KFHR7S7OC,82,-0.04583333333333333
bgs_spearman,,,0RZDK210BSMWAA6467LU,23X6SY44VT9KFHR7S7OC,83,0.20847069597069592
bgs_spearman,,,0RZDK210BSMWAA6467LU,23X6SY44VT9KFHR7S7OC,84,-0.18777472527472525
bgs_spearman,,,0RZDK210BSMWAA6467LU,23X6SY44VT9KFHR7S7OC,85,0.004807692307692307
bgs_spearman,,,0RZDK210BSMWAA6467LU,23X6SY44VT9KFHR7S7OC,86,-0.03896520146520146
bgs_spearman,,,0RZDK210BSMWAA6467LU,23X6SY44VT9KFHR7S7OC,87,0.12628205128205128
bgs_spearman,,,0RZDK210BSMWAA6467LU,23X6SY44VT9KFHR7S7OC,88,0.08580586080586079
bgs_spearman,,,0RZDK210BSMWAA6467LU,23X6SY44VT9KFHR7S7OC,89,0.14615384615384613
bgs_spearman,,,0RZDK210BSMWAA6467LU,23X6SY44VT9KFHR7S7OC,90,0.10984432234432233
bgs_spearman,,,0RZDK210BSMWAA6467LU,23X6SY44VT9KFHR7S7OC,91,0.21817765567765565
bgs_spearman,,,0RZDK210BSMWAA6467LU,23X6SY44VT9KFHR7S7OC,92,0.0341117216117216
bgs_spearman,,,0RZDK210BSMWAA6467LU,23X6SY44VT9KFHR7S7OC,93,-0.16996336996336994
bgs_spearman,,,0RZDK210BSMWAA6467LU,23X6SY44VT9KFHR7S7OC,94,-0.15998168498168497
bgs_spearman,,,0RZDK210BSMWAA6467LU,23X6SY44VT9KFHR7S7OC,95,0.12490842490842488
bgs_spearman,,,0RZDK210BSMWAA6467LU,23X6SY44VT9KFHR7S7OC,96,-0.029761904761904757
bgs_spearman,,,0RZDK210BSMWAA6467LU,23X6SY44VT9KFHR7S7OC,97,-0.02032967032967033
bgs_spearman,,,0RZDK210BSMWAA6467LU,23X6SY44VT9KFHR7S7OC,98,-0.033745421245421243
bgs_spearman,,,0RZDK210BSMWAA6467LU,23X6SY44VT9KFHR7S7OC,99,-0.07806776556776555
bgs_spearman,,,0RZDK210BSMWAA6467LU,23X6SY44VT9KFHR7S7OC,100,0.10860805860805861
bgs_spearman,,,0RZDK210BSMWAA6467LU,23X6SY44VT9KFHR7S7OC,101,-0.07156593406593405
bgs_spearman,,,0RZDK210BSMWAA6467LU,23X6SY44VT9KFHR7S7OC,102,-0.026144688644688642
bgs_spearman,,,0RZDK210BSMWAA6467LU,23X6SY44VT9KFHR7S7OC,103,0.16190476190476188
bgs_spearman,,,0RZDK210BSMWAA6467LU,23X6SY44VT9KFHR7S7OC,104,0.0945054945054945
bgs_spearman,,,0RZDK210BSMWAA6467LU,23X6SY44VT9KFHR7S7OC,105,0.1059981684981685
bgs_spearman,,,0RZDK210BSMWAA6467LU,23X6SY44VT9KFHR7S7OC,106,-0.04102564102564102
bgs_spearman,,,0RZDK210BSMWAA6467LU,23X6SY44VT9KFHR7S7OC,107,0.0526098901098901
bgs_spearman,,,0RZDK210BSMWAA6467LU,23X6SY44VT9KFHR7S7OC,108,-0.0047619047619047615
bgs_spearman,,,0RZDK210BSMWAA6467LU,23X6SY44VT9KFHR7S7OC,109,0.028571428571428574
bgs_spearman,,,0RZDK210BSMWAA6467LU,23X6SY44VT9KFHR7S7OC,110,0.027106227106227104
bgs_spearman,,,0RZDK210BSMWAA6467LU,23X6SY44VT9KFHR7S7OC,111,0.14510073260073258
bgs_spearman,,,0RZDK210BSMWAA6467LU,23X6SY44VT9KFHR7S7OC,112,0.057280219780219785
bgs_spearman,,,0RZDK210BSMWAA6467LU,23X6SY44VT9KFHR7S7OC,113,-0.06717032967032967
bgs_spearman,,,0RZDK210BSMWAA6467LU,23X6SY44VT9KFHR7S7OC,114,0.003525641025641025
bgs_spearman,,,0RZDK210BSMWAA6467LU,23X6SY44VT9KFHR7S7OC,115,0.0341117216117216
bgs_spearman,,,0RZDK210BSMWAA6467LU,23X6SY44VT9KFHR7S7OC,116,0.027289377289377286
bgs_spearman,,,0RZDK210BSMWAA6467LU,23X6SY44VT9KFHR7S7OC,117,-0.05256410256410256
bgs_spearman,,,0RZDK210BSMWAA6467LU,23X6SY44VT9KFHR7S7OC,118,0.04633699633699634
bgs_spearman,,,0RZDK210BSMWAA6467LU,23X6SY44VT9KFHR7S7OC,119,0.11048534798534795
bgs_spearman,,,0RZDK210BSMWAA6467LU,23X6SY44VT9KFHR7S7OC,120,0.028571428571428574
bgs_spearman,,,0RZDK210BSMWAA6467LU,23X6SY44VT9KFHR7S7OC,121,-0.3068681318681319
bgs_spearman,,,0RZDK210BSMWAA6467LU,23X6SY44VT9KFHR7S7OC,122,-0.029304029304029304
bgs_spearman,,,0RZDK210BSMWAA6467LU,23X6SY44VT9KFHR7S7OC,123,0.02184065934065934
bgs_spearman,,,0RZDK210BSMWAA6467LU,23X6SY44VT9KFHR7S7OC,124,-0.16799450549450545
bgs_spearman,,,0RZDK210BSMWAA6467LU,23X6SY44VT9KFHR7S7OC,125,-0.24954212454212454
bgs_spearman,,,0RZDK210BSMWAA6467LU,23X6SY44VT9KFHR7S7OC,126,-0.08681318681318681
bgs_spearman,,,0RZDK210BSMWAA6467LU,23X6SY44VT9KFHR7S7OC,127,-0.04093406593406593
bgs_spearman,,,0RZDK210BSMWAA6467LU,23X6SY44VT9KFHR7S7OC,128,-0.05755494505494505
bgs_spearman,,,0RZDK210BSMWAA6467LU,23X6SY44VT9KFHR7S7OC,129,0.017628205128205125
bgs_spearman,,,0RZDK210BSMWAA6467LU,23X6SY44VT9KFHR7S7OC,130,-0.05892857142857142
bgs_spearman,,,0RZDK210BSMWAA6467LU,23X6SY44VT9KFHR7S7OC,131,-0.004487179487179487
bgs_spearman,,,0RZDK210BSMWAA6467LU,23X6SY44VT9KFHR7S7OC,132,0.07156593406593405
bgs_spearman,,,0RZDK210BSMWAA6467LU,23X6SY44VT9KFHR7S7OC,133,-0.2570054945054945
bgs_spearman,,,0RZDK210BSMWAA6467LU,23X6SY44VT9KFHR7S7OC,134,0.08992673992673991
bgs_spearman,,,0RZDK210BSMWAA6467LU,23X6SY44VT9KFHR7S7OC,135,-0.23562271062271062
bgs_spearman,,,0RZDK210BSMWAA6467LU,23X6SY44VT9KFHR7S7OC,136,-0.08324175824175822
bgs_spearman,,,0RZDK210BSMWAA6467LU,23X6SY44VT9KFHR7S7OC,137,0.09862637362637361
bgs_spearman,,,0RZDK210BSMWAA6467LU,23X6SY44VT9KFHR7S7OC,138,-0.16185897435897434
bgs_spearman,,,0RZDK210BSMWAA6467LU,23X6SY44VT9KFHR7S7OC,139,0.08745421245421243
bgs_spearman,,,0RZDK210BSMWAA6467LU,23X6SY44VT9KFHR7S7OC,140,0.10068681318681319
bgs_spearman,,,0RZDK210BSMWAA6467LU,23X6SY44VT9KFHR7S7OC,141,-0.007371794871794872
bgs_spearman,,,0RZDK210BSMWAA6467LU,23X6SY44VT9KFHR7S7OC,142,0.05329670329670329
bgs_spearman,,,0RZDK210BSMWAA6467LU,23X6SY44VT9KFHR7S7OC,143,-0.03914835164835165
bgs_spearman,,,0RZDK210BSMWAA6467LU,23X6SY44VT9KFHR7S7OC,144,0.05883699633699632
bgs_spearman,,,0RZDK210BSMWAA6467LU,23X6SY44VT9KFHR7S7OC,145,0.09583333333333333
bgs_spearman,,,0RZDK210BSMWAA6467LU,23X6SY44VT9KFHR7S7OC,146,0.16639194139194136
bgs_spearman,,,0RZDK210BSMWAA6467LU,23X6SY44VT9KFHR7S7OC,147,-0.27962454212454213
bgs_spearman,,,0RZDK210BSMWAA6467LU,23X6SY44VT9KFHR7S7OC,148,-0.06918498168498168
bgs_spearman,,,0RZDK210BSMWAA6467LU,23X6SY44VT9KFHR7S7OC,149,0.028159340659340656
bgs_spearman,,,0RZDK210BSMWAA6467LU,23X6SY44VT9KFHR7S7OC,150,0.18928571428571428
bgs_spearman,,,0RZDK210BSMWAA6467LU,23X6SY44VT9KFHR7S7OC,151,0.0728021978021978
bgs_spearman,,,0RZDK210BSMWAA6467LU,23X6SY44VT9KFHR7S7OC,152,0.02921245421245421
bgs_spearman,,,0RZDK210BSMWAA6467LU,23X6SY44VT9KFHR7S7OC,153,0.1693223443223443
bgs_spearman,,,0RZDK210BSMWAA6467LU,23X6SY44VT9KFHR7S7OC,154,-0.09583333333333333
bgs_spearman,,,0RZDK210BSMWAA6467LU,23X6SY44VT9KFHR7S7OC,155,-0.13415750915750915
bgs_spearman,,,0RZDK210BSMWAA6467LU,23X6SY44VT9KFHR7S7OC,156,0.09555860805860805
bgs_spearman,,,0RZDK210BSMWAA6467LU,23X6SY44VT9KFHR7S7OC,157,-0.0700091575091575
bgs_spearman,,,0RZDK210BSMWAA6467LU,23X6SY44VT9KFHR7S7OC,158,0.06291208791208791
bgs_spearman,,,0RZDK210BSMWAA6467LU,23X6SY44VT9KFHR7S7OC,159,0.13791208791208792
bgs_spearman,,,0RZDK210BSMWAA6467LU,23X6SY44VT9KFHR7S7OC,160,0.12692307692307692
bgs_spearman,,,0RZDK210BSMWAA6467LU,23X6SY44VT9KFHR7S7OC,161,0.10535714285714284
bgs_spearman,,,0RZDK210BSMWAA6467LU,23X6SY44VT9KFHR7S7OC,162,-0.023809523809523805
bgs_spearman,,,0RZDK210BSMWAA6467LU,23X6SY44VT9KFHR7S7OC,163,-0.01877289377289377
bgs_spearman,,,0RZDK210BSMWAA6467LU,23X6SY44VT9KFHR7S7OC,164,-0.01813186813186813
bgs_spearman,,,0RZDK210BSMWAA6467LU,23X6SY44VT9KFHR7S7OC,165,-0.02193223443223443
bgs_spearman,,,0RZDK210BSMWAA6467LU,23X6SY44VT9KFHR7S7OC,166,0.15343406593406594
bgs_spearman,,,0RZDK210BSMWAA6467LU,23X6SY44VT9KFHR7S7OC,167,0.008974358974358974
bgs_spearman,,,0RZDK210BSMWAA6467LU,23X6SY44VT9KFHR7S7OC,168,-0.14340659340659337
bgs_spearman,,,0RZDK210BSMWAA6467LU,23X6SY44VT9KFHR7S7OC,169,0.008058608058608058
bgs_spearman,,,0RZDK210BSMWAA6467LU,23X6SY44VT9KFHR7S7OC,170,0.07724358974358973
bgs_spearman,,,0RZDK210BSMWAA6467LU,23X6SY44VT9KFHR7S7OC,171,-0.24377289377289377
bgs_spearman,,,0RZDK210BSMWAA6467LU,23X6SY44VT9KFHR7S7OC,172,0.13603479853479855
bgs_spearman,,,0RZDK210BSMWAA6467LU,23X6SY44VT9KFHR7S7OC,173,-0.15586080586080583
bgs_spearman,,,0RZDK210BSMWAA6467LU,23X6SY44VT9KFHR7S7OC,174,0.06955128205128204
bgs_spearman,,,0RZDK210BSMWAA6467LU,23X6SY44VT9KFHR7S7OC,175,0.08731684981684981
bgs_spearman,,,0RZDK210BSMWAA6467LU,23X6SY44VT9KFHR7S7OC,176,0.1541208791208791
bgs_spearman,,,0RZDK210BSMWAA6467LU,23X6SY44VT9KFHR7S7OC,177,0.09830586080586079
bgs_spearman,,,0RZDK210BSMWAA6467LU,23X6SY44VT9KFHR7S7OC,178,0.09995421245421245
bgs_spearman,,,0RZDK210BSMWAA6467LU,23X6SY44VT9KFHR7S7OC,179,0.10558608058608057
bgs_spearman,,,0RZDK210BSMWAA6467LU,23X6SY44VT9KFHR7S7OC,180,0.20760073260073256
bgs_spearman,,,0RZDK210BSMWAA6467LU,23X6SY44VT9KFHR7S7OC,181,0.15036630036630036
bgs_spearman,,,0RZDK210BSMWAA6467LU,23X6SY44VT9KFHR7S7OC,182,-0.058058608058608054
bgs_spearman,,,0RZDK210BSMWAA6467LU,23X6SY44VT9KFHR7S7OC,183,-0.05984432234432233
bgs_spearman,,,0RZDK210BSMWAA6467LU,23X6SY44VT9KFHR7S7OC,184,-0.016025641025641024
bgs_spearman,,,0RZDK210BSMWAA6467LU,23X6SY44VT9KFHR7S7OC,185,-0.031776556776556775
bgs_spearman,,,0RZDK210BSMWAA6467LU,23X6SY44VT9KFHR7S7OC,186,0.026190476190476188
bgs_spearman,,,0RZDK210BSMWAA6467LU,23X6SY44VT9KFHR7S7OC,187,0.016666666666666666
bgs_spearman,,,0RZDK210BSMWAA6467LU,23X6SY44VT9KFHR7S7OC,188,-0.01117216117216117
bgs_spearman,,,0RZDK210BSMWAA6467LU,23X6SY44VT9KFHR7S7OC,189,-0.09716117216117215
bgs_spearman,,,0RZDK210BSMWAA6467LU,23X6SY44VT9KFHR7S7OC,190,0.1162087912087912
bgs_spearman,,,0RZDK210BSMWAA6467LU,23X6SY44VT9KFHR7S7OC,191,0.1320054945054945
bgs_spearman,,,0RZDK210BSMWAA6467LU,23X6SY44VT9KFHR7S7OC,192,-0.27944139194139195
bgs_spearman,,,0RZDK210BSMWAA6467LU,23X6SY44VT9KFHR7S7OC,193,-0.2513278388278388
bgs_spearman,,,0RZDK210BSMWAA6467LU,23X6SY44VT9KFHR7S7OC,194,-0.07898351648351648
bgs_spearman,,,0RZDK210BSMWAA6467LU,23X6SY44VT9KFHR7S7OC,195,0.01767399267399267
bgs_spearman,,,0RZDK210BSMWAA6467LU,23X6SY44VT9KFHR7S7OC,196,0.13173076923076923
bgs_spearman,,,0RZDK210BSMWAA6467LU,23X6SY44VT9KFHR7S7OC,197,-0.007829670329670328
bgs_spearman,,,0RZDK210BSMWAA6467LU,23X6SY44VT9KFHR7S7OC,198,-0.04880952380952381
bgs_spearman,,,0RZDK210BSMWAA6467LU,23X6SY44VT9KFHR7S7OC,199,-0.009432234432234432
bgs_spearman,,,0RZDK210BSMWAA6467LU,2XL5HSFSE93RMOJDRGR4,0,0.06208791208791208
bgs_spearman,,,0RZDK210BSMWAA6467LU,2XL5HSFSE93RMOJDRGR4,1,0.10641025641025639
bgs_spearman,,,0RZDK210BSMWAA6467LU,2XL5HSFSE93RMOJDRGR4,2,0.1281135531135531
bgs_spearman,,,0RZDK210BSMWAA6467LU,2XL5HSFSE93RMOJDRGR4,3,0.27912087912087913
bgs_spearman,,,0RZDK210BSMWAA6467LU,2XL5HSFSE93RMOJDRGR4,4,-0.1377289377289377
bgs_spearman,,,0RZDK210BSMWAA6467LU,2XL5HSFSE93RMOJDRGR4,5,-0.40599816849816844
bgs_spearman,,,0RZDK210BSMWAA6467LU,2XL5HSFSE93RMOJDRGR4,6,0.24010989010989006
bgs_spearman,,,0RZDK210BSMWAA6467LU,2XL5HSFSE93RMOJDRGR4,7,-0.017536630036630037
bgs_spearman,,,0RZDK210BSMWAA6467LU,2XL5HSFSE93RMOJDRGR4,8,0.1347069597069597
bgs_spearman,,,0RZDK210BSMWAA6467LU,2XL5HSFSE93RMOJDRGR4,9,0.050412087912087906
bgs_spearman,,,0RZDK210BSMWAA6467LU,2XL5HSFSE93RMOJDRGR4,10,-0.16103479853479852
bgs_spearman,,,0RZDK210BSMWAA6467LU,2XL5HSFSE93RMOJDRGR4,11,0.00989010989010989
bgs_spearman,,,0RZDK210BSMWAA6467LU,2XL5HSFSE93RMOJDRGR4,12,-0.0727106227106227
bgs_spearman,,,0RZDK210BSMWAA6467LU,2XL5HSFSE93RMOJDRGR4,13,-0.05082417582417582
bgs_spearman,,,0RZDK210BSMWAA6467LU,2XL5HSFSE93RMOJDRGR4,14,-0.15590659340659338
bgs_spearman,,,0RZDK210BSMWAA6467LU,2XL5HSFSE93RMOJDRGR4,15,-0.046199633699633695
bgs_spearman,,,0RZDK210BSMWAA6467LU,2XL5HSFSE93RMOJDRGR4,16,0.028296703296703293
bgs_spearman,,,0RZDK210BSMWAA6467LU,2XL5HSFSE93RMOJDRGR4,17,0.04597069597069596
bgs_spearman,,,0RZDK210BSMWAA6467LU,2XL5HSFSE93RMOJDRGR4,18,-0.021794871794871794
bgs_spearman,,,0RZDK210BSMWAA6467LU,2XL5HSFSE93RMOJDRGR4,19,0.07179487179487179
bgs_spearman,,,0RZDK210BSMWAA6467LU,2XL5HSFSE93RMOJDRGR4,20,0.10224358974358973
bgs_spearman,,,0RZDK210BSMWAA6467LU,2XL5HSFSE93RMOJDRGR4,21,0.22106227106227105
bgs_spearman,,,0RZDK210BSMWAA6467LU,2XL5HSFSE93RMOJDRGR4,22,0.09336080586080585
bgs_spearman,,,0RZDK210BSMWAA6467LU,2XL5HSFSE93RMOJDRGR4,23,-0.1257326007326007
bgs_spearman,,,0RZDK210BSMWAA6467LU,2XL5HSFSE93RMOJDRGR4,24,0.04633699633699634
bgs_spearman,,,0RZDK210BSMWAA6467LU,2XL5HSFSE93RMOJDRGR4,25,0.001465201465201465
bgs_spearman,,,0RZDK210BSMWAA6467LU,2XL5HSFSE93RMOJDRGR4,26,-0.08402014652014651
bgs_spearman,,,0RZDK210BSMWAA6467LU,2XL5HSFSE93RMOJDRGR4,27,0.011355311355311355
bgs_spearman,,,0RZDK210BSMWAA6467LU,2XL5HSFSE93RMOJDRGR4,28,0.10773809523809524
bgs_spearman,,,0RZDK210BSMWAA6467LU,2XL5HSFSE93RMOJDRGR4,29,0.036950549450549444
bgs_spearman,,,0RZDK210BSMWAA6467LU,2XL5HSFSE93RMOJDRGR4,30,0.05732600732600732
bgs_spearman,,,0RZDK210BSMWAA6467LU,2XL5HSFSE93RMOJDRGR4,31,-0.10192307692307691
bgs_spearman,,,0RZDK210BSMWAA6467LU,2XL5HSFSE93RMOJDRGR4,32,-0.0875
bgs_spearman,,,0RZDK210BSMWAA6467LU,2XL5HSFSE93RMOJDRGR4,33,-0.14061355311355309
bgs_spearman,,,0RZDK210BSMWAA6467LU,2XL5HSFSE93RMOJDRGR4,34,0.1443223443223443
bgs_spearman,,,0RZDK210BSMWAA6467LU,2XL5HSFSE93RMOJDRGR4,35,0.10311355311355311
bgs_spearman,,,0RZDK210BSMWAA6467LU,2XL5HSFSE93RMOJDRGR4,36,-0.03553113553113552
bgs_spearman,,,0RZDK210BSMWAA6467LU,2XL5HSFSE93RMOJDRGR4,37,-0.019505494505494506
bgs_spearman,,,0RZDK210BSMWAA6467LU,2XL5HSFSE93RMOJDRGR4,38,0.06625457875457876
bgs_spearman,,,0RZDK210BSMWAA6467LU,2XL5HSFSE93RMOJDRGR4,39,-0.04633699633699634
bgs_spearman,,,0RZDK210BSMWAA6467LU,2XL5HSFSE93RMOJDRGR4,40,-0.09734432234432235
bgs_spearman,,,0RZDK210BSMWAA6467LU,2XL5HSFSE93RMOJDRGR4,41,0.005082417582417583
bgs_spearman,,,0RZDK210BSMWAA6467LU,2XL5HSFSE93RMOJDRGR4,42,-0.36272893772893766
bgs_spearman,,,0RZDK210BSMWAA6467LU,2XL5HSFSE93RMOJDRGR4,43,0.03008241758241758
bgs_spearman,,,0RZDK210BSMWAA6467LU,2XL5HSFSE93RMOJDRGR4,44,0.01836080586080586
bgs_spearman,,,0RZDK210BSMWAA6467LU,2XL5HSFSE93RMOJDRGR4,45,0.06172161172161172
bgs_spearman,,,0RZDK210BSMWAA6467LU,2XL5HSFSE93RMOJDRGR4,46,0.18768315018315015
bgs_spearman,,,0RZDK210BSMWAA6467LU,2XL5HSFSE93RMOJDRGR4,47,0.15018315018315015
bgs_spearman,,,0RZDK210BSMWAA6467LU,2XL5HSFSE93RMOJDRGR4,48,0.07925824175824174
bgs_spearman,,,0RZDK210BSMWAA6467LU,2XL5HSFSE93RMOJDRGR4,49,0.07875457875457874
bgs_spearman,,,0RZDK210BSMWAA6467LU,2XL5HSFSE93RMOJDRGR4,50,0.017628205128205125
bgs_spearman,,,0RZDK210BSMWAA6467LU,2XL5HSFSE93RMOJDRGR4,51,0.03369963369963369
bgs_spearman,,,0RZDK210BSMWAA6467LU,2XL5HSFSE93RMOJDRGR4,52,-0.0037087912087912078
bgs_spearman,,,0RZDK210BSMWAA6467LU,2XL5HSFSE93RMOJDRGR4,53,-0.036217948717948714
bgs_spearman,,,0RZDK210BSMWAA6467LU,2XL5HSFSE93RMOJDRGR4,54,0.17586996336996336
bgs_spearman,,,0RZDK210BSMWAA6467LU,2XL5HSFSE93RMOJDRGR4,55,0.13846153846153844
bgs_spearman,,,0RZDK210BSMWAA6467LU,2XL5HSFSE93RMOJDRGR4,56,0.11881868131868131
bgs_spearman,,,0RZDK210BSMWAA6467LU,2XL5HSFSE93RMOJDRGR4,57,-0.03434065934065934
bgs_spearman,,,0RZDK210BSMWAA6467LU,2XL5HSFSE93RMOJDRGR4,58,-0.211996336996337
bgs_spearman,,,0RZDK210BSMWAA6467LU,2XL5HSFSE93RMOJDRGR4,59,0.12861721611721608
bgs_spearman,,,0RZDK210BSMWAA6467LU,2XL5HSFSE93RMOJDRGR4,60,0.1117216117216117
bgs_spearman,,,0RZDK210BSMWAA6467LU,2XL5HSFSE93RMOJDRGR4,61,0.24285714285714285
bgs_spearman,,,0RZDK210BSMWAA6467LU,2XL5HSFSE93RMOJDRGR4,62,0.14468864468864467
bgs_spearman,,,0RZDK210BSMWAA6467LU,2XL5HSFSE93RMOJDRGR4,63,-0.1621336996336996
bgs_spearman,,,0RZDK210BSMWAA6467LU,2XL5HSFSE93RMOJDRGR4,64,-0.01117216117216117
bgs_spearman,,,0RZDK210BSMWAA6467LU,2XL5HSFSE93RMOJDRGR4,65,0.21419413919413918
bgs_spearman,,,0RZDK210BSMWAA6467LU,2XL5HSFSE93RMOJDRGR4,66,0.27971611721611717
bgs_spearman,,,0RZDK210BSMWAA6467LU,2XL5HSFSE93RMOJDRGR4,67,0.09134615384615384
bgs_spearman,,,0RZDK210BSMWAA6467LU,2XL5HSFSE93RMOJDRGR4,68,-0.10833333333333331
bgs_spearman,,,0RZDK210BSMWAA6467LU,2XL5HSFSE93RMOJDRGR4,69,0.10856227106227105
bgs_spearman,,,0RZDK210BSMWAA6467LU,2XL5HSFSE93RMOJDRGR4,70,-0.10576923076923075
bgs_spearman,,,0RZDK210BSMWAA6467LU,2XL5HSFSE93RMOJDRGR4,71,-0.1604395604395604
bgs_spearman,,,0RZDK210BSMWAA6467LU,2XL5HSFSE93RMOJDRGR4,72,-0.13859890109890108
bgs_spearman,,,0RZDK210BSMWAA6467LU,2XL5HSFSE93RMOJDRGR4,73,-0.10485347985347984
bgs_spearman,,,0RZDK210BSMWAA6467LU,2XL5HSFSE93RMOJDRGR4,74,0.32170329670329667
bgs_spearman,,,0RZDK210BSMWAA6467LU,2XL5HSFSE93RMOJDRGR4,75,-0.018269230769230767
bgs_spearman,,,0RZDK210BSMWAA6467LU,2XL5HSFSE93RMOJDRGR4,76,0.0608058608058608
bgs_spearman,,,0RZDK210BSMWAA6467LU,2XL5HSFSE93RMOJDRGR4,77,0.04468864468864468
bgs_spearman,,,0RZDK210BSMWAA6467LU,2XL5HSFSE93RMOJDRGR4,78,0.12046703296703296
bgs_spearman,,,0RZDK210BSMWAA6467LU,2XL5HSFSE93RMOJDRGR4,79,-0.33415750915750914
bgs_spearman,,,0RZDK210BSMWAA6467LU,2XL5HSFSE93RMOJDRGR4,80,-0.1085164835164835
bgs_spearman,,,0RZDK210BSMWAA6467LU,2XL5HSFSE93RMOJDRGR4,81,-0.12857142857142856
bgs_spearman,,,0RZDK210BSMWAA6467LU,2XL5HSFSE93RMOJDRGR4,82,0.07106227106227105
bgs_spearman,,,0RZDK210BSMWAA6467LU,2XL5HSFSE93RMOJDRGR4,83,-0.051648351648351645
bgs_spearman,,,0RZDK210BSMWAA6467LU,2XL5HSFSE93RMOJDRGR4,84,-0.04642857142857143
bgs_spearman,,,0RZDK210BSMWAA6467LU,2XL5HSFSE93RMOJDRGR4,85,0.09972527472527472
bgs_spearman,,,0RZDK210BSMWAA6467LU,2XL5HSFSE93RMOJDRGR4,86,0.03003663003663003
bgs_spearman,,,0RZDK210BSMWAA6467LU,2XL5HSFSE93RMOJDRGR4,87,0.21048534798534796
bgs_spearman,,,0RZDK210BSMWAA6467LU,2XL5HSFSE93RMOJDRGR4,88,0.25686813186813184
bgs_spearman,,,0RZDK210BSMWAA6467LU,2XL5HSFSE93RMOJDRGR4,89,0.03191391941391941
bgs_spearman,,,0RZDK210BSMWAA6467LU,2XL5HSFSE93RMOJDRGR4,90,0.07902930402930403
bgs_spearman,,,0RZDK210BSMWAA6467LU,2XL5HSFSE93RMOJDRGR4,91,-0.06868131868131867
bgs_spearman,,,0RZDK210BSMWAA6467LU,2XL5HSFSE93RMOJDRGR4,92,-0.10105311355311355
bgs_spearman,,,0RZDK210BSMWAA6467LU,2XL5HSFSE93RMOJDRGR4,93,-0.12706043956043955
bgs_spearman,,,0RZDK210BSMWAA6467LU,2XL5HSFSE93RMOJDRGR4,94,-0.053708791208791205
bgs_spearman,,,0RZDK210BSMWAA6467LU,2XL5HSFSE93RMOJDRGR4,95,-0.052472527472527467
bgs_spearman,,,0RZDK210BSMWAA6467LU,2XL5HSFSE93RMOJDRGR4,96,0.13337912087912088
bgs_spearman,,,0RZDK210BSMWAA6467LU,2XL5HSFSE93RMOJDRGR4,97,-0.0989010989010989
bgs_spearman,,,0RZDK210BSMWAA6467LU,2XL5HSFSE93RMOJDRGR4,98,-0.1290750915750916
bgs_spearman,,,0RZDK210BSMWAA6467LU,2XL5HSFSE93RMOJDRGR4,99,-0.06021062271062271
bgs_spearman,,,0RZDK210BSMWAA6467LU,2XL5HSFSE93RMOJDRGR4,100,-0.17925824175824173
bgs_spearman,,,0RZDK210BSMWAA6467LU,2XL5HSFSE93RMOJDRGR4,101,-0.05535714285714285
bgs_spearman,,,0RZDK210BSMWAA6467LU,2XL5HSFSE93RMOJDRGR4,102,0.17367216117216114
bgs_spearman,,,0RZDK210BSMWAA6467LU,2XL5HSFSE93RMOJDRGR4,103,0.0054487179487179484
bgs_spearman,,,0RZDK210BSMWAA6467LU,2XL5HSFSE93RMOJDRGR4,104,0.06735347985347985
bgs_spearman,,,0RZDK210BSMWAA6467LU,2XL5HSFSE93RMOJDRGR4,105,-0.010576923076923076
bgs_spearman,,,0RZDK210BSMWAA6467LU,2XL5HSFSE93RMOJDRGR4,106,-0.04464285714285714
bgs_spearman,,,0RZDK210BSMWAA6467LU,2XL5HSFSE93RMOJDRGR4,107,-0.06025641025641026
bgs_spearman,,,0RZDK210BSMWAA6467LU,2XL5HSFSE93RMOJDRGR4,108,-0.12197802197802196
bgs_spearman,,,0RZDK210BSMWAA6467LU,2XL5HSFSE93RMOJDRGR4,109,-0.12687728937728934
bgs_spearman,,,0RZDK210BSMWAA6467LU,2XL5HSFSE93RMOJDRGR4,110,0.07367216117216116
bgs_spearman,,,0RZDK210BSMWAA6467LU,2XL5HSFSE93RMOJDRGR4,111,0.08195970695970696
bgs_spearman,,,0RZDK210BSMWAA6467LU,2XL5HSFSE93RMOJDRGR4,112,-0.09830586080586079
bgs_spearman,,,0RZDK210BSMWAA6467LU,2XL5HSFSE93RMOJDRGR4,113,0.08754578754578754
bgs_spearman,,,0RZDK210BSMWAA6467LU,2XL5HSFSE93RMOJDRGR4,114,0.06149267399267398
bgs_spearman,,,0RZDK210BSMWAA6467LU,2XL5HSFSE93RMOJDRGR4,115,0.02600732600732601
bgs_spearman,,,0RZDK210BSMWAA6467LU,2XL5HSFSE93RMOJDRGR4,116,-0.19917582417582413
bgs_spearman,,,0RZDK210BSMWAA6467LU,2XL5HSFSE93RMOJDRGR4,117,0.027655677655677655
bgs_spearman,,,0RZDK210BSMWAA6467LU,2XL5HSFSE93RMOJDRGR4,118,0.1792124542124542
bgs_spearman,,,0RZDK210BSMWAA6467LU,2XL5HSFSE93RMOJDRGR4,119,0.17797619047619045
bgs_spearman,,,0RZDK210BSMWAA6467LU,2XL5HSFSE93RMOJDRGR4,120,0.07403846153846153
bgs_spearman,,,0RZDK210BSMWAA6467LU,2XL5HSFSE93RMOJDRGR4,121,-0.05306776556776556
bgs_spearman,,,0RZDK210BSMWAA6467LU,2XL5HSFSE93RMOJDRGR4,122,-0.13594322344322343
bgs_spearman,,,0RZDK210BSMWAA6467LU,2XL5HSFSE93RMOJDRGR4,123,0.03713369963369963
bgs_spearman,,,0RZDK210BSMWAA6467LU,2XL5HSFSE93RMOJDRGR4,124,-0.07197802197802197
bgs_spearman,,,0RZDK210BSMWAA6467LU,2XL5HSFSE93RMOJDRGR4,125,0.01529304029304029
bgs_spearman,,,0RZDK210BSMWAA6467LU,2XL5HSFSE93RMOJDRGR4,126,-0.253021978021978
bgs_spearman,,,0RZDK210BSMWAA6467LU,2XL5HSFSE93RMOJDRGR4,127,-0.13205128205128205
bgs_spearman,,,0RZDK210BSMWAA6467LU,2XL5HSFSE93RMOJDRGR4,128,0.07522893772893773
bgs_spearman,,,0RZDK210BSMWAA6467LU,2XL5HSFSE93RMOJDRGR4,129,-0.12683150183150182
bgs_spearman,,,0RZDK210BSMWAA6467LU,2XL5HSFSE93RMOJDRGR4,130,0.0012820512820512818
bgs_spearman,,,0RZDK210BSMWAA6467LU,2XL5HSFSE93RMOJDRGR4,131,0.11675824175824175
bgs_spearman,,,0RZDK210BSMWAA6467LU,2XL5HSFSE93RMOJDRGR4,132,-0.10695970695970694
bgs_spearman,,,0RZDK210BSMWAA6467LU,2XL5HSFSE93RMOJDRGR4,133,0.11749084249084248
bgs_spearman,,,0RZDK210BSMWAA6467LU,2XL5HSFSE93RMOJDRGR4,134,-0.12312271062271063
bgs_spearman,,,0RZDK210BSMWAA6467LU,2XL5HSFSE93RMOJDRGR4,135,0.057417582417582415
bgs_spearman,,,0RZDK210BSMWAA6467LU,2XL5HSFSE93RMOJDRGR4,136,0.007188644688644687
bgs_spearman,,,0RZDK210BSMWAA6467LU,2XL5HSFSE93RMOJDRGR4,137,0.13736263736263735
bgs_spearman,,,0RZDK210BSMWAA6467LU,2XL5HSFSE93RMOJDRGR4,138,-0.09363553113553112
bgs_spearman,,,0RZDK210BSMWAA6467LU,2XL5HSFSE93RMOJDRGR4,139,0.00444139194139194
bgs_spearman,,,0RZDK210BSMWAA6467LU,2XL5HSFSE93RMOJDRGR4,140,0.09317765567765567
bgs_spearman,,,0RZDK210BSMWAA6467LU,2XL5HSFSE93RMOJDRGR4,141,0.044047619047619044
bgs_spearman,,,0RZDK210BSMWAA6467LU,2XL5HSFSE93RMOJDRGR4,142,-0.05407509157509156
bgs_spearman,,,0RZDK210BSMWAA6467LU,2XL5HSFSE93RMOJDRGR4,143,-0.2848901098901099
bgs_spearman,,,0RZDK210BSMWAA6467LU,2XL5HSFSE93RMOJDRGR4,144,-0.17211538461538461
bgs_spearman,,,0RZDK210BSMWAA6467LU,2XL5HSFSE93RMOJDRGR4,145,-0.23974358974358972
bgs_spearman,,,0RZDK210BSMWAA6467LU,2XL5HSFSE93RMOJDRGR4,146,0.04587912087912087
bgs_spearman,,,0RZDK210BSMWAA6467LU,2XL5HSFSE93RMOJDRGR4,147,-0.27550366300366297
bgs_spearman,,,0RZDK210BSMWAA6467LU,2XL5HSFSE93RMOJDRGR4,148,0.06611721611721612
bgs_spearman,,,0RZDK210BSMWAA6467LU,2XL5HSFSE93RMOJDRGR4,149,0.23782051282051284
bgs_spearman,,,0RZDK210BSMWAA6467LU,2XL5HSFSE93RMOJDRGR4,150,-0.10027472527472525
bgs_spearman,,,0RZDK210BSMWAA6467LU,2XL5HSFSE93RMOJDRGR4,151,-0.056181318681318676
bgs_spearman,,,0RZDK210BSMWAA6467LU,2XL5HSFSE93RMOJDRGR4,152,-0.12298534798534796
bgs_spearman,,,0RZDK210BSMWAA6467LU,2XL5HSFSE93RMOJDRGR4,153,-0.23264652014652012
bgs_spearman,,,0RZDK210BSMWAA6467LU,2XL5HSFSE93RMOJDRGR4,154,-0.04551282051282051
bgs_spearman,,,0RZDK210BSMWAA6467LU,2XL5HSFSE93RMOJDRGR4,155,0.1512362637362637
bgs_spearman,,,0RZDK210BSMWAA6467LU,2XL5HSFSE93RMOJDRGR4,156,-0.08731684981684981
bgs_spearman,,,0RZDK210BSMWAA6467LU,2XL5HSFSE93RMOJDRGR4,157,0.1296245421245421
bgs_spearman,,,0RZDK210BSMWAA6467LU,2XL5HSFSE93RMOJDRGR4,158,0.3195054945054945
bgs_spearman,,,0RZDK210BSMWAA6467LU,2XL5HSFSE93RMOJDRGR4,159,0.07655677655677655
bgs_spearman,,,0RZDK210BSMWAA6467LU,2XL5HSFSE93RMOJDRGR4,160,0.17770146520146518
bgs_spearman,,,0RZDK210BSMWAA6467LU,2XL5HSFSE93RMOJDRGR4,161,0.17518315018315017
bgs_spearman,,,0RZDK210BSMWAA6467LU,2XL5HSFSE93RMOJDRGR4,162,-0.09130036630036628
bgs_spearman,,,0RZDK210BSMWAA6467LU,2XL5HSFSE93RMOJDRGR4,163,-0.19464285714285712
bgs_spearman,,,0RZDK210BSMWAA6467LU,2XL5HSFSE93RMOJDRGR4,164,-0.027976190476190474
bgs_spearman,,,0RZDK210BSMWAA6467LU,2XL5HSFSE93RMOJDRGR4,165,-0.07747252747252746
bgs_spearman,,,0RZDK210BSMWAA6467LU,2XL5HSFSE93RMOJDRGR4,166,0.18585164835164836
bgs_spearman,,,0RZDK210BSMWAA6467LU,2XL5HSFSE93RMOJDRGR4,167,0.10059523809523808
bgs_spearman,,,0RZDK210BSMWAA6467LU,2XL5HSFSE93RMOJDRGR4,168,-0.06163003663003662
bgs_spearman,,,0RZDK210BSMWAA6467LU,2XL5HSFSE93RMOJDRGR4,169,0.12371794871794871
bgs_spearman,,,0RZDK210BSMWAA6467LU,2XL5HSFSE93RMOJDRGR4,170,-0.2353021978021978
bgs_spearman,,,0RZDK210BSMWAA6467LU,2XL5HSFSE93RMOJDRGR4,171,-0.2224358974358974
bgs_spearman,,,0RZDK210BSMWAA6467LU,2XL5HSFSE93RMOJDRGR4,172,-0.09688644688644689
bgs_spearman,,,0RZDK210BSMWAA6467LU,2XL5HSFSE93RMOJDRGR4,173,0.1574175824175824
bgs_spearman,,,0RZDK210BSMWAA6467LU,2XL5HSFSE93RMOJDRGR4,174,-0.013003663003663004
bgs_spearman,,,0RZDK210BSMWAA6467LU,2XL5HSFSE93RMOJDRGR4,175,-0.1047161172161172
bgs_spearman,,,0RZDK210BSMWAA6467LU,2XL5HSFSE93RMOJDRGR4,176,0.06112637362637362
bgs_spearman,,,0RZDK210BSMWAA6467LU,2XL5HSFSE93RMOJDRGR4,177,-0.04111721611721611
bgs_spearman,,,0RZDK210BSMWAA6467LU,2XL5HSFSE93RMOJDRGR4,178,0.05059523809523809
bgs_spearman,,,0RZDK210BSMWAA6467LU,2XL5HSFSE93RMOJDRGR4,179,0.015338827838827836
bgs_spearman,,,0RZDK210BSMWAA6467LU,2XL5HSFSE93RMOJDRGR4,180,-0.10155677655677654
bgs_spearman,,,0RZDK210BSMWAA6467LU,2XL5HSFSE93RMOJDRGR4,181,0.11057692307692306
bgs_spearman,,,0RZDK210BSMWAA6467LU,2XL5HSFSE93RMOJDRGR4,182,0.04047619047619047
bgs_spearman,,,0RZDK210BSMWAA6467LU,2XL5HSFSE93RMOJDRGR4,183,-0.17866300366300364
bgs_spearman,,,0RZDK210BSMWAA6467LU,2XL5HSFSE93RMOJDRGR4,184,-0.17445054945054944
bgs_spearman,,,0RZDK210BSMWAA6467LU,2XL5HSFSE93RMOJDRGR4,185,-0.027197802197802195
bgs_spearman,,,0RZDK210BSMWAA6467LU,2XL5HSFSE93RMOJDRGR4,186,0.062362637362637356
bgs_spearman,,,0RZDK210BSMWAA6467LU,2XL5HSFSE93RMOJDRGR4,187,-0.14125457875457875
bgs_spearman,,,0RZDK210BSMWAA6467LU,2XL5HSFSE93RMOJDRGR4,188,0.030357142857142857
bgs_spearman,,,0RZDK210BSMWAA6467LU,2XL5HSFSE93RMOJDRGR4,189,-0.12902930402930401
bgs_spearman,,,0RZDK210BSMWAA6467LU,2XL5HSFSE93RMOJDRGR4,190,-0.15865384615384615
bgs_spearman,,,0RZDK210BSMWAA6467LU,2XL5HSFSE93RMOJDRGR4,191,-0.005173992673992673
bgs_spearman,,,0RZDK210BSMWAA6467LU,2XL5HSFSE93RMOJDRGR4,192,0.026877289377289372
bgs_spearman,,,0RZDK210BSMWAA6467LU,2XL5HSFSE93RMOJDRGR4,193,0.202014652014652
bgs_spearman,,,0RZDK210BSMWAA6467LU,2XL5HSFSE93RMOJDRGR4,194,0.04647435897435897
bgs_spearman,,,0RZDK210BSMWAA6467LU,2XL5HSFSE93RMOJDRGR4,195,0.026602564102564098
bgs_spearman,,,0RZDK210BSMWAA6467LU,2XL5HSFSE93RMOJDRGR4,196,-0.3411630036630036
bgs_spearman,,,0RZDK210BSMWAA6467LU,2XL5HSFSE93RMOJDRGR4,197,-0.077518315018315
bgs_spearman,,,0RZDK210BSMWAA6467LU,2XL5HSFSE93RMOJDRGR4,198,-0.03264652014652014
bgs_spearman,,,0RZDK210BSMWAA6467LU,2XL5HSFSE93RMOJDRGR4,199,-0.013736263736263736
bgs_spearman,,,0RZDK210BSMWAA6467LU,38CWS74285MFGZZXR09Z,0,-0.032829670329670324
bgs_spearman,,,0RZDK210BSMWAA6467LU,38CWS74285MFGZZXR09Z,1,0.017628205128205125
bgs_spearman,,,0RZDK210BSMWAA6467LU,38CWS74285MFGZZXR09Z,2,-0.08873626373626373
bgs_spearman,,,0RZDK210BSMWAA6467LU,38CWS74285MFGZZXR09Z,3,-0.003754578754578754
bgs_spearman,,,0RZDK210BSMWAA6467LU,38CWS74285MFGZZXR09Z,4,0.05009157509157509
bgs_spearman,,,0RZDK210BSMWAA6467LU,38CWS74285MFGZZXR09Z,5,0.09606227106227104
bgs_spearman,,,0RZDK210BSMWAA6467LU,38CWS74285MFGZZXR09Z,6,-0.020375457875457876
bgs_spearman,,,0RZDK210BSMWAA6467LU,38CWS74285MFGZZXR09Z,7,-0.01978021978021978
bgs_spearman,,,0RZDK210BSMWAA6467LU,38CWS74285MFGZZXR09Z,8,-0.060714285714285714
bgs_spearman,,,0RZDK210BSMWAA6467LU,38CWS74285MFGZZXR09Z,9,-0.14587912087912086
bgs_spearman,,,0RZDK210BSMWAA6467LU,38CWS74285MFGZZXR09Z,10,-0.11469780219780218
bgs_spearman,,,0RZDK210BSMWAA6467LU,38CWS74285MFGZZXR09Z,11,-0.053434065934065925
bgs_spearman,,,0RZDK210BSMWAA6467LU,38CWS74285MFGZZXR09Z,12,0.00989010989010989
bgs_spearman,,,0RZDK210BSMWAA6467LU,38CWS74285MFGZZXR09Z,13,-0.1947344322344322
bgs_spearman,,,0RZDK210BSMWAA6467LU,38CWS74285MFGZZXR09Z,14,-0.19633699633699633
bgs_spearman,,,0RZDK210BSMWAA6467LU,38CWS74285MFGZZXR09Z,15,0.044459706959706954
bgs_spearman,,,0RZDK210BSMWAA6467LU,38CWS74285MFGZZXR09Z,16,-0.08406593406593406
bgs_spearman,,,0RZDK210BSMWAA6467LU,38CWS74285MFGZZXR09Z,17,0.048580586080586075
bgs_spearman,,,0RZDK210BSMWAA6467LU,38CWS74285MFGZZXR09Z,18,0.12586996336996334
bgs_spearman,,,0RZDK210BSMWAA6467LU,38CWS74285MFGZZXR09Z,19,-0.04789377289377288
bgs_spearman,,,0RZDK210BSMWAA6467LU,38CWS74285MFGZZXR09Z,20,-0.0014194139194139194
bgs_spearman,,,0RZDK210BSMWAA6467LU,38CWS74285MFGZZXR09Z,21,0.16185897435897434
bgs_spearman,,,0RZDK210BSMWAA6467LU,38CWS74285MFGZZXR09Z,22,-0.024587912087912087
bgs_spearman,,,0RZDK210BSMWAA6467LU,38CWS74285MFGZZXR09Z,23,0.12229853479853477
bgs_spearman,,,0RZDK210BSMWAA6467LU,38CWS74285MFGZZXR09Z,24,-0.012728937728937727
bgs_spearman,,,0RZDK210BSMWAA6467LU,38CWS74285MFGZZXR09Z,25,-0.30187728937728936
bgs_spearman,,,0RZDK210BSMWAA6467LU,38CWS74285MFGZZXR09Z,26,-0.1558150183150183
bgs_spearman,,,0RZDK210BSMWAA6467LU,38CWS74285MFGZZXR09Z,27,0.18186813186813183
bgs_spearman,,,0RZDK210BSMWAA6467LU,38CWS74285MFGZZXR09Z,28,0.04706959706959706
bgs_spearman,,,0RZDK210BSMWAA6467LU,38CWS74285MFGZZXR09Z,29,0.09784798534798533
bgs_spearman,,,0RZDK210BSMWAA6467LU,38CWS74285MFGZZXR09Z,30,0.12142857142857143
bgs_spearman,,,0RZDK210BSMWAA6467LU,38CWS74285MFGZZXR09Z,31,-0.1720238095238095
bgs_spearman,,,0RZDK210BSMWAA6467LU,38CWS74285MFGZZXR09Z,32,0.152014652014652
bgs_spearman,,,0RZDK210BSMWAA6467LU,38CWS74285MFGZZXR09Z,33,-0.0342032967032967
bgs_spearman,,,0RZDK210BSMWAA6467LU,38CWS74285MFGZZXR09Z,34,0.006547619047619047
bgs_spearman,,,0RZDK210BSMWAA6467LU,38CWS74285MFGZZXR09Z,35,0.03525641025641025
bgs_spearman,,,0RZDK210BSMWAA6467LU,38CWS74285MFGZZXR09Z,36,0.04963369963369963
bgs_spearman,,,0RZDK210BSMWAA6467LU,38CWS74285MFGZZXR09Z,37,-0.15805860805860805
bgs_spearman,,,0RZDK210BSMWAA6467LU,38CWS74285MFGZZXR09Z,38,0.12106227106227106
bgs_spearman,,,0RZDK210BSMWAA6467LU,38CWS74285MFGZZXR09Z,39,-0.15228937728937728
bgs_spearman,,,0RZDK210BSMWAA6467LU,38CWS74285MFGZZXR09Z,40,0.16735347985347981
bgs_spearman,,,0RZDK210BSMWAA6467LU,38CWS74285MFGZZXR09Z,41,0.15004578754578754
bgs_spearman,,,0RZDK210BSMWAA6467LU,38CWS74285MFGZZXR09Z,42,-0.04688644688644688
bgs_spearman,,,0RZDK210BSMWAA6467LU,38CWS74285MFGZZXR09Z,43,-0.05636446886446885
bgs_spearman,,,0RZDK210BSMWAA6467LU,38CWS74285MFGZZXR09Z,44,0.03054029304029304
bgs_spearman,,,0RZDK210BSMWAA6467LU,38CWS74285MFGZZXR09Z,45,-0.060302197802197796
bgs_spearman,,,0RZDK210BSMWAA6467LU,38CWS74285MFGZZXR09Z,46,-0.11149267399267399
bgs_spearman,,,0RZDK210BSMWAA6467LU,38CWS74285MFGZZXR09Z,47,-0.05686813186813185
bgs_spearman,,,0RZDK210BSMWAA6467LU,38CWS74285MFGZZXR09Z,48,-0.13411172161172158
bgs_spearman,,,0RZDK210BSMWAA6467LU,38CWS74285MFGZZXR09Z,49,0.15947802197802197
bgs_spearman,,,0RZDK210BSMWAA6467LU,38CWS74285MFGZZXR09Z,50,0.07124542124542123
bgs_spearman,,,0RZDK210BSMWAA6467LU,38CWS74285MFGZZXR09Z,51,-0.008012820512820512
bgs_spearman,,,0RZDK210BSMWAA6467LU,38CWS74285MFGZZXR09Z,52,-0.06474358974358974
bgs_spearman,,,0RZDK210BSMWAA6467LU,38CWS74285MFGZZXR09Z,53,-0.07504578754578754
bgs_spearman,,,0RZDK210BSMWAA6467LU,38CWS74285MFGZZXR09Z,54,0.06813186813186813
bgs_spearman,,,0RZDK210BSMWAA6467LU,38CWS74285MFGZZXR09Z,55,0.14276556776556773
bgs_spearman,,,0RZDK210BSMWAA6467LU,38CWS74285MFGZZXR09Z,56,-0.07078754578754579
bgs_spearman,,,0RZDK210BSMWAA6467LU,38CWS74285MFGZZXR09Z,57,-0.1793956043956044
bgs_spearman,,,0RZDK210BSMWAA6467LU,38CWS74285MFGZZXR09Z,58,0.18855311355311355
bgs_spearman,,,0RZDK210BSMWAA6467LU,38CWS74285MFGZZXR09Z,59,0.21927655677655675
bgs_spearman,,,0RZDK210BSMWAA6467LU,38CWS74285MFGZZXR09Z,60,-0.2332875457875458
bgs_spearman,,,0RZDK210BSMWAA6467LU,38CWS74285MFGZZXR09Z,61,0.027655677655677655
bgs_spearman,,,0RZDK210BSMWAA6467LU,38CWS74285MFGZZXR09Z,62,-0.06881868131868131
bgs_spearman,,,0RZDK210BSMWAA6467LU,38CWS74285MFGZZXR09Z,63,-0.027884615384615383
bgs_spearman,,,0RZDK210BSMWAA6467LU,38CWS74285MFGZZXR09Z,64,-0.1384157509157509
bgs_spearman,,,0RZDK210BSMWAA6467LU,38CWS74285MFGZZXR09Z,65,-0.22628205128205126
bgs_spearman,,,0RZDK210BSMWAA6467LU,38CWS74285MFGZZXR09Z,66,0.22046703296703293
bgs_spearman,,,0RZDK210BSMWAA6467LU,38CWS74285MFGZZXR09Z,67,-0.2222985347985348
bgs_spearman,,,0RZDK210BSMWAA6467LU,38CWS74285MFGZZXR09Z,68,0.09766483516483515
bgs_spearman,,,0RZDK210BSMWAA6467LU,38CWS74285MFGZZXR09Z,69,0.03543956043956043
bgs_spearman,,,0RZDK210BSMWAA6467LU,38CWS74285MFGZZXR09Z,70,-0.0009157509157509158
bgs_spearman,,,0RZDK210BSMWAA6467LU,38CWS74285MFGZZXR09Z,71,0.05169413919413919
bgs_spearman,,,0RZDK210BSMWAA6467LU,38CWS74285MFGZZXR09Z,72,0.15183150183150182
bgs_spearman,,,0RZDK210BSMWAA6467LU,38CWS74285MFGZZXR09Z,73,-0.05787545787545787
bgs_spearman,,,0RZDK210BSMWAA6467LU,38CWS74285MFGZZXR09Z,74,0.0076007326007326
bgs_spearman,,,0RZDK210BSMWAA6467LU,38CWS74285MFGZZXR09Z,75,-0.0749084249084249
bgs_spearman,,,0RZDK210BSMWAA6467LU,38CWS74285MFGZZXR09Z,76,-0.10297619047619046
bgs_spearman,,,0RZDK210BSMWAA6467LU,38CWS74285MFGZZXR09Z,77,-0.26350732600732596
bgs_spearman,,,0RZDK210BSMWAA6467LU,38CWS74285MFGZZXR09Z,78,-0.03369963369963369
bgs_spearman,,,0RZDK210BSMWAA6467LU,38CWS74285MFGZZXR09Z,79,0.11639194139194138
bgs_spearman,,,0RZDK210BSMWAA6467LU,38CWS74285MFGZZXR09Z,80,0.14340659340659337
bgs_spearman,,,0RZDK210BSMWAA6467LU,38CWS74285MFGZZXR09Z,81,0.12532051282051282
bgs_spearman,,,0RZDK210BSMWAA6467LU,38CWS74285MFGZZXR09Z,82,-0.005219780219780219
bgs_spearman,,,0RZDK210BSMWAA6467LU,38CWS74285MFGZZXR09Z,83,0.1328296703296703
bgs_spearman,,,0RZDK210BSMWAA6467LU,38CWS74285MFGZZXR09Z,84,0.0668040293040293
bgs_spearman,,,0RZDK210BSMWAA6467LU,38CWS74285MFGZZXR09Z,85,0.06254578754578753
bgs_spearman,,,0RZDK210BSMWAA6467LU,38CWS74285MFGZZXR09Z,86,-0.2551282051282051
bgs_spearman,,,0RZDK210BSMWAA6467LU,38CWS74285MFGZZXR09Z,87,-0.08003663003663003
bgs_spearman,,,0RZDK210BSMWAA6467LU,38CWS74285MFGZZXR09Z,88,0.08708791208791208
bgs_spearman,,,0RZDK210BSMWAA6467LU,38CWS74285MFGZZXR09Z,89,-0.07559523809523809
bgs_spearman,,,0RZDK210BSMWAA6467LU,38CWS74285MFGZZXR09Z,90,0.11996336996336993
bgs_spearman,,,0RZDK210BSMWAA6467LU,38CWS74285MFGZZXR09Z,91,-0.19157509157509153
bgs_spearman,,,0RZDK210BSMWAA6467LU,38CWS74285MFGZZXR09Z,92,0.017536630036630037
bgs_spearman,,,0RZDK210BSMWAA6467LU,38CWS74285MFGZZXR09Z,93,0.16616300366300366
bgs_spearman,,,0RZDK210BSMWAA6467LU,38CWS74285MFGZZXR09Z,94,0.06126373626373626
bgs_spearman,,,0RZDK210BSMWAA6467LU,38CWS74285MFGZZXR09Z,95,0.1163003663003663
bgs_spearman,,,0RZDK210BSMWAA6467LU,38CWS74285MFGZZXR09Z,96,0.08223443223443222
bgs_spearman,,,0RZDK210BSMWAA6467LU,38CWS74285MFGZZXR09Z,97,0.13333333333333333
bgs_spearman,,,0RZDK210BSMWAA6467LU,38CWS74285MFGZZXR09Z,98,-0.03379120879120879
bgs_spearman,,,0RZDK210BSMWAA6467LU,38CWS74285MFGZZXR09Z,99,0.033012820512820513
bgs_spearman,,,0RZDK210BSMWAA6467LU,38CWS74285MFGZZXR09Z,100,-0.09166666666666666
bgs_spearman,,,0RZDK210BSMWAA6467LU,38CWS74285MFGZZXR09Z,101,-0.36076007326007326
bgs_spearman,,,0RZDK210BSMWAA6467LU,38CWS74285MFGZZXR09Z,102,-0.11323260073260073
bgs_spearman,,,0RZDK210BSMWAA6467LU,38CWS74285MFGZZXR09Z,103,-0.08232600732600732
bgs_spearman,,,0RZDK210BSMWAA6467LU,38CWS74285MFGZZXR09Z,104,0.01854395604395604
bgs_spearman,,,0RZDK210BSMWAA6467LU,38CWS74285MFGZZXR09Z,105,-0.12284798534798533
bgs_spearman,,,0RZDK210BSMWAA6467LU,38CWS74285MFGZZXR09Z,106,-0.16753663003663002
bgs_spearman,,,0RZDK210BSMWAA6467LU,38CWS74285MFGZZXR09Z,107,-0.0030677655677655677
bgs_spearman,,,0RZDK210BSMWAA6467LU,38CWS74285MFGZZXR09Z,108,0.15173992673992673
bgs_spearman,,,0RZDK210BSMWAA6467LU,38CWS74285MFGZZXR09Z,109,-0.10146520146520144
bgs_spearman,,,0RZDK210BSMWAA6467LU,38CWS74285MFGZZXR09Z,110,-0.00022893772893772894
bgs_spearman,,,0RZDK210BSMWAA6467LU,38CWS74285MFGZZXR09Z,111,0.13438644688644688
bgs_spearman,,,0RZDK210BSMWAA6467LU,38CWS74285MFGZZXR09Z,112,-0.034249084249084245
bgs_spearman,,,0RZDK210BSMWAA6467LU,38CWS74285MFGZZXR09Z,113,0.007188644688644687
bgs_spearman,,,0RZDK210BSMWAA6467LU,38CWS74285MFGZZXR09Z,114,-0.08695054945054943
bgs_spearman,,,0RZDK210BSMWAA6467LU,38CWS74285MFGZZXR09Z,115,0.12243589743589743
bgs_spearman,,,0RZDK210BSMWAA6467LU,38CWS74285MFGZZXR09Z,116,-0.07074175824175823
bgs_spearman,,,0RZDK210BSMWAA6467LU,38CWS74285MFGZZXR09Z,117,-0.015934065934065933
bgs_spearman,,,0RZDK210BSMWAA6467LU,38CWS74285MFGZZXR09Z,118,0.18388278388278384
bgs_spearman,,,0RZDK210BSMWAA6467LU,38CWS74285MFGZZXR09Z,119,-0.11016483516483515
bgs_spearman,,,0RZDK210BSMWAA6467LU,38CWS74285MFGZZXR09Z,120,0.04358974358974359
bgs_spearman,,,0RZDK210BSMWAA6467LU,38CWS74285MFGZZXR09Z,121,0.03168498168498168
bgs_spearman,,,0RZDK210BSMWAA6467LU,38CWS74285MFGZZXR09Z,122,-0.12751831501831498
bgs_spearman,,,0RZDK210BSMWAA6467LU,38CWS74285MFGZZXR09Z,123,0.01652930402930403
bgs_spearman,,,0RZDK210BSMWAA6467LU,38CWS74285MFGZZXR09Z,124,0.1513278388278388
bgs_spearman,,,0RZDK210BSMWAA6467LU,38CWS74285MFGZZXR09Z,125,-0.02216117216117216
bgs_spearman,,,0RZDK210BSMWAA6467LU,38CWS74285MFGZZXR09Z,126,0.04523809523809524
bgs_spearman,,,0RZDK210BSMWAA6467LU,38CWS74285MFGZZXR09Z,127,0.11721611721611722
bgs_spearman,,,0RZDK210BSMWAA6467LU,38CWS74285MFGZZXR09Z,128,0.07023809523809522
bgs_spearman,,,0RZDK210BSMWAA6467LU,38CWS74285MFGZZXR09Z,129,0.14578754578754577
bgs_spearman,,,0RZDK210BSMWAA6467LU,38CWS74285MFGZZXR09Z,130,-0.211996336996337
bgs_spearman,,,0RZDK210BSMWAA6467LU,38CWS74285MFGZZXR09Z,131,-0.13914835164835163
bgs_spearman,,,0RZDK210BSMWAA6467LU,38CWS74285MFGZZXR09Z,132,-0.17815934065934064
bgs_spearman,,,0RZDK210BSMWAA6467LU,38CWS74285MFGZZXR09Z,133,-0.03466117216117216
bgs_spearman,,,0RZDK210BSMWAA6467LU,38CWS74285MFGZZXR09Z,134,0.03708791208791208
bgs_spearman,,,0RZDK210BSMWAA6467LU,38CWS74285MFGZZXR09Z,135,-0.23360805860805856
bgs_spearman,,,0RZDK210BSMWAA6467LU,38CWS74285MFGZZXR09Z,136,0.04697802197802197
bgs_spearman,,,0RZDK210BSMWAA6467LU,38CWS74285MFGZZXR09Z,137,-0.04908424908424908
bgs_spearman,,,0RZDK210BSMWAA6467LU,38CWS74285MFGZZXR09Z,138,-0.07957875457875456
bgs_spearman,,,0RZDK210BSMWAA6467LU,38CWS74285MFGZZXR09Z,139,0.06304945054945055
bgs_spearman,,,0RZDK210BSMWAA6467LU,38CWS74285MFGZZXR09Z,140,0.030265567765567766
bgs_spearman,,,0RZDK210BSMWAA6467LU,38CWS74285MFGZZXR09Z,141,-0.05325091575091574
bgs_spearman,,,0RZDK210BSMWAA6467LU,38CWS74285MFGZZXR09Z,142,0.05485347985347985
bgs_spearman,,,0RZDK210BSMWAA6467LU,38CWS74285MFGZZXR09Z,143,-0.05384615384615384
bgs_spearman,,,0RZDK210BSMWAA6467LU,38CWS74285MFGZZXR09Z,144,-0.015796703296703296
bgs_spearman,,,0RZDK210BSMWAA6467LU,38CWS74285MFGZZXR09Z,145,0.0613095238095238
bgs_spearman,,,0RZDK210BSMWAA6467LU,38CWS74285MFGZZXR09Z,146,-0.2714285714285714
bgs_spearman,,,0RZDK210BSMWAA6467LU,38CWS74285MFGZZXR09Z,147,0.21996336996336996
bgs_spearman,,,0RZDK210BSMWAA6467LU,38CWS74285MFGZZXR09Z,148,0.2699175824175824
bgs_spearman,,,0RZDK210BSMWAA6467LU,38CWS74285MFGZZXR09Z,149,0.20082417582417583
bgs_spearman,,,0RZDK210BSMWAA6467LU,38CWS74285MFGZZXR09Z,150,0.15837912087912087
bgs_spearman,,,0RZDK210BSMWAA6467LU,38CWS74285MFGZZXR09Z,151,-0.048534798534798536
bgs_spearman,,,0RZDK210BSMWAA6467LU,38CWS74285MFGZZXR09Z,152,-0.11369047619047618
bgs_spearman,,,0RZDK210BSMWAA6467LU,38CWS74285MFGZZXR09Z,153,0.08264652014652014
bgs_spearman,,,0RZDK210BSMWAA6467LU,38CWS74285MFGZZXR09Z,154,-0.22733516483516483
bgs_spearman,,,0RZDK210BSMWAA6467LU,38CWS74285MFGZZXR09Z,155,-0.05902014652014651
bgs_spearman,,,0RZDK210BSMWAA6467LU,38CWS74285MFGZZXR09Z,156,0.21630036630036625
bgs_spearman,,,0RZDK210BSMWAA6467LU,38CWS74285MFGZZXR09Z,157,-0.020100732600732595
bgs_spearman,,,0RZDK210BSMWAA6467LU,38CWS74285MFGZZXR09Z,158,0.15119047619047618
bgs_spearman,,,0RZDK210BSMWAA6467LU,38CWS74285MFGZZXR09Z,159,0.024816849816849815
bgs_spearman,,,0RZDK210BSMWAA6467LU,38CWS74285MFGZZXR09Z,160,0.11813186813186811
bgs_spearman,,,0RZDK210BSMWAA6467LU,38CWS74285MFGZZXR09Z,161,-0.006456043956043956
bgs_spearman,,,0RZDK210BSMWAA6467LU,38CWS74285MFGZZXR09Z,162,-0.1431318681318681
bgs_spearman,,,0RZDK210BSMWAA6467LU,38CWS74285MFGZZXR09Z,163,0.30677655677655674
bgs_spearman,,,0RZDK210BSMWAA6467LU,38CWS74285MFGZZXR09Z,164,-0.20082417582417583
bgs_spearman,,,0RZDK210BSMWAA6467LU,38CWS74285MFGZZXR09Z,165,0.1579212454212454
bgs_spearman,,,0RZDK210BSMWAA6467LU,38CWS74285MFGZZXR09Z,166,-4.578754578754578e-05
bgs_spearman,,,0RZDK210BSMWAA6467LU,38CWS74285MFGZZXR09Z,167,0.20380036630036627
bgs_spearman,,,0RZDK210BSMWAA6467LU,38CWS74285MFGZZXR09Z,168,0.10608974358974359
bgs_spearman,,,0RZDK210BSMWAA6467LU,38CWS74285MFGZZXR09Z,169,0.048946886446886446
bgs_spearman,,,0RZDK210BSMWAA6467LU,38CWS74285MFGZZXR09Z,170,-0.12605311355311355
bgs_spearman,,,0RZDK210BSMWAA6467LU,38CWS74285MFGZZXR09Z,171,-0.07646520146520146
bgs_spearman,,,0RZDK210BSMWAA6467LU,38CWS74285MFGZZXR09Z,172,0.04395604395604395
bgs_spearman,,,0RZDK210BSMWAA6467LU,38CWS74285MFGZZXR09Z,173,0.017857142857142856
bgs_spearman,,,0RZDK210BSMWAA6467LU,38CWS74285MFGZZXR09Z,174,-0.18008241758241755
bgs_spearman,,,0RZDK210BSMWAA6467LU,38CWS74285MFGZZXR09Z,175,-0.06854395604395602
bgs_spearman,,,0RZDK210BSMWAA6467LU,38CWS74285MFGZZXR09Z,176,0.00013736263736263734
bgs_spearman,,,0RZDK210BSMWAA6467LU,38CWS74285MFGZZXR09Z,177,-0.13685897435897434
bgs_spearman,,,0RZDK210BSMWAA6467LU,38CWS74285MFGZZXR09Z,178,0.1252289377289377
bgs_spearman,,,0RZDK210BSMWAA6467LU,38CWS74285MFGZZXR09Z,179,0.1629120879120879
bgs_spearman,,,0RZDK210BSMWAA6467LU,38CWS74285MFGZZXR09Z,180,0.010622710622710621
bgs_spearman,,,0RZDK210BSMWAA6467LU,38CWS74285MFGZZXR09Z,181,-0.2530677655677655
bgs_spearman,,,0RZDK210BSMWAA6467LU,38CWS74285MFGZZXR09Z,182,-0.019368131868131865
bgs_spearman,,,0RZDK210BSMWAA6467LU,38CWS74285MFGZZXR09Z,183,-0.011996336996336994
bgs_spearman,,,0RZDK210BSMWAA6467LU,38CWS74285MFGZZXR09Z,184,0.0624084249084249
bgs_spearman,,,0RZDK210BSMWAA6467LU,38CWS74285MFGZZXR09Z,185,-0.023717948717948713
bgs_spearman,,,0RZDK210BSMWAA6467LU,38CWS74285MFGZZXR09Z,186,0.07106227106227105
bgs_spearman,,,0RZDK210BSMWAA6467LU,38CWS74285MFGZZXR09Z,187,-0.025869963369963368
bgs_spearman,,,0RZDK210BSMWAA6467LU,38CWS74285MFGZZXR09Z,188,-0.06208791208791208
bgs_spearman,,,0RZDK210BSMWAA6467LU,38CWS74285MFGZZXR09Z,189,-0.044871794871794865
bgs_spearman,,,0RZDK210BSMWAA6467LU,38CWS74285MFGZZXR09Z,190,-0.14867216117216114
bgs_spearman,,,0RZDK210BSMWAA6467LU,38CWS74285MFGZZXR09Z,191,0.10022893772893773
bgs_spearman,,,0RZDK210BSMWAA6467LU,38CWS74285MFGZZXR09Z,192,-0.05737179487179487
bgs_spearman,,,0RZDK210BSMWAA6467LU,38CWS74285MFGZZXR09Z,193,-0.17124542124542122
bgs_spearman,,,0RZDK210BSMWAA6467LU,38CWS74285MFGZZXR09Z,194,0.1752289377289377
bgs_spearman,,,0RZDK210BSMWAA6467LU,38CWS74285MFGZZXR09Z,195,-0.04285714285714285
bgs_spearman,,,0RZDK210BSMWAA6467LU,38CWS74285MFGZZXR09Z,196,-0.14624542124542125
bgs_spearman,,,0RZDK210BSMWAA6467LU,38CWS74285MFGZZXR09Z,197,-0.00824175824175824
bgs_spearman,,,0RZDK210BSMWAA6467LU,38CWS74285MFGZZXR09Z,198,0.22165750915750915
bgs_spearman,,,0RZDK210BSMWAA6467LU,38CWS74285MFGZZXR09Z,199,0.020695970695970692
bgs_spearman,,,1D7CUD1955YZPGK8XHJX,1GU15S0GJ6PFNARO469W,0,-0.013644688644688643
bgs_spearman,,,1D7CUD1955YZPGK8XHJX,1GU15S0GJ6PFNARO469W,1,-0.11497252747252747
bgs_spearman,,,1D7CUD1955YZPGK8XHJX,1GU15S0GJ6PFNARO469W,2,0.12664835164835164
bgs_spearman,,,1D7CUD1955YZPGK8XHJX,1GU15S0GJ6PFNARO469W,3,0.05531135531135531
bgs_spearman,,,1D7CUD1955YZPGK8XHJX,1GU15S0GJ6PFNARO469W,4,0.2557692307692307
bgs_spearman,,,1D7CUD1955YZPGK8XHJX,1GU15S0GJ6PFNARO469W,5,0.07422161172161171
bgs_spearman,,,1D7CUD1955YZPGK8XHJX,1GU15S0GJ6PFNARO469W,6,0.18195970695970695
bgs_spearman,,,1D7CUD1955YZPGK8XHJX,1GU15S0GJ6PFNARO469W,7,0.0288003663003663
bgs_spearman,,,1D7CUD1955YZPGK8XHJX,1GU15S0GJ6PFNARO469W,8,0.09789377289377289
bgs_spearman,,,1D7CUD1955YZPGK8XHJX,1GU15S0GJ6PFNARO469W,9,0.009844322344322342
bgs_spearman,,,1D7CUD1955YZPGK8XHJX,1GU15S0GJ6PFNARO469W,10,0.14926739926739924
bgs_spearman,,,1D7CUD1955YZPGK8XHJX,1GU15S0GJ6PFNARO469W,11,-0.18429487179487178
bgs_spearman,,,1D7CUD1955YZPGK8XHJX,1GU15S0GJ6PFNARO469W,12,0.1221153846153846
bgs_spearman,,,1D7CUD1955YZPGK8XHJX,1GU15S0GJ6PFNARO469W,13,-0.16785714285714284
bgs_spearman,,,1D7CUD1955YZPGK8XHJX,1GU15S0GJ6PFNARO469W,14,0.0027930402930402927
bgs_spearman,,,1D7CUD1955YZPGK8XHJX,1GU15S0GJ6PFNARO469W,15,0.14706959706959705
bgs_spearman,,,1D7CUD1955YZPGK8XHJX,1GU15S0GJ6PFNARO469W,16,-0.11149267399267399
bgs_spearman,,,1D7CUD1955YZPGK8XHJX,1GU15S0GJ6PFNARO469W,17,0.03333333333333333
bgs_spearman,,,1D7CUD1955YZPGK8XHJX,1GU15S0GJ6PFNARO469W,18,-0.11891025641025642
bgs_spearman,,,1D7CUD1955YZPGK8XHJX,1GU15S0GJ6PFNARO469W,19,0.12055860805860805
bgs_spearman,,,1D7CUD1955YZPGK8XHJX,1GU15S0GJ6PFNARO469W,20,-0.2018315018315018
bgs_spearman,,,1D7CUD1955YZPGK8XHJX,1GU15S0GJ6PFNARO469W,21,0.019826007326007325
bgs_spearman,,,1D7CUD1955YZPGK8XHJX,1GU15S0GJ6PFNARO469W,22,0.016895604395604395
bgs_spearman,,,1D7CUD1955YZPGK8XHJX,1GU15S0GJ6PFNARO469W,23,0.04294871794871794
bgs_spearman,,,1D7CUD1955YZPGK8XHJX,1GU15S0GJ6PFNARO469W,24,0.04546703296703296
bgs_spearman,,,1D7CUD1955YZPGK8XHJX,1GU15S0GJ6PFNARO469W,25,-0.2580128205128205
bgs_spearman,,,1D7CUD1955YZPGK8XHJX,1GU15S0GJ6PFNARO469W,26,0.08992673992673991
bgs_spearman,,,1D7CUD1955YZPGK8XHJX,1GU15S0GJ6PFNARO469W,27,-0.2769230769230769
bgs_spearman,,,1D7CUD1955YZPGK8XHJX,1GU15S0GJ6PFNARO469W,28,0.12206959706959707
bgs_spearman,,,1D7CUD1955YZPGK8XHJX,1GU15S0GJ6PFNARO469W,29,0.10192307692307691
bgs_spearman,,,1D7CUD1955YZPGK8XHJX,1GU15S0GJ6PFNARO469W,30,-0.13278388278388276
bgs_spearman,,,1D7CUD1955YZPGK8XHJX,1GU15S0GJ6PFNARO469W,31,-0.060851648351648344
bgs_spearman,,,1D7CUD1955YZPGK8XHJX,1GU15S0GJ6PFNARO469W,32,0.08914835164835164
bgs_spearman,,,1D7CUD1955YZPGK8XHJX,1GU15S0GJ6PFNARO469W,33,-0.1550824175824176
bgs_spearman,,,1D7CUD1955YZPGK8XHJX,1GU15S0GJ6PFNARO469W,34,-0.05347985347985347
bgs_spearman,,,1D7CUD1955YZPGK8XHJX,1GU15S0GJ6PFNARO469W,35,-0.14858058608058605
bgs_spearman,,,1D7CUD1955YZPGK8XHJX,1GU15S0GJ6PFNARO469W,36,-0.21927655677655675
bgs_spearman,,,1D7CUD1955YZPGK8XHJX,1GU15S0GJ6PFNARO469W,37,0.11932234432234429
bgs_spearman,,,1D7CUD1955YZPGK8XHJX,1GU15S0GJ6PFNARO469W,38,0.0964285714285714
bgs_spearman,,,1D7CUD1955YZPGK8XHJX,1GU15S0GJ6PFNARO469W,39,-0.012087912087912085
bgs_spearman,,,1D7CUD1955YZPGK8XHJX,1GU15S0GJ6PFNARO469W,40,-0.05325091575091574
bgs_spearman,,,1D7CUD1955YZPGK8XHJX,1GU15S0GJ6PFNARO469W,41,-0.00018315018315018312
bgs_spearman,,,1D7CUD1955YZPGK8XHJX,1GU15S0GJ6PFNARO469W,42,0.1226190476190476
bgs_spearman,,,1D7CUD1955YZPGK8XHJX,1GU15S0GJ6PFNARO469W,43,-0.001465201465201465
bgs_spearman,,,1D7CUD1955YZPGK8XHJX,1GU15S0GJ6PFNARO469W,44,0.062362637362637356
bgs_spearman,,,1D7CUD1955YZPGK8XHJX,1GU15S0GJ6PFNARO469W,45,-0.19917582417582413
bgs_spearman,,,1D7CUD1955YZPGK8XHJX,1GU15S0GJ6PFNARO469W,46,-0.027152014652014653
bgs_spearman,,,1D7CUD1955YZPGK8XHJX,1GU15S0GJ6PFNARO469W,47,-0.02353479853479853
bgs_spearman,,,1D7CUD1955YZPGK8XHJX,1GU15S0GJ6PFNARO469W,48,0.08388278388278388
bgs_spearman,,,1D7CUD1955YZPGK8XHJX,1GU15S0GJ6PFNARO469W,49,-0.14972527472527472
bgs_spearman,,,1D7CUD1955YZPGK8XHJX,1GU15S0GJ6PFNARO469W,50,0.3181318681318681
bgs_spearman,,,1D7CUD1955YZPGK8XHJX,1GU15S0GJ6PFNARO469W,51,0.188003663003663
bgs_spearman,,,1D7CUD1955YZPGK8XHJX,1GU15S0GJ6PFNARO469W,52,-0.10563186813186813
bgs_spearman,,,1D7CUD1955YZPGK8XHJX,1GU15S0GJ6PFNARO469W,53,0.1443223443223443
bgs_spearman,,,1D7CUD1955YZPGK8XHJX,1GU15S0GJ6PFNARO469W,54,-0.04519230769230769
bgs_spearman,,,1D7CUD1955YZPGK8XHJX,1GU15S0GJ6PFNARO469W,55,-0.06286630036630035
bgs_spearman,,,1D7CUD1955YZPGK8XHJX,1GU15S0GJ6PFNARO469W,56,-0.06767399267399267
bgs_spearman,,,1D7CUD1955YZPGK8XHJX,1GU15S0GJ6PFNARO469W,57,-0.07403846153846153
bgs_spearman,,,1D7CUD1955YZPGK8XHJX,1GU15S0GJ6PFNARO469W,58,-0.15398351648351646
bgs_spearman,,,1D7CUD1955YZPGK8XHJX,1GU15S0GJ6PFNARO469W,59,0.22284798534798533
bgs_spearman,,,1D7CUD1955YZPGK8XHJX,1GU15S0GJ6PFNARO469W,60,0.03644688644688644
bgs_spearman,,,1D7CUD1955YZPGK8XHJX,1GU15S0GJ6PFNARO469W,61,-0.006868131868131868
bgs_spearman,,,1D7CUD1955YZPGK8XHJX,1GU15S0GJ6PFNARO469W,62,-0.1404304029304029
bgs_spearman,,,1D7CUD1955YZPGK8XHJX,1GU15S0GJ6PFNARO469W,63,0.13420329670329667
bgs_spearman,,,1D7CUD1955YZPGK8XHJX,1GU15S0GJ6PFNARO469W,64,0.12582417582417582
bgs_spearman,,,1D7CUD1955YZPGK8XHJX,1GU15S0GJ6PFNARO469W,65,0.004716117216117216
bgs_spearman,,,1D7CUD1955YZPGK8XHJX,1GU15S0GJ6PFNARO469W,66,0.14336080586080585
bgs_spearman,,,1D7CUD1955YZPGK8XHJX,1GU15S0GJ6PFNARO469W,67,0.016849816849816845
bgs_spearman,,,1D7CUD1955YZPGK8XHJX,1GU15S0GJ6PFNARO469W,68,-0.07394688644688645
bgs_spearman,,,1D7CUD1955YZPGK8XHJX,1GU15S0GJ6PFNARO469W,69,0.1271062271062271
bgs_spearman,,,1D7CUD1955YZPGK8XHJX,1GU15S0GJ6PFNARO469W,70,-0.2653846153846154
bgs_spearman,,,1D7CUD1955YZPGK8XHJX,1GU15S0GJ6PFNARO469W,71,-0.11309523809523807
bgs_spearman,,,1D7CUD1955YZPGK8XHJX,1GU15S0GJ6PFNARO469W,72,-0.01584249084249084
bgs_spearman,,,1D7CUD1955YZPGK8XHJX,1GU15S0GJ6PFNARO469W,73,0.09097985347985348
bgs_spearman,,,1D7CUD1955YZPGK8XHJX,1GU15S0GJ6PFNARO469W,74,-0.004258241758241758
bgs_spearman,,,1D7CUD1955YZPGK8XHJX,1GU15S0GJ6PFNARO469W,75,-0.18443223443223442
bgs_spearman,,,1D7CUD1955YZPGK8XHJX,1GU15S0GJ6PFNARO469W,76,0.03475274725274725
bgs_spearman,,,1D7CUD1955YZPGK8XHJX,1GU15S0GJ6PFNARO469W,77,-0.09885531135531134
bgs_spearman,,,1D7CUD1955YZPGK8XHJX,1GU15S0GJ6PFNARO469W,78,0.0678113553113553
bgs_spearman,,,1D7CUD1955YZPGK8XHJX,1GU15S0GJ6PFNARO469W,79,-0.06364468864468864
bgs_spearman,,,1D7CUD1955YZPGK8XHJX,1GU15S0GJ6PFNARO469W,80,0.2689102564102564
bgs_spearman,,,1D7CUD1955YZPGK8XHJX,1GU15S0GJ6PFNARO469W,81,-0.04848901098901098
bgs_spearman,,,1D7CUD1955YZPGK8XHJX,1GU15S0GJ6PFNARO469W,82,-0.014239926739926738
bgs_spearman,,,1D7CUD1955YZPGK8XHJX,1GU15S0GJ6PFNARO469W,83,-0.03740842490842491
bgs_spearman,,,1D7CUD1955YZPGK8XHJX,1GU15S0GJ6PFNARO469W,84,-0.04061355311355311
bgs_spearman,,,1D7CUD1955YZPGK8XHJX,1GU15S0GJ6PFNARO469W,85,-0.12678571428571428
bgs_spearman,,,1D7CUD1955YZPGK8XHJX,1GU15S0GJ6PFNARO469W,86,-0.05009157509157509
bgs_spearman,,,1D7CUD1955YZPGK8XHJX,1GU15S0GJ6PFNARO469W,87,0.2272435897435897
bgs_spearman,,,1D7CUD1955YZPGK8XHJX,1GU15S0GJ6PFNARO469W,88,-0.10164835164835163
bgs_spearman,,,1D7CUD1955YZPGK8XHJX,1GU15S0GJ6PFNARO469W,89,0.06808608058608058
bgs_spearman,,,1D7CUD1955YZPGK8XHJX,1GU15S0GJ6PFNARO469W,90,-0.1124084249084249
bgs_spearman,,,1D7CUD1955YZPGK8XHJX,1GU15S0GJ6PFNARO469W,91,-0.10407509157509155
bgs_spearman,,,1D7CUD1955YZPGK8XHJX,1GU15S0GJ6PFNARO469W,92,0.2288003663003663
bgs_spearman,,,1D7CUD1955YZPGK8XHJX,1GU15S0GJ6PFNARO469W,93,0.14615384615384613
bgs_spearman,,,1D7CUD1955YZPGK8XHJX,1GU15S0GJ6PFNARO469W,94,-0.18095238095238095
bgs_spearman,,,1D7CUD1955YZPGK8XHJX,1GU15S0GJ6PFNARO469W,95,0.05517399267399267
bgs_spearman,,,1D7CUD1955YZPGK8XHJX,1GU15S0GJ6PFNARO469W,96,-0.023031135531135526
bgs_spearman,,,1D7CUD1955YZPGK8XHJX,1GU15S0GJ6PFNARO469W,97,-0.20457875457875452
bgs_spearman,,,1D7CUD1955YZPGK8XHJX,1GU15S0GJ6PFNARO469W,98,-0.07170329670329668
bgs_spearman,,,1D7CUD1955YZPGK8XHJX,1GU15S0GJ6PFNARO469W,99,0.02559523809523809
bgs_spearman,,,1D7CUD1955YZPGK8XHJX,1GU15S0GJ6PFNARO469W,100,0.2844322344322344
bgs_spearman,,,1D7CUD1955YZPGK8XHJX,1GU15S0GJ6PFNARO469W,101,0.07261904761904762
bgs_spearman,,,1D7CUD1955YZPGK8XHJX,1GU15S0GJ6PFNARO469W,102,0.0792124542124542
bgs_spearman,,,1D7CUD1955YZPGK8XHJX,1GU15S0GJ6PFNARO469W,103,-0.23557692307692304
bgs_spearman,,,1D7CUD1955YZPGK8XHJX,1GU15S0GJ6PFNARO469W,104,-0.08818681318681318
bgs_spearman,,,1D7CUD1955YZPGK8XHJX,1GU15S0GJ6PFNARO469W,105,0.08708791208791208
bgs_spearman,,,1D7CUD1955YZPGK8XHJX,1GU15S0GJ6PFNARO469W,106,0.030265567765567766
bgs_spearman,,,1D7CUD1955YZPGK8XHJX,1GU15S0GJ6PFNARO469W,107,0.031089743589743583
bgs_spearman,,,1D7CUD1955YZPGK8XHJX,1GU15S0GJ6PFNARO469W,108,0.23136446886446885
bgs_spearman,,,1D7CUD1955YZPGK8XHJX,1GU15S0GJ6PFNARO469W,109,-0.05906593406593406
bgs_spearman,,,1D7CUD1955YZPGK8XHJX,1GU15S0GJ6PFNARO469W,110,0.04020146520146519
bgs_spearman,,,1D7CUD1955YZPGK8XHJX,1GU15S0GJ6PFNARO469W,111,-0.20503663003663003
bgs_spearman,,,1D7CUD1955YZPGK8XHJX,1GU15S0GJ6PFNARO469W,112,0.07715201465201464
bgs_spearman,,,1D7CUD1955YZPGK8XHJX,1GU15S0GJ6PFNARO469W,113,-0.08612637362637361
bgs_spearman,,,1D7CUD1955YZPGK8XHJX,1GU15S0GJ6PFNARO469W,114,-0.007005494505494504
bgs_spearman,,,1D7CUD1955YZPGK8XHJX,1GU15S0GJ6PFNARO469W,115,-0.24107142857142855
bgs_spearman,,,1D7CUD1955YZPGK8XHJX,1GU15S0GJ6PFNARO469W,116,0.052380952380952375
bgs_spearman,,,1D7CUD1955YZPGK8XHJX,1GU15S0GJ6PFNARO469W,117,-0.027289377289377286
bgs_spearman,,,1D7CUD1955YZPGK8XHJX,1GU15S0GJ6PFNARO469W,118,0.01268315018315018
bgs_spearman,,,1D7CUD1955YZPGK8XHJX,1GU15S0GJ6PFNARO469W,119,0.16295787545787543
bgs_spearman,,,1D7CUD1955YZPGK8XHJX,1GU15S0GJ6PFNARO469W,120,0.0972069597069597
bgs_spearman,,,1D7CUD1955YZPGK8XHJX,1GU15S0GJ6PFNARO469W,121,0.11130952380952379
bgs_spearman,,,1D7CUD1955YZPGK8XHJX,1GU15S0GJ6PFNARO469W,122,0.13663003663003662
bgs_spearman,,,1D7CUD1955YZPGK8XHJX,1GU15S0GJ6PFNARO469W,123,0.23429487179487174
bgs_spearman,,,1D7CUD1955YZPGK8XHJX,1GU15S0GJ6PFNARO469W,124,-0.15425824175824174
bgs_spearman,,,1D7CUD1955YZPGK8XHJX,1GU15S0GJ6PFNARO469W,125,-0.005769230769230769
bgs_spearman,,,1D7CUD1955YZPGK8XHJX,1GU15S0GJ6PFNARO469W,126,-0.05361721611721611
bgs_spearman,,,1D7CUD1955YZPGK8XHJX,1GU15S0GJ6PFNARO469W,127,0.028434065934065927
bgs_spearman,,,1D7CUD1955YZPGK8XHJX,1GU15S0GJ6PFNARO469W,128,0.08516483516483515
bgs_spearman,,,1D7CUD1955YZPGK8XHJX,1GU15S0GJ6PFNARO469W,129,-0.03676739926739926
bgs_spearman,,,1D7CUD1955YZPGK8XHJX,1GU15S0GJ6PFNARO469W,130,0.13502747252747252
bgs_spearman,,,1D7CUD1955YZPGK8XHJX,1GU15S0GJ6PFNARO469W,131,0.010119047619047618
bgs_spearman,,,1D7CUD1955YZPGK8XHJX,1GU15S0GJ6PFNARO469W,132,-0.0347069597069597
bgs_spearman,,,1D7CUD1955YZPGK8XHJX,1GU15S0GJ6PFNARO469W,133,-0.3186355311355311
bgs_spearman,,,1D7CUD1955YZPGK8XHJX,1GU15S0GJ6PFNARO469W,134,0.03754578754578754
bgs_spearman,,,1D7CUD1955YZPGK8XHJX,1GU15S0GJ6PFNARO469W,135,0.07857142857142856
bgs_spearman,,,1D7CUD1955YZPGK8XHJX,1GU15S0GJ6PFNARO469W,136,0.0396062271062271
bgs_spearman,,,1D7CUD1955YZPGK8XHJX,1GU15S0GJ6PFNARO469W,137,0.08511904761904761
bgs_spearman,,,1D7CUD1955YZPGK8XHJX,1GU15S0GJ6PFNARO469W,138,0.003388278388278388
bgs_spearman,,,1D7CUD1955YZPGK8XHJX,1GU15S0GJ6PFNARO469W,139,0.01909340659340659
bgs_spearman,,,1D7CUD1955YZPGK8XHJX,1GU15S0GJ6PFNARO469W,140,0.09084249084249084
bgs_spearman,,,1D7CUD1955YZPGK8XHJX,1GU15S0GJ6PFNARO469W,141,-0.04656593406593406
bgs_spearman,,,1D7CUD1955YZPGK8XHJX,1GU15S0GJ6PFNARO469W,142,-0.11506410256410254
bgs_spearman,,,1D7CUD1955YZPGK8XHJX,1GU15S0GJ6PFNARO469W,143,-0.07582417582417582
bgs_spearman,,,1D7CUD1955YZPGK8XHJX,1GU15S0GJ6PFNARO469W,144,0.0035714285714285718
bgs_spearman,,,1D7CUD1955YZPGK8XHJX,1GU15S0GJ6PFNARO469W,145,0.2213369963369963
bgs_spearman,,,1D7CUD1955YZPGK8XHJX,1GU15S0GJ6PFNARO469W,146,-0.01597985347985348
bgs_spearman,,,1D7CUD1955YZPGK8XHJX,1GU15S0GJ6PFNARO469W,147,0.0624084249084249
bgs_spearman,,,1D7CUD1955YZPGK8XHJX,1GU15S0GJ6PFNARO469W,148,0.03237179487179487
bgs_spearman,,,1D7CUD1955YZPGK8XHJX,1GU15S0GJ6PFNARO469W,149,0.2796703296703296
bgs_spearman,,,1D7CUD1955YZPGK8XHJX,1GU15S0GJ6PFNARO469W,150,-0.06657509157509156
bgs_spearman,,,1D7CUD1955YZPGK8XHJX,1GU15S0GJ6PFNARO469W,151,0.3847527472527472
bgs_spearman,,,1D7CUD1955YZPGK8XHJX,1GU15S0GJ6PFNARO469W,152,0.18635531135531133
bgs_spearman,,,1D7CUD1955YZPGK8XHJX,1GU15S0GJ6PFNARO469W,153,-0.06437728937728937
bgs_spearman,,,1D7CUD1955YZPGK8XHJX,1GU15S0GJ6PFNARO469W,154,-0.1016941391941392
bgs_spearman,,,1D7CUD1955YZPGK8XHJX,1GU15S0GJ6PFNARO469W,155,0.07115384615384615
bgs_spearman,,,1D7CUD1955YZPGK8XHJX,1GU15S0GJ6PFNARO469W,156,-0.09597069597069595
bgs_spearman,,,1D7CUD1955YZPGK8XHJX,1GU15S0GJ6PFNARO469W,157,0.15700549450549448
bgs_spearman,,,1D7CUD1955YZPGK8XHJX,1GU15S0GJ6PFNARO469W,158,0.14496336996336995
bgs_spearman,,,1D7CUD1955YZPGK8XHJX,1GU15S0GJ6PFNARO469W,159,0.26634615384615384
bgs_spearman,,,1D7CUD1955YZPGK8XHJX,1GU15S0GJ6PFNARO469W,160,-0.03969780219780219
bgs_spearman,,,1D7CUD1955YZPGK8XHJX,1GU15S0GJ6PFNARO469W,161,-0.15737179487179484
bgs_spearman,,,1D7CUD1955YZPGK8XHJX,1GU15S0GJ6PFNARO469W,162,-0.1152014652014652
bgs_spearman,,,1D7CUD1955YZPGK8XHJX,1GU15S0GJ6PFNARO469W,163,0.08717948717948718
bgs_spearman,,,1D7CUD1955YZPGK8XHJX,1GU15S0GJ6PFNARO469W,164,-0.08072344322344321
bgs_spearman,,,1D7CUD1955YZPGK8XHJX,1GU15S0GJ6PFNARO469W,165,-0.08218864468864467
bgs_spearman,,,1D7CUD1955YZPGK8XHJX,1GU15S0GJ6PFNARO469W,166,0.08035714285714285
bgs_spearman,,,1D7CUD1955YZPGK8XHJX,1GU15S0GJ6PFNARO469W,167,-0.1834249084249084
bgs_spearman,,,1D7CUD1955YZPGK8XHJX,1GU15S0GJ6PFNARO469W,168,-0.0971153846153846
bgs_spearman,,,1D7CUD1955YZPGK8XHJX,1GU15S0GJ6PFNARO469W,169,-0.15384615384615383
bgs_spearman,,,1D7CUD1955YZPGK8XHJX,1GU15S0GJ6PFNARO469W,170,-0.07788461538461539
bgs_spearman,,,1D7CUD1955YZPGK8XHJX,1GU15S0GJ6PFNARO469W,171,0.02678571428571428
bgs_spearman,,,1D7CUD1955YZPGK8XHJX,1GU15S0GJ6PFNARO469W,172,0.0011904761904761904
bgs_spearman,,,1D7CUD1955YZPGK8XHJX,1GU15S0GJ6PFNARO469W,173,0.04441391941391941
bgs_spearman,,,1D7CUD1955YZPGK8XHJX,1GU15S0GJ6PFNARO469W,174,0.020238095238095236
bgs_spearman,,,1D7CUD1955YZPGK8XHJX,1GU15S0GJ6PFNARO469W,175,-0.2028388278388278
bgs_spearman,,,1D7CUD1955YZPGK8XHJX,1GU15S0GJ6PFNARO469W,176,-0.052793040293040286
bgs_spearman,,,1D7CUD1955YZPGK8XHJX,1GU15S0GJ6PFNARO469W,177,-0.02358058608058608
bgs_spearman,,,1D7CUD1955YZPGK8XHJX,1GU15S0GJ6PFNARO469W,178,-0.05256410256410256
bgs_spearman,,,1D7CUD1955YZPGK8XHJX,1GU15S0GJ6PFNARO469W,179,0.2328296703296703
bgs_spearman,,,1D7CUD1955YZPGK8XHJX,1GU15S0GJ6PFNARO469W,180,0.043315018315018314
bgs_spearman,,,1D7CUD1955YZPGK8XHJX,1GU15S0GJ6PFNARO469W,181,-0.12706043956043955
bgs_spearman,,,1D7CUD1955YZPGK8XHJX,1GU15S0GJ6PFNARO469W,182,-0.1114010989010989
bgs_spearman,,,1D7CUD1955YZPGK8XHJX,1GU15S0GJ6PFNARO469W,183,-0.08415750915750915
bgs_spearman,,,1D7CUD1955YZPGK8XHJX,1GU15S0GJ6PFNARO469W,184,-0.07655677655677655
bgs_spearman,,,1D7CUD1955YZPGK8XHJX,1GU15S0GJ6PFNARO469W,185,-0.08859890109890108
bgs_spearman,,,1D7CUD1955YZPGK8XHJX,1GU15S0GJ6PFNARO469W,186,-0.03086080586080586
bgs_spearman,,,1D7CUD1955YZPGK8XHJX,1GU15S0GJ6PFNARO469W,187,0.04006410256410256
bgs_spearman,,,1D7CUD1955YZPGK8XHJX,1GU15S0GJ6PFNARO469W,188,0.1774267399267399
bgs_spearman,,,1D7CUD1955YZPGK8XHJX,1GU15S0GJ6PFNARO469W,189,-0.138507326007326
bgs_spearman,,,1D7CUD1955YZPGK8XHJX,1GU15S0GJ6PFNARO469W,190,-0.02298534798534798
bgs_spearman,,,1D7CUD1955YZPGK8XHJX,1GU15S0GJ6PFNARO469W,191,0.12866300366300365
bgs_spearman,,,1D7CUD1955YZPGK8XHJX,1GU15S0GJ6PFNARO469W,192,-0.003846153846153846
bgs_spearman,,,1D7CUD1955YZPGK8XHJX,1GU15S0GJ6PFNARO469W,193,0.23571428571428568
bgs_spearman,,,1D7CUD1955YZPGK8XHJX,1GU15S0GJ6PFNARO469W,194,0.009432234432234432
bgs_spearman,,,1D7CUD1955YZPGK8XHJX,1GU15S0GJ6PFNARO469W,195,-0.14684065934065935
bgs_spearman,,,1D7CUD1955YZPGK8XHJX,1GU15S0GJ6PFNARO469W,196,0.3662087912087912
bgs_spearman,,,1D7CUD1955YZPGK8XHJX,1GU15S0GJ6PFNARO469W,197,-0.0809981684981685
bgs_spearman,,,1D7CUD1955YZPGK8XHJX,1GU15S0GJ6PFNARO469W,198,-0.31240842490842485
bgs_spearman,,,1D7CUD1955YZPGK8XHJX,1GU15S0GJ6PFNARO469W,199,0.1454212454212454
bgs_spearman,,,1D7CUD1955YZPGK8XHJX,1MHBF3G6DCPWHSKG7XCP,0,-0.16836080586080582
bgs_spearman,,,1D7CUD1955YZPGK8XHJX,1MHBF3G6DCPWHSKG7XCP,1,0.2194139194139194
bgs_spearman,,,1D7CUD1955YZPGK8XHJX,1MHBF3G6DCPWHSKG7XCP,2,0.14606227106227104
bgs_spearman,,,1D7CUD1955YZPGK8XHJX,1MHBF3G6DCPWHSKG7XCP,3,-0.04638278388278388
bgs_spearman,,,1D7CUD1955YZPGK8XHJX,1MHBF3G6DCPWHSKG7XCP,4,0.08759157509157509
bgs_spearman,,,1D7CUD1955YZPGK8XHJX,1MHBF3G6DCPWHSKG7XCP,5,0.10741758241758241
bgs_spearman,,,1D7CUD1955YZPGK8XHJX,1MHBF3G6DCPWHSKG7XCP,6,-0.11753663003663004
bgs_spearman,,,1D7CUD1955YZPGK8XHJX,1MHBF3G6DCPWHSKG7XCP,7,-0.15155677655677655
bgs_spearman,,,1D7CUD1955YZPGK8XHJX,1MHBF3G6DCPWHSKG7XCP,8,-0.0467032967032967
bgs_spearman,,,1D7CUD1955YZPGK8XHJX,1MHBF3G6DCPWHSKG7XCP,9,0.05613553113553113
bgs_spearman,,,1D7CUD1955YZPGK8XHJX,1MHBF3G6DCPWHSKG7XCP,10,0.06694139194139194
bgs_spearman,,,1D7CUD1955YZPGK8XHJX,1MHBF3G6DCPWHSKG7XCP,11,-0.10393772893772893
bgs_spearman,,,1D7CUD1955YZPGK8XHJX,1MHBF3G6DCPWHSKG7XCP,12,-0.017536630036630037
bgs_spearman,,,1D7CUD1955YZPGK8XHJX,1MHBF3G6DCPWHSKG7XCP,13,0.059340659340659324
bgs_spearman,,,1D7CUD1955YZPGK8XHJX,1MHBF3G6DCPWHSKG7XCP,14,-0.09839743589743588
bgs_spearman,,,1D7CUD1955YZPGK8XHJX,1MHBF3G6DCPWHSKG7XCP,15,0.01978021978021978
bgs_spearman,,,1D7CUD1955YZPGK8XHJX,1MHBF3G6DCPWHSKG7XCP,16,0.05755494505494505
bgs_spearman,,,1D7CUD1955YZPGK8XHJX,1MHBF3G6DCPWHSKG7XCP,17,-0.03630952380952381
bgs_spearman,,,1D7CUD1955YZPGK8XHJX,1MHBF3G6DCPWHSKG7XCP,18,-0.031181318681318678
bgs_spearman,,,1D7CUD1955YZPGK8XHJX,1MHBF3G6DCPWHSKG7XCP,19,-0.0749084249084249
bgs_spearman,,,1D7CUD1955YZPGK8XHJX,1MHBF3G6DCPWHSKG7XCP,20,-0.18282967032967032
bgs_spearman,,,1D7CUD1955YZPGK8XHJX,1MHBF3G6DCPWHSKG7XCP,21,-0.009478021978021977
bgs_spearman,,,1D7CUD1955YZPGK8XHJX,1MHBF3G6DCPWHSKG7XCP,22,-0.23699633699633696
bgs_spearman,,,1D7CUD1955YZPGK8XHJX,1MHBF3G6DCPWHSKG7XCP,23,-0.02376373626373626
bgs_spearman,,,1D7CUD1955YZPGK8XHJX,1MHBF3G6DCPWHSKG7XCP,24,-0.10297619047619046
bgs_spearman,,,1D7CUD1955YZPGK8XHJX,1MHBF3G6DCPWHSKG7XCP,25,-0.23644688644688644
bgs_spearman,,,1D7CUD1955YZPGK8XHJX,1MHBF3G6DCPWHSKG7XCP,26,0.15164835164835164
bgs_spearman,,,1D7CUD1955YZPGK8XHJX,1MHBF3G6DCPWHSKG7XCP,27,0.11346153846153843
bgs_spearman,,,1D7CUD1955YZPGK8XHJX,1MHBF3G6DCPWHSKG7XCP,28,0.02289377289377289
bgs_spearman,,,1D7CUD1955YZPGK8XHJX,1MHBF3G6DCPWHSKG7XCP,29,0.114514652014652
bgs_spearman,,,1D7CUD1955YZPGK8XHJX,1MHBF3G6DCPWHSKG7XCP,30,-0.048168498168498164
bgs_spearman,,,1D7CUD1955YZPGK8XHJX,1MHBF3G6DCPWHSKG7XCP,31,-0.14899267399267396
bgs_spearman,,,1D7CUD1955YZPGK8XHJX,1MHBF3G6DCPWHSKG7XCP,32,0.0933150183150183
bgs_spearman,,,1D7CUD1955YZPGK8XHJX,1MHBF3G6DCPWHSKG7XCP,33,-0.11478937728937727
bgs_spearman,,,1D7CUD1955YZPGK8XHJX,1MHBF3G6DCPWHSKG7XCP,34,0.17266483516483513
bgs_spearman,,,1D7CUD1955YZPGK8XHJX,1MHBF3G6DCPWHSKG7XCP,35,0.0819139194139194
bgs_spearman,,,1D7CUD1955YZPGK8XHJX,1MHBF3G6DCPWHSKG7XCP,36,0.2568223443223443
bgs_spearman,,,1D7CUD1955YZPGK8XHJX,1MHBF3G6DCPWHSKG7XCP,37,-0.09647435897435896
bgs_spearman,,,1D7CUD1955YZPGK8XHJX,1MHBF3G6DCPWHSKG7XCP,38,0.05315934065934065
bgs_spearman,,,1D7CUD1955YZPGK8XHJX,1MHBF3G6DCPWHSKG7XCP,39,-0.06675824175824176
bgs_spearman,,,1D7CUD1955YZPGK8XHJX,1MHBF3G6DCPWHSKG7XCP,40,0.08264652014652014
bgs_spearman,,,1D7CUD1955YZPGK8XHJX,1MHBF3G6DCPWHSKG7XCP,41,0.12358058608058607
bgs_spearman,,,1D7CUD1955YZPGK8XHJX,1MHBF3G6DCPWHSKG7XCP,42,-0.018315018315018312
bgs_spearman,,,1D7CUD1955YZPGK8XHJX,1MHBF3G6DCPWHSKG7XCP,43,-0.174496336996337
bgs_spearman,,,1D7CUD1955YZPGK8XHJX,1MHBF3G6DCPWHSKG7XCP,44,-0.08205128205128204
bgs_spearman,,,1D7CUD1955YZPGK8XHJX,1MHBF3G6DCPWHSKG7XCP,45,0.041987179487179484
bgs_spearman,,,1D7CUD1955YZPGK8XHJX,1MHBF3G6DCPWHSKG7XCP,46,0.010714285714285713
bgs_spearman,,,1D7CUD1955YZPGK8XHJX,1MHBF3G6DCPWHSKG7XCP,47,0.07591575091575091
bgs_spearman,,,1D7CUD1955YZPGK8XHJX,1MHBF3G6DCPWHSKG7XCP,48,0.04574175824175824
bgs_spearman,,,1D7CUD1955YZPGK8XHJX,1MHBF3G6DCPWHSKG7XCP,49,-0.05549450549450549
bgs_spearman,,,1D7CUD1955YZPGK8XHJX,1MHBF3G6DCPWHSKG7XCP,50,-0.018864468864468863
bgs_spearman,,,1D7CUD1955YZPGK8XHJX,1MHBF3G6DCPWHSKG7XCP,51,-0.05549450549450549
bgs_spearman,,,1D7CUD1955YZPGK8XHJX,1MHBF3G6DCPWHSKG7XCP,52,-0.03136446886446886
bgs_spearman,,,1D7CUD1955YZPGK8XHJX,1MHBF3G6DCPWHSKG7XCP,53,-0.17536630036630035
bgs_spearman,,,1D7CUD1955YZPGK8XHJX,1MHBF3G6DCPWHSKG7XCP,54,0.041391941391941384
bgs_spearman,,,1D7CUD1955YZPGK8XHJX,1MHBF3G6DCPWHSKG7XCP,55,-0.23717948717948717
bgs_spearman,,,1D7CUD1955YZPGK8XHJX,1MHBF3G6DCPWHSKG7XCP,56,-0.020924908424908423
bgs_spearman,,,1D7CUD1955YZPGK8XHJX,1MHBF3G6DCPWHSKG7XCP,57,0.10938644688644689
bgs_spearman,,,1D7CUD1955YZPGK8XHJX,1MHBF3G6DCPWHSKG7XCP,58,0.05572344322344321
bgs_spearman,,,1D7CUD1955YZPGK8XHJX,1MHBF3G6DCPWHSKG7XCP,59,-0.2853937728937729
bgs_spearman,,,1D7CUD1955YZPGK8XHJX,1MHBF3G6DCPWHSKG7XCP,60,-0.0013736263736263735
bgs_spearman,,,1D7CUD1955YZPGK8XHJX,1MHBF3G6DCPWHSKG7XCP,61,0.06465201465201464
bgs_spearman,,,1D7CUD1955YZPGK8XHJX,1MHBF3G6DCPWHSKG7XCP,62,-0.23333333333333328
bgs_spearman,,,1D7CUD1955YZPGK8XHJX,1MHBF3G6DCPWHSKG7XCP,63,0.0007326007326007325
bgs_spearman,,,1D7CUD1955YZPGK8XHJX,1MHBF3G6DCPWHSKG7XCP,64,-0.18836996336996337
bgs_spearman,,,1D7CUD1955YZPGK8XHJX,1MHBF3G6DCPWHSKG7XCP,65,-0.03891941391941392
bgs_spearman,,,1D7CUD1955YZPGK8XHJX,1MHBF3G6DCPWHSKG7XCP,66,-0.0077380952380952375
bgs_spearman,,,1D7CUD1955YZPGK8XHJX,1MHBF3G6DCPWHSKG7XCP,67,-0.021703296703296703
bgs_spearman,,,1D7CUD1955YZPGK8XHJX,1MHBF3G6DCPWHSKG7XCP,68,0.14093406593406593
bgs_spearman,,,1D7CUD1955YZPGK8XHJX,1MHBF3G6DCPWHSKG7XCP,69,0.015659340659340656
bgs_spearman,,,1D7CUD1955YZPGK8XHJX,1MHBF3G6DCPWHSKG7XCP,70,0.0456043956043956
bgs_spearman,,,1D7CUD1955YZPGK8XHJX,1MHBF3G6DCPWHSKG7XCP,71,0.08076923076923076
bgs_spearman,,,1D7CUD1955YZPGK8XHJX,1MHBF3G6DCPWHSKG7XCP,72,-0.24130036630036625
bgs_spearman,,,1D7CUD1955YZPGK8XHJX,1MHBF3G6DCPWHSKG7XCP,73,-0.13608058608058604
bgs_spearman,,,1D7CUD1955YZPGK8XHJX,1MHBF3G6DCPWHSKG7XCP,74,-0.139514652014652
bgs_spearman,,,1D7CUD1955YZPGK8XHJX,1MHBF3G6DCPWHSKG7XCP,75,0.09867216117216115
bgs_spearman,,,1D7CUD1955YZPGK8XHJX,1MHBF3G6DCPWHSKG7XCP,76,0.08392857142857142
bgs_spearman,,,1D7CUD1955YZPGK8XHJX,1MHBF3G6DCPWHSKG7XCP,77,-0.013644688644688643
bgs_spearman,,,1D7CUD1955YZPGK8XHJX,1MHBF3G6DCPWHSKG7XCP,78,0.024038461538461536
bgs_spearman,,,1D7CUD1955YZPGK8XHJX,1MHBF3G6DCPWHSKG7XCP,79,-0.1261904761904762
bgs_spearman,,,1D7CUD1955YZPGK8XHJX,1MHBF3G6DCPWHSKG7XCP,80,-0.12559523809523807
bgs_spearman,,,1D7CUD1955YZPGK8XHJX,1MHBF3G6DCPWHSKG7XCP,81,-0.23978937728937727
bgs_spearman,,,1D7CUD1955YZPGK8XHJX,1MHBF3G6DCPWHSKG7XCP,82,-0.030311355311355308
bgs_spearman,,,1D7CUD1955YZPGK8XHJX,1MHBF3G6DCPWHSKG7XCP,83,-0.10485347985347984
bgs_spearman,,,1D7CUD1955YZPGK8XHJX,1MHBF3G6DCPWHSKG7XCP,84,0.1897435897435897
bgs_spearman,,,1D7CUD1955YZPGK8XHJX,1MHBF3G6DCPWHSKG7XCP,85,-0.05677655677655677
bgs_spearman,,,1D7CUD1955YZPGK8XHJX,1MHBF3G6DCPWHSKG7XCP,86,0.10760073260073258
bgs_spearman,,,1D7CUD1955YZPGK8XHJX,1MHBF3G6DCPWHSKG7XCP,87,0.17934981684981682
bgs_spearman,,,1D7CUD1955YZPGK8XHJX,1MHBF3G6DCPWHSKG7XCP,88,-0.0869047619047619
bgs_spearman,,,1D7CUD1955YZPGK8XHJX,1MHBF3G6DCPWHSKG7XCP,89,0.0668040293040293
bgs_spearman,,,1D7CUD1955YZPGK8XHJX,1MHBF3G6DCPWHSKG7XCP,90,0.09244505494505492
bgs_spearman,,,1D7CUD1955YZPGK8XHJX,1MHBF3G6DCPWHSKG7XCP,91,-0.03956043956043956
bgs_spearman,,,1D7CUD1955YZPGK8XHJX,1MHBF3G6DCPWHSKG7XCP,92,0.08965201465201465
bgs_spearman,,,1D7CUD1955YZPGK8XHJX,1MHBF3G6DCPWHSKG7XCP,93,0.12065018315018312
bgs_spearman,,,1D7CUD1955YZPGK8XHJX,1MHBF3G6DCPWHSKG7XCP,94,-0.17774725274725273
bgs_spearman,,,1D7CUD1955YZPGK8XHJX,1MHBF3G6DCPWHSKG7XCP,95,-0.009615384615384614
bgs_spearman,,,1D7CUD1955YZPGK8XHJX,1MHBF3G6DCPWHSKG7XCP,96,0.21350732600732597
bgs_spearman,,,1D7CUD1955YZPGK8XHJX,1MHBF3G6DCPWHSKG7XCP,97,0.11607142857142855
bgs_spearman,,,1D7CUD1955YZPGK8XHJX,1MHBF3G6DCPWHSKG7XCP,98,0.01662087912087912
bgs_spearman,,,1D7CUD1955YZPGK8XHJX,1MHBF3G6DCPWHSKG7XCP,99,-0.10022893772893773
bgs_spearman,,,1D7CUD1955YZPGK8XHJX,1MHBF3G6DCPWHSKG7XCP,100,0.00041208791208791203
bgs_spearman,,,1D7CUD1955YZPGK8XHJX,1MHBF3G6DCPWHSKG7XCP,101,-0.03882783882783882
bgs_spearman,,,1D7CUD1955YZPGK8XHJX,1MHBF3G6DCPWHSKG7XCP,102,-0.1163003663003663
bgs_spearman,,,1D7CUD1955YZPGK8XHJX,1MHBF3G6DCPWHSKG7XCP,103,-0.035805860805860804
bgs_spearman,,,1D7CUD1955YZPGK8XHJX,1MHBF3G6DCPWHSKG7XCP,104,0.15737179487179484
bgs_spearman,,,1D7CUD1955YZPGK8XHJX,1MHBF3G6DCPWHSKG7XCP,105,-0.21506410256410258
bgs_spearman,,,1D7CUD1955YZPGK8XHJX,1MHBF3G6DCPWHSKG7XCP,106,-0.09436813186813187
bgs_spearman,,,1D7CUD1955YZPGK8XHJX,1MHBF3G6DCPWHSKG7XCP,107,0.0063644688644688635
bgs_spearman,,,1D7CUD1955YZPGK8XHJX,1MHBF3G6DCPWHSKG7XCP,108,0.0944139194139194
bgs_spearman,,,1D7CUD1955YZPGK8XHJX,1MHBF3G6DCPWHSKG7XCP,109,-0.15984432234432233
bgs_spearman,,,1D7CUD1955YZPGK8XHJX,1MHBF3G6DCPWHSKG7XCP,110,0.15503663003663
bgs_spearman,,,1D7CUD1955YZPGK8XHJX,1MHBF3G6DCPWHSKG7XCP,111,0.09674908424908424
bgs_spearman,,,1D7CUD1955YZPGK8XHJX,1MHBF3G6DCPWHSKG7XCP,112,-0.007005494505494504
bgs_spearman,,,1D7CUD1955YZPGK8XHJX,1MHBF3G6DCPWHSKG7XCP,113,0.014285714285714287
bgs_spearman,,,1D7CUD1955YZPGK8XHJX,1MHBF3G6DCPWHSKG7XCP,114,-0.03722527472527472
bgs_spearman,,,1D7CUD1955YZPGK8XHJX,1MHBF3G6DCPWHSKG7XCP,115,-0.15160256410256406
bgs_spearman,,,1D7CUD1955YZPGK8XHJX,1MHBF3G6DCPWHSKG7XCP,116,-0.26904761904761904
bgs_spearman,,,1D7CUD1955YZPGK8XHJX,1MHBF3G6DCPWHSKG7XCP,117,0.22609890109890107
bgs_spearman,,,1D7CUD1955YZPGK8XHJX,1MHBF3G6DCPWHSKG7XCP,118,0.05677655677655677
bgs_spearman,,,1D7CUD1955YZPGK8XHJX,1MHBF3G6DCPWHSKG7XCP,119,0.043635531135531126
bgs_spearman,,,1D7CUD1955YZPGK8XHJX,1MHBF3G6DCPWHSKG7XCP,120,0.16442307692307692
bgs_spearman,,,1D7CUD1955YZPGK8XHJX,1MHBF3G6DCPWHSKG7XCP,121,0.022023809523809522
bgs_spearman,,,1D7CUD1955YZPGK8XHJX,1MHBF3G6DCPWHSKG7XCP,122,-0.0896978021978022
bgs_spearman,,,1D7CUD1955YZPGK8XHJX,1MHBF3G6DCPWHSKG7XCP,123,-0.22586996336996334
bgs_spearman,,,1D7CUD1955YZPGK8XHJX,1MHBF3G6DCPWHSKG7XCP,124,-0.00641025641025641
bgs_spearman,,,1D7CUD1955YZPGK8XHJX,1MHBF3G6DCPWHSKG7XCP,125,0.05485347985347985
bgs_spearman,,,1D7CUD1955YZPGK8XHJX,1MHBF3G6DCPWHSKG7XCP,126,-0.18136446886446883
bgs_spearman,,,1D7CUD1955YZPGK8XHJX,1MHBF3G6DCPWHSKG7XCP,127,0.04345238095238095
bgs_spearman,,,1D7CUD1955YZPGK8XHJX,1MHBF3G6DCPWHSKG7XCP,128,0.14505494505494504
bgs_spearman,,,1D7CUD1955YZPGK8XHJX,1MHBF3G6DCPWHSKG7XCP,129,-0.04551282051282051
bgs_spearman,,,1D7CUD1955YZPGK8XHJX,1MHBF3G6DCPWHSKG7XCP,130,0.0353021978021978
bgs_spearman,,,1D7CUD1955YZPGK8XHJX,1MHBF3G6DCPWHSKG7XCP,131,0.04432234432234432
bgs_spearman,,,1D7CUD1955YZPGK8XHJX,1MHBF3G6DCPWHSKG7XCP,132,0.013644688644688643
bgs_spearman,,,1D7CUD1955YZPGK8XHJX,1MHBF3G6DCPWHSKG7XCP,133,0.031776556776556775
bgs_spearman,,,1D7CUD1955YZPGK8XHJX,1MHBF3G6DCPWHSKG7XCP,134,-0.01822344322344322
bgs_spearman,,,1D7CUD1955YZPGK8XHJX,1MHBF3G6DCPWHSKG7XCP,135,0.12733516483516483
bgs_spearman,,,1D7CUD1955YZPGK8XHJX,1MHBF3G6DCPWHSKG7XCP,136,0.10952380952380951
bgs_spearman,,,1D7CUD1955YZPGK8XHJX,1MHBF3G6DCPWHSKG7XCP,137,0.0815018315018315
bgs_spearman,,,1D7CUD1955YZPGK8XHJX,1MHBF3G6DCPWHSKG7XCP,138,-0.36076007326007326
bgs_spearman,,,1D7CUD1955YZPGK8XHJX,1MHBF3G6DCPWHSKG7XCP,139,0.07866300366300366
bgs_spearman,,,1D7CUD1955YZPGK8XHJX,1MHBF3G6DCPWHSKG7XCP,140,-0.009203296703296702
bgs_spearman,,,1D7CUD1955YZPGK8XHJX,1MHBF3G6DCPWHSKG7XCP,141,0.0025641025641025637
bgs_spearman,,,1D7CUD1955YZPGK8XHJX,1MHBF3G6DCPWHSKG7XCP,142,0.021565934065934062
bgs_spearman,,,1D7CUD1955YZPGK8XHJX,1MHBF3G6DCPWHSKG7XCP,143,0.11474358974358974
bgs_spearman,,,1D7CUD1955YZPGK8XHJX,1MHBF3G6DCPWHSKG7XCP,144,0.23209706959706958
bgs_spearman,,,1D7CUD1955YZPGK8XHJX,1MHBF3G6DCPWHSKG7XCP,145,0.12467948717948717
bgs_spearman,,,1D7CUD1955YZPGK8XHJX,1MHBF3G6DCPWHSKG7XCP,146,0.0028846153846153843
bgs_spearman,,,1D7CUD1955YZPGK8XHJX,1MHBF3G6DCPWHSKG7XCP,147,-0.06520146520146519
bgs_spearman,,,1D7CUD1955YZPGK8XHJX,1MHBF3G6DCPWHSKG7XCP,148,0.06158424908424908
bgs_spearman,,,1D7CUD1955YZPGK8XHJX,1MHBF3G6DCPWHSKG7XCP,149,-0.09807692307692308
bgs_spearman,,,1D7CUD1955YZPGK8XHJX,1MHBF3G6DCPWHSKG7XCP,150,0.05187728937728937
bgs_spearman,,,1D7CUD1955YZPGK8XHJX,1MHBF3G6DCPWHSKG7XCP,151,0.010393772893772893
bgs_spearman,,,1D7CUD1955YZPGK8XHJX,1MHBF3G6DCPWHSKG7XCP,152,-0.15819597069597066
bgs_spearman,,,1D7CUD1955YZPGK8XHJX,1MHBF3G6DCPWHSKG7XCP,153,-0.23461538461538456
bgs_spearman,,,1D7CUD1955YZPGK8XHJX,1MHBF3G6DCPWHSKG7XCP,154,0.04006410256410256
bgs_spearman,,,1D7CUD1955YZPGK8XHJX,1MHBF3G6DCPWHSKG7XCP,155,-0.08008241758241756
bgs_spearman,,,1D7CUD1955YZPGK8XHJX,1MHBF3G6DCPWHSKG7XCP,156,0.05828754578754579
bgs_spearman,,,1D7CUD1955YZPGK8XHJX,1MHBF3G6DCPWHSKG7XCP,157,0.18763736263736264
bgs_spearman,,,1D7CUD1955YZPGK8XHJX,1MHBF3G6DCPWHSKG7XCP,158,-0.11254578754578753
bgs_spearman,,,1D7CUD1955YZPGK8XHJX,1MHBF3G6DCPWHSKG7XCP,159,-0.18347069597069596
bgs_spearman,,,1D7CUD1955YZPGK8XHJX,1MHBF3G6DCPWHSKG7XCP,160,-0.07097069597069597
bgs_spearman,,,1D7CUD1955YZPGK8XHJX,1MHBF3G6DCPWHSKG7XCP,161,-0.0074175824175824155
bgs_spearman,,,1D7CUD1955YZPGK8XHJX,1MHBF3G6DCPWHSKG7XCP,162,0.32490842490842486
bgs_spearman,,,1D7CUD1955YZPGK8XHJX,1MHBF3G6DCPWHSKG7XCP,163,-0.045283882783882776
bgs_spearman,,,1D7CUD1955YZPGK8XHJX,1MHBF3G6DCPWHSKG7XCP,164,-0.11474358974358974
bgs_spearman,,,1D7CUD1955YZPGK8XHJX,1MHBF3G6DCPWHSKG7XCP,165,0.178021978021978
bgs_spearman,,,1D7CUD1955YZPGK8XHJX,1MHBF3G6DCPWHSKG7XCP,166,-0.13168498168498166
bgs_spearman,,,1D7CUD1955YZPGK8XHJX,1MHBF3G6DCPWHSKG7XCP,167,0.2312271062271062
bgs_spearman,,,1D7CUD1955YZPGK8XHJX,1MHBF3G6DCPWHSKG7XCP,168,-0.03887362637362637
bgs_spearman,,,1D7CUD1955YZPGK8XHJX,1MHBF3G6DCPWHSKG7XCP,169,-0.17078754578754576
bgs_spearman,,,1D7CUD1955YZPGK8XHJX,1MHBF3G6DCPWHSKG7XCP,170,0.13406593406593406
bgs_spearman,,,1D7CUD1955YZPGK8XHJX,1MHBF3G6DCPWHSKG7XCP,171,-0.04761904761904761
bgs_spearman,,,1D7CUD1955YZPGK8XHJX,1MHBF3G6DCPWHSKG7XCP,172,0.05842490842490842
bgs_spearman,,,1D7CUD1955YZPGK8XHJX,1MHBF3G6DCPWHSKG7XCP,173,0.0687271062271062
bgs_spearman,,,1D7CUD1955YZPGK8XHJX,1MHBF3G6DCPWHSKG7XCP,174,-0.09139194139194137
bgs_spearman,,,1D7CUD1955YZPGK8XHJX,1MHBF3G6DCPWHSKG7XCP,175,0.04093406593406593
bgs_spearman,,,1D7CUD1955YZPGK8XHJX,1MHBF3G6DCPWHSKG7XCP,176,0.039926739926739924
bgs_spearman,,,1D7CUD1955YZPGK8XHJX,1MHBF3G6DCPWHSKG7XCP,177,0.019184981684981683
bgs_spearman,,,1D7CUD1955YZPGK8XHJX,1MHBF3G6DCPWHSKG7XCP,178,-0.01854395604395604
bgs_spearman,,,1D7CUD1955YZPGK8XHJX,1MHBF3G6DCPWHSKG7XCP,179,0.1570970695970696
bgs_spearman,,,1D7CUD1955YZPGK8XHJX,1MHBF3G6DCPWHSKG7XCP,180,-0.22426739926739925
bgs_spearman,,,1D7CUD1955YZPGK8XHJX,1MHBF3G6DCPWHSKG7XCP,181,-0.17687728937728936
bgs_spearman,,,1D7CUD1955YZPGK8XHJX,1MHBF3G6DCPWHSKG7XCP,182,0.021657509157509157
bgs_spearman,,,1D7CUD1955YZPGK8XHJX,1MHBF3G6DCPWHSKG7XCP,183,-0.013965201465201462
bgs_spearman,,,1D7CUD1955YZPGK8XHJX,1MHBF3G6DCPWHSKG7XCP,184,0.11323260073260073
bgs_spearman,,,1D7CUD1955YZPGK8XHJX,1MHBF3G6DCPWHSKG7XCP,185,0.013507326007326006
bgs_spearman,,,1D7CUD1955YZPGK8XHJX,1MHBF3G6DCPWHSKG7XCP,186,-0.13044871794871793
bgs_spearman,,,1D7CUD1955YZPGK8XHJX,1MHBF3G6DCPWHSKG7XCP,187,-0.2690934065934066
bgs_spearman,,,1D7CUD1955YZPGK8XHJX,1MHBF3G6DCPWHSKG7XCP,188,-0.06469780219780219
bgs_spearman,,,1D7CUD1955YZPGK8XHJX,1MHBF3G6DCPWHSKG7XCP,189,0.11323260073260073
bgs_spearman,,,1D7CUD1955YZPGK8XHJX,1MHBF3G6DCPWHSKG7XCP,190,0.1628205128205128
bgs_spearman,,,1D7CUD1955YZPGK8XHJX,1MHBF3G6DCPWHSKG7XCP,191,-0.12234432234432233
bgs_spearman,,,1D7CUD1955YZPGK8XHJX,1MHBF3G6DCPWHSKG7XCP,192,0.20938644688644686
bgs_spearman,,,1D7CUD1955YZPGK8XHJX,1MHBF3G6DCPWHSKG7XCP,193,-0.038507326007326
bgs_spearman,,,1D7CUD1955YZPGK8XHJX,1MHBF3G6DCPWHSKG7XCP,194,-0.0023809523809523807
bgs_spearman,,,1D7CUD1955YZPGK8XHJX,1MHBF3G6DCPWHSKG7XCP,195,0.07976190476190474
bgs_spearman,,,1D7CUD1955YZPGK8XHJX,1MHBF3G6DCPWHSKG7XCP,196,-0.12257326007326007
bgs_spearman,,,1D7CUD1955YZPGK8XHJX,1MHBF3G6DCPWHSKG7XCP,197,-0.07696886446886446
bgs_spearman,,,1D7CUD1955YZPGK8XHJX,1MHBF3G6DCPWHSKG7XCP,198,-0.1973443223443223
bgs_spearman,,,1D7CUD1955YZPGK8XHJX,1MHBF3G6DCPWHSKG7XCP,199,-0.062271062271062265
bgs_spearman,,,1D7CUD1955YZPGK8XHJX,23X6SY44VT9KFHR7S7OC,0,-0.10613553113553112
bgs_spearman,,,1D7CUD1955YZPGK8XHJX,23X6SY44VT9KFHR7S7OC,1,-0.10210622710622708
bgs_spearman,,,1D7CUD1955YZPGK8XHJX,23X6SY44VT9KFHR7S7OC,2,-0.0663003663003663
bgs_spearman,,,1D7CUD1955YZPGK8XHJX,23X6SY44VT9KFHR7S7OC,3,0.02261904761904762
bgs_spearman,,,1D7CUD1955YZPGK8XHJX,23X6SY44VT9KFHR7S7OC,4,-0.12788461538461535
bgs_spearman,,,1D7CUD1955YZPGK8XHJX,23X6SY44VT9KFHR7S7OC,5,-0.026144688644688642
bgs_spearman,,,1D7CUD1955YZPGK8XHJX,23X6SY44VT9KFHR7S7OC,6,0.0819139194139194
bgs_spearman,,,1D7CUD1955YZPGK8XHJX,23X6SY44VT9KFHR7S7OC,7,-0.12472527472527471
bgs_spearman,,,1D7CUD1955YZPGK8XHJX,23X6SY44VT9KFHR7S7OC,8,-0.016575091575091575
bgs_spearman,,,1D7CUD1955YZPGK8XHJX,23X6SY44VT9KFHR7S7OC,9,0.06863553113553113
bgs_spearman,,,1D7CUD1955YZPGK8XHJX,23X6SY44VT9KFHR7S7OC,10,0.055448717948717946
bgs_spearman,,,1D7CUD1955YZPGK8XHJX,23X6SY44VT9KFHR7S7OC,11,-0.1514194139194139
bgs_spearman,,,1D7CUD1955YZPGK8XHJX,23X6SY44VT9KFHR7S7OC,12,-0.07861721611721612
bgs_spearman,,,1D7CUD1955YZPGK8XHJX,23X6SY44VT9KFHR7S7OC,13,-0.014239926739926738
bgs_spearman,,,1D7CUD1955YZPGK8XHJX,23X6SY44VT9KFHR7S7OC,14,-0.1354395604395604
bgs_spearman,,,1D7CUD1955YZPGK8XHJX,23X6SY44VT9KFHR7S7OC,15,0.08859890109890108
bgs_spearman,,,1D7CUD1955YZPGK8XHJX,23X6SY44VT9KFHR7S7OC,16,0.0732142857142857
bgs_spearman,,,1D7CUD1955YZPGK8XHJX,23X6SY44VT9KFHR7S7OC,17,0.15164835164835164
bgs_spearman,,,1D7CUD1955YZPGK8XHJX,23X6SY44VT9KFHR7S7OC,18,-0.029075091575091576
bgs_spearman,,,1D7CUD1955YZPGK8XHJX,23X6SY44VT9KFHR7S7OC,19,-0.016025641025641024
bgs_spearman,,,1D7CUD1955YZPGK8XHJX,23X6SY44VT9KFHR7S7OC,20,-0.09583333333333333
bgs_spearman,,,1D7CUD1955YZPGK8XHJX,23X6SY44VT9KFHR7S7OC,21,0.026648351648351644
bgs_spearman,,,1D7CUD1955YZPGK8XHJX,23X6SY44VT9KFHR7S7OC,22,0.07197802197802197
bgs_spearman,,,1D7CUD1955YZPGK8XHJX,23X6SY44VT9KFHR7S7OC,23,-0.021016483516483515
bgs_spearman,,,1D7CUD1955YZPGK8XHJX,23X6SY44VT9KFHR7S7OC,24,0.04542124542124542
bgs_spearman,,,1D7CUD1955YZPGK8XHJX,23X6SY44VT9KFHR7S7OC,25,-0.011446886446886444
bgs_spearman,,,1D7CUD1955YZPGK8XHJX,23X6SY44VT9KFHR7S7OC,26,-0.05297619047619047
bgs_spearman,,,1D7CUD1955YZPGK8XHJX,23X6SY44VT9KFHR7S7OC,27,-0.08534798534798534
bgs_spearman,,,1D7CUD1955YZPGK8XHJX,23X6SY44VT9KFHR7S7OC,28,0.04606227106227105
bgs_spearman,,,1D7CUD1955YZPGK8XHJX,23X6SY44VT9KFHR7S7OC,29,0.10366300366300366
bgs_spearman,,,1D7CUD1955YZPGK8XHJX,23X6SY44VT9KFHR7S7OC,30,-0.09835164835164835
bgs_spearman,,,1D7CUD1955YZPGK8XHJX,23X6SY44VT9KFHR7S7OC,31,-0.2507783882783883
bgs_spearman,,,1D7CUD1955YZPGK8XHJX,23X6SY44VT9KFHR7S7OC,32,0.20347985347985345
bgs_spearman,,,1D7CUD1955YZPGK8XHJX,23X6SY44VT9KFHR7S7OC,33,0.032097069597069594
bgs_spearman,,,1D7CUD1955YZPGK8XHJX,23X6SY44VT9KFHR7S7OC,34,0.11959706959706959
bgs_spearman,,,1D7CUD1955YZPGK8XHJX,23X6SY44VT9KFHR7S7OC,35,0.033745421245421243
bgs_spearman,,,1D7CUD1955YZPGK8XHJX,23X6SY44VT9KFHR7S7OC,36,-0.13356227106227103
bgs_spearman,,,1D7CUD1955YZPGK8XHJX,23X6SY44VT9KFHR7S7OC,37,-0.04601648351648351
bgs_spearman,,,1D7CUD1955YZPGK8XHJX,23X6SY44VT9KFHR7S7OC,38,-0.11543040293040291
bgs_spearman,,,1D7CUD1955YZPGK8XHJX,23X6SY44VT9KFHR7S7OC,39,0.20682234432234428
bgs_spearman,,,1D7CUD1955YZPGK8XHJX,23X6SY44VT9KFHR7S7OC,40,-0.0228021978021978
bgs_spearman,,,1D7CUD1955YZPGK8XHJX,23X6SY44VT9KFHR7S7OC,41,-0.2151098901098901
bgs_spearman,,,1D7CUD1955YZPGK8XHJX,23X6SY44VT9KFHR7S7OC,42,-0.01108058608058608
bgs_spearman,,,1D7CUD1955YZPGK8XHJX,23X6SY44VT9KFHR7S7OC,43,0.037271062271062264
bgs_spearman,,,1D7CUD1955YZPGK8XHJX,23X6SY44VT9KFHR7S7OC,44,0.09304029304029303
bgs_spearman,,,1D7CUD1955YZPGK8XHJX,23X6SY44VT9KFHR7S7OC,45,-0.08305860805860804
bgs_spearman,,,1D7CUD1955YZPGK8XHJX,23X6SY44VT9KFHR7S7OC,46,-0.09766483516483515
bgs_spearman,,,1D7CUD1955YZPGK8XHJX,23X6SY44VT9KFHR7S7OC,47,-0.09006410256410255
bgs_spearman,,,1D7CUD1955YZPGK8XHJX,23X6SY44VT9KFHR7S7OC,48,0.08869047619047618
bgs_spearman,,,1D7CUD1955YZPGK8XHJX,23X6SY44VT9KFHR7S7OC,49,-0.07046703296703297
bgs_spearman,,,1D7CUD1955YZPGK8XHJX,23X6SY44VT9KFHR7S7OC,50,-0.026968864468864463
bgs_spearman,,,1D7CUD1955YZPGK8XHJX,23X6SY44VT9KFHR7S7OC,51,0.06794871794871794
bgs_spearman,,,1D7CUD1955YZPGK8XHJX,23X6SY44VT9KFHR7S7OC,52,0.06021062271062271
bgs_spearman,,,1D7CUD1955YZPGK8XHJX,23X6SY44VT9KFHR7S7OC,53,0.17637362637362636
bgs_spearman,,,1D7CUD1955YZPGK8XHJX,23X6SY44VT9KFHR7S7OC,54,0.14528388278388274
bgs_spearman,,,1D7CUD1955YZPGK8XHJX,23X6SY44VT9KFHR7S7OC,55,0.1344322344322344
bgs_spearman,,,1D7CUD1955YZPGK8XHJX,23X6SY44VT9KFHR7S7OC,56,0.022756410256410255
bgs_spearman,,,1D7CUD1955YZPGK8XHJX,23X6SY44VT9KFHR7S7OC,57,0.14514652014652013
bgs_spearman,,,1D7CUD1955YZPGK8XHJX,23X6SY44VT9KFHR7S7OC,58,0.07449633699633698
bgs_spearman,,,1D7CUD1955YZPGK8XHJX,23X6SY44VT9KFHR7S7OC,59,0.13937728937728935
bgs_spearman,,,1D7CUD1955YZPGK8XHJX,23X6SY44VT9KFHR7S7OC,60,-0.04097985347985348
bgs_spearman,,,1D7CUD1955YZPGK8XHJX,23X6SY44VT9KFHR7S7OC,61,0.06524725274725274
bgs_spearman,,,1D7CUD1955YZPGK8XHJX,23X6SY44VT9KFHR7S7OC,62,0.13104395604395602
bgs_spearman,,,1D7CUD1955YZPGK8XHJX,23X6SY44VT9KFHR7S7OC,63,0.10297619047619046
bgs_spearman,,,1D7CUD1955YZPGK8XHJX,23X6SY44VT9KFHR7S7OC,64,0.1748168498168498
bgs_spearman,,,1D7CUD1955YZPGK8XHJX,23X6SY44VT9KFHR7S7OC,65,0.13525641025641025
bgs_spearman,,,1D7CUD1955YZPGK8XHJX,23X6SY44VT9KFHR7S7OC,66,0.049267399267399266
bgs_spearman,,,1D7CUD1955YZPGK8XHJX,23X6SY44VT9KFHR7S7OC,67,-0.1682234432234432
bgs_spearman,,,1D7CUD1955YZPGK8XHJX,23X6SY44VT9KFHR7S7OC,68,-0.003617216117216117
bgs_spearman,,,1D7CUD1955YZPGK8XHJX,23X6SY44VT9KFHR7S7OC,69,0.03273809523809523
bgs_spearman,,,1D7CUD1955YZPGK8XHJX,23X6SY44VT9KFHR7S7OC,70,-0.053434065934065925
bgs_spearman,,,1D7CUD1955YZPGK8XHJX,23X6SY44VT9KFHR7S7OC,71,-0.026327838827838825
bgs_spearman,,,1D7CUD1955YZPGK8XHJX,23X6SY44VT9KFHR7S7OC,72,0.1281135531135531
bgs_spearman,,,1D7CUD1955YZPGK8XHJX,23X6SY44VT9KFHR7S7OC,73,-0.16744505494505493
bgs_spearman,,,1D7CUD1955YZPGK8XHJX,23X6SY44VT9KFHR7S7OC,74,-0.027884615384615383
bgs_spearman,,,1D7CUD1955YZPGK8XHJX,23X6SY44VT9KFHR7S7OC,75,-0.1043040293040293
bgs_spearman,,,1D7CUD1955YZPGK8XHJX,23X6SY44VT9KFHR7S7OC,76,-0.0024725274725274724
bgs_spearman,,,1D7CUD1955YZPGK8XHJX,23X6SY44VT9KFHR7S7OC,77,-0.10114468864468863
bgs_spearman,,,1D7CUD1955YZPGK8XHJX,23X6SY44VT9KFHR7S7OC,78,0.08809523809523809
bgs_spearman,,,1D7CUD1955YZPGK8XHJX,23X6SY44VT9KFHR7S7OC,79,0.18337912087912087
bgs_spearman,,,1D7CUD1955YZPGK8XHJX,23X6SY44VT9KFHR7S7OC,80,0.0017399267399267398
bgs_spearman,,,1D7CUD1955YZPGK8XHJX,23X6SY44VT9KFHR7S7OC,81,0.1052197802197802
bgs_spearman,,,1D7CUD1955YZPGK8XHJX,23X6SY44VT9KFHR7S7OC,82,0.14674908424908426
bgs_spearman,,,1D7CUD1955YZPGK8XHJX,23X6SY44VT9KFHR7S7OC,83,0.0630952380952381
bgs_spearman,,,1D7CUD1955YZPGK8XHJX,23X6SY44VT9KFHR7S7OC,84,-0.047985347985347974
bgs_spearman,,,1D7CUD1955YZPGK8XHJX,23X6SY44VT9KFHR7S7OC,85,-0.07257326007326007
bgs_spearman,,,1D7CUD1955YZPGK8XHJX,23X6SY44VT9KFHR7S7OC,86,0.009935897435897435
bgs_spearman,,,1D7CUD1955YZPGK8XHJX,23X6SY44VT9KFHR7S7OC,87,0.1211080586080586
bgs_spearman,,,1D7CUD1955YZPGK8XHJX,23X6SY44VT9KFHR7S7OC,88,0.0364010989010989
bgs_spearman,,,1D7CUD1955YZPGK8XHJX,23X6SY44VT9KFHR7S7OC,89,-0.04665750915750915
bgs_spearman,,,1D7CUD1955YZPGK8XHJX,23X6SY44VT9KFHR7S7OC,90,-0.22216117216117212
bgs_spearman,,,1D7CUD1955YZPGK8XHJX,23X6SY44VT9KFHR7S7OC,91,0.22060439560439557
bgs_spearman,,,1D7CUD1955YZPGK8XHJX,23X6SY44VT9KFHR7S7OC,92,-0.008562271062271061
bgs_spearman,,,1D7CUD1955YZPGK8XHJX,23X6SY44VT9KFHR7S7OC,93,0.10151098901098901
bgs_spearman,,,1D7CUD1955YZPGK8XHJX,23X6SY44VT9KFHR7S7OC,94,0.1855311355311355
bgs_spearman,,,1D7CUD1955YZPGK8XHJX,23X6SY44VT9KFHR7S7OC,95,-0.006135531135531135
bgs_spearman,,,1D7CUD1955YZPGK8XHJX,23X6SY44VT9KFHR7S7OC,96,-0.0695970695970696
bgs_spearman,,,1D7CUD1955YZPGK8XHJX,23X6SY44VT9KFHR7S7OC,97,-0.039926739926739924
bgs_spearman,,,1D7CUD1955YZPGK8XHJX,23X6SY44VT9KFHR7S7OC,98,0.16671245421245418
bgs_spearman,,,1D7CUD1955YZPGK8XHJX,23X6SY44VT9KFHR7S7OC,99,-0.029807692307692306
bgs_spearman,,,1D7CUD1955YZPGK8XHJX,23X6SY44VT9KFHR7S7OC,100,-0.01941391941391941
bgs_spearman,,,1D7CUD1955YZPGK8XHJX,23X6SY44VT9KFHR7S7OC,101,-0.028617216117216116
bgs_spearman,,,1D7CUD1955YZPGK8XHJX,23X6SY44VT9KFHR7S7OC,102,0.1623168498168498
bgs_spearman,,,1D7CUD1955YZPGK8XHJX,23X6SY44VT9KFHR7S7OC,103,0.04061355311355311
bgs_spearman,,,1D7CUD1955YZPGK8XHJX,23X6SY44VT9KFHR7S7OC,104,0.09858058608058606
bgs_spearman,,,1D7CUD1955YZPGK8XHJX,23X6SY44VT9KFHR7S7OC,105,-0.07472527472527472
bgs_spearman,,,1D7CUD1955YZPGK8XHJX,23X6SY44VT9KFHR7S7OC,106,0.0451007326007326
bgs_spearman,,,1D7CUD1955YZPGK8XHJX,23X6SY44VT9KFHR7S7OC,107,0.06909340659340658
bgs_spearman,,,1D7CUD1955YZPGK8XHJX,23X6SY44VT9KFHR7S7OC,108,-0.0662087912087912
bgs_spearman,,,1D7CUD1955YZPGK8XHJX,23X6SY44VT9KFHR7S7OC,109,-0.1591117216117216
bgs_spearman,,,1D7CUD1955YZPGK8XHJX,23X6SY44VT9KFHR7S7OC,110,0.3054029304029304
bgs_spearman,,,1D7CUD1955YZPGK8XHJX,23X6SY44VT9KFHR7S7OC,111,-0.14423076923076925
bgs_spearman,,,1D7CUD1955YZPGK8XHJX,23X6SY44VT9KFHR7S7OC,112,-0.06433150183150182
bgs_spearman,,,1D7CUD1955YZPGK8XHJX,23X6SY44VT9KFHR7S7OC,113,0.042490842490842486
bgs_spearman,,,1D7CUD1955YZPGK8XHJX,23X6SY44VT9KFHR7S7OC,114,-0.0005494505494505493
bgs_spearman,,,1D7CUD1955YZPGK8XHJX,23X6SY44VT9KFHR7S7OC,115,0.016895604395604395
bgs_spearman,,,1D7CUD1955YZPGK8XHJX,23X6SY44VT9KFHR7S7OC,116,-0.17184065934065934
bgs_spearman,,,1D7CUD1955YZPGK8XHJX,23X6SY44VT9KFHR7S7OC,117,-0.14294871794871794
bgs_spearman,,,1D7CUD1955YZPGK8XHJX,23X6SY44VT9KFHR7S7OC,118,0.1473901098901099
bgs_spearman,,,1D7CUD1955YZPGK8XHJX,23X6SY44VT9KFHR7S7OC,119,-0.014926739926739924
bgs_spearman,,,1D7CUD1955YZPGK8XHJX,23X6SY44VT9KFHR7S7OC,120,-0.15952380952380948
bgs_spearman,,,1D7CUD1955YZPGK8XHJX,23X6SY44VT9KFHR7S7OC,121,0.011996336996336994
bgs_spearman,,,1D7CUD1955YZPGK8XHJX,23X6SY44VT9KFHR7S7OC,122,-0.14523809523809525
bgs_spearman,,,1D7CUD1955YZPGK8XHJX,23X6SY44VT9KFHR7S7OC,123,0.15082417582417582
bgs_spearman,,,1D7CUD1955YZPGK8XHJX,23X6SY44VT9KFHR7S7OC,124,-0.11167582417582418
bgs_spearman,,,1D7CUD1955YZPGK8XHJX,23X6SY44VT9KFHR7S7OC,125,-0.05563186813186813
bgs_spearman,,,1D7CUD1955YZPGK8XHJX,23X6SY44VT9KFHR7S7OC,126,-0.02115384615384615
bgs_spearman,,,1D7CUD1955YZPGK8XHJX,23X6SY44VT9KFHR7S7OC,127,-0.05251831501831501
bgs_spearman,,,1D7CUD1955YZPGK8XHJX,23X6SY44VT9KFHR7S7OC,128,-0.05993589743589743
bgs_spearman,,,1D7CUD1955YZPGK8XHJX,23X6SY44VT9KFHR7S7OC,129,-0.08937728937728937
bgs_spearman,,,1D7CUD1955YZPGK8XHJX,23X6SY44VT9KFHR7S7OC,130,0.0071428571428571435
bgs_spearman,,,1D7CUD1955YZPGK8XHJX,23X6SY44VT9KFHR7S7OC,131,0.018956043956043955
bgs_spearman,,,1D7CUD1955YZPGK8XHJX,23X6SY44VT9KFHR7S7OC,132,-0.00966117216117216
bgs_spearman,,,1D7CUD1955YZPGK8XHJX,23X6SY44VT9KFHR7S7OC,133,-0.06016483516483516
bgs_spearman,,,1D7CUD1955YZPGK8XHJX,23X6SY44VT9KFHR7S7OC,134,-0.09935897435897435
bgs_spearman,,,1D7CUD1955YZPGK8XHJX,23X6SY44VT9KFHR7S7OC,135,-0.0934065934065934
bgs_spearman,,,1D7CUD1955YZPGK8XHJX,23X6SY44VT9KFHR7S7OC,136,0.20998168498168493
bgs_spearman,,,1D7CUD1955YZPGK8XHJX,23X6SY44VT9KFHR7S7OC,137,-0.0656135531135531
bgs_spearman,,,1D7CUD1955YZPGK8XHJX,23X6SY44VT9KFHR7S7OC,138,0.34661172161172155
bgs_spearman,,,1D7CUD1955YZPGK8XHJX,23X6SY44VT9KFHR7S7OC,139,0.08177655677655676
bgs_spearman,,,1D7CUD1955YZPGK8XHJX,23X6SY44VT9KFHR7S7OC,140,-0.00824175824175824
bgs_spearman,,,1D7CUD1955YZPGK8XHJX,23X6SY44VT9KFHR7S7OC,141,-0.049404761904761896
bgs_spearman,,,1D7CUD1955YZPGK8XHJX,23X6SY44VT9KFHR7S7OC,142,0.037637362637362635
bgs_spearman,,,1D7CUD1955YZPGK8XHJX,23X6SY44VT9KFHR7S7OC,143,0.28214285714285714
bgs_spearman,,,1D7CUD1955YZPGK8XHJX,23X6SY44VT9KFHR7S7OC,144,-0.05027472527472527
bgs_spearman,,,1D7CUD1955YZPGK8XHJX,23X6SY44VT9KFHR7S7OC,145,-0.17280219780219777
bgs_spearman,,,1D7CUD1955YZPGK8XHJX,23X6SY44VT9KFHR7S7OC,146,-0.09304029304029303
bgs_spearman,,,1D7CUD1955YZPGK8XHJX,23X6SY44VT9KFHR7S7OC,147,-0.1980311355311355
bgs_spearman,,,1D7CUD1955YZPGK8XHJX,23X6SY44VT9KFHR7S7OC,148,-0.04789377289377288
bgs_spearman,,,1D7CUD1955YZPGK8XHJX,23X6SY44VT9KFHR7S7OC,149,0.17486263736263735
bgs_spearman,,,1D7CUD1955YZPGK8XHJX,23X6SY44VT9KFHR7S7OC,150,0.09116300366300366
bgs_spearman,,,1D7CUD1955YZPGK8XHJX,23X6SY44VT9KFHR7S7OC,151,-0.11515567765567764
bgs_spearman,,,1D7CUD1955YZPGK8XHJX,23X6SY44VT9KFHR7S7OC,152,-0.0684065934065934
bgs_spearman,,,1D7CUD1955YZPGK8XHJX,23X6SY44VT9KFHR7S7OC,153,-0.003754578754578754
bgs_spearman,,,1D7CUD1955YZPGK8XHJX,23X6SY44VT9KFHR7S7OC,154,0.17257326007326004
bgs_spearman,,,1D7CUD1955YZPGK8XHJX,23X6SY44VT9KFHR7S7OC,155,0.07852564102564102
bgs_spearman,,,1D7CUD1955YZPGK8XHJX,23X6SY44VT9KFHR7S7OC,156,-0.11222527472527473
bgs_spearman,,,1D7CUD1955YZPGK8XHJX,23X6SY44VT9KFHR7S7OC,157,0.018406593406593404
bgs_spearman,,,1D7CUD1955YZPGK8XHJX,23X6SY44VT9KFHR7S7OC,158,-0.15338827838827837
bgs_spearman,,,1D7CUD1955YZPGK8XHJX,23X6SY44VT9KFHR7S7OC,159,0.2864010989010988
bgs_spearman,,,1D7CUD1955YZPGK8XHJX,23X6SY44VT9KFHR7S7OC,160,-0.10045787545787543
bgs_spearman,,,1D7CUD1955YZPGK8XHJX,23X6SY44VT9KFHR7S7OC,161,-0.09097985347985348
bgs_spearman,,,1D7CUD1955YZPGK8XHJX,23X6SY44VT9KFHR7S7OC,162,-0.027335164835164835
bgs_spearman,,,1D7CUD1955YZPGK8XHJX,23X6SY44VT9KFHR7S7OC,163,-0.16987179487179485
bgs_spearman,,,1D7CUD1955YZPGK8XHJX,23X6SY44VT9KFHR7S7OC,164,0.11799450549450548
bgs_spearman,,,1D7CUD1955YZPGK8XHJX,23X6SY44VT9KFHR7S7OC,165,-0.1502289377289377
bgs_spearman,,,1D7CUD1955YZPGK8XHJX,23X6SY44VT9KFHR7S7OC,166,-0.035622710622710614
bgs_spearman,,,1D7CUD1955YZPGK8XHJX,23X6SY44VT9KFHR7S7OC,167,0.03498168498168498
bgs_spearman,,,1D7CUD1955YZPGK8XHJX,23X6SY44VT9KFHR7S7OC,168,0.06506410256410255
bgs_spearman,,,1D7CUD1955YZPGK8XHJX,23X6SY44VT9KFHR7S7OC,169,-0.18273809523809523
bgs_spearman,,,1D7CUD1955YZPGK8XHJX,23X6SY44VT9KFHR7S7OC,170,0.06913919413919414
bgs_spearman,,,1D7CUD1955YZPGK8XHJX,23X6SY44VT9KFHR7S7OC,171,0.07339743589743589
bgs_spearman,,,1D7CUD1955YZPGK8XHJX,23X6SY44VT9KFHR7S7OC,172,0.005906593406593406
bgs_spearman,,,1D7CUD1955YZPGK8XHJX,23X6SY44VT9KFHR7S7OC,173,-0.1574175824175824
bgs_spearman,,,1D7CUD1955YZPGK8XHJX,23X6SY44VT9KFHR7S7OC,174,0.10856227106227105
bgs_spearman,,,1D7CUD1955YZPGK8XHJX,23X6SY44VT9KFHR7S7OC,175,0.16144688644688643
bgs_spearman,,,1D7CUD1955YZPGK8XHJX,23X6SY44VT9KFHR7S7OC,176,-0.05068681318681318
bgs_spearman,,,1D7CUD1955YZPGK8XHJX,23X6SY44VT9KFHR7S7OC,177,0.10086996336996337
bgs_spearman,,,1D7CUD1955YZPGK8XHJX,23X6SY44VT9KFHR7S7OC,178,-0.037957875457875455
bgs_spearman,,,1D7CUD1955YZPGK8XHJX,23X6SY44VT9KFHR7S7OC,179,0.0836080586080586
bgs_spearman,,,1D7CUD1955YZPGK8XHJX,23X6SY44VT9KFHR7S7OC,180,0.03296703296703296
bgs_spearman,,,1D7CUD1955YZPGK8XHJX,23X6SY44VT9KFHR7S7OC,181,0.2000915750915751
bgs_spearman,,,1D7CUD1955YZPGK8XHJX,23X6SY44VT9KFHR7S7OC,182,0.012316849816849816
bgs_spearman,,,1D7CUD1955YZPGK8XHJX,23X6SY44VT9KFHR7S7OC,183,-0.04308608058608058
bgs_spearman,,,1D7CUD1955YZPGK8XHJX,23X6SY44VT9KFHR7S7OC,184,0.04088827838827838
bgs_spearman,,,1D7CUD1955YZPGK8XHJX,23X6SY44VT9KFHR7S7OC,185,-0.2783424908424908
bgs_spearman,,,1D7CUD1955YZPGK8XHJX,23X6SY44VT9KFHR7S7OC,186,0.17486263736263735
bgs_spearman,,,1D7CUD1955YZPGK8XHJX,23X6SY44VT9KFHR7S7OC,187,-0.043635531135531126
bgs_spearman,,,1D7CUD1955YZPGK8XHJX,23X6SY44VT9KFHR7S7OC,188,-0.03434065934065934
bgs_spearman,,,1D7CUD1955YZPGK8XHJX,23X6SY44VT9KFHR7S7OC,189,-0.060851648351648344
bgs_spearman,,,1D7CUD1955YZPGK8XHJX,23X6SY44VT9KFHR7S7OC,190,-0.2854395604395604
bgs_spearman,,,1D7CUD1955YZPGK8XHJX,23X6SY44VT9KFHR7S7OC,191,-0.017811355311355307
bgs_spearman,,,1D7CUD1955YZPGK8XHJX,23X6SY44VT9KFHR7S7OC,192,-0.063003663003663
bgs_spearman,,,1D7CUD1955YZPGK8XHJX,23X6SY44VT9KFHR7S7OC,193,-0.06854395604395602
bgs_spearman,,,1D7CUD1955YZPGK8XHJX,23X6SY44VT9KFHR7S7OC,194,-0.15228937728937728
bgs_spearman,,,1D7CUD1955YZPGK8XHJX,23X6SY44VT9KFHR7S7OC,195,-0.008424908424908423
bgs_spearman,,,1D7CUD1955YZPGK8XHJX,23X6SY44VT9KFHR7S7OC,196,-0.08008241758241756
bgs_spearman,,,1D7CUD1955YZPGK8XHJX,23X6SY44VT9KFHR7S7OC,197,0.10096153846153845
bgs_spearman,,,1D7CUD1955YZPGK8XHJX,23X6SY44VT9KFHR7S7OC,198,-0.02147435897435897
bgs_spearman,,,1D7CUD1955YZPGK8XHJX,23X6SY44VT9KFHR7S7OC,199,-0.06414835164835164
bgs_spearman,,,1D7CUD1955YZPGK8XHJX,2XL5HSFSE93RMOJDRGR4,0,0.03722527472527472
bgs_spearman,,,1D7CUD1955YZPGK8XHJX,2XL5HSFSE93RMOJDRGR4,1,0.11176739926739926
bgs_spearman,,,1D7CUD1955YZPGK8XHJX,2XL5HSFSE93RMOJDRGR4,2,4.578754578754578e-05
bgs_spearman,,,1D7CUD1955YZPGK8XHJX,2XL5HSFSE93RMOJDRGR4,3,-0.09368131868131868
bgs_spearman,,,1D7CUD1955YZPGK8XHJX,2XL5HSFSE93RMOJDRGR4,4,-0.20773809523809522
bgs_spearman,,,1D7CUD1955YZPGK8XHJX,2XL5HSFSE93RMOJDRGR4,5,0.12087912087912088
bgs_spearman,,,1D7CUD1955YZPGK8XHJX,2XL5HSFSE93RMOJDRGR4,6,0.010897435897435897
bgs_spearman,,,1D7CUD1955YZPGK8XHJX,2XL5HSFSE93RMOJDRGR4,7,0.10654761904761904
bgs_spearman,,,1D7CUD1955YZPGK8XHJX,2XL5HSFSE93RMOJDRGR4,8,0.04725274725274725
bgs_spearman,,,1D7CUD1955YZPGK8XHJX,2XL5HSFSE93RMOJDRGR4,9,-0.15347985347985346
bgs_spearman,,,1D7CUD1955YZPGK8XHJX,2XL5HSFSE93RMOJDRGR4,10,-0.0646062271062271
bgs_spearman,,,1D7CUD1955YZPGK8XHJX,2XL5HSFSE93RMOJDRGR4,11,0.04409340659340659
bgs_spearman,,,1D7CUD1955YZPGK8XHJX,2XL5HSFSE93RMOJDRGR4,12,-0.020283882783882785
bgs_spearman,,,1D7CUD1955YZPGK8XHJX,2XL5HSFSE93RMOJDRGR4,13,-0.17289377289377286
bgs_spearman,,,1D7CUD1955YZPGK8XHJX,2XL5HSFSE93RMOJDRGR4,14,0.00934065934065934
bgs_spearman,,,1D7CUD1955YZPGK8XHJX,2XL5HSFSE93RMOJDRGR4,15,0.08324175824175822
bgs_spearman,,,1D7CUD1955YZPGK8XHJX,2XL5HSFSE93RMOJDRGR4,16,0.07907509157509156
bgs_spearman,,,1D7CUD1955YZPGK8XHJX,2XL5HSFSE93RMOJDRGR4,17,0.019139194139194137
bgs_spearman,,,1D7CUD1955YZPGK8XHJX,2XL5HSFSE93RMOJDRGR4,18,-0.04258241758241758
bgs_spearman,,,1D7CUD1955YZPGK8XHJX,2XL5HSFSE93RMOJDRGR4,19,0.07825091575091574
bgs_spearman,,,1D7CUD1955YZPGK8XHJX,2XL5HSFSE93RMOJDRGR4,20,0.19697802197802194
bgs_spearman,,,1D7CUD1955YZPGK8XHJX,2XL5HSFSE93RMOJDRGR4,21,0.27637362637362634
bgs_spearman,,,1D7CUD1955YZPGK8XHJX,2XL5HSFSE93RMOJDRGR4,22,0.18076923076923077
bgs_spearman,,,1D7CUD1955YZPGK8XHJX,2XL5HSFSE93RMOJDRGR4,23,0.09926739926739926
bgs_spearman,,,1D7CUD1955YZPGK8XHJX,2XL5HSFSE93RMOJDRGR4,24,0.008058608058608058
bgs_spearman,,,1D7CUD1955YZPGK8XHJX,2XL5HSFSE93RMOJDRGR4,25,-0.37339743589743585
bgs_spearman,,,1D7CUD1955YZPGK8XHJX,2XL5HSFSE93RMOJDRGR4,26,0.06584249084249083
bgs_spearman,,,1D7CUD1955YZPGK8XHJX,2XL5HSFSE93RMOJDRGR4,27,-0.3195054945054945
bgs_spearman,,,1D7CUD1955YZPGK8XHJX,2XL5HSFSE93RMOJDRGR4,28,-0.12005494505494503
bgs_spearman,,,1D7CUD1955YZPGK8XHJX,2XL5HSFSE93RMOJDRGR4,29,-0.13456959706959704
bgs_spearman,,,1D7CUD1955YZPGK8XHJX,2XL5HSFSE93RMOJDRGR4,30,-0.1298076923076923
bgs_spearman,,,1D7CUD1955YZPGK8XHJX,2XL5HSFSE93RMOJDRGR4,31,-0.08498168498168497
bgs_spearman,,,1D7CUD1955YZPGK8XHJX,2XL5HSFSE93RMOJDRGR4,32,-0.13388278388278388
bgs_spearman,,,1D7CUD1955YZPGK8XHJX,2XL5HSFSE93RMOJDRGR4,33,-0.07852564102564102
bgs_spearman,,,1D7CUD1955YZPGK8XHJX,2XL5HSFSE93RMOJDRGR4,34,0.2551282051282051
bgs_spearman,,,1D7CUD1955YZPGK8XHJX,2XL5HSFSE93RMOJDRGR4,35,0.035073260073260074
bgs_spearman,,,1D7CUD1955YZPGK8XHJX,2XL5HSFSE93RMOJDRGR4,36,0.21318681318681315
bgs_spearman,,,1D7CUD1955YZPGK8XHJX,2XL5HSFSE93RMOJDRGR4,37,0.11945970695970695
bgs_spearman,,,1D7CUD1955YZPGK8XHJX,2XL5HSFSE93RMOJDRGR4,38,0.180540293040293
bgs_spearman,,,1D7CUD1955YZPGK8XHJX,2XL5HSFSE93RMOJDRGR4,39,-0.1411172161172161
bgs_spearman,,,1D7CUD1955YZPGK8XHJX,2XL5HSFSE93RMOJDRGR4,40,-0.1586996336996337
bgs_spearman,,,1D7CUD1955YZPGK8XHJX,2XL5HSFSE93RMOJDRGR4,41,0.2252289377289377
bgs_spearman,,,1D7CUD1955YZPGK8XHJX,2XL5HSFSE93RMOJDRGR4,42,0.10251831501831501
bgs_spearman,,,1D7CUD1955YZPGK8XHJX,2XL5HSFSE93RMOJDRGR4,43,0.08873626373626373
bgs_spearman,,,1D7CUD1955YZPGK8XHJX,2XL5HSFSE93RMOJDRGR4,44,-0.1652930402930403
bgs_spearman,,,1D7CUD1955YZPGK8XHJX,2XL5HSFSE93RMOJDRGR4,45,-0.022481684981684978
bgs_spearman,,,1D7CUD1955YZPGK8XHJX,2XL5HSFSE93RMOJDRGR4,46,0.08392857142857142
bgs_spearman,,,1D7CUD1955YZPGK8XHJX,2XL5HSFSE93RMOJDRGR4,47,0.265018315018315
bgs_spearman,,,1D7CUD1955YZPGK8XHJX,2XL5HSFSE93RMOJDRGR4,48,0.16446886446886444
bgs_spearman,,,1D7CUD1955YZPGK8XHJX,2XL5HSFSE93RMOJDRGR4,49,-0.2456043956043956
bgs_spearman,,,1D7CUD1955YZPGK8XHJX,2XL5HSFSE93RMOJDRGR4,50,0.07934981684981685
bgs_spearman,,,1D7CUD1955YZPGK8XHJX,2XL5HSFSE93RMOJDRGR4,51,-0.11414835164835163
bgs_spearman,,,1D7CUD1955YZPGK8XHJX,2XL5HSFSE93RMOJDRGR4,52,-0.04148351648351648
bgs_spearman,,,1D7CUD1955YZPGK8XHJX,2XL5HSFSE93RMOJDRGR4,53,-0.018956043956043955
bgs_spearman,,,1D7CUD1955YZPGK8XHJX,2XL5HSFSE93RMOJDRGR4,54,0.23305860805860804
bgs_spearman,,,1D7CUD1955YZPGK8XHJX,2XL5HSFSE93RMOJDRGR4,55,0.16858974358974357
bgs_spearman,,,1D7CUD1955YZPGK8XHJX,2XL5HSFSE93RMOJDRGR4,56,0.09125457875457874
bgs_spearman,,,1D7CUD1955YZPGK8XHJX,2XL5HSFSE93RMOJDRGR4,57,0.13846153846153844
bgs_spearman,,,1D7CUD1955YZPGK8XHJX,2XL5HSFSE93RMOJDRGR4,58,-0.05663919413919413
bgs_spearman,,,1D7CUD1955YZPGK8XHJX,2XL5HSFSE93RMOJDRGR4,59,-0.05242673992673992
bgs_spearman,,,1D7CUD1955YZPGK8XHJX,2XL5HSFSE93RMOJDRGR4,60,-0.09656593406593406
bgs_spearman,,,1D7CUD1955YZPGK8XHJX,2XL5HSFSE93RMOJDRGR4,61,-0.14647435897435895
bgs_spearman,,,1D7CUD1955YZPGK8XHJX,2XL5HSFSE93RMOJDRGR4,62,-0.10778388278388275
bgs_spearman,,,1D7CUD1955YZPGK8XHJX,2XL5HSFSE93RMOJDRGR4,63,-0.03131868131868131
bgs_spearman,,,1D7CUD1955YZPGK8XHJX,2XL5HSFSE93RMOJDRGR4,64,-0.17509157509157508
bgs_spearman,,,1D7CUD1955YZPGK8XHJX,2XL5HSFSE93RMOJDRGR4,65,-0.09336080586080585
bgs_spearman,,,1D7CUD1955YZPGK8XHJX,2XL5HSFSE93RMOJDRGR4,66,-0.17829670329670327
bgs_spearman,,,1D7CUD1955YZPGK8XHJX,2XL5HSFSE93RMOJDRGR4,67,0.1252289377289377
bgs_spearman,,,1D7CUD1955YZPGK8XHJX,2XL5HSFSE93RMOJDRGR4,68,0.021749084249084248
bgs_spearman,,,1D7CUD1955YZPGK8XHJX,2XL5HSFSE93RMOJDRGR4,69,0.16996336996336994
bgs_spearman,,,1D7CUD1955YZPGK8XHJX,2XL5HSFSE93RMOJDRGR4,70,-0.016346153846153844
bgs_spearman,,,1D7CUD1955YZPGK8XHJX,2XL5HSFSE93RMOJDRGR4,71,0.18617216117216112
bgs_spearman,,,1D7CUD1955YZPGK8XHJX,2XL5HSFSE93RMOJDRGR4,72,-0.03191391941391941
bgs_spearman,,,1D7CUD1955YZPGK8XHJX,2XL5HSFSE93RMOJDRGR4,73,-0.09743589743589744
bgs_spearman,,,1D7CUD1955YZPGK8XHJX,2XL5HSFSE93RMOJDRGR4,74,0.13040293040293038
bgs_spearman,,,1D7CUD1955YZPGK8XHJX,2XL5HSFSE93RMOJDRGR4,75,0.08145604395604394
bgs_spearman,,,1D7CUD1955YZPGK8XHJX,2XL5HSFSE93RMOJDRGR4,76,-0.13988095238095236
bgs_spearman,,,1D7CUD1955YZPGK8XHJX,2XL5HSFSE93RMOJDRGR4,77,-0.11744505494505494
bgs_spearman,,,1D7CUD1955YZPGK8XHJX,2XL5HSFSE93RMOJDRGR4,78,0.048855311355311355
bgs_spearman,,,1D7CUD1955YZPGK8XHJX,2XL5HSFSE93RMOJDRGR4,79,0.07847985347985348
bgs_spearman,,,1D7CUD1955YZPGK8XHJX,2XL5HSFSE93RMOJDRGR4,80,-0.0336080586080586
bgs_spearman,,,1D7CUD1955YZPGK8XHJX,2XL5HSFSE93RMOJDRGR4,81,-0.09139194139194137
bgs_spearman,,,1D7CUD1955YZPGK8XHJX,2XL5HSFSE93RMOJDRGR4,82,0.09858058608058606
bgs_spearman,,,1D7CUD1955YZPGK8XHJX,2XL5HSFSE93RMOJDRGR4,83,0.1310897435897436
bgs_spearman,,,1D7CUD1955YZPGK8XHJX,2XL5HSFSE93RMOJDRGR4,84,0.06043956043956044
bgs_spearman,,,1D7CUD1955YZPGK8XHJX,2XL5HSFSE93RMOJDRGR4,85,0.08846153846153845
bgs_spearman,,,1D7CUD1955YZPGK8XHJX,2XL5HSFSE93RMOJDRGR4,86,-0.14867216117216114
bgs_spearman,,,1D7CUD1955YZPGK8XHJX,2XL5HSFSE93RMOJDRGR4,87,-0.14317765567765567
bgs_spearman,,,1D7CUD1955YZPGK8XHJX,2XL5HSFSE93RMOJDRGR4,88,0.003617216117216117
bgs_spearman,,,1D7CUD1955YZPGK8XHJX,2XL5HSFSE93RMOJDRGR4,89,-0.02541208791208791
bgs_spearman,,,1D7CUD1955YZPGK8XHJX,2XL5HSFSE93RMOJDRGR4,90,-0.04088827838827838
bgs_spearman,,,1D7CUD1955YZPGK8XHJX,2XL5HSFSE93RMOJDRGR4,91,-0.149496336996337
bgs_spearman,,,1D7CUD1955YZPGK8XHJX,2XL5HSFSE93RMOJDRGR4,92,-0.11039377289377289
bgs_spearman,,,1D7CUD1955YZPGK8XHJX,2XL5HSFSE93RMOJDRGR4,93,-0.18566849816849818
bgs_spearman,,,1D7CUD1955YZPGK8XHJX,2XL5HSFSE93RMOJDRGR4,94,0.3000915750915751
bgs_spearman,,,1D7CUD1955YZPGK8XHJX,2XL5HSFSE93RMOJDRGR4,95,0.06419413919413919
bgs_spearman,,,1D7CUD1955YZPGK8XHJX,2XL5HSFSE93RMOJDRGR4,96,-0.076007326007326
bgs_spearman,,,1D7CUD1955YZPGK8XHJX,2XL5HSFSE93RMOJDRGR4,97,-0.05947802197802196
bgs_spearman,,,1D7CUD1955YZPGK8XHJX,2XL5HSFSE93RMOJDRGR4,98,0.05434981684981685
bgs_spearman,,,1D7CUD1955YZPGK8XHJX,2XL5HSFSE93RMOJDRGR4,99,0.12106227106227106
bgs_spearman,,,1D7CUD1955YZPGK8XHJX,2XL5HSFSE93RMOJDRGR4,100,0.009615384615384614
bgs_spearman,,,1D7CUD1955YZPGK8XHJX,2XL5HSFSE93RMOJDRGR4,101,0.15425824175824174
bgs_spearman,,,1D7CUD1955YZPGK8XHJX,2XL5HSFSE93RMOJDRGR4,102,0.011263736263736262
bgs_spearman,,,1D7CUD1955YZPGK8XHJX,2XL5HSFSE93RMOJDRGR4,103,0.17060439560439558
bgs_spearman,,,1D7CUD1955YZPGK8XHJX,2XL5HSFSE93RMOJDRGR4,104,-0.008150183150183149
bgs_spearman,,,1D7CUD1955YZPGK8XHJX,2XL5HSFSE93RMOJDRGR4,105,-0.03988095238095237
bgs_spearman,,,1D7CUD1955YZPGK8XHJX,2XL5HSFSE93RMOJDRGR4,106,-0.2827838827838827
bgs_spearman,,,1D7CUD1955YZPGK8XHJX,2XL5HSFSE93RMOJDRGR4,107,-0.1532051282051282
bgs_spearman,,,1D7CUD1955YZPGK8XHJX,2XL5HSFSE93RMOJDRGR4,108,0.124496336996337
bgs_spearman,,,1D7CUD1955YZPGK8XHJX,2XL5HSFSE93RMOJDRGR4,109,0.1897435897435897
bgs_spearman,,,1D7CUD1955YZPGK8XHJX,2XL5HSFSE93RMOJDRGR4,110,0.11423992673992674
bgs_spearman,,,1D7CUD1955YZPGK8XHJX,2XL5HSFSE93RMOJDRGR4,111,-0.05146520146520146
bgs_spearman,,,1D7CUD1955YZPGK8XHJX,2XL5HSFSE93RMOJDRGR4,112,0.14322344322344321
bgs_spearman,,,1D7CUD1955YZPGK8XHJX,2XL5HSFSE93RMOJDRGR4,113,0.001923076923076923
bgs_spearman,,,1D7CUD1955YZPGK8XHJX,2XL5HSFSE93RMOJDRGR4,114,0.09326923076923074
bgs_spearman,,,1D7CUD1955YZPGK8XHJX,2XL5HSFSE93RMOJDRGR4,115,-0.09226190476190474
bgs_spearman,,,1D7CUD1955YZPGK8XHJX,2XL5HSFSE93RMOJDRGR4,116,-0.1128205128205128
bgs_spearman,,,1D7CUD1955YZPGK8XHJX,2XL5HSFSE93RMOJDRGR4,117,-0.09391025641025641
bgs_spearman,,,1D7CUD1955YZPGK8XHJX,2XL5HSFSE93RMOJDRGR4,118,-0.07518315018315018
bgs_spearman,,,1D7CUD1955YZPGK8XHJX,2XL5HSFSE93RMOJDRGR4,119,0.017811355311355307
bgs_spearman,,,1D7CUD1955YZPGK8XHJX,2XL5HSFSE93RMOJDRGR4,120,0.09766483516483515
bgs_spearman,,,1D7CUD1955YZPGK8XHJX,2XL5HSFSE93RMOJDRGR4,121,-0.27509157509157506
bgs_spearman,,,1D7CUD1955YZPGK8XHJX,2XL5HSFSE93RMOJDRGR4,122,-0.1221153846153846
bgs_spearman,,,1D7CUD1955YZPGK8XHJX,2XL5HSFSE93RMOJDRGR4,123,0.15457875457875456
bgs_spearman,,,1D7CUD1955YZPGK8XHJX,2XL5HSFSE93RMOJDRGR4,124,-0.06689560439560438
bgs_spearman,,,1D7CUD1955YZPGK8XHJX,2XL5HSFSE93RMOJDRGR4,125,0.03576007326007325
bgs_spearman,,,1D7CUD1955YZPGK8XHJX,2XL5HSFSE93RMOJDRGR4,126,0.1260989010989011
bgs_spearman,,,1D7CUD1955YZPGK8XHJX,2XL5HSFSE93RMOJDRGR4,127,-0.007829670329670328
bgs_spearman,,,1D7CUD1955YZPGK8XHJX,2XL5HSFSE93RMOJDRGR4,128,0.2146520146520146
bgs_spearman,,,1D7CUD1955YZPGK8XHJX,2XL5HSFSE93RMOJDRGR4,129,-0.19949633699633698
bgs_spearman,,,1D7CUD1955YZPGK8XHJX,2XL5HSFSE93RMOJDRGR4,130,0.028525641025641018
bgs_spearman,,,1D7CUD1955YZPGK8XHJX,2XL5HSFSE93RMOJDRGR4,131,0.14253663003663003
bgs_spearman,,,1D7CUD1955YZPGK8XHJX,2XL5HSFSE93RMOJDRGR4,132,-0.060027472527472515
bgs_spearman,,,1D7CUD1955YZPGK8XHJX,2XL5HSFSE93RMOJDRGR4,133,0.06684981684981685
bgs_spearman,,,1D7CUD1955YZPGK8XHJX,2XL5HSFSE93RMOJDRGR4,134,-0.11332417582417582
bgs_spearman,,,1D7CUD1955YZPGK8XHJX,2XL5HSFSE93RMOJDRGR4,135,0.01607142857142857
bgs_spearman,,,1D7CUD1955YZPGK8XHJX,2XL5HSFSE93RMOJDRGR4,136,-0.20164835164835163
bgs_spearman,,,1D7CUD1955YZPGK8XHJX,2XL5HSFSE93RMOJDRGR4,137,0.05027472527472527
bgs_spearman,,,1D7CUD1955YZPGK8XHJX,2XL5HSFSE93RMOJDRGR4,138,-0.0049908424908424905
bgs_spearman,,,1D7CUD1955YZPGK8XHJX,2XL5HSFSE93RMOJDRGR4,139,-0.2492216117216117
bgs_spearman,,,1D7CUD1955YZPGK8XHJX,2XL5HSFSE93RMOJDRGR4,140,0.08795787545787545
bgs_spearman,,,1D7CUD1955YZPGK8XHJX,2XL5HSFSE93RMOJDRGR4,141,-0.0694139194139194
bgs_spearman,,,1D7CUD1955YZPGK8XHJX,2XL5HSFSE93RMOJDRGR4,142,0.13086080586080584
bgs_spearman,,,1D7CUD1955YZPGK8XHJX,2XL5HSFSE93RMOJDRGR4,143,0.016758241758241758
bgs_spearman,,,1D7CUD1955YZPGK8XHJX,2XL5HSFSE93RMOJDRGR4,144,0.24706959706959705
bgs_spearman,,,1D7CUD1955YZPGK8XHJX,2XL5HSFSE93RMOJDRGR4,145,-0.018086080586080584
bgs_spearman,,,1D7CUD1955YZPGK8XHJX,2XL5HSFSE93RMOJDRGR4,146,-0.10320512820512821
bgs_spearman,,,1D7CUD1955YZPGK8XHJX,2XL5HSFSE93RMOJDRGR4,147,0.14166666666666664
bgs_spearman,,,1D7CUD1955YZPGK8XHJX,2XL5HSFSE93RMOJDRGR4,148,0.27600732600732597
bgs_spearman,,,1D7CUD1955YZPGK8XHJX,2XL5HSFSE93RMOJDRGR4,149,0.10563186813186813
bgs_spearman,,,1D7CUD1955YZPGK8XHJX,2XL5HSFSE93RMOJDRGR4,150,0.07623626373626373
bgs_spearman,,,1D7CUD1955YZPGK8XHJX,2XL5HSFSE93RMOJDRGR4,151,0.08479853479853479
bgs_spearman,,,1D7CUD1955YZPGK8XHJX,2XL5HSFSE93RMOJDRGR4,152,-0.1607142857142857
bgs_spearman,,,1D7CUD1955YZPGK8XHJX,2XL5HSFSE93RMOJDRGR4,153,-0.21666666666666662
bgs_spearman,,,1D7CUD1955YZPGK8XHJX,2XL5HSFSE93RMOJDRGR4,154,0.07692307692307691
bgs_spearman,,,1D7CUD1955YZPGK8XHJX,2XL5HSFSE93RMOJDRGR4,155,-0.052380952380952375
bgs_spearman,,,1D7CUD1955YZPGK8XHJX,2XL5HSFSE93RMOJDRGR4,156,0.09381868131868132
bgs_spearman,,,1D7CUD1955YZPGK8XHJX,2XL5HSFSE93RMOJDRGR4,157,-0.19184981684981683
bgs_spearman,,,1D7CUD1955YZPGK8XHJX,2XL5HSFSE93RMOJDRGR4,158,0.01987179487179487
bgs_spearman,,,1D7CUD1955YZPGK8XHJX,2XL5HSFSE93RMOJDRGR4,159,-0.028434065934065927
bgs_spearman,,,1D7CUD1955YZPGK8XHJX,2XL5HSFSE93RMOJDRGR4,160,-0.05329670329670329
bgs_spearman,,,1D7CUD1955YZPGK8XHJX,2XL5HSFSE93RMOJDRGR4,161,0.020100732600732595
bgs_spearman,,,1D7CUD1955YZPGK8XHJX,2XL5HSFSE93RMOJDRGR4,162,0.004212454212454211
bgs_spearman,,,1D7CUD1955YZPGK8XHJX,2XL5HSFSE93RMOJDRGR4,163,-0.04212454212454212
bgs_spearman,,,1D7CUD1955YZPGK8XHJX,2XL5HSFSE93RMOJDRGR4,164,0.03406593406593406
bgs_spearman,,,1D7CUD1955YZPGK8XHJX,2XL5HSFSE93RMOJDRGR4,165,-0.05874542124542124
bgs_spearman,,,1D7CUD1955YZPGK8XHJX,2XL5HSFSE93RMOJDRGR4,166,-0.08072344322344321
bgs_spearman,,,1D7CUD1955YZPGK8XHJX,2XL5HSFSE93RMOJDRGR4,167,-0.09862637362637361
bgs_spearman,,,1D7CUD1955YZPGK8XHJX,2XL5HSFSE93RMOJDRGR4,168,0.02316849816849817
bgs_spearman,,,1D7CUD1955YZPGK8XHJX,2XL5HSFSE93RMOJDRGR4,169,0.0581043956043956
bgs_spearman,,,1D7CUD1955YZPGK8XHJX,2XL5HSFSE93RMOJDRGR4,170,0.15009157509157509
bgs_spearman,,,1D7CUD1955YZPGK8XHJX,2XL5HSFSE93RMOJDRGR4,171,0.01813186813186813
bgs_spearman,,,1D7CUD1955YZPGK8XHJX,2XL5HSFSE93RMOJDRGR4,172,0.09537545787545787
bgs_spearman,,,1D7CUD1955YZPGK8XHJX,2XL5HSFSE93RMOJDRGR4,173,-0.05540293040293039
bgs_spearman,,,1D7CUD1955YZPGK8XHJX,2XL5HSFSE93RMOJDRGR4,174,-0.10636446886446886
bgs_spearman,,,1D7CUD1955YZPGK8XHJX,2XL5HSFSE93RMOJDRGR4,175,-0.024633699633699633
bgs_spearman,,,1D7CUD1955YZPGK8XHJX,2XL5HSFSE93RMOJDRGR4,176,-0.023901098901098896
bgs_spearman,,,1D7CUD1955YZPGK8XHJX,2XL5HSFSE93RMOJDRGR4,177,0.02628205128205128
bgs_spearman,,,1D7CUD1955YZPGK8XHJX,2XL5HSFSE93RMOJDRGR4,178,-0.02637362637362637
bgs_spearman,,,1D7CUD1955YZPGK8XHJX,2XL5HSFSE93RMOJDRGR4,179,0.08534798534798534
bgs_spearman,,,1D7CUD1955YZPGK8XHJX,2XL5HSFSE93RMOJDRGR4,180,0.15636446886446884
bgs_spearman,,,1D7CUD1955YZPGK8XHJX,2XL5HSFSE93RMOJDRGR4,181,-0.05787545787545787
bgs_spearman,,,1D7CUD1955YZPGK8XHJX,2XL5HSFSE93RMOJDRGR4,182,0.10636446886446886
bgs_spearman,,,1D7CUD1955YZPGK8XHJX,2XL5HSFSE93RMOJDRGR4,183,0.05938644688644688
bgs_spearman,,,1D7CUD1955YZPGK8XHJX,2XL5HSFSE93RMOJDRGR4,184,-0.04555860805860805
bgs_spearman,,,1D7CUD1955YZPGK8XHJX,2XL5HSFSE93RMOJDRGR4,185,-0.114514652014652
bgs_spearman,,,1D7CUD1955YZPGK8XHJX,2XL5HSFSE93RMOJDRGR4,186,-0.09615384615384615
bgs_spearman,,,1D7CUD1955YZPGK8XHJX,2XL5HSFSE93RMOJDRGR4,187,-0.033745421245421243
bgs_spearman,,,1D7CUD1955YZPGK8XHJX,2XL5HSFSE93RMOJDRGR4,188,-0.04455128205128204
bgs_spearman,,,1D7CUD1955YZPGK8XHJX,2XL5HSFSE93RMOJDRGR4,189,0.088003663003663
bgs_spearman,,,1D7CUD1955YZPGK8XHJX,2XL5HSFSE93RMOJDRGR4,190,-0.1668040293040293
bgs_spearman,,,1D7CUD1955YZPGK8XHJX,2XL5HSFSE93RMOJDRGR4,191,-0.07454212454212453
bgs_spearman,,,1D7CUD1955YZPGK8XHJX,2XL5HSFSE93RMOJDRGR4,192,0.23200549450549451
bgs_spearman,,,1D7CUD1955YZPGK8XHJX,2XL5HSFSE93RMOJDRGR4,193,0.12225274725274723
bgs_spearman,,,1D7CUD1955YZPGK8XHJX,2XL5HSFSE93RMOJDRGR4,194,-0.11840659340659339
bgs_spearman,,,1D7CUD1955YZPGK8XHJX,2XL5HSFSE93RMOJDRGR4,195,-0.1412087912087912
bgs_spearman,,,1D7CUD1955YZPGK8XHJX,2XL5HSFSE93RMOJDRGR4,196,-0.057417582417582415
bgs_spearman,,,1D7CUD1955YZPGK8XHJX,2XL5HSFSE93RMOJDRGR4,197,-0.1052197802197802
bgs_spearman,,,1D7CUD1955YZPGK8XHJX,2XL5HSFSE93RMOJDRGR4,198,-0.16749084249084248
bgs_spearman,,,1D7CUD1955YZPGK8XHJX,2XL5HSFSE93RMOJDRGR4,199,-0.21707875457875458
bgs_spearman,,,1D7CUD1955YZPGK8XHJX,38CWS74285MFGZZXR09Z,0,-0.05947802197802196
bgs_spearman,,,1D7CUD1955YZPGK8XHJX,38CWS74285MFGZZXR09Z,1,-0.18246336996336995
bgs_spearman,,,1D7CUD1955YZPGK8XHJX,38CWS74285MFGZZXR09Z,2,-0.08076923076923076
bgs_spearman,,,1D7CUD1955YZPGK8XHJX,38CWS74285MFGZZXR09Z,3,0.04867216117216117
bgs_spearman,,,1D7CUD1955YZPGK8XHJX,38CWS74285MFGZZXR09Z,4,0.06758241758241758
bgs_spearman,,,1D7CUD1955YZPGK8XHJX,38CWS74285MFGZZXR09Z,5,-0.12687728937728934
bgs_spearman,,,1D7CUD1955YZPGK8XHJX,38CWS74285MFGZZXR09Z,6,-0.1592032967032967
bgs_spearman,,,1D7CUD1955YZPGK8XHJX,38CWS74285MFGZZXR09Z,7,-0.1682234432234432
bgs_spearman,,,1D7CUD1955YZPGK8XHJX,38CWS74285MFGZZXR09Z,8,-0.03489010989010989
bgs_spearman,,,1D7CUD1955YZPGK8XHJX,38CWS74285MFGZZXR09Z,9,0.05288461538461538
bgs_spearman,,,1D7CUD1955YZPGK8XHJX,38CWS74285MFGZZXR09Z,10,0.11881868131868131
bgs_spearman,,,1D7CUD1955YZPGK8XHJX,38CWS74285MFGZZXR09Z,11,-0.050412087912087906
bgs_spearman,,,1D7CUD1955YZPGK8XHJX,38CWS74285MFGZZXR09Z,12,-0.03241758241758241
bgs_spearman,,,1D7CUD1955YZPGK8XHJX,38CWS74285MFGZZXR09Z,13,-0.16428571428571428
bgs_spearman,,,1D7CUD1955YZPGK8XHJX,38CWS74285MFGZZXR09Z,14,-0.0353021978021978
bgs_spearman,,,1D7CUD1955YZPGK8XHJX,38CWS74285MFGZZXR09Z,15,0.02921245421245421
bgs_spearman,,,1D7CUD1955YZPGK8XHJX,38CWS74285MFGZZXR09Z,16,0.003983516483516483
bgs_spearman,,,1D7CUD1955YZPGK8XHJX,38CWS74285MFGZZXR09Z,17,-0.013049450549450548
bgs_spearman,,,1D7CUD1955YZPGK8XHJX,38CWS74285MFGZZXR09Z,18,0.027106227106227104
bgs_spearman,,,1D7CUD1955YZPGK8XHJX,38CWS74285MFGZZXR09Z,19,0.02916666666666666
bgs_spearman,,,1D7CUD1955YZPGK8XHJX,38CWS74285MFGZZXR09Z,20,-0.10416666666666666
bgs_spearman,,,1D7CUD1955YZPGK8XHJX,38CWS74285MFGZZXR09Z,21,-0.20137362637362638
bgs_spearman,,,1D7CUD1955YZPGK8XHJX,38CWS74285MFGZZXR09Z,22,-0.11744505494505494
bgs_spearman,,,1D7CUD1955YZPGK8XHJX,38CWS74285MFGZZXR09Z,23,0.1613095238095238
bgs_spearman,,,1D7CUD1955YZPGK8XHJX,38CWS74285MFGZZXR09Z,24,-0.12605311355311355
bgs_spearman,,,1D7CUD1955YZPGK8XHJX,38CWS74285MFGZZXR09Z,25,0.019917582417582416
bgs_spearman,,,1D7CUD1955YZPGK8XHJX,38CWS74285MFGZZXR09Z,26,-0.0056776556776556774
bgs_spearman,,,1D7CUD1955YZPGK8XHJX,38CWS74285MFGZZXR09Z,27,-0.26804029304029303
bgs_spearman,,,1D7CUD1955YZPGK8XHJX,38CWS74285MFGZZXR09Z,28,-0.12326007326007324
bgs_spearman,,,1D7CUD1955YZPGK8XHJX,38CWS74285MFGZZXR09Z,29,0.1755494505494505
bgs_spearman,,,1D7CUD1955YZPGK8XHJX,38CWS74285MFGZZXR09Z,30,-0.1042124542124542
bgs_spearman,,,1D7CUD1955YZPGK8XHJX,38CWS74285MFGZZXR09Z,31,0.11771978021978022
bgs_spearman,,,1D7CUD1955YZPGK8XHJX,38CWS74285MFGZZXR09Z,32,0.11222527472527473
bgs_spearman,,,1D7CUD1955YZPGK8XHJX,38CWS74285MFGZZXR09Z,33,-0.20824175824175822
bgs_spearman,,,1D7CUD1955YZPGK8XHJX,38CWS74285MFGZZXR09Z,34,-0.07852564102564102
bgs_spearman,,,1D7CUD1955YZPGK8XHJX,38CWS74285MFGZZXR09Z,35,0.22889194139194136
bgs_spearman,,,1D7CUD1955YZPGK8XHJX,38CWS74285MFGZZXR09Z,36,-0.09775641025641024
bgs_spearman,,,1D7CUD1955YZPGK8XHJX,38CWS74285MFGZZXR09Z,37,0.11804029304029302
bgs_spearman,,,1D7CUD1955YZPGK8XHJX,38CWS74285MFGZZXR09Z,38,-0.07408424908424907
bgs_spearman,,,1D7CUD1955YZPGK8XHJX,38CWS74285MFGZZXR09Z,39,-0.1579212454212454
bgs_spearman,,,1D7CUD1955YZPGK8XHJX,38CWS74285MFGZZXR09Z,40,-0.13456959706959704
bgs_spearman,,,1D7CUD1955YZPGK8XHJX,38CWS74285MFGZZXR09Z,41,-0.11268315018315017
bgs_spearman,,,1D7CUD1955YZPGK8XHJX,38CWS74285MFGZZXR09Z,42,0.09194139194139192
bgs_spearman,,,1D7CUD1955YZPGK8XHJX,38CWS74285MFGZZXR09Z,43,0.17687728937728936
bgs_spearman,,,1D7CUD1955YZPGK8XHJX,38CWS74285MFGZZXR09Z,44,0.149496336996337
bgs_spearman,,,1D7CUD1955YZPGK8XHJX,38CWS74285MFGZZXR09Z,45,-0.12591575091575088
bgs_spearman,,,1D7CUD1955YZPGK8XHJX,38CWS74285MFGZZXR09Z,46,-0.10741758241758241
bgs_spearman,,,1D7CUD1955YZPGK8XHJX,38CWS74285MFGZZXR09Z,47,-0.08727106227106225
bgs_spearman,,,1D7CUD1955YZPGK8XHJX,38CWS74285MFGZZXR09Z,48,-0.06043956043956044
bgs_spearman,,,1D7CUD1955YZPGK8XHJX,38CWS74285MFGZZXR09Z,49,0.06506410256410255
bgs_spearman,,,1D7CUD1955YZPGK8XHJX,38CWS74285MFGZZXR09Z,50,-0.06034798534798534
bgs_spearman,,,1D7CUD1955YZPGK8XHJX,38CWS74285MFGZZXR09Z,51,0.09876373626373625
bgs_spearman,,,1D7CUD1955YZPGK8XHJX,38CWS74285MFGZZXR09Z,52,-0.021336996336996334
bgs_spearman,,,1D7CUD1955YZPGK8XHJX,38CWS74285MFGZZXR09Z,53,0.16387362637362635
bgs_spearman,,,1D7CUD1955YZPGK8XHJX,38CWS74285MFGZZXR09Z,54,-0.14858058608058605
bgs_spearman,,,1D7CUD1955YZPGK8XHJX,38CWS74285MFGZZXR09Z,55,0.02216117216117216
bgs_spearman,,,1D7CUD1955YZPGK8XHJX,38CWS74285MFGZZXR09Z,56,0.06808608058608058
bgs_spearman,,,1D7CUD1955YZPGK8XHJX,38CWS74285MFGZZXR09Z,57,0.09294871794871794
bgs_spearman,,,1D7CUD1955YZPGK8XHJX,38CWS74285MFGZZXR09Z,58,0.030311355311355308
bgs_spearman,,,1D7CUD1955YZPGK8XHJX,38CWS74285MFGZZXR09Z,59,0.17609890109890108
bgs_spearman,,,1D7CUD1955YZPGK8XHJX,38CWS74285MFGZZXR09Z,60,-0.1125915750915751
bgs_spearman,,,1D7CUD1955YZPGK8XHJX,38CWS74285MFGZZXR09Z,61,-0.11909340659340659
bgs_spearman,,,1D7CUD1955YZPGK8XHJX,38CWS74285MFGZZXR09Z,62,-0.031776556776556775
bgs_spearman,,,1D7CUD1955YZPGK8XHJX,38CWS74285MFGZZXR09Z,63,-0.1991300366300366
bgs_spearman,,,1D7CUD1955YZPGK8XHJX,38CWS74285MFGZZXR09Z,64,0.11456043956043957
bgs_spearman,,,1D7CUD1955YZPGK8XHJX,38CWS74285MFGZZXR09Z,65,-0.2581043956043956
bgs_spearman,,,1D7CUD1955YZPGK8XHJX,38CWS74285MFGZZXR09Z,66,0.1732142857142857
bgs_spearman,,,1D7CUD1955YZPGK8XHJX,38CWS74285MFGZZXR09Z,67,-0.0992216117216117
bgs_spearman,,,1D7CUD1955YZPGK8XHJX,38CWS74285MFGZZXR09Z,68,-0.027976190476190474
bgs_spearman,,,1D7CUD1955YZPGK8XHJX,38CWS74285MFGZZXR09Z,69,0.2736721611721612
bgs_spearman,,,1D7CUD1955YZPGK8XHJX,38CWS74285MFGZZXR09Z,70,-0.01717032967032967
bgs_spearman,,,1D7CUD1955YZPGK8XHJX,38CWS74285MFGZZXR09Z,71,-0.16259157509157507
bgs_spearman,,,1D7CUD1955YZPGK8XHJX,38CWS74285MFGZZXR09Z,72,-0.038369963369963365
bgs_spearman,,,1D7CUD1955YZPGK8XHJX,38CWS74285MFGZZXR09Z,73,0.10673076923076923
bgs_spearman,,,1D7CUD1955YZPGK8XHJX,38CWS74285MFGZZXR09Z,74,0.1521062271062271
bgs_spearman,,,1D7CUD1955YZPGK8XHJX,38CWS74285MFGZZXR09Z,75,0.0074175824175824155
bgs_spearman,,,1D7CUD1955YZPGK8XHJX,38CWS74285MFGZZXR09Z,76,-0.016895604395604395
bgs_spearman,,,1D7CUD1955YZPGK8XHJX,38CWS74285MFGZZXR09Z,77,0.17376373626373626
bgs_spearman,,,1D7CUD1955YZPGK8XHJX,38CWS74285MFGZZXR09Z,78,0.1450091575091575
bgs_spearman,,,1D7CUD1955YZPGK8XHJX,38CWS74285MFGZZXR09Z,79,-0.07129120879120879
bgs_spearman,,,1D7CUD1955YZPGK8XHJX,38CWS74285MFGZZXR09Z,80,-0.1344322344322344
bgs_spearman,,,1D7CUD1955YZPGK8XHJX,38CWS74285MFGZZXR09Z,81,0.18406593406593405
bgs_spearman,,,1D7CUD1955YZPGK8XHJX,38CWS74285MFGZZXR09Z,82,0.06886446886446886
bgs_spearman,,,1D7CUD1955YZPGK8XHJX,38CWS74285MFGZZXR09Z,83,-0.09615384615384615
bgs_spearman,,,1D7CUD1955YZPGK8XHJX,38CWS74285MFGZZXR09Z,84,-0.028021978021978016
bgs_spearman,,,1D7CUD1955YZPGK8XHJX,38CWS74285MFGZZXR09Z,85,-0.01648351648351648
bgs_spearman,,,1D7CUD1955YZPGK8XHJX,38CWS74285MFGZZXR09Z,86,0.03086080586080586
bgs_spearman,,,1D7CUD1955YZPGK8XHJX,38CWS74285MFGZZXR09Z,87,-0.1578296703296703
bgs_spearman,,,1D7CUD1955YZPGK8XHJX,38CWS74285MFGZZXR09Z,88,0.012866300366300366
bgs_spearman,,,1D7CUD1955YZPGK8XHJX,38CWS74285MFGZZXR09Z,89,0.07229853479853479
bgs_spearman,,,1D7CUD1955YZPGK8XHJX,38CWS74285MFGZZXR09Z,90,0.009615384615384614
bgs_spearman,,,1D7CUD1955YZPGK8XHJX,38CWS74285MFGZZXR09Z,91,-0.2882326007326007
bgs_spearman,,,1D7CUD1955YZPGK8XHJX,38CWS74285MFGZZXR09Z,92,-0.08855311355311354
bgs_spearman,,,1D7CUD1955YZPGK8XHJX,38CWS74285MFGZZXR09Z,93,-0.1271062271062271
bgs_spearman,,,1D7CUD1955YZPGK8XHJX,38CWS74285MFGZZXR09Z,94,0.09858058608058606
bgs_spearman,,,1D7CUD1955YZPGK8XHJX,38CWS74285MFGZZXR09Z,95,0.02435897435897436
bgs_spearman,,,1D7CUD1955YZPGK8XHJX,38CWS74285MFGZZXR09Z,96,-0.0792124542124542
bgs_spearman,,,1D7CUD1955YZPGK8XHJX,38CWS74285MFGZZXR09Z,97,-0.03717948717948717
bgs_spearman,,,1D7CUD1955YZPGK8XHJX,38CWS74285MFGZZXR09Z,98,-0.009386446886446884
bgs_spearman,,,1D7CUD1955YZPGK8XHJX,38CWS74285MFGZZXR09Z,99,0.11268315018315017
bgs_spearman,,,1D7CUD1955YZPGK8XHJX,38CWS74285MFGZZXR09Z,100,-0.012499999999999999
bgs_spearman,,,1D7CUD1955YZPGK8XHJX,38CWS74285MFGZZXR09Z,101,0.08859890109890108
bgs_spearman,,,1D7CUD1955YZPGK8XHJX,38CWS74285MFGZZXR09Z,102,0.10929487179487178
bgs_spearman,,,1D7CUD1955YZPGK8XHJX,38CWS74285MFGZZXR09Z,103,0.09358974358974358
bgs_spearman,,,1D7CUD1955YZPGK8XHJX,38CWS74285MFGZZXR09Z,104,0.009798534798534797
bgs_spearman,,,1D7CUD1955YZPGK8XHJX,38CWS74285MFGZZXR09Z,105,-0.2521520146520146
bgs_spearman,,,1D7CUD1955YZPGK8XHJX,38CWS74285MFGZZXR09Z,106,0.03809523809523809
bgs_spearman,,,1D7CUD1955YZPGK8XHJX,38CWS74285MFGZZXR09Z,107,-0.16794871794871793
bgs_spearman,,,1D7CUD1955YZPGK8XHJX,38CWS74285MFGZZXR09Z,108,0.07367216117216116
bgs_spearman,,,1D7CUD1955YZPGK8XHJX,38CWS74285MFGZZXR09Z,109,0.11941391941391939
bgs_spearman,,,1D7CUD1955YZPGK8XHJX,38CWS74285MFGZZXR09Z,110,-0.04427655677655677
bgs_spearman,,,1D7CUD1955YZPGK8XHJX,38CWS74285MFGZZXR09Z,111,-0.012316849816849816
bgs_spearman,,,1D7CUD1955YZPGK8XHJX,38CWS74285MFGZZXR09Z,112,-0.2960164835164835
bgs_spearman,,,1D7CUD1955YZPGK8XHJX,38CWS74285MFGZZXR09Z,113,-0.1027014652014652
bgs_spearman,,,1D7CUD1955YZPGK8XHJX,38CWS74285MFGZZXR09Z,114,-0.06346153846153846
bgs_spearman,,,1D7CUD1955YZPGK8XHJX,38CWS74285MFGZZXR09Z,115,0.14633699633699632
bgs_spearman,,,1D7CUD1955YZPGK8XHJX,38CWS74285MFGZZXR09Z,116,0.11076007326007323
bgs_spearman,,,1D7CUD1955YZPGK8XHJX,38CWS74285MFGZZXR09Z,117,-0.08402014652014651
bgs_spearman,,,1D7CUD1955YZPGK8XHJX,38CWS74285MFGZZXR09Z,118,0.07197802197802197
bgs_spearman,,,1D7CUD1955YZPGK8XHJX,38CWS74285MFGZZXR09Z,119,0.14299450549450546
bgs_spearman,,,1D7CUD1955YZPGK8XHJX,38CWS74285MFGZZXR09Z,120,-0.12458791208791208
bgs_spearman,,,1D7CUD1955YZPGK8XHJX,38CWS74285MFGZZXR09Z,121,-0.1422161172161172
bgs_spearman,,,1D7CUD1955YZPGK8XHJX,38CWS74285MFGZZXR09Z,122,-0.1967032967032967
bgs_spearman,,,1D7CUD1955YZPGK8XHJX,38CWS74285MFGZZXR09Z,123,0.18136446886446883
bgs_spearman,,,1D7CUD1955YZPGK8XHJX,38CWS74285MFGZZXR09Z,124,0.2137362637362637
bgs_spearman,,,1D7CUD1955YZPGK8XHJX,38CWS74285MFGZZXR09Z,125,0.0682234432234432
bgs_spearman,,,1D7CUD1955YZPGK8XHJX,38CWS74285MFGZZXR09Z,126,0.10242673992673991
bgs_spearman,,,1D7CUD1955YZPGK8XHJX,38CWS74285MFGZZXR09Z,127,-0.03434065934065934
bgs_spearman,,,1D7CUD1955YZPGK8XHJX,38CWS74285MFGZZXR09Z,128,0.1607142857142857
bgs_spearman,,,1D7CUD1955YZPGK8XHJX,38CWS74285MFGZZXR09Z,129,0.3717032967032967
bgs_spearman,,,1D7CUD1955YZPGK8XHJX,38CWS74285MFGZZXR09Z,130,-0.04807692307692307
bgs_spearman,,,1D7CUD1955YZPGK8XHJX,38CWS74285MFGZZXR09Z,131,-0.09308608058608056
bgs_spearman,,,1D7CUD1955YZPGK8XHJX,38CWS74285MFGZZXR09Z,132,0.24514652014652014
bgs_spearman,,,1D7CUD1955YZPGK8XHJX,38CWS74285MFGZZXR09Z,133,-0.021565934065934062
bgs_spearman,,,1D7CUD1955YZPGK8XHJX,38CWS74285MFGZZXR09Z,134,-0.022435897435897433
bgs_spearman,,,1D7CUD1955YZPGK8XHJX,38CWS74285MFGZZXR09Z,135,-0.09130036630036628
bgs_spearman,,,1D7CUD1955YZPGK8XHJX,38CWS74285MFGZZXR09Z,136,0.03086080586080586
bgs_spearman,,,1D7CUD1955YZPGK8XHJX,38CWS74285MFGZZXR09Z,137,-0.025824175824175823
bgs_spearman,,,1D7CUD1955YZPGK8XHJX,38CWS74285MFGZZXR09Z,138,-0.13695054945054944
bgs_spearman,,,1D7CUD1955YZPGK8XHJX,38CWS74285MFGZZXR09Z,139,-0.004258241758241758
bgs_spearman,,,1D7CUD1955YZPGK8XHJX,38CWS74285MFGZZXR09Z,140,-0.02353479853479853
bgs_spearman,,,1D7CUD1955YZPGK8XHJX,38CWS74285MFGZZXR09Z,141,0.09097985347985348
bgs_spearman,,,1D7CUD1955YZPGK8XHJX,38CWS74285MFGZZXR09Z,142,0.10879120879120878
bgs_spearman,,,1D7CUD1955YZPGK8XHJX,38CWS74285MFGZZXR09Z,143,-0.12733516483516483
bgs_spearman,,,1D7CUD1955YZPGK8XHJX,38CWS74285MFGZZXR09Z,144,0.07596153846153846
bgs_spearman,,,1D7CUD1955YZPGK8XHJX,38CWS74285MFGZZXR09Z,145,-0.20045787545787547
bgs_spearman,,,1D7CUD1955YZPGK8XHJX,38CWS74285MFGZZXR09Z,146,-0.05448717948717949
bgs_spearman,,,1D7CUD1955YZPGK8XHJX,38CWS74285MFGZZXR09Z,147,-0.08232600732600732
bgs_spearman,,,1D7CUD1955YZPGK8XHJX,38CWS74285MFGZZXR09Z,148,0.24940476190476185
bgs_spearman,,,1D7CUD1955YZPGK8XHJX,38CWS74285MFGZZXR09Z,149,-0.15178571428571427
bgs_spearman,,,1D7CUD1955YZPGK8XHJX,38CWS74285MFGZZXR09Z,150,0.06456043956043955
bgs_spearman,,,1D7CUD1955YZPGK8XHJX,38CWS74285MFGZZXR09Z,151,0.07472527472527472
bgs_spearman,,,1D7CUD1955YZPGK8XHJX,38CWS74285MFGZZXR09Z,152,0.023626373626373626
bgs_spearman,,,1D7CUD1955YZPGK8XHJX,38CWS74285MFGZZXR09Z,153,-0.054166666666666655
bgs_spearman,,,1D7CUD1955YZPGK8XHJX,38CWS74285MFGZZXR09Z,154,-0.036950549450549444
bgs_spearman,,,1D7CUD1955YZPGK8XHJX,38CWS74285MFGZZXR09Z,155,0.10714285714285712
bgs_spearman,,,1D7CUD1955YZPGK8XHJX,38CWS74285MFGZZXR09Z,156,-0.022756410256410255
bgs_spearman,,,1D7CUD1955YZPGK8XHJX,38CWS74285MFGZZXR09Z,157,0.05485347985347985
bgs_spearman,,,1D7CUD1955YZPGK8XHJX,38CWS74285MFGZZXR09Z,158,0.0401098901098901
bgs_spearman,,,1D7CUD1955YZPGK8XHJX,38CWS74285MFGZZXR09Z,159,-0.00434981684981685
bgs_spearman,,,1D7CUD1955YZPGK8XHJX,38CWS74285MFGZZXR09Z,160,0.029029304029304027
bgs_spearman,,,1D7CUD1955YZPGK8XHJX,38CWS74285MFGZZXR09Z,161,-0.2521062271062271
bgs_spearman,,,1D7CUD1955YZPGK8XHJX,38CWS74285MFGZZXR09Z,162,-0.06547619047619047
bgs_spearman,,,1D7CUD1955YZPGK8XHJX,38CWS74285MFGZZXR09Z,163,0.01804029304029304
bgs_spearman,,,1D7CUD1955YZPGK8XHJX,38CWS74285MFGZZXR09Z,164,-0.35467032967032963
bgs_spearman,,,1D7CUD1955YZPGK8XHJX,38CWS74285MFGZZXR09Z,165,-0.24880952380952379
bgs_spearman,,,1D7CUD1955YZPGK8XHJX,38CWS74285MFGZZXR09Z,166,0.1485347985347985
bgs_spearman,,,1D7CUD1955YZPGK8XHJX,38CWS74285MFGZZXR09Z,167,-0.06565934065934065
bgs_spearman,,,1D7CUD1955YZPGK8XHJX,38CWS74285MFGZZXR09Z,168,0.00902014652014652
bgs_spearman,,,1D7CUD1955YZPGK8XHJX,38CWS74285MFGZZXR09Z,169,0.08182234432234432
bgs_spearman,,,1D7CUD1955YZPGK8XHJX,38CWS74285MFGZZXR09Z,170,0.017628205128205125
bgs_spearman,,,1D7CUD1955YZPGK8XHJX,38CWS74285MFGZZXR09Z,171,0.22577838827838823
bgs_spearman,,,1D7CUD1955YZPGK8XHJX,38CWS74285MFGZZXR09Z,172,-0.2000915750915751
bgs_spearman,,,1D7CUD1955YZPGK8XHJX,38CWS74285MFGZZXR09Z,173,0.22646520146520147
bgs_spearman,,,1D7CUD1955YZPGK8XHJX,38CWS74285MFGZZXR09Z,174,-0.08869047619047618
bgs_spearman,,,1D7CUD1955YZPGK8XHJX,38CWS74285MFGZZXR09Z,175,0.13988095238095236
bgs_spearman,,,1D7CUD1955YZPGK8XHJX,38CWS74285MFGZZXR09Z,176,-0.15952380952380948
bgs_spearman,,,1D7CUD1955YZPGK8XHJX,38CWS74285MFGZZXR09Z,177,0.04459706959706959
bgs_spearman,,,1D7CUD1955YZPGK8XHJX,38CWS74285MFGZZXR09Z,178,0.15265567765567764
bgs_spearman,,,1D7CUD1955YZPGK8XHJX,38CWS74285MFGZZXR09Z,179,-0.09986263736263737
bgs_spearman,,,1D7CUD1955YZPGK8XHJX,38CWS74285MFGZZXR09Z,180,-0.02312271062271062
bgs_spearman,,,1D7CUD1955YZPGK8XHJX,38CWS74285MFGZZXR09Z,181,-0.12023809523809523
bgs_spearman,,,1D7CUD1955YZPGK8XHJX,38CWS74285MFGZZXR09Z,182,-0.088507326007326
bgs_spearman,,,1D7CUD1955YZPGK8XHJX,38CWS74285MFGZZXR09Z,183,-0.03347069597069597
bgs_spearman,,,1D7CUD1955YZPGK8XHJX,38CWS74285MFGZZXR09Z,184,-0.07554945054945054
bgs_spearman,,,1D7CUD1955YZPGK8XHJX,38CWS74285MFGZZXR09Z,185,0.06762820512820512
bgs_spearman,,,1D7CUD1955YZPGK8XHJX,38CWS74285MFGZZXR09Z,186,0.22289377289377285
bgs_spearman,,,1D7CUD1955YZPGK8XHJX,38CWS74285MFGZZXR09Z,187,-0.101007326007326
bgs_spearman,,,1D7CUD1955YZPGK8XHJX,38CWS74285MFGZZXR09Z,188,0.1298076923076923
bgs_spearman,,,1D7CUD1955YZPGK8XHJX,38CWS74285MFGZZXR09Z,189,0.1367216117216117
bgs_spearman,,,1D7CUD1955YZPGK8XHJX,38CWS74285MFGZZXR09Z,190,-0.05109890109890109
bgs_spearman,,,1D7CUD1955YZPGK8XHJX,38CWS74285MFGZZXR09Z,191,0.18576007326007324
bgs_spearman,,,1D7CUD1955YZPGK8XHJX,38CWS74285MFGZZXR09Z,192,0.16016483516483512
bgs_spearman,,,1D7CUD1955YZPGK8XHJX,38CWS74285MFGZZXR09Z,193,0.021428571428571425
bgs_spearman,,,1D7CUD1955YZPGK8XHJX,38CWS74285MFGZZXR09Z,194,-0.07394688644688645
bgs_spearman,,,1D7CUD1955YZPGK8XHJX,38CWS74285MFGZZXR09Z,195,0.21978021978021978
bgs_spearman,,,1D7CUD1955YZPGK8XHJX,38CWS74285MFGZZXR09Z,196,-0.028342490842490835
bgs_spearman,,,1D7CUD1955YZPGK8XHJX,38CWS74285MFGZZXR09Z,197,0.0921245421245421
bgs_spearman,,,1D7CUD1955YZPGK8XHJX,38CWS74285MFGZZXR09Z,198,-0.060027472527472515
bgs_spearman,,,1D7CUD1955YZPGK8XHJX,38CWS74285MFGZZXR09Z,199,0.07467948717948716
bgs_spearman,,,1GU15S0GJ6PFNARO469W,1MHBF3G6DCPWHSKG7XCP,0,0.0017857142857142859
bgs_spearman,,,1GU15S0GJ6PFNARO469W,1MHBF3G6DCPWHSKG7XCP,1,0.030769230769230767
bgs_spearman,,,1GU15S0GJ6PFNARO469W,1MHBF3G6DCPWHSKG7XCP,2,0.0788003663003663
bgs_spearman,,,1GU15S0GJ6PFNARO469W,1MHBF3G6DCPWHSKG7XCP,3,-0.05265567765567765
bgs_spearman,,,1GU15S0GJ6PFNARO469W,1MHBF3G6DCPWHSKG7XCP,4,-0.1679029304029304
bgs_spearman,,,1GU15S0GJ6PFNARO469W,1MHBF3G6DCPWHSKG7XCP,5,-0.1384157509157509
bgs_spearman,,,1GU15S0GJ6PFNARO469W,1MHBF3G6DCPWHSKG7XCP,6,-0.08328754578754578
bgs_spearman,,,1GU15S0GJ6PFNARO469W,1MHBF3G6DCPWHSKG7XCP,7,0.06098901098901098
bgs_spearman,,,1GU15S0GJ6PFNARO469W,1MHBF3G6DCPWHSKG7XCP,8,-0.05215201465201465
bgs_spearman,,,1GU15S0GJ6PFNARO469W,1MHBF3G6DCPWHSKG7XCP,9,0.25256410256410255
bgs_spearman,,,1GU15S0GJ6PFNARO469W,1MHBF3G6DCPWHSKG7XCP,10,-0.05215201465201465
bgs_spearman,,,1GU15S0GJ6PFNARO469W,1MHBF3G6DCPWHSKG7XCP,11,-0.006272893772893772
bgs_spearman,,,1GU15S0GJ6PFNARO469W,1MHBF3G6DCPWHSKG7XCP,12,0.14409340659340658
bgs_spearman,,,1GU15S0GJ6PFNARO469W,1MHBF3G6DCPWHSKG7XCP,13,-0.08836996336996336
bgs_spearman,,,1GU15S0GJ6PFNARO469W,1MHBF3G6DCPWHSKG7XCP,14,-0.29391025641025637
bgs_spearman,,,1GU15S0GJ6PFNARO469W,1MHBF3G6DCPWHSKG7XCP,15,0.24606227106227102
bgs_spearman,,,1GU15S0GJ6PFNARO469W,1MHBF3G6DCPWHSKG7XCP,16,-0.06405677655677655
bgs_spearman,,,1GU15S0GJ6PFNARO469W,1MHBF3G6DCPWHSKG7XCP,17,0.06327838827838828
bgs_spearman,,,1GU15S0GJ6PFNARO469W,1MHBF3G6DCPWHSKG7XCP,18,-0.007783882783882783
bgs_spearman,,,1GU15S0GJ6PFNARO469W,1MHBF3G6DCPWHSKG7XCP,19,0.09885531135531134
bgs_spearman,,,1GU15S0GJ6PFNARO469W,1MHBF3G6DCPWHSKG7XCP,20,-0.07559523809523809
bgs_spearman,,,1GU15S0GJ6PFNARO469W,1MHBF3G6DCPWHSKG7XCP,21,-0.05842490842490842
bgs_spearman,,,1GU15S0GJ6PFNARO469W,1MHBF3G6DCPWHSKG7XCP,22,-0.38044871794871793
bgs_spearman,,,1GU15S0GJ6PFNARO469W,1MHBF3G6DCPWHSKG7XCP,23,0.1036172161172161
bgs_spearman,,,1GU15S0GJ6PFNARO469W,1MHBF3G6DCPWHSKG7XCP,24,-0.01822344322344322
bgs_spearman,,,1GU15S0GJ6PFNARO469W,1MHBF3G6DCPWHSKG7XCP,25,0.07032967032967032
bgs_spearman,,,1GU15S0GJ6PFNARO469W,1MHBF3G6DCPWHSKG7XCP,26,-0.0613095238095238
bgs_spearman,,,1GU15S0GJ6PFNARO469W,1MHBF3G6DCPWHSKG7XCP,27,0.16135531135531136
bgs_spearman,,,1GU15S0GJ6PFNARO469W,1MHBF3G6DCPWHSKG7XCP,28,0.30815018315018317
bgs_spearman,,,1GU15S0GJ6PFNARO469W,1MHBF3G6DCPWHSKG7XCP,29,0.21717032967032965
bgs_spearman,,,1GU15S0GJ6PFNARO469W,1MHBF3G6DCPWHSKG7XCP,30,-0.0912087912087912
bgs_spearman,,,1GU15S0GJ6PFNARO469W,1MHBF3G6DCPWHSKG7XCP,31,0.12495421245421244
bgs_spearman,,,1GU15S0GJ6PFNARO469W,1MHBF3G6DCPWHSKG7XCP,32,-0.214514652014652
bgs_spearman,,,1GU15S0GJ6PFNARO469W,1MHBF3G6DCPWHSKG7XCP,33,-0.05421245421245421
bgs_spearman,,,1GU15S0GJ6PFNARO469W,1MHBF3G6DCPWHSKG7XCP,34,0.18397435897435896
bgs_spearman,,,1GU15S0GJ6PFNARO469W,1MHBF3G6DCPWHSKG7XCP,35,-0.03017399267399267
bgs_spearman,,,1GU15S0GJ6PFNARO469W,1MHBF3G6DCPWHSKG7XCP,36,0.11199633699633699
bgs_spearman,,,1GU15S0GJ6PFNARO469W,1MHBF3G6DCPWHSKG7XCP,37,-0.08635531135531134
bgs_spearman,,,1GU15S0GJ6PFNARO469W,1MHBF3G6DCPWHSKG7XCP,38,-0.030998168498168492
bgs_spearman,,,1GU15S0GJ6PFNARO469W,1MHBF3G6DCPWHSKG7XCP,39,-0.024496336996336993
bgs_spearman,,,1GU15S0GJ6PFNARO469W,1MHBF3G6DCPWHSKG7XCP,40,-0.022664835164835164
bgs_spearman,,,1GU15S0GJ6PFNARO469W,1MHBF3G6DCPWHSKG7XCP,41,-0.3036172161172161
bgs_spearman,,,1GU15S0GJ6PFNARO469W,1MHBF3G6DCPWHSKG7XCP,42,0.11053113553113553
bgs_spearman,,,1GU15S0GJ6PFNARO469W,1MHBF3G6DCPWHSKG7XCP,43,-0.1422161172161172
bgs_spearman,,,1GU15S0GJ6PFNARO469W,1MHBF3G6DCPWHSKG7XCP,44,-0.13420329670329667
bgs_spearman,,,1GU15S0GJ6PFNARO469W,1MHBF3G6DCPWHSKG7XCP,45,-0.02628205128205128
bgs_spearman,,,1GU15S0GJ6PFNARO469W,1MHBF3G6DCPWHSKG7XCP,46,-0.011950549450549448
bgs_spearman,,,1GU15S0GJ6PFNARO469W,1MHBF3G6DCPWHSKG7XCP,47,-0.016666666666666666
bgs_spearman,,,1GU15S0GJ6PFNARO469W,1MHBF3G6DCPWHSKG7XCP,48,-0.08777472527472525
bgs_spearman,,,1GU15S0GJ6PFNARO469W,1MHBF3G6DCPWHSKG7XCP,49,0.05384615384615384
bgs_spearman,,,1GU15S0GJ6PFNARO469W,1MHBF3G6DCPWHSKG7XCP,50,0.05105311355311354
bgs_spearman,,,1GU15S0GJ6PFNARO469W,1MHBF3G6DCPWHSKG7XCP,51,-0.06474358974358974
bgs_spearman,,,1GU15S0GJ6PFNARO469W,1MHBF3G6DCPWHSKG7XCP,52,0.26318681318681314
bgs_spearman,,,1GU15S0GJ6PFNARO469W,1MHBF3G6DCPWHSKG7XCP,53,0.012499999999999999
bgs_spearman,,,1GU15S0GJ6PFNARO469W,1MHBF3G6DCPWHSKG7XCP,54,-0.05929487179487179
bgs_spearman,,,1GU15S0GJ6PFNARO469W,1MHBF3G6DCPWHSKG7XCP,55,-0.06726190476190476
bgs_spearman,,,1GU15S0GJ6PFNARO469W,1MHBF3G6DCPWHSKG7XCP,56,-0.1344322344322344
bgs_spearman,,,1GU15S0GJ6PFNARO469W,1MHBF3G6DCPWHSKG7XCP,57,0.323992673992674
bgs_spearman,,,1GU15S0GJ6PFNARO469W,1MHBF3G6DCPWHSKG7XCP,58,-0.00022893772893772894
bgs_spearman,,,1GU15S0GJ6PFNARO469W,1MHBF3G6DCPWHSKG7XCP,59,-0.04377289377289377
bgs_spearman,,,1GU15S0GJ6PFNARO469W,1MHBF3G6DCPWHSKG7XCP,60,-0.018498168498168495
bgs_spearman,,,1GU15S0GJ6PFNARO469W,1MHBF3G6DCPWHSKG7XCP,61,0.07097069597069597
bgs_spearman,,,1GU15S0GJ6PFNARO469W,1MHBF3G6DCPWHSKG7XCP,62,0.16094322344322343
bgs_spearman,,,1GU15S0GJ6PFNARO469W,1MHBF3G6DCPWHSKG7XCP,63,0.06913919413919414
bgs_spearman,,,1GU15S0GJ6PFNARO469W,1MHBF3G6DCPWHSKG7XCP,64,-0.22499999999999998
bgs_spearman,,,1GU15S0GJ6PFNARO469W,1MHBF3G6DCPWHSKG7XCP,65,-0.11286630036630035
bgs_spearman,,,1GU15S0GJ6PFNARO469W,1MHBF3G6DCPWHSKG7XCP,66,-0.0077380952380952375
bgs_spearman,,,1GU15S0GJ6PFNARO469W,1MHBF3G6DCPWHSKG7XCP,67,0.04413919413919413
bgs_spearman,,,1GU15S0GJ6PFNARO469W,1MHBF3G6DCPWHSKG7XCP,68,-0.01735347985347985
bgs_spearman,,,1GU15S0GJ6PFNARO469W,1MHBF3G6DCPWHSKG7XCP,69,-0.0103021978021978
bgs_spearman,,,1GU15S0GJ6PFNARO469W,1MHBF3G6DCPWHSKG7XCP,70,-0.03635531135531135
bgs_spearman,,,1GU15S0GJ6PFNARO469W,1MHBF3G6DCPWHSKG7XCP,71,-0.04152930402930402
bgs_spearman,,,1GU15S0GJ6PFNARO469W,1MHBF3G6DCPWHSKG7XCP,72,0.046199633699633695
bgs_spearman,,,1GU15S0GJ6PFNARO469W,1MHBF3G6DCPWHSKG7XCP,73,0.03974358974358974
bgs_spearman,,,1GU15S0GJ6PFNARO469W,1MHBF3G6DCPWHSKG7XCP,74,-0.2021062271062271
bgs_spearman,,,1GU15S0GJ6PFNARO469W,1MHBF3G6DCPWHSKG7XCP,75,0.21790293040293035
bgs_spearman,,,1GU15S0GJ6PFNARO469W,1MHBF3G6DCPWHSKG7XCP,76,-0.033928571428571426
bgs_spearman,,,1GU15S0GJ6PFNARO469W,1MHBF3G6DCPWHSKG7XCP,77,0.23978937728937727
bgs_spearman,,,1GU15S0GJ6PFNARO469W,1MHBF3G6DCPWHSKG7XCP,78,0.1840201465201465
bgs_spearman,,,1GU15S0GJ6PFNARO469W,1MHBF3G6DCPWHSKG7XCP,79,0.1472069597069597
bgs_spearman,,,1GU15S0GJ6PFNARO469W,1MHBF3G6DCPWHSKG7XCP,80,0.177014652014652
bgs_spearman,,,1GU15S0GJ6PFNARO469W,1MHBF3G6DCPWHSKG7XCP,81,-0.13315018315018312
bgs_spearman,,,1GU15S0GJ6PFNARO469W,1MHBF3G6DCPWHSKG7XCP,82,0.049267399267399266
bgs_spearman,,,1GU15S0GJ6PFNARO469W,1MHBF3G6DCPWHSKG7XCP,83,-0.1839285714285714
bgs_spearman,,,1GU15S0GJ6PFNARO469W,1MHBF3G6DCPWHSKG7XCP,84,-0.052701465201465195
bgs_spearman,,,1GU15S0GJ6PFNARO469W,1MHBF3G6DCPWHSKG7XCP,85,-0.11776556776556775
bgs_spearman,,,1GU15S0GJ6PFNARO469W,1MHBF3G6DCPWHSKG7XCP,86,-0.08859890109890108
bgs_spearman,,,1GU15S0GJ6PFNARO469W,1MHBF3G6DCPWHSKG7XCP,87,-0.15586080586080583
bgs_spearman,,,1GU15S0GJ6PFNARO469W,1MHBF3G6DCPWHSKG7XCP,88,-0.013324175824175822
bgs_spearman,,,1GU15S0GJ6PFNARO469W,1MHBF3G6DCPWHSKG7XCP,89,0.007783882783882783
bgs_spearman,,,1GU15S0GJ6PFNARO469W,1MHBF3G6DCPWHSKG7XCP,90,0.20865384615384613
bgs_spearman,,,1GU15S0GJ6PFNARO469W,1MHBF3G6DCPWHSKG7XCP,91,-0.077518315018315
bgs_spearman,,,1GU15S0GJ6PFNARO469W,1MHBF3G6DCPWHSKG7XCP,92,-0.01973443223443223
bgs_spearman,,,1GU15S0GJ6PFNARO469W,1MHBF3G6DCPWHSKG7XCP,93,0.17664835164835163
bgs_spearman,,,1GU15S0GJ6PFNARO469W,1MHBF3G6DCPWHSKG7XCP,94,-0.11652930402930402
bgs_spearman,,,1GU15S0GJ6PFNARO469W,1MHBF3G6DCPWHSKG7XCP,95,-0.01868131868131868
bgs_spearman,,,1GU15S0GJ6PFNARO469W,1MHBF3G6DCPWHSKG7XCP,96,-0.126007326007326
bgs_spearman,,,1GU15S0GJ6PFNARO469W,1MHBF3G6DCPWHSKG7XCP,97,0.16698717948717945
bgs_spearman,,,1GU15S0GJ6PFNARO469W,1MHBF3G6DCPWHSKG7XCP,98,0.13704212454212453
bgs_spearman,,,1GU15S0GJ6PFNARO469W,1MHBF3G6DCPWHSKG7XCP,99,-0.020833333333333332
bgs_spearman,,,1GU15S0GJ6PFNARO469W,1MHBF3G6DCPWHSKG7XCP,100,-0.02875457875457875
bgs_spearman,,,1GU15S0GJ6PFNARO469W,1MHBF3G6DCPWHSKG7XCP,101,-0.09601648351648351
bgs_spearman,,,1GU15S0GJ6PFNARO469W,1MHBF3G6DCPWHSKG7XCP,102,-0.04391025641025641
bgs_spearman,,,1GU15S0GJ6PFNARO469W,1MHBF3G6DCPWHSKG7XCP,103,-0.1750457875457875
bgs_spearman,,,1GU15S0GJ6PFNARO469W,1MHBF3G6DCPWHSKG7XCP,104,0.05549450549450549
bgs_spearman,,,1GU15S0GJ6PFNARO469W,1MHBF3G6DCPWHSKG7XCP,105,0.06579670329670328
bgs_spearman,,,1GU15S0GJ6PFNARO469W,1MHBF3G6DCPWHSKG7XCP,106,-0.03969780219780219
bgs_spearman,,,1GU15S0GJ6PFNARO469W,1MHBF3G6DCPWHSKG7XCP,107,-0.12257326007326007
bgs_spearman,,,1GU15S0GJ6PFNARO469W,1MHBF3G6DCPWHSKG7XCP,108,-0.20984432234432232
bgs_spearman,,,1GU15S0GJ6PFNARO469W,1MHBF3G6DCPWHSKG7XCP,109,0.04954212454212454
bgs_spearman,,,1GU15S0GJ6PFNARO469W,1MHBF3G6DCPWHSKG7XCP,110,-0.21488095238095237
bgs_spearman,,,1GU15S0GJ6PFNARO469W,1MHBF3G6DCPWHSKG7XCP,111,-0.15723443223443223
bgs_spearman,,,1GU15S0GJ6PFNARO469W,1MHBF3G6DCPWHSKG7XCP,112,-0.07408424908424907
bgs_spearman,,,1GU15S0GJ6PFNARO469W,1MHBF3G6DCPWHSKG7XCP,113,-0.3478937728937728
bgs_spearman,,,1GU15S0GJ6PFNARO469W,1MHBF3G6DCPWHSKG7XCP,114,-0.10485347985347984
bgs_spearman,,,1GU15S0GJ6PFNARO469W,1MHBF3G6DCPWHSKG7XCP,115,-0.15086996336996333
bgs_spearman,,,1GU15S0GJ6PFNARO469W,1MHBF3G6DCPWHSKG7XCP,116,0.053754578754578744
bgs_spearman,,,1GU15S0GJ6PFNARO469W,1MHBF3G6DCPWHSKG7XCP,117,-0.11469780219780218
bgs_spearman,,,1GU15S0GJ6PFNARO469W,1MHBF3G6DCPWHSKG7XCP,118,0.050961538461538454
bgs_spearman,,,1GU15S0GJ6PFNARO469W,1MHBF3G6DCPWHSKG7XCP,119,0.19967948717948714
bgs_spearman,,,1GU15S0GJ6PFNARO469W,1MHBF3G6DCPWHSKG7XCP,120,0.14931318681318678
bgs_spearman,,,1GU15S0GJ6PFNARO469W,1MHBF3G6DCPWHSKG7XCP,121,-0.014926739926739924
bgs_spearman,,,1GU15S0GJ6PFNARO469W,1MHBF3G6DCPWHSKG7XCP,122,0.17014652014652012
bgs_spearman,,,1GU15S0GJ6PFNARO469W,1MHBF3G6DCPWHSKG7XCP,123,-0.15293040293040291
bgs_spearman,,,1GU15S0GJ6PFNARO469W,1MHBF3G6DCPWHSKG7XCP,124,0.12655677655677655
bgs_spearman,,,1GU15S0GJ6PFNARO469W,1MHBF3G6DCPWHSKG7XCP,125,0.10929487179487178
bgs_spearman,,,1GU15S0GJ6PFNARO469W,1MHBF3G6DCPWHSKG7XCP,126,0.03296703296703296
bgs_spearman,,,1GU15S0GJ6PFNARO469W,1MHBF3G6DCPWHSKG7XCP,127,-0.09391025641025641
bgs_spearman,,,1GU15S0GJ6PFNARO469W,1MHBF3G6DCPWHSKG7XCP,128,-0.13402014652014652
bgs_spearman,,,1GU15S0GJ6PFNARO469W,1MHBF3G6DCPWHSKG7XCP,129,-0.006684981684981684
bgs_spearman,,,1GU15S0GJ6PFNARO469W,1MHBF3G6DCPWHSKG7XCP,130,0.11758241758241758
bgs_spearman,,,1GU15S0GJ6PFNARO469W,1MHBF3G6DCPWHSKG7XCP,131,-0.1124084249084249
bgs_spearman,,,1GU15S0GJ6PFNARO469W,1MHBF3G6DCPWHSKG7XCP,132,0.010805860805860804
bgs_spearman,,,1GU15S0GJ6PFNARO469W,1MHBF3G6DCPWHSKG7XCP,133,-0.09097985347985348
bgs_spearman,,,1GU15S0GJ6PFNARO469W,1MHBF3G6DCPWHSKG7XCP,134,-0.04500915750915751
bgs_spearman,,,1GU15S0GJ6PFNARO469W,1MHBF3G6DCPWHSKG7XCP,135,-0.31176739926739927
bgs_spearman,,,1GU15S0GJ6PFNARO469W,1MHBF3G6DCPWHSKG7XCP,136,0.06735347985347985
bgs_spearman,,,1GU15S0GJ6PFNARO469W,1MHBF3G6DCPWHSKG7XCP,137,0.016254578754578752
bgs_spearman,,,1GU15S0GJ6PFNARO469W,1MHBF3G6DCPWHSKG7XCP,138,-0.00641025641025641
bgs_spearman,,,1GU15S0GJ6PFNARO469W,1MHBF3G6DCPWHSKG7XCP,139,-0.1125915750915751
bgs_spearman,,,1GU15S0GJ6PFNARO469W,1MHBF3G6DCPWHSKG7XCP,140,-0.056227106227106215
bgs_spearman,,,1GU15S0GJ6PFNARO469W,1MHBF3G6DCPWHSKG7XCP,141,-0.03946886446886446
bgs_spearman,,,1GU15S0GJ6PFNARO469W,1MHBF3G6DCPWHSKG7XCP,142,0.05192307692307692
bgs_spearman,,,1GU15S0GJ6PFNARO469W,1MHBF3G6DCPWHSKG7XCP,143,-0.011767399267399265
bgs_spearman,,,1GU15S0GJ6PFNARO469W,1MHBF3G6DCPWHSKG7XCP,144,0.07738095238095237
bgs_spearman,,,1GU15S0GJ6PFNARO469W,1MHBF3G6DCPWHSKG7XCP,145,-0.3224816849816849
bgs_spearman,,,1GU15S0GJ6PFNARO469W,1MHBF3G6DCPWHSKG7XCP,146,0.043498168498168496
bgs_spearman,,,1GU15S0GJ6PFNARO469W,1MHBF3G6DCPWHSKG7XCP,147,-0.11405677655677654
bgs_spearman,,,1GU15S0GJ6PFNARO469W,1MHBF3G6DCPWHSKG7XCP,148,-0.07216117216117215
bgs_spearman,,,1GU15S0GJ6PFNARO469W,1MHBF3G6DCPWHSKG7XCP,149,0.06341575091575091
bgs_spearman,,,1GU15S0GJ6PFNARO469W,1MHBF3G6DCPWHSKG7XCP,150,0.056227106227106215
bgs_spearman,,,1GU15S0GJ6PFNARO469W,1MHBF3G6DCPWHSKG7XCP,151,0.11959706959706959
bgs_spearman,,,1GU15S0GJ6PFNARO469W,1MHBF3G6DCPWHSKG7XCP,152,-0.07234432234432234
bgs_spearman,,,1GU15S0GJ6PFNARO469W,1MHBF3G6DCPWHSKG7XCP,153,0.0646062271062271
bgs_spearman,,,1GU15S0GJ6PFNARO469W,1MHBF3G6DCPWHSKG7XCP,154,-0.049725274725274715
bgs_spearman,,,1GU15S0GJ6PFNARO469W,1MHBF3G6DCPWHSKG7XCP,155,-0.05755494505494505
bgs_spearman,,,1GU15S0GJ6PFNARO469W,1MHBF3G6DCPWHSKG7XCP,156,-0.3105311355311355
bgs_spearman,,,1GU15S0GJ6PFNARO469W,1MHBF3G6DCPWHSKG7XCP,157,-0.07032967032967032
bgs_spearman,,,1GU15S0GJ6PFNARO469W,1MHBF3G6DCPWHSKG7XCP,158,-0.03956043956043956
bgs_spearman,,,1GU15S0GJ6PFNARO469W,1MHBF3G6DCPWHSKG7XCP,159,-0.0825091575091575
bgs_spearman,,,1GU15S0GJ6PFNARO469W,1MHBF3G6DCPWHSKG7XCP,160,-0.21478937728937725
bgs_spearman,,,1GU15S0GJ6PFNARO469W,1MHBF3G6DCPWHSKG7XCP,161,-0.026419413919413916
bgs_spearman,,,1GU15S0GJ6PFNARO469W,1MHBF3G6DCPWHSKG7XCP,162,0.09358974358974358
bgs_spearman,,,1GU15S0GJ6PFNARO469W,1MHBF3G6DCPWHSKG7XCP,163,-0.09468864468864467
bgs_spearman,,,1GU15S0GJ6PFNARO469W,1MHBF3G6DCPWHSKG7XCP,164,0.05146520146520146
bgs_spearman,,,1GU15S0GJ6PFNARO469W,1MHBF3G6DCPWHSKG7XCP,165,-0.06927655677655678
bgs_spearman,,,1GU15S0GJ6PFNARO469W,1MHBF3G6DCPWHSKG7XCP,166,0.013965201465201462
bgs_spearman,,,1GU15S0GJ6PFNARO469W,1MHBF3G6DCPWHSKG7XCP,167,-0.0869047619047619
bgs_spearman,,,1GU15S0GJ6PFNARO469W,1MHBF3G6DCPWHSKG7XCP,168,-0.0575091575091575
bgs_spearman,,,1GU15S0GJ6PFNARO469W,1MHBF3G6DCPWHSKG7XCP,169,-0.0902014652014652
bgs_spearman,,,1GU15S0GJ6PFNARO469W,1MHBF3G6DCPWHSKG7XCP,170,-0.19986263736263735
bgs_spearman,,,1GU15S0GJ6PFNARO469W,1MHBF3G6DCPWHSKG7XCP,171,-0.13173076923076923
bgs_spearman,,,1GU15S0GJ6PFNARO469W,1MHBF3G6DCPWHSKG7XCP,172,-0.142032967032967
bgs_spearman,,,1GU15S0GJ6PFNARO469W,1MHBF3G6DCPWHSKG7XCP,173,0.12019230769230768
bgs_spearman,,,1GU15S0GJ6PFNARO469W,1MHBF3G6DCPWHSKG7XCP,174,0.10819597069597069
bgs_spearman,,,1GU15S0GJ6PFNARO469W,1MHBF3G6DCPWHSKG7XCP,175,0.11185897435897435
bgs_spearman,,,1GU15S0GJ6PFNARO469W,1MHBF3G6DCPWHSKG7XCP,176,-0.04945054945054945
bgs_spearman,,,1GU15S0GJ6PFNARO469W,1MHBF3G6DCPWHSKG7XCP,177,0.13287545787545788
bgs_spearman,,,1GU15S0GJ6PFNARO469W,1MHBF3G6DCPWHSKG7XCP,178,-0.2544413919413919
bgs_spearman,,,1GU15S0GJ6PFNARO469W,1MHBF3G6DCPWHSKG7XCP,179,0.06735347985347985
bgs_spearman,,,1GU15S0GJ6PFNARO469W,1MHBF3G6DCPWHSKG7XCP,180,-0.0009157509157509158
bgs_spearman,,,1GU15S0GJ6PFNARO469W,1MHBF3G6DCPWHSKG7XCP,181,-0.06057692307692308
bgs_spearman,,,1GU15S0GJ6PFNARO469W,1MHBF3G6DCPWHSKG7XCP,182,-0.17957875457875455
bgs_spearman,,,1GU15S0GJ6PFNARO469W,1MHBF3G6DCPWHSKG7XCP,183,-0.15416666666666665
bgs_spearman,,,1GU15S0GJ6PFNARO469W,1MHBF3G6DCPWHSKG7XCP,184,0.08923992673992673
bgs_spearman,,,1GU15S0GJ6PFNARO469W,1MHBF3G6DCPWHSKG7XCP,185,0.040430402930402926
bgs_spearman,,,1GU15S0GJ6PFNARO469W,1MHBF3G6DCPWHSKG7XCP,186,0.11469780219780218
bgs_spearman,,,1GU15S0GJ6PFNARO469W,1MHBF3G6DCPWHSKG7XCP,187,-0.012042124542124541
bgs_spearman,,,1GU15S0GJ6PFNARO469W,1MHBF3G6DCPWHSKG7XCP,188,-0.07884615384615384
bgs_spearman,,,1GU15S0GJ6PFNARO469W,1MHBF3G6DCPWHSKG7XCP,189,-0.1472069597069597
bgs_spearman,,,1GU15S0GJ6PFNARO469W,1MHBF3G6DCPWHSKG7XCP,190,-0.11607142857142855
bgs_spearman,,,1GU15S0GJ6PFNARO469W,1MHBF3G6DCPWHSKG7XCP,191,0.2989010989010989
bgs_spearman,,,1GU15S0GJ6PFNARO469W,1MHBF3G6DCPWHSKG7XCP,192,0.15567765567765568
bgs_spearman,,,1GU15S0GJ6PFNARO469W,1MHBF3G6DCPWHSKG7XCP,193,-0.07692307692307691
bgs_spearman,,,1GU15S0GJ6PFNARO469W,1MHBF3G6DCPWHSKG7XCP,194,-0.2099358974358974
bgs_spearman,,,1GU15S0GJ6PFNARO469W,1MHBF3G6DCPWHSKG7XCP,195,-0.14734432234432232
bgs_spearman,,,1GU15S0GJ6PFNARO469W,1MHBF3G6DCPWHSKG7XCP,196,0.21410256410256406
bgs_spearman,,,1GU15S0GJ6PFNARO469W,1MHBF3G6DCPWHSKG7XCP,197,0.0027930402930402927
bgs_spearman,,,1GU15S0GJ6PFNARO469W,1MHBF3G6DCPWHSKG7XCP,198,-0.03832417582417582
bgs_spearman,,,1GU15S0GJ6PFNARO469W,1MHBF3G6DCPWHSKG7XCP,199,0.09166666666666666
bgs_spearman,,,1GU15S0GJ6PFNARO469W,23X6SY44VT9KFHR7S7OC,0,-0.003205128205128205
bgs_spearman,,,1GU15S0GJ6PFNARO469W,23X6SY44VT9KFHR7S7OC,1,0.3812728937728937
bgs_spearman,,,1GU15S0GJ6PFNARO469W,23X6SY44VT9KFHR7S7OC,2,0.03081501831501831
bgs_spearman,,,1GU15S0GJ6PFNARO469W,23X6SY44VT9KFHR7S7OC,3,-0.027289377289377286
bgs_spearman,,,1GU15S0GJ6PFNARO469W,23X6SY44VT9KFHR7S7OC,4,0.07087912087912086
bgs_spearman,,,1GU15S0GJ6PFNARO469W,23X6SY44VT9KFHR7S7OC,5,0.02298534798534798
bgs_spearman,,,1GU15S0GJ6PFNARO469W,23X6SY44VT9KFHR7S7OC,6,-0.013095238095238094
bgs_spearman,,,1GU15S0GJ6PFNARO469W,23X6SY44VT9KFHR7S7OC,7,-0.02957875457875457
bgs_spearman,,,1GU15S0GJ6PFNARO469W,23X6SY44VT9KFHR7S7OC,8,0.11433150183150183
bgs_spearman,,,1GU15S0GJ6PFNARO469W,23X6SY44VT9KFHR7S7OC,9,-0.03058608058608058
bgs_spearman,,,1GU15S0GJ6PFNARO469W,23X6SY44VT9KFHR7S7OC,10,-0.016849816849816845
bgs_spearman,,,1GU15S0GJ6PFNARO469W,23X6SY44VT9KFHR7S7OC,11,-0.0472069597069597
bgs_spearman,,,1GU15S0GJ6PFNARO469W,23X6SY44VT9KFHR7S7OC,12,-0.17948717948717946
bgs_spearman,,,1GU15S0GJ6PFNARO469W,23X6SY44VT9KFHR7S7OC,13,0.2507783882783883
bgs_spearman,,,1GU15S0GJ6PFNARO469W,23X6SY44VT9KFHR7S7OC,14,0.07834249084249084
bgs_spearman,,,1GU15S0GJ6PFNARO469W,23X6SY44VT9KFHR7S7OC,15,-0.08736263736263736
bgs_spearman,,,1GU15S0GJ6PFNARO469W,23X6SY44VT9KFHR7S7OC,16,0.07843406593406592
bgs_spearman,,,1GU15S0GJ6PFNARO469W,23X6SY44VT9KFHR7S7OC,17,-0.006959706959706959
bgs_spearman,,,1GU15S0GJ6PFNARO469W,23X6SY44VT9KFHR7S7OC,18,0.09285714285714286
bgs_spearman,,,1GU15S0GJ6PFNARO469W,23X6SY44VT9KFHR7S7OC,19,0.1216117216117216
bgs_spearman,,,1GU15S0GJ6PFNARO469W,23X6SY44VT9KFHR7S7OC,20,-0.100503663003663
bgs_spearman,,,1GU15S0GJ6PFNARO469W,23X6SY44VT9KFHR7S7OC,21,-0.07477106227106227
bgs_spearman,,,1GU15S0GJ6PFNARO469W,23X6SY44VT9KFHR7S7OC,22,-0.006913919413919414
bgs_spearman,,,1GU15S0GJ6PFNARO469W,23X6SY44VT9KFHR7S7OC,23,0.3223901098901099
bgs_spearman,,,1GU15S0GJ6PFNARO469W,23X6SY44VT9KFHR7S7OC,24,-0.02962454212454212
bgs_spearman,,,1GU15S0GJ6PFNARO469W,23X6SY44VT9KFHR7S7OC,25,0.08173076923076922
bgs_spearman,,,1GU15S0GJ6PFNARO469W,23X6SY44VT9KFHR7S7OC,26,0.1052197802197802
bgs_spearman,,,1GU15S0GJ6PFNARO469W,23X6SY44VT9KFHR7S7OC,27,-0.08415750915750915
bgs_spearman,,,1GU15S0GJ6PFNARO469W,23X6SY44VT9KFHR7S7OC,28,-0.10173992673992673
bgs_spearman,,,1GU15S0GJ6PFNARO469W,23X6SY44VT9KFHR7S7OC,29,-0.05187728937728937
bgs_spearman,,,1GU15S0GJ6PFNARO469W,23X6SY44VT9KFHR7S7OC,30,0.19065934065934065
bgs_spearman,,,1GU15S0GJ6PFNARO469W,23X6SY44VT9KFHR7S7OC,31,-0.14679487179487177
bgs_spearman,,,1GU15S0GJ6PFNARO469W,23X6SY44VT9KFHR7S7OC,32,0.0071428571428571435
bgs_spearman,,,1GU15S0GJ6PFNARO469W,23X6SY44VT9KFHR7S7OC,33,0.063507326007326
bgs_spearman,,,1GU15S0GJ6PFNARO469W,23X6SY44VT9KFHR7S7OC,34,-0.11323260073260073
bgs_spearman,,,1GU15S0GJ6PFNARO469W,23X6SY44VT9KFHR7S7OC,35,0.1357142857142857
bgs_spearman,,,1GU15S0GJ6PFNARO469W,23X6SY44VT9KFHR7S7OC,36,-0.010439560439560437
bgs_spearman,,,1GU15S0GJ6PFNARO469W,23X6SY44VT9KFHR7S7OC,37,-0.09803113553113552
bgs_spearman,,,1GU15S0GJ6PFNARO469W,23X6SY44VT9KFHR7S7OC,38,0.0847069597069597
bgs_spearman,,,1GU15S0GJ6PFNARO469W,23X6SY44VT9KFHR7S7OC,39,-0.09107142857142855
bgs_spearman,,,1GU15S0GJ6PFNARO469W,23X6SY44VT9KFHR7S7OC,40,0.010989010989010988
bgs_spearman,,,1GU15S0GJ6PFNARO469W,23X6SY44VT9KFHR7S7OC,41,0.10668498168498168
bgs_spearman,,,1GU15S0GJ6PFNARO469W,23X6SY44VT9KFHR7S7OC,42,0.12000915750915749
bgs_spearman,,,1GU15S0GJ6PFNARO469W,23X6SY44VT9KFHR7S7OC,43,0.0829212454212454
bgs_spearman,,,1GU15S0GJ6PFNARO469W,23X6SY44VT9KFHR7S7OC,44,0.04711538461538461
bgs_spearman,,,1GU15S0GJ6PFNARO469W,23X6SY44VT9KFHR7S7OC,45,-0.032509157509157505
bgs_spearman,,,1GU15S0GJ6PFNARO469W,23X6SY44VT9KFHR7S7OC,46,0.18305860805860805
bgs_spearman,,,1GU15S0GJ6PFNARO469W,23X6SY44VT9KFHR7S7OC,47,-0.059340659340659324
bgs_spearman,,,1GU15S0GJ6PFNARO469W,23X6SY44VT9KFHR7S7OC,48,-0.10778388278388275
bgs_spearman,,,1GU15S0GJ6PFNARO469W,23X6SY44VT9KFHR7S7OC,49,0.19867216117216116
bgs_spearman,,,1GU15S0GJ6PFNARO469W,23X6SY44VT9KFHR7S7OC,50,-0.010439560439560437
bgs_spearman,,,1GU15S0GJ6PFNARO469W,23X6SY44VT9KFHR7S7OC,51,0.11423992673992674
bgs_spearman,,,1GU15S0GJ6PFNARO469W,23X6SY44VT9KFHR7S7OC,52,0.16895604395604394
bgs_spearman,,,1GU15S0GJ6PFNARO469W,23X6SY44VT9KFHR7S7OC,53,0.08951465201465202
bgs_spearman,,,1GU15S0GJ6PFNARO469W,23X6SY44VT9KFHR7S7OC,54,0.11167582417582418
bgs_spearman,,,1GU15S0GJ6PFNARO469W,23X6SY44VT9KFHR7S7OC,55,0.00608974358974359
bgs_spearman,,,1GU15S0GJ6PFNARO469W,23X6SY44VT9KFHR7S7OC,56,-0.010393772893772893
bgs_spearman,,,1GU15S0GJ6PFNARO469W,23X6SY44VT9KFHR7S7OC,57,0.12133699633699632
bgs_spearman,,,1GU15S0GJ6PFNARO469W,23X6SY44VT9KFHR7S7OC,58,0.04583333333333333
bgs_spearman,,,1GU15S0GJ6PFNARO469W,23X6SY44VT9KFHR7S7OC,59,-0.2615842490842491
bgs_spearman,,,1GU15S0GJ6PFNARO469W,23X6SY44VT9KFHR7S7OC,60,0.06703296703296703
bgs_spearman,,,1GU15S0GJ6PFNARO469W,23X6SY44VT9KFHR7S7OC,61,0.09830586080586079
bgs_spearman,,,1GU15S0GJ6PFNARO469W,23X6SY44VT9KFHR7S7OC,62,-0.09935897435897435
bgs_spearman,,,1GU15S0GJ6PFNARO469W,23X6SY44VT9KFHR7S7OC,63,-0.18534798534798536
bgs_spearman,,,1GU15S0GJ6PFNARO469W,23X6SY44VT9KFHR7S7OC,64,0.024725274725274724
bgs_spearman,,,1GU15S0GJ6PFNARO469W,23X6SY44VT9KFHR7S7OC,65,-0.06259157509157509
bgs_spearman,,,1GU15S0GJ6PFNARO469W,23X6SY44VT9KFHR7S7OC,66,-0.0733058608058608
bgs_spearman,,,1GU15S0GJ6PFNARO469W,23X6SY44VT9KFHR7S7OC,67,0.07747252747252746
bgs_spearman,,,1GU15S0GJ6PFNARO469W,23X6SY44VT9KFHR7S7OC,68,0.017719780219780216
bgs_spearman,,,1GU15S0GJ6PFNARO469W,23X6SY44VT9KFHR7S7OC,69,0.0782967032967033
bgs_spearman,,,1GU15S0GJ6PFNARO469W,23X6SY44VT9KFHR7S7OC,70,0.04097985347985348
bgs_spearman,,,1GU15S0GJ6PFNARO469W,23X6SY44VT9KFHR7S7OC,71,0.09995421245421245
bgs_spearman,,,1GU15S0GJ6PFNARO469W,23X6SY44VT9KFHR7S7OC,72,0.04432234432234432
bgs_spearman,,,1GU15S0GJ6PFNARO469W,23X6SY44VT9KFHR7S7OC,73,-0.24807692307692306
bgs_spearman,,,1GU15S0GJ6PFNARO469W,23X6SY44VT9KFHR7S7OC,74,0.014423076923076922
bgs_spearman,,,1GU15S0GJ6PFNARO469W,23X6SY44VT9KFHR7S7OC,75,0.024633699633699633
bgs_spearman,,,1GU15S0GJ6PFNARO469W,23X6SY44VT9KFHR7S7OC,76,-0.23630952380952375
bgs_spearman,,,1GU15S0GJ6PFNARO469W,23X6SY44VT9KFHR7S7OC,77,0.16048534798534797
bgs_spearman,,,1GU15S0GJ6PFNARO469W,23X6SY44VT9KFHR7S7OC,78,0.06790293040293038
bgs_spearman,,,1GU15S0GJ6PFNARO469W,23X6SY44VT9KFHR7S7OC,79,-0.16117216117216115
bgs_spearman,,,1GU15S0GJ6PFNARO469W,23X6SY44VT9KFHR7S7OC,80,0.08182234432234432
bgs_spearman,,,1GU15S0GJ6PFNARO469W,23X6SY44VT9KFHR7S7OC,81,0.05911172161172161
bgs_spearman,,,1GU15S0GJ6PFNARO469W,23X6SY44VT9KFHR7S7OC,82,0.0025641025641025637
bgs_spearman,,,1GU15S0GJ6PFNARO469W,23X6SY44VT9KFHR7S7OC,83,-0.14024725274725272
bgs_spearman,,,1GU15S0GJ6PFNARO469W,23X6SY44VT9KFHR7S7OC,84,-0.03269230769230769
bgs_spearman,,,1GU15S0GJ6PFNARO469W,23X6SY44VT9KFHR7S7OC,85,0.12664835164835164
bgs_spearman,,,1GU15S0GJ6PFNARO469W,23X6SY44VT9KFHR7S7OC,86,-0.019184981684981683
bgs_spearman,,,1GU15S0GJ6PFNARO469W,23X6SY44VT9KFHR7S7OC,87,-0.22225274725274718
bgs_spearman,,,1GU15S0GJ6PFNARO469W,23X6SY44VT9KFHR7S7OC,88,0.10096153846153845
bgs_spearman,,,1GU15S0GJ6PFNARO469W,23X6SY44VT9KFHR7S7OC,89,0.0467032967032967
bgs_spearman,,,1GU15S0GJ6PFNARO469W,23X6SY44VT9KFHR7S7OC,90,-0.06607142857142856
bgs_spearman,,,1GU15S0GJ6PFNARO469W,23X6SY44VT9KFHR7S7OC,91,0.12142857142857143
bgs_spearman,,,1GU15S0GJ6PFNARO469W,23X6SY44VT9KFHR7S7OC,92,-0.012362637362637362
bgs_spearman,,,1GU15S0GJ6PFNARO469W,23X6SY44VT9KFHR7S7OC,93,0.07646520146520146
bgs_spearman,,,1GU15S0GJ6PFNARO469W,23X6SY44VT9KFHR7S7OC,94,0.04427655677655677
bgs_spearman,,,1GU15S0GJ6PFNARO469W,23X6SY44VT9KFHR7S7OC,95,0.08988095238095238
bgs_spearman,,,1GU15S0GJ6PFNARO469W,23X6SY44VT9KFHR7S7OC,96,-0.07376373626373625
bgs_spearman,,,1GU15S0GJ6PFNARO469W,23X6SY44VT9KFHR7S7OC,97,-0.3608058608058608
bgs_spearman,,,1GU15S0GJ6PFNARO469W,23X6SY44VT9KFHR7S7OC,98,-0.08456959706959706
bgs_spearman,,,1GU15S0GJ6PFNARO469W,23X6SY44VT9KFHR7S7OC,99,-0.09885531135531134
bgs_spearman,,,1GU15S0GJ6PFNARO469W,23X6SY44VT9KFHR7S7OC,100,0.024084249084249082
bgs_spearman,,,1GU15S0GJ6PFNARO469W,23X6SY44VT9KFHR7S7OC,101,0.03525641025641025
bgs_spearman,,,1GU15S0GJ6PFNARO469W,23X6SY44VT9KFHR7S7OC,102,-0.0677197802197802
bgs_spearman,,,1GU15S0GJ6PFNARO469W,23X6SY44VT9KFHR7S7OC,103,-0.06877289377289376
bgs_spearman,,,1GU15S0GJ6PFNARO469W,23X6SY44VT9KFHR7S7OC,104,-0.022847985347985343
bgs_spearman,,,1GU15S0GJ6PFNARO469W,23X6SY44VT9KFHR7S7OC,105,-0.2407051282051282
bgs_spearman,,,1GU15S0GJ6PFNARO469W,23X6SY44VT9KFHR7S7OC,106,0.0711080586080586
bgs_spearman,,,1GU15S0GJ6PFNARO469W,23X6SY44VT9KFHR7S7OC,107,0.01346153846153846
bgs_spearman,,,1GU15S0GJ6PFNARO469W,23X6SY44VT9KFHR7S7OC,108,0.04326923076923077
bgs_spearman,,,1GU15S0GJ6PFNARO469W,23X6SY44VT9KFHR7S7OC,109,-0.0993131868131868
bgs_spearman,,,1GU15S0GJ6PFNARO469W,23X6SY44VT9KFHR7S7OC,110,-0.07893772893772892
bgs_spearman,,,1GU15S0GJ6PFNARO469W,23X6SY44VT9KFHR7S7OC,111,-0.1671245421245421
bgs_spearman,,,1GU15S0GJ6PFNARO469W,23X6SY44VT9KFHR7S7OC,112,0.020558608058608055
bgs_spearman,,,1GU15S0GJ6PFNARO469W,23X6SY44VT9KFHR7S7OC,113,-0.0020146520146520144
bgs_spearman,,,1GU15S0GJ6PFNARO469W,23X6SY44VT9KFHR7S7OC,114,0.07843406593406592
bgs_spearman,,,1GU15S0GJ6PFNARO469W,23X6SY44VT9KFHR7S7OC,115,0.03896520146520146
bgs_spearman,,,1GU15S0GJ6PFNARO469W,23X6SY44VT9KFHR7S7OC,116,-0.09551282051282049
bgs_spearman,,,1GU15S0GJ6PFNARO469W,23X6SY44VT9KFHR7S7OC,117,-0.15673076923076923
bgs_spearman,,,1GU15S0GJ6PFNARO469W,23X6SY44VT9KFHR7S7OC,118,0.1521062271062271
bgs_spearman,,,1GU15S0GJ6PFNARO469W,23X6SY44VT9KFHR7S7OC,119,-0.11474358974358974
bgs_spearman,,,1GU15S0GJ6PFNARO469W,23X6SY44VT9KFHR7S7OC,120,0.10288461538461538
bgs_spearman,,,1GU15S0GJ6PFNARO469W,23X6SY44VT9KFHR7S7OC,121,-0.013232600732600732
bgs_spearman,,,1GU15S0GJ6PFNARO469W,23X6SY44VT9KFHR7S7OC,122,0.07261904761904762
bgs_spearman,,,1GU15S0GJ6PFNARO469W,23X6SY44VT9KFHR7S7OC,123,-0.07944139194139194
bgs_spearman,,,1GU15S0GJ6PFNARO469W,23X6SY44VT9KFHR7S7OC,124,0.11666666666666664
bgs_spearman,,,1GU15S0GJ6PFNARO469W,23X6SY44VT9KFHR7S7OC,125,0.01822344322344322
bgs_spearman,,,1GU15S0GJ6PFNARO469W,23X6SY44VT9KFHR7S7OC,126,-0.0874084249084249
bgs_spearman,,,1GU15S0GJ6PFNARO469W,23X6SY44VT9KFHR7S7OC,127,-0.07303113553113552
bgs_spearman,,,1GU15S0GJ6PFNARO469W,23X6SY44VT9KFHR7S7OC,128,0.1874542124542124
bgs_spearman,,,1GU15S0GJ6PFNARO469W,23X6SY44VT9KFHR7S7OC,129,0.13173076923076923
bgs_spearman,,,1GU15S0GJ6PFNARO469W,23X6SY44VT9KFHR7S7OC,130,0.25476190476190474
bgs_spearman,,,1GU15S0GJ6PFNARO469W,23X6SY44VT9KFHR7S7OC,131,-0.05151098901098901
bgs_spearman,,,1GU15S0GJ6PFNARO469W,23X6SY44VT9KFHR7S7OC,132,-0.08562271062271061
bgs_spearman,,,1GU15S0GJ6PFNARO469W,23X6SY44VT9KFHR7S7OC,133,-0.13214285714285712
bgs_spearman,,,1GU15S0GJ6PFNARO469W,23X6SY44VT9KFHR7S7OC,134,-0.3396520146520146
bgs_spearman,,,1GU15S0GJ6PFNARO469W,23X6SY44VT9KFHR7S7OC,135,0.19647435897435897
bgs_spearman,,,1GU15S0GJ6PFNARO469W,23X6SY44VT9KFHR7S7OC,136,-0.17234432234432231
bgs_spearman,,,1GU15S0GJ6PFNARO469W,23X6SY44VT9KFHR7S7OC,137,0.043223443223443216
bgs_spearman,,,1GU15S0GJ6PFNARO469W,23X6SY44VT9KFHR7S7OC,138,0.09116300366300366
bgs_spearman,,,1GU15S0GJ6PFNARO469W,23X6SY44VT9KFHR7S7OC,139,0.004395604395604395
bgs_spearman,,,1GU15S0GJ6PFNARO469W,23X6SY44VT9KFHR7S7OC,140,0.193040293040293
bgs_spearman,,,1GU15S0GJ6PFNARO469W,23X6SY44VT9KFHR7S7OC,141,0.02115384615384615
bgs_spearman,,,1GU15S0GJ6PFNARO469W,23X6SY44VT9KFHR7S7OC,142,-0.014194139194139192
bgs_spearman,,,1GU15S0GJ6PFNARO469W,23X6SY44VT9KFHR7S7OC,143,-0.06066849816849816
bgs_spearman,,,1GU15S0GJ6PFNARO469W,23X6SY44VT9KFHR7S7OC,144,0.053434065934065925
bgs_spearman,,,1GU15S0GJ6PFNARO469W,23X6SY44VT9KFHR7S7OC,145,-0.05695970695970695
bgs_spearman,,,1GU15S0GJ6PFNARO469W,23X6SY44VT9KFHR7S7OC,146,-0.0152014652014652
bgs_spearman,,,1GU15S0GJ6PFNARO469W,23X6SY44VT9KFHR7S7OC,147,0.11822344322344322
bgs_spearman,,,1GU15S0GJ6PFNARO469W,23X6SY44VT9KFHR7S7OC,148,0.09478021978021976
bgs_spearman,,,1GU15S0GJ6PFNARO469W,23X6SY44VT9KFHR7S7OC,149,-0.03328754578754578
bgs_spearman,,,1GU15S0GJ6PFNARO469W,23X6SY44VT9KFHR7S7OC,150,-0.22999084249084245
bgs_spearman,,,1GU15S0GJ6PFNARO469W,23X6SY44VT9KFHR7S7OC,151,-0.05059523809523809
bgs_spearman,,,1GU15S0GJ6PFNARO469W,23X6SY44VT9KFHR7S7OC,152,0.016437728937728935
bgs_spearman,,,1GU15S0GJ6PFNARO469W,23X6SY44VT9KFHR7S7OC,153,-0.03919413919413919
bgs_spearman,,,1GU15S0GJ6PFNARO469W,23X6SY44VT9KFHR7S7OC,154,0.07811355311355311
bgs_spearman,,,1GU15S0GJ6PFNARO469W,23X6SY44VT9KFHR7S7OC,155,0.01497252747252747
bgs_spearman,,,1GU15S0GJ6PFNARO469W,23X6SY44VT9KFHR7S7OC,156,-0.1683150183150183
bgs_spearman,,,1GU15S0GJ6PFNARO469W,23X6SY44VT9KFHR7S7OC,157,-0.12655677655677655
bgs_spearman,,,1GU15S0GJ6PFNARO469W,23X6SY44VT9KFHR7S7OC,158,-0.22967032967032966
bgs_spearman,,,1GU15S0GJ6PFNARO469W,23X6SY44VT9KFHR7S7OC,159,0.1894230769230769
bgs_spearman,,,1GU15S0GJ6PFNARO469W,23X6SY44VT9KFHR7S7OC,160,-0.14056776556776557
bgs_spearman,,,1GU15S0GJ6PFNARO469W,23X6SY44VT9KFHR7S7OC,161,0.10476190476190475
bgs_spearman,,,1GU15S0GJ6PFNARO469W,23X6SY44VT9KFHR7S7OC,162,0.08617216117216116
bgs_spearman,,,1GU15S0GJ6PFNARO469W,23X6SY44VT9KFHR7S7OC,163,-0.07248168498168497
bgs_spearman,,,1GU15S0GJ6PFNARO469W,23X6SY44VT9KFHR7S7OC,164,0.03131868131868131
bgs_spearman,,,1GU15S0GJ6PFNARO469W,23X6SY44VT9KFHR7S7OC,165,-0.07962454212454212
bgs_spearman,,,1GU15S0GJ6PFNARO469W,23X6SY44VT9KFHR7S7OC,166,0.1579212454212454
bgs_spearman,,,1GU15S0GJ6PFNARO469W,23X6SY44VT9KFHR7S7OC,167,0.14125457875457875
bgs_spearman,,,1GU15S0GJ6PFNARO469W,23X6SY44VT9KFHR7S7OC,168,0.10119047619047618
bgs_spearman,,,1GU15S0GJ6PFNARO469W,23X6SY44VT9KFHR7S7OC,169,0.04212454212454212
bgs_spearman,,,1GU15S0GJ6PFNARO469W,23X6SY44VT9KFHR7S7OC,170,-0.04945054945054945
bgs_spearman,,,1GU15S0GJ6PFNARO469W,23X6SY44VT9KFHR7S7OC,171,-0.07165750915750914
bgs_spearman,,,1GU15S0GJ6PFNARO469W,23X6SY44VT9KFHR7S7OC,172,0.1047161172161172
bgs_spearman,,,1GU15S0GJ6PFNARO469W,23X6SY44VT9KFHR7S7OC,173,0.28956043956043953
bgs_spearman,,,1GU15S0GJ6PFNARO469W,23X6SY44VT9KFHR7S7OC,174,0.10782967032967031
bgs_spearman,,,1GU15S0GJ6PFNARO469W,23X6SY44VT9KFHR7S7OC,175,0.20196886446886445
bgs_spearman,,,1GU15S0GJ6PFNARO469W,23X6SY44VT9KFHR7S7OC,176,0.01868131868131868
bgs_spearman,,,1GU15S0GJ6PFNARO469W,23X6SY44VT9KFHR7S7OC,177,-0.03768315018315018
bgs_spearman,,,1GU15S0GJ6PFNARO469W,23X6SY44VT9KFHR7S7OC,178,0.09175824175824174
bgs_spearman,,,1GU15S0GJ6PFNARO469W,23X6SY44VT9KFHR7S7OC,179,-0.13585164835164834
bgs_spearman,,,1GU15S0GJ6PFNARO469W,23X6SY44VT9KFHR7S7OC,180,0.05769230769230769
bgs_spearman,,,1GU15S0GJ6PFNARO469W,23X6SY44VT9KFHR7S7OC,181,-0.01616300366300366
bgs_spearman,,,1GU15S0GJ6PFNARO469W,23X6SY44VT9KFHR7S7OC,182,-0.07619047619047618
bgs_spearman,,,1GU15S0GJ6PFNARO469W,23X6SY44VT9KFHR7S7OC,183,-0.0928113553113553
bgs_spearman,,,1GU15S0GJ6PFNARO469W,23X6SY44VT9KFHR7S7OC,184,-0.07348901098901098
bgs_spearman,,,1GU15S0GJ6PFNARO469W,23X6SY44VT9KFHR7S7OC,185,0.35389194139194136
bgs_spearman,,,1GU15S0GJ6PFNARO469W,23X6SY44VT9KFHR7S7OC,186,0.03296703296703296
bgs_spearman,,,1GU15S0GJ6PFNARO469W,23X6SY44VT9KFHR7S7OC,187,0.04935897435897436
bgs_spearman,,,1GU15S0GJ6PFNARO469W,23X6SY44VT9KFHR7S7OC,188,-0.03012820512820513
bgs_spearman,,,1GU15S0GJ6PFNARO469W,23X6SY44VT9KFHR7S7OC,189,-0.15160256410256406
bgs_spearman,,,1GU15S0GJ6PFNARO469W,23X6SY44VT9KFHR7S7OC,190,0.04111721611721611
bgs_spearman,,,1GU15S0GJ6PFNARO469W,23X6SY44VT9KFHR7S7OC,191,-0.08282967032967033
bgs_spearman,,,1GU15S0GJ6PFNARO469W,23X6SY44VT9KFHR7S7OC,192,0.29670329670329665
bgs_spearman,,,1GU15S0GJ6PFNARO469W,23X6SY44VT9KFHR7S7OC,193,0.00013736263736263734
bgs_spearman,,,1GU15S0GJ6PFNARO469W,23X6SY44VT9KFHR7S7OC,194,0.07843406593406592
bgs_spearman,,,1GU15S0GJ6PFNARO469W,23X6SY44VT9KFHR7S7OC,195,0.3253205128205128
bgs_spearman,,,1GU15S0GJ6PFNARO469W,23X6SY44VT9KFHR7S7OC,196,0.18759157509157506
bgs_spearman,,,1GU15S0GJ6PFNARO469W,23X6SY44VT9KFHR7S7OC,197,-0.03003663003663003
bgs_spearman,,,1GU15S0GJ6PFNARO469W,23X6SY44VT9KFHR7S7OC,198,0.1657967032967033
bgs_spearman,,,1GU15S0GJ6PFNARO469W,23X6SY44VT9KFHR7S7OC,199,-0.03241758241758241
bgs_spearman,,,1GU15S0GJ6PFNARO469W,2XL5HSFSE93RMOJDRGR4,0,0.04116300366300366
bgs_spearman,,,1GU15S0GJ6PFNARO469W,2XL5HSFSE93RMOJDRGR4,1,0.07216117216117215
bgs_spearman,,,1GU15S0GJ6PFNARO469W,2XL5HSFSE93RMOJDRGR4,2,0.08113553113553114
bgs_spearman,,,1GU15S0GJ6PFNARO469W,2XL5HSFSE93RMOJDRGR4,3,-0.1784340659340659
bgs_spearman,,,1GU15S0GJ6PFNARO469W,2XL5HSFSE93RMOJDRGR4,4,-0.1368131868131868
bgs_spearman,,,1GU15S0GJ6PFNARO469W,2XL5HSFSE93RMOJDRGR4,5,0.009615384615384614
bgs_spearman,,,1GU15S0GJ6PFNARO469W,2XL5HSFSE93RMOJDRGR4,6,-0.014285714285714287
bgs_spearman,,,1GU15S0GJ6PFNARO469W,2XL5HSFSE93RMOJDRGR4,7,0.02605311355311355
bgs_spearman,,,1GU15S0GJ6PFNARO469W,2XL5HSFSE93RMOJDRGR4,8,-0.12390109890109888
bgs_spearman,,,1GU15S0GJ6PFNARO469W,2XL5HSFSE93RMOJDRGR4,9,0.029761904761904757
bgs_spearman,,,1GU15S0GJ6PFNARO469W,2XL5HSFSE93RMOJDRGR4,10,0.06904761904761904
bgs_spearman,,,1GU15S0GJ6PFNARO469W,2XL5HSFSE93RMOJDRGR4,11,-0.015247252747252745
bgs_spearman,,,1GU15S0GJ6PFNARO469W,2XL5HSFSE93RMOJDRGR4,12,0.21854395604395602
bgs_spearman,,,1GU15S0GJ6PFNARO469W,2XL5HSFSE93RMOJDRGR4,13,0.12376373626373627
bgs_spearman,,,1GU15S0GJ6PFNARO469W,2XL5HSFSE93RMOJDRGR4,14,0.2335164835164835
bgs_spearman,,,1GU15S0GJ6PFNARO469W,2XL5HSFSE93RMOJDRGR4,15,0.07948717948717948
bgs_spearman,,,1GU15S0GJ6PFNARO469W,2XL5HSFSE93RMOJDRGR4,16,-0.18108974358974356
bgs_spearman,,,1GU15S0GJ6PFNARO469W,2XL5HSFSE93RMOJDRGR4,17,0.10036630036630036
bgs_spearman,,,1GU15S0GJ6PFNARO469W,2XL5HSFSE93RMOJDRGR4,18,0.0917124542124542
bgs_spearman,,,1GU15S0GJ6PFNARO469W,2XL5HSFSE93RMOJDRGR4,19,-0.10554029304029304
bgs_spearman,,,1GU15S0GJ6PFNARO469W,2XL5HSFSE93RMOJDRGR4,20,-0.08131868131868132
bgs_spearman,,,1GU15S0GJ6PFNARO469W,2XL5HSFSE93RMOJDRGR4,21,-0.21758241758241756
bgs_spearman,,,1GU15S0GJ6PFNARO469W,2XL5HSFSE93RMOJDRGR4,22,0.1254120879120879
bgs_spearman,,,1GU15S0GJ6PFNARO469W,2XL5HSFSE93RMOJDRGR4,23,0.14372710622710622
bgs_spearman,,,1GU15S0GJ6PFNARO469W,2XL5HSFSE93RMOJDRGR4,24,0.09578754578754577
bgs_spearman,,,1GU15S0GJ6PFNARO469W,2XL5HSFSE93RMOJDRGR4,25,-0.08782051282051281
bgs_spearman,,,1GU15S0GJ6PFNARO469W,2XL5HSFSE93RMOJDRGR4,26,0.03754578754578754
bgs_spearman,,,1GU15S0GJ6PFNARO469W,2XL5HSFSE93RMOJDRGR4,27,-0.2576007326007326
bgs_spearman,,,1GU15S0GJ6PFNARO469W,2XL5HSFSE93RMOJDRGR4,28,-0.06849816849816849
bgs_spearman,,,1GU15S0GJ6PFNARO469W,2XL5HSFSE93RMOJDRGR4,29,-0.0008241758241758241
bgs_spearman,,,1GU15S0GJ6PFNARO469W,2XL5HSFSE93RMOJDRGR4,30,-0.043315018315018314
bgs_spearman,,,1GU15S0GJ6PFNARO469W,2XL5HSFSE93RMOJDRGR4,31,-0.08923992673992673
bgs_spearman,,,1GU15S0GJ6PFNARO469W,2XL5HSFSE93RMOJDRGR4,32,-0.19725274725274722
bgs_spearman,,,1GU15S0GJ6PFNARO469W,2XL5HSFSE93RMOJDRGR4,33,0.15549450549450547
bgs_spearman,,,1GU15S0GJ6PFNARO469W,2XL5HSFSE93RMOJDRGR4,34,-0.11927655677655676
bgs_spearman,,,1GU15S0GJ6PFNARO469W,2XL5HSFSE93RMOJDRGR4,35,0.01717032967032967
bgs_spearman,,,1GU15S0GJ6PFNARO469W,2XL5HSFSE93RMOJDRGR4,36,-0.0764194139194139
bgs_spearman,,,1GU15S0GJ6PFNARO469W,2XL5HSFSE93RMOJDRGR4,37,0.09867216117216115
bgs_spearman,,,1GU15S0GJ6PFNARO469W,2XL5HSFSE93RMOJDRGR4,38,-0.018315018315018312
bgs_spearman,,,1GU15S0GJ6PFNARO469W,2XL5HSFSE93RMOJDRGR4,39,0.10668498168498168
bgs_spearman,,,1GU15S0GJ6PFNARO469W,2XL5HSFSE93RMOJDRGR4,40,-0.13905677655677653
bgs_spearman,,,1GU15S0GJ6PFNARO469W,2XL5HSFSE93RMOJDRGR4,41,-0.23099816849816845
bgs_spearman,,,1GU15S0GJ6PFNARO469W,2XL5HSFSE93RMOJDRGR4,42,-0.05521978021978021
bgs_spearman,,,1GU15S0GJ6PFNARO469W,2XL5HSFSE93RMOJDRGR4,43,-0.1671245421245421
bgs_spearman,,,1GU15S0GJ6PFNARO469W,2XL5HSFSE93RMOJDRGR4,44,0.22275641025641021
bgs_spearman,,,1GU15S0GJ6PFNARO469W,2XL5HSFSE93RMOJDRGR4,45,0.09867216117216115
bgs_spearman,,,1GU15S0GJ6PFNARO469W,2XL5HSFSE93RMOJDRGR4,46,-0.08058608058608058
bgs_spearman,,,1GU15S0GJ6PFNARO469W,2XL5HSFSE93RMOJDRGR4,47,-0.0320054945054945
bgs_spearman,,,1GU15S0GJ6PFNARO469W,2XL5HSFSE93RMOJDRGR4,48,0.09033882783882784
bgs_spearman,,,1GU15S0GJ6PFNARO469W,2XL5HSFSE93RMOJDRGR4,49,-0.17728937728937727
bgs_spearman,,,1GU15S0GJ6PFNARO469W,2XL5HSFSE93RMOJDRGR4,50,-0.08392857142857142
bgs_spearman,,,1GU15S0GJ6PFNARO469W,2XL5HSFSE93RMOJDRGR4,51,0.18585164835164836
bgs_spearman,,,1GU15S0GJ6PFNARO469W,2XL5HSFSE93RMOJDRGR4,52,-0.02358058608058608
bgs_spearman,,,1GU15S0GJ6PFNARO469W,2XL5HSFSE93RMOJDRGR4,53,0.26039377289377286
bgs_spearman,,,1GU15S0GJ6PFNARO469W,2XL5HSFSE93RMOJDRGR4,54,-0.1571428571428571
bgs_spearman,,,1GU15S0GJ6PFNARO469W,2XL5HSFSE93RMOJDRGR4,55,-0.02298534798534798
bgs_spearman,,,1GU15S0GJ6PFNARO469W,2XL5HSFSE93RMOJDRGR4,56,0.10407509157509155
bgs_spearman,,,1GU15S0GJ6PFNARO469W,2XL5HSFSE93RMOJDRGR4,57,0.11900183150183148
bgs_spearman,,,1GU15S0GJ6PFNARO469W,2XL5HSFSE93RMOJDRGR4,58,0.03754578754578754
bgs_spearman,,,1GU15S0GJ6PFNARO469W,2XL5HSFSE93RMOJDRGR4,59,0.03452380952380952
bgs_spearman,,,1GU15S0GJ6PFNARO469W,2XL5HSFSE93RMOJDRGR4,60,-0.1923076923076923
bgs_spearman,,,1GU15S0GJ6PFNARO469W,2XL5HSFSE93RMOJDRGR4,61,-0.12834249084249083
bgs_spearman,,,1GU15S0GJ6PFNARO469W,2XL5HSFSE93RMOJDRGR4,62,0.025137362637362635
bgs_spearman,,,1GU15S0GJ6PFNARO469W,2XL5HSFSE93RMOJDRGR4,63,-0.2832875457875458
bgs_spearman,,,1GU15S0GJ6PFNARO469W,2XL5HSFSE93RMOJDRGR4,64,-0.08818681318681318
bgs_spearman,,,1GU15S0GJ6PFNARO469W,2XL5HSFSE93RMOJDRGR4,65,0.08841575091575091
bgs_spearman,,,1GU15S0GJ6PFNARO469W,2XL5HSFSE93RMOJDRGR4,66,-0.06817765567765567
bgs_spearman,,,1GU15S0GJ6PFNARO469W,2XL5HSFSE93RMOJDRGR4,67,0.07138278388278387
bgs_spearman,,,1GU15S0GJ6PFNARO469W,2XL5HSFSE93RMOJDRGR4,68,-0.07893772893772892
bgs_spearman,,,1GU15S0GJ6PFNARO469W,2XL5HSFSE93RMOJDRGR4,69,0.14665750915750914
bgs_spearman,,,1GU15S0GJ6PFNARO469W,2XL5HSFSE93RMOJDRGR4,70,0.20989010989010987
bgs_spearman,,,1GU15S0GJ6PFNARO469W,2XL5HSFSE93RMOJDRGR4,71,0.00032051282051282046
bgs_spearman,,,1GU15S0GJ6PFNARO469W,2XL5HSFSE93RMOJDRGR4,72,-0.04052197802197802
bgs_spearman,,,1GU15S0GJ6PFNARO469W,2XL5HSFSE93RMOJDRGR4,73,-0.016987179487179486
bgs_spearman,,,1GU15S0GJ6PFNARO469W,2XL5HSFSE93RMOJDRGR4,74,0.09848901098901097
bgs_spearman,,,1GU15S0GJ6PFNARO469W,2XL5HSFSE93RMOJDRGR4,75,-0.12857142857142856
bgs_spearman,,,1GU15S0GJ6PFNARO469W,2XL5HSFSE93RMOJDRGR4,76,-0.07376373626373625
bgs_spearman,,,1GU15S0GJ6PFNARO469W,2XL5HSFSE93RMOJDRGR4,77,-0.058241758241758236
bgs_spearman,,,1GU15S0GJ6PFNARO469W,2XL5HSFSE93RMOJDRGR4,78,-0.10439560439560439
bgs_spearman,,,1GU15S0GJ6PFNARO469W,2XL5HSFSE93RMOJDRGR4,79,-0.17129120879120877
bgs_spearman,,,1GU15S0GJ6PFNARO469W,2XL5HSFSE93RMOJDRGR4,80,-0.11300366300366299
bgs_spearman,,,1GU15S0GJ6PFNARO469W,2XL5HSFSE93RMOJDRGR4,81,-0.21721611721611722
bgs_spearman,,,1GU15S0GJ6PFNARO469W,2XL5HSFSE93RMOJDRGR4,82,-0.19542124542124542
bgs_spearman,,,1GU15S0GJ6PFNARO469W,2XL5HSFSE93RMOJDRGR4,83,0.05956959706959706
bgs_spearman,,,1GU15S0GJ6PFNARO469W,2XL5HSFSE93RMOJDRGR4,84,0.1759157509157509
bgs_spearman,,,1GU15S0GJ6PFNARO469W,2XL5HSFSE93RMOJDRGR4,85,-0.04839743589743589
bgs_spearman,,,1GU15S0GJ6PFNARO469W,2XL5HSFSE93RMOJDRGR4,86,0.1978021978021978
bgs_spearman,,,1GU15S0GJ6PFNARO469W,2XL5HSFSE93RMOJDRGR4,87,0.0526098901098901
bgs_spearman,,,1GU15S0GJ6PFNARO469W,2XL5HSFSE93RMOJDRGR4,88,-0.2002289377289377
bgs_spearman,,,1GU15S0GJ6PFNARO469W,2XL5HSFSE93RMOJDRGR4,89,0.08887362637362636
bgs_spearman,,,1GU15S0GJ6PFNARO469W,2XL5HSFSE93RMOJDRGR4,90,0.13580586080586077
bgs_spearman,,,1GU15S0GJ6PFNARO469W,2XL5HSFSE93RMOJDRGR4,91,0.06923076923076922
bgs_spearman,,,1GU15S0GJ6PFNARO469W,2XL5HSFSE93RMOJDRGR4,92,0.02495421245421245
bgs_spearman,,,1GU15S0GJ6PFNARO469W,2XL5HSFSE93RMOJDRGR4,93,0.08333333333333333
bgs_spearman,,,1GU15S0GJ6PFNARO469W,2XL5HSFSE93RMOJDRGR4,94,-0.0072802197802197795
bgs_spearman,,,1GU15S0GJ6PFNARO469W,2XL5HSFSE93RMOJDRGR4,95,-0.3495421245421245
bgs_spearman,,,1GU15S0GJ6PFNARO469W,2XL5HSFSE93RMOJDRGR4,96,-0.06886446886446886
bgs_spearman,,,1GU15S0GJ6PFNARO469W,2XL5HSFSE93RMOJDRGR4,97,-0.19880952380952377
bgs_spearman,,,1GU15S0GJ6PFNARO469W,2XL5HSFSE93RMOJDRGR4,98,-0.17138278388278386
bgs_spearman,,,1GU15S0GJ6PFNARO469W,2XL5HSFSE93RMOJDRGR4,99,0.20467032967032964
bgs_spearman,,,1GU15S0GJ6PFNARO469W,2XL5HSFSE93RMOJDRGR4,100,-0.1601190476190476
bgs_spearman,,,1GU15S0GJ6PFNARO469W,2XL5HSFSE93RMOJDRGR4,101,-0.05489926739926739
bgs_spearman,,,1GU15S0GJ6PFNARO469W,2XL5HSFSE93RMOJDRGR4,102,-0.12532051282051282
bgs_spearman,,,1GU15S0GJ6PFNARO469W,2XL5HSFSE93RMOJDRGR4,103,0.16414835164835165
bgs_spearman,,,1GU15S0GJ6PFNARO469W,2XL5HSFSE93RMOJDRGR4,104,-0.22197802197802197
bgs_spearman,,,1GU15S0GJ6PFNARO469W,2XL5HSFSE93RMOJDRGR4,105,0.30164835164835163
bgs_spearman,,,1GU15S0GJ6PFNARO469W,2XL5HSFSE93RMOJDRGR4,106,-0.10709706959706959
bgs_spearman,,,1GU15S0GJ6PFNARO469W,2XL5HSFSE93RMOJDRGR4,107,-0.04285714285714285
bgs_spearman,,,1GU15S0GJ6PFNARO469W,2XL5HSFSE93RMOJDRGR4,108,-0.007005494505494504
bgs_spearman,,,1GU15S0GJ6PFNARO469W,2XL5HSFSE93RMOJDRGR4,109,-0.05004578754578754
bgs_spearman,,,1GU15S0GJ6PFNARO469W,2XL5HSFSE93RMOJDRGR4,110,0.2597069597069597
bgs_spearman,,,1GU15S0GJ6PFNARO469W,2XL5HSFSE93RMOJDRGR4,111,-0.045283882783882776
bgs_spearman,,,1GU15S0GJ6PFNARO469W,2XL5HSFSE93RMOJDRGR4,112,-0.015476190476190475
bgs_spearman,,,1GU15S0GJ6PFNARO469W,2XL5HSFSE93RMOJDRGR4,113,0.17390109890109887
bgs_spearman,,,1GU15S0GJ6PFNARO469W,2XL5HSFSE93RMOJDRGR4,114,-0.13873626373626372
bgs_spearman,,,1GU15S0GJ6PFNARO469W,2XL5HSFSE93RMOJDRGR4,115,0.03855311355311355
bgs_spearman,,,1GU15S0GJ6PFNARO469W,2XL5HSFSE93RMOJDRGR4,116,-0.2468406593406593
bgs_spearman,,,1GU15S0GJ6PFNARO469W,2XL5HSFSE93RMOJDRGR4,117,0.013873626373626373
bgs_spearman,,,1GU15S0GJ6PFNARO469W,2XL5HSFSE93RMOJDRGR4,118,0.02564102564102564
bgs_spearman,,,1GU15S0GJ6PFNARO469W,2XL5HSFSE93RMOJDRGR4,119,-0.23337912087912085
bgs_spearman,,,1GU15S0GJ6PFNARO469W,2XL5HSFSE93RMOJDRGR4,120,-0.07843406593406592
bgs_spearman,,,1GU15S0GJ6PFNARO469W,2XL5HSFSE93RMOJDRGR4,121,-0.025686813186813186
bgs_spearman,,,1GU15S0GJ6PFNARO469W,2XL5HSFSE93RMOJDRGR4,122,-0.06254578754578753
bgs_spearman,,,1GU15S0GJ6PFNARO469W,2XL5HSFSE93RMOJDRGR4,123,0.0456043956043956
bgs_spearman,,,1GU15S0GJ6PFNARO469W,2XL5HSFSE93RMOJDRGR4,124,0.09972527472527472
bgs_spearman,,,1GU15S0GJ6PFNARO469W,2XL5HSFSE93RMOJDRGR4,125,-0.06607142857142856
bgs_spearman,,,1GU15S0GJ6PFNARO469W,2XL5HSFSE93RMOJDRGR4,126,0.15526556776556774
bgs_spearman,,,1GU15S0GJ6PFNARO469W,2XL5HSFSE93RMOJDRGR4,127,0.12019230769230768
bgs_spearman,,,1GU15S0GJ6PFNARO469W,2XL5HSFSE93RMOJDRGR4,128,0.016208791208791207
bgs_spearman,,,1GU15S0GJ6PFNARO469W,2XL5HSFSE93RMOJDRGR4,129,-0.26588827838827833
bgs_spearman,,,1GU15S0GJ6PFNARO469W,2XL5HSFSE93RMOJDRGR4,130,0.2505952380952381
bgs_spearman,,,1GU15S0GJ6PFNARO469W,2XL5HSFSE93RMOJDRGR4,131,-0.18168498168498168
bgs_spearman,,,1GU15S0GJ6PFNARO469W,2XL5HSFSE93RMOJDRGR4,132,0.0063644688644688635
bgs_spearman,,,1GU15S0GJ6PFNARO469W,2XL5HSFSE93RMOJDRGR4,133,0.014835164835164831
bgs_spearman,,,1GU15S0GJ6PFNARO469W,2XL5HSFSE93RMOJDRGR4,134,0.07738095238095237
bgs_spearman,,,1GU15S0GJ6PFNARO469W,2XL5HSFSE93RMOJDRGR4,135,0.03731684981684981
bgs_spearman,,,1GU15S0GJ6PFNARO469W,2XL5HSFSE93RMOJDRGR4,136,-0.1672161172161172
bgs_spearman,,,1GU15S0GJ6PFNARO469W,2XL5HSFSE93RMOJDRGR4,137,-0.11318681318681317
bgs_spearman,,,1GU15S0GJ6PFNARO469W,2XL5HSFSE93RMOJDRGR4,138,0.032097069597069594
bgs_spearman,,,1GU15S0GJ6PFNARO469W,2XL5HSFSE93RMOJDRGR4,139,-0.05815018315018315
bgs_spearman,,,1GU15S0GJ6PFNARO469W,2XL5HSFSE93RMOJDRGR4,140,-0.08136446886446885
bgs_spearman,,,1GU15S0GJ6PFNARO469W,2XL5HSFSE93RMOJDRGR4,141,0.11323260073260073
bgs_spearman,,,1GU15S0GJ6PFNARO469W,2XL5HSFSE93RMOJDRGR4,142,0.2822802197802198
bgs_spearman,,,1GU15S0GJ6PFNARO469W,2XL5HSFSE93RMOJDRGR4,143,-0.042902930402930396
bgs_spearman,,,1GU15S0GJ6PFNARO469W,2XL5HSFSE93RMOJDRGR4,144,0.04134615384615384
bgs_spearman,,,1GU15S0GJ6PFNARO469W,2XL5HSFSE93RMOJDRGR4,145,-0.07774725274725273
bgs_spearman,,,1GU15S0GJ6PFNARO469W,2XL5HSFSE93RMOJDRGR4,146,0.2250457875457875
bgs_spearman,,,1GU15S0GJ6PFNARO469W,2XL5HSFSE93RMOJDRGR4,147,0.17055860805860806
bgs_spearman,,,1GU15S0GJ6PFNARO469W,2XL5HSFSE93RMOJDRGR4,148,-0.029029304029304027
bgs_spearman,,,1GU15S0GJ6PFNARO469W,2XL5HSFSE93RMOJDRGR4,149,0.09583333333333333
bgs_spearman,,,1GU15S0GJ6PFNARO469W,2XL5HSFSE93RMOJDRGR4,150,-0.08392857142857142
bgs_spearman,,,1GU15S0GJ6PFNARO469W,2XL5HSFSE93RMOJDRGR4,151,-0.04143772893772893
bgs_spearman,,,1GU15S0GJ6PFNARO469W,2XL5HSFSE93RMOJDRGR4,152,-0.08195970695970696
bgs_spearman,,,1GU15S0GJ6PFNARO469W,2XL5HSFSE93RMOJDRGR4,153,-0.19999999999999998
bgs_spearman,,,1GU15S0GJ6PFNARO469W,2XL5HSFSE93RMOJDRGR4,154,-0.08076923076923076
bgs_spearman,,,1GU15S0GJ6PFNARO469W,2XL5HSFSE93RMOJDRGR4,155,-0.13557692307692307
bgs_spearman,,,1GU15S0GJ6PFNARO469W,2XL5HSFSE93RMOJDRGR4,156,0.07184065934065934
bgs_spearman,,,1GU15S0GJ6PFNARO469W,2XL5HSFSE93RMOJDRGR4,157,0.06483516483516483
bgs_spearman,,,1GU15S0GJ6PFNARO469W,2XL5HSFSE93RMOJDRGR4,158,-0.029075091575091576
bgs_spearman,,,1GU15S0GJ6PFNARO469W,2XL5HSFSE93RMOJDRGR4,159,-0.02957875457875457
bgs_spearman,,,1GU15S0GJ6PFNARO469W,2XL5HSFSE93RMOJDRGR4,160,0.1456043956043956
bgs_spearman,,,1GU15S0GJ6PFNARO469W,2XL5HSFSE93RMOJDRGR4,161,-0.008928571428571428
bgs_spearman,,,1GU15S0GJ6PFNARO469W,2XL5HSFSE93RMOJDRGR4,162,0.12834249084249083
bgs_spearman,,,1GU15S0GJ6PFNARO469W,2XL5HSFSE93RMOJDRGR4,163,0.163003663003663
bgs_spearman,,,1GU15S0GJ6PFNARO469W,2XL5HSFSE93RMOJDRGR4,164,0.049725274725274715
bgs_spearman,,,1GU15S0GJ6PFNARO469W,2XL5HSFSE93RMOJDRGR4,165,0.06195054945054944
bgs_spearman,,,1GU15S0GJ6PFNARO469W,2XL5HSFSE93RMOJDRGR4,166,-0.11465201465201463
bgs_spearman,,,1GU15S0GJ6PFNARO469W,2XL5HSFSE93RMOJDRGR4,167,-0.02564102564102564
bgs_spearman,,,1GU15S0GJ6PFNARO469W,2XL5HSFSE93RMOJDRGR4,168,0.03864468864468864
bgs_spearman,,,1GU15S0GJ6PFNARO469W,2XL5HSFSE93RMOJDRGR4,169,0.10865384615384614
bgs_spearman,,,1GU15S0GJ6PFNARO469W,2XL5HSFSE93RMOJDRGR4,170,0.0663003663003663
bgs_spearman,,,1GU15S0GJ6PFNARO469W,2XL5HSFSE93RMOJDRGR4,171,-0.13447802197802194
bgs_spearman,,,1GU15S0GJ6PFNARO469W,2XL5HSFSE93RMOJDRGR4,172,0.008012820512820512
bgs_spearman,,,1GU15S0GJ6PFNARO469W,2XL5HSFSE93RMOJDRGR4,173,-0.00554029304029304
bgs_spearman,,,1GU15S0GJ6PFNARO469W,2XL5HSFSE93RMOJDRGR4,174,0.3702838827838828
bgs_spearman,,,1GU15S0GJ6PFNARO469W,2XL5HSFSE93RMOJDRGR4,175,0.06391941391941391
bgs_spearman,,,1GU15S0GJ6PFNARO469W,2XL5HSFSE93RMOJDRGR4,176,0.01923076923076923
bgs_spearman,,,1GU15S0GJ6PFNARO469W,2XL5HSFSE93RMOJDRGR4,177,0.22710622710622708
bgs_spearman,,,1GU15S0GJ6PFNARO469W,2XL5HSFSE93RMOJDRGR4,178,-0.27962454212454213
bgs_spearman,,,1GU15S0GJ6PFNARO469W,2XL5HSFSE93RMOJDRGR4,179,-0.0007783882783882782
bgs_spearman,,,1GU15S0GJ6PFNARO469W,2XL5HSFSE93RMOJDRGR4,180,0.11868131868131865
bgs_spearman,,,1GU15S0GJ6PFNARO469W,2XL5HSFSE93RMOJDRGR4,181,-0.16446886446886444
bgs_spearman,,,1GU15S0GJ6PFNARO469W,2XL5HSFSE93RMOJDRGR4,182,0.0025641025641025637
bgs_spearman,,,1GU15S0GJ6PFNARO469W,2XL5HSFSE93RMOJDRGR4,183,-0.03873626373626373
bgs_spearman,,,1GU15S0GJ6PFNARO469W,2XL5HSFSE93RMOJDRGR4,184,-0.017445054945054946
bgs_spearman,,,1GU15S0GJ6PFNARO469W,2XL5HSFSE93RMOJDRGR4,185,0.001694139194139194
bgs_spearman,,,1GU15S0GJ6PFNARO469W,2XL5HSFSE93RMOJDRGR4,186,-0.001923076923076923
bgs_spearman,,,1GU15S0GJ6PFNARO469W,2XL5HSFSE93RMOJDRGR4,187,-0.07353479853479852
bgs_spearman,,,1GU15S0GJ6PFNARO469W,2XL5HSFSE93RMOJDRGR4,188,0.12939560439560438
bgs_spearman,,,1GU15S0GJ6PFNARO469W,2XL5HSFSE93RMOJDRGR4,189,-0.16469780219780217
bgs_spearman,,,1GU15S0GJ6PFNARO469W,2XL5HSFSE93RMOJDRGR4,190,0.049175824175824175
bgs_spearman,,,1GU15S0GJ6PFNARO469W,2XL5HSFSE93RMOJDRGR4,191,0.005128205128205127
bgs_spearman,,,1GU15S0GJ6PFNARO469W,2XL5HSFSE93RMOJDRGR4,192,0.0802197802197802
bgs_spearman,,,1GU15S0GJ6PFNARO469W,2XL5HSFSE93RMOJDRGR4,193,-0.03205128205128205
bgs_spearman,,,1GU15S0GJ6PFNARO469W,2XL5HSFSE93RMOJDRGR4,194,0.11364468864468863
bgs_spearman,,,1GU15S0GJ6PFNARO469W,2XL5HSFSE93RMOJDRGR4,195,0.21607142857142853
bgs_spearman,,,1GU15S0GJ6PFNARO469W,2XL5HSFSE93RMOJDRGR4,196,0.13612637362637361
bgs_spearman,,,1GU15S0GJ6PFNARO469W,2XL5HSFSE93RMOJDRGR4,197,0.18008241758241755
bgs_spearman,,,1GU15S0GJ6PFNARO469W,2XL5HSFSE93RMOJDRGR4,198,0.014652014652014652
bgs_spearman,,,1GU15S0GJ6PFNARO469W,2XL5HSFSE93RMOJDRGR4,199,-0.05293040293040293
bgs_spearman,,,1GU15S0GJ6PFNARO469W,38CWS74285MFGZZXR09Z,0,0.11478937728937727
bgs_spearman,,,1GU15S0GJ6PFNARO469W,38CWS74285MFGZZXR09Z,1,-0.031181318681318678
bgs_spearman,,,1GU15S0GJ6PFNARO469W,38CWS74285MFGZZXR09Z,2,-0.013919413919413919
bgs_spearman,,,1GU15S0GJ6PFNARO469W,38CWS74285MFGZZXR09Z,3,-0.27811355311355307
bgs_spearman,,,1GU15S0GJ6PFNARO469W,38CWS74285MFGZZXR09Z,4,-0.05325091575091574
bgs_spearman,,,1GU15S0GJ6PFNARO469W,38CWS74285MFGZZXR09Z,5,0.07536630036630036
bgs_spearman,,,1GU15S0GJ6PFNARO469W,38CWS74285MFGZZXR09Z,6,0.08640109890109889
bgs_spearman,,,1GU15S0GJ6PFNARO469W,38CWS74285MFGZZXR09Z,7,-0.19684065934065934
bgs_spearman,,,1GU15S0GJ6PFNARO469W,38CWS74285MFGZZXR09Z,8,0.23956043956043951
bgs_spearman,,,1GU15S0GJ6PFNARO469W,38CWS74285MFGZZXR09Z,9,0.07696886446886446
bgs_spearman,,,1GU15S0GJ6PFNARO469W,38CWS74285MFGZZXR09Z,10,0.10627289377289377
bgs_spearman,,,1GU15S0GJ6PFNARO469W,38CWS74285MFGZZXR09Z,11,-0.07884615384615384
bgs_spearman,,,1GU15S0GJ6PFNARO469W,38CWS74285MFGZZXR09Z,12,0.004578754578754578
bgs_spearman,,,1GU15S0GJ6PFNARO469W,38CWS74285MFGZZXR09Z,13,0.03502747252747252
bgs_spearman,,,1GU15S0GJ6PFNARO469W,38CWS74285MFGZZXR09Z,14,-0.008104395604395603
bgs_spearman,,,1GU15S0GJ6PFNARO469W,38CWS74285MFGZZXR09Z,15,-0.09972527472527472
bgs_spearman,,,1GU15S0GJ6PFNARO469W,38CWS74285MFGZZXR09Z,16,-0.2092948717948718
bgs_spearman,,,1GU15S0GJ6PFNARO469W,38CWS74285MFGZZXR09Z,17,-0.06497252747252746
bgs_spearman,,,1GU15S0GJ6PFNARO469W,38CWS74285MFGZZXR09Z,18,0.01616300366300366
bgs_spearman,,,1GU15S0GJ6PFNARO469W,38CWS74285MFGZZXR09Z,19,-0.24212454212454212
bgs_spearman,,,1GU15S0GJ6PFNARO469W,38CWS74285MFGZZXR09Z,20,0.16135531135531136
bgs_spearman,,,1GU15S0GJ6PFNARO469W,38CWS74285MFGZZXR09Z,21,-0.030998168498168492
bgs_spearman,,,1GU15S0GJ6PFNARO469W,38CWS74285MFGZZXR09Z,22,-0.11762820512820511
bgs_spearman,,,1GU15S0GJ6PFNARO469W,38CWS74285MFGZZXR09Z,23,0.023214285714285715
bgs_spearman,,,1GU15S0GJ6PFNARO469W,38CWS74285MFGZZXR09Z,24,0.028846153846153844
bgs_spearman,,,1GU15S0GJ6PFNARO469W,38CWS74285MFGZZXR09Z,25,-0.125503663003663
bgs_spearman,,,1GU15S0GJ6PFNARO469W,38CWS74285MFGZZXR09Z,26,-0.04656593406593406
bgs_spearman,,,1GU15S0GJ6PFNARO469W,38CWS74285MFGZZXR09Z,27,0.19226190476190474
bgs_spearman,,,1GU15S0GJ6PFNARO469W,38CWS74285MFGZZXR09Z,28,-0.025824175824175823
bgs_spearman,,,1GU15S0GJ6PFNARO469W,38CWS74285MFGZZXR09Z,29,0.0288003663003663
bgs_spearman,,,1GU15S0GJ6PFNARO469W,38CWS74285MFGZZXR09Z,30,0.20494505494505488
bgs_spearman,,,1GU15S0GJ6PFNARO469W,38CWS74285MFGZZXR09Z,31,-0.046932234432234425
bgs_spearman,,,1GU15S0GJ6PFNARO469W,38CWS74285MFGZZXR09Z,32,0.11694139194139194
bgs_spearman,,,1GU15S0GJ6PFNARO469W,38CWS74285MFGZZXR09Z,33,0.03713369963369963
bgs_spearman,,,1GU15S0GJ6PFNARO469W,38CWS74285MFGZZXR09Z,34,-0.04162087912087911
bgs_spearman,,,1GU15S0GJ6PFNARO469W,38CWS74285MFGZZXR09Z,35,0.026739926739926735
bgs_spearman,,,1GU15S0GJ6PFNARO469W,38CWS74285MFGZZXR09Z,36,0.021749084249084248
bgs_spearman,,,1GU15S0GJ6PFNARO469W,38CWS74285MFGZZXR09Z,37,-0.08617216117216116
bgs_spearman,,,1GU15S0GJ6PFNARO469W,38CWS74285MFGZZXR09Z,38,-0.1403388278388278
bgs_spearman,,,1GU15S0GJ6PFNARO469W,38CWS74285MFGZZXR09Z,39,0.2562271062271062
bgs_spearman,,,1GU15S0GJ6PFNARO469W,38CWS74285MFGZZXR09Z,40,0.027106227106227104
bgs_spearman,,,1GU15S0GJ6PFNARO469W,38CWS74285MFGZZXR09Z,41,0.26309523809523805
bgs_spearman,,,1GU15S0GJ6PFNARO469W,38CWS74285MFGZZXR09Z,42,-0.13960622710622708
bgs_spearman,,,1GU15S0GJ6PFNARO469W,38CWS74285MFGZZXR09Z,43,0.13003663003663002
bgs_spearman,,,1GU15S0GJ6PFNARO469W,38CWS74285MFGZZXR09Z,44,0.3867216117216116
bgs_spearman,,,1GU15S0GJ6PFNARO469W,38CWS74285MFGZZXR09Z,45,0.052289377289377284
bgs_spearman,,,1GU15S0GJ6PFNARO469W,38CWS74285MFGZZXR09Z,46,0.2009615384615384
bgs_spearman,,,1GU15S0GJ6PFNARO469W,38CWS74285MFGZZXR09Z,47,0.10311355311355311
bgs_spearman,,,1GU15S0GJ6PFNARO469W,38CWS74285MFGZZXR09Z,48,0.16327838827838828
bgs_spearman,,,1GU15S0GJ6PFNARO469W,38CWS74285MFGZZXR09Z,49,-0.23360805860805856
bgs_spearman,,,1GU15S0GJ6PFNARO469W,38CWS74285MFGZZXR09Z,50,-0.08434065934065933
bgs_spearman,,,1GU15S0GJ6PFNARO469W,38CWS74285MFGZZXR09Z,51,0.14890109890109887
bgs_spearman,,,1GU15S0GJ6PFNARO469W,38CWS74285MFGZZXR09Z,52,0.17577838827838826
bgs_spearman,,,1GU15S0GJ6PFNARO469W,38CWS74285MFGZZXR09Z,53,-0.100503663003663
bgs_spearman,,,1GU15S0GJ6PFNARO469W,38CWS74285MFGZZXR09Z,54,0.07797619047619048
bgs_spearman,,,1GU15S0GJ6PFNARO469W,38CWS74285MFGZZXR09Z,55,-0.020879120879120874
bgs_spearman,,,1GU15S0GJ6PFNARO469W,38CWS74285MFGZZXR09Z,56,-0.08543956043956043
bgs_spearman,,,1GU15S0GJ6PFNARO469W,38CWS74285MFGZZXR09Z,57,0.03397435897435897
bgs_spearman,,,1GU15S0GJ6PFNARO469W,38CWS74285MFGZZXR09Z,58,-0.12445054945054944
bgs_spearman,,,1GU15S0GJ6PFNARO469W,38CWS74285MFGZZXR09Z,59,0.08337912087912086
bgs_spearman,,,1GU15S0GJ6PFNARO469W,38CWS74285MFGZZXR09Z,60,-0.06877289377289376
bgs_spearman,,,1GU15S0GJ6PFNARO469W,38CWS74285MFGZZXR09Z,61,0.1581043956043956
bgs_spearman,,,1GU15S0GJ6PFNARO469W,38CWS74285MFGZZXR09Z,62,0.04789377289377288
bgs_spearman,,,1GU15S0GJ6PFNARO469W,38CWS74285MFGZZXR09Z,63,0.19079670329670328
bgs_spearman,,,1GU15S0GJ6PFNARO469W,38CWS74285MFGZZXR09Z,64,0.06836080586080585
bgs_spearman,,,1GU15S0GJ6PFNARO469W,38CWS74285MFGZZXR09Z,65,0.2335164835164835
bgs_spearman,,,1GU15S0GJ6PFNARO469W,38CWS74285MFGZZXR09Z,66,-0.10228937728937726
bgs_spearman,,,1GU15S0GJ6PFNARO469W,38CWS74285MFGZZXR09Z,67,-0.04345238095238095
bgs_spearman,,,1GU15S0GJ6PFNARO469W,38CWS74285MFGZZXR09Z,68,0.06996336996336996
bgs_spearman,,,1GU15S0GJ6PFNARO469W,38CWS74285MFGZZXR09Z,69,0.11222527472527473
bgs_spearman,,,1GU15S0GJ6PFNARO469W,38CWS74285MFGZZXR09Z,70,0.0304029304029304
bgs_spearman,,,1GU15S0GJ6PFNARO469W,38CWS74285MFGZZXR09Z,71,0.17087912087912085
bgs_spearman,,,1GU15S0GJ6PFNARO469W,38CWS74285MFGZZXR09Z,72,-0.09551282051282049
bgs_spearman,,,1GU15S0GJ6PFNARO469W,38CWS74285MFGZZXR09Z,73,0.08017399267399267
bgs_spearman,,,1GU15S0GJ6PFNARO469W,38CWS74285MFGZZXR09Z,74,0.11858974358974358
bgs_spearman,,,1GU15S0GJ6PFNARO469W,38CWS74285MFGZZXR09Z,75,0.28447802197802197
bgs_spearman,,,1GU15S0GJ6PFNARO469W,38CWS74285MFGZZXR09Z,76,0.05828754578754579
bgs_spearman,,,1GU15S0GJ6PFNARO469W,38CWS74285MFGZZXR09Z,77,0.1487179487179487
bgs_spearman,,,1GU15S0GJ6PFNARO469W,38CWS74285MFGZZXR09Z,78,0.049679487179487176
bgs_spearman,,,1GU15S0GJ6PFNARO469W,38CWS74285MFGZZXR09Z,79,0.154029304029304
bgs_spearman,,,1GU15S0GJ6PFNARO469W,38CWS74285MFGZZXR09Z,80,-0.1293040293040293
bgs_spearman,,,1GU15S0GJ6PFNARO469W,38CWS74285MFGZZXR09Z,81,-0.1421245421245421
bgs_spearman,,,1GU15S0GJ6PFNARO469W,38CWS74285MFGZZXR09Z,82,-0.08859890109890108
bgs_spearman,,,1GU15S0GJ6PFNARO469W,38CWS74285MFGZZXR09Z,83,0.11533882783882782
bgs_spearman,,,1GU15S0GJ6PFNARO469W,38CWS74285MFGZZXR09Z,84,0.021611721611721608
bgs_spearman,,,1GU15S0GJ6PFNARO469W,38CWS74285MFGZZXR09Z,85,0.10380036630036628
bgs_spearman,,,1GU15S0GJ6PFNARO469W,38CWS74285MFGZZXR09Z,86,0.02509157509157509
bgs_spearman,,,1GU15S0GJ6PFNARO469W,38CWS74285MFGZZXR09Z,87,0.09496336996336995
bgs_spearman,,,1GU15S0GJ6PFNARO469W,38CWS74285MFGZZXR09Z,88,0.12454212454212453
bgs_spearman,,,1GU15S0GJ6PFNARO469W,38CWS74285MFGZZXR09Z,89,0.13864468864468865
bgs_spearman,,,1GU15S0GJ6PFNARO469W,38CWS74285MFGZZXR09Z,90,0.03754578754578754
bgs_spearman,,,1GU15S0GJ6PFNARO469W,38CWS74285MFGZZXR09Z,91,-0.11249999999999999
bgs_spearman,,,1GU15S0GJ6PFNARO469W,38CWS74285MFGZZXR09Z,92,-0.1653388278388278
bgs_spearman,,,1GU15S0GJ6PFNARO469W,38CWS74285MFGZZXR09Z,93,-0.2439102564102564
bgs_spearman,,,1GU15S0GJ6PFNARO469W,38CWS74285MFGZZXR09Z,94,0.002518315018315018
bgs_spearman,,,1GU15S0GJ6PFNARO469W,38CWS74285MFGZZXR09Z,95,0.12014652014652012
bgs_spearman,,,1GU15S0GJ6PFNARO469W,38CWS74285MFGZZXR09Z,96,0.21217948717948718
bgs_spearman,,,1GU15S0GJ6PFNARO469W,38CWS74285MFGZZXR09Z,97,0.0017857142857142859
bgs_spearman,,,1GU15S0GJ6PFNARO469W,38CWS74285MFGZZXR09Z,98,0.1146062271062271
bgs_spearman,,,1GU15S0GJ6PFNARO469W,38CWS74285MFGZZXR09Z,99,-0.08347069597069597
bgs_spearman,,,1GU15S0GJ6PFNARO469W,38CWS74285MFGZZXR09Z,100,-0.07628205128205127
bgs_spearman,,,1GU15S0GJ6PFNARO469W,38CWS74285MFGZZXR09Z,101,0.012042124542124541
bgs_spearman,,,1GU15S0GJ6PFNARO469W,38CWS74285MFGZZXR09Z,102,-0.14734432234432232
bgs_spearman,,,1GU15S0GJ6PFNARO469W,38CWS74285MFGZZXR09Z,103,-0.21295787545787545
bgs_spearman,,,1GU15S0GJ6PFNARO469W,38CWS74285MFGZZXR09Z,104,-0.1604395604395604
bgs_spearman,,,1GU15S0GJ6PFNARO469W,38CWS74285MFGZZXR09Z,105,-0.09358974358974358
bgs_spearman,,,1GU15S0GJ6PFNARO469W,38CWS74285MFGZZXR09Z,106,0.02225274725274725
bgs_spearman,,,1GU15S0GJ6PFNARO469W,38CWS74285MFGZZXR09Z,107,0.03461538461538461
bgs_spearman,,,1GU15S0GJ6PFNARO469W,38CWS74285MFGZZXR09Z,108,0.13333333333333333
bgs_spearman,,,1GU15S0GJ6PFNARO469W,38CWS74285MFGZZXR09Z,109,-0.10485347985347984
bgs_spearman,,,1GU15S0GJ6PFNARO469W,38CWS74285MFGZZXR09Z,110,0.10338827838827838
bgs_spearman,,,1GU15S0GJ6PFNARO469W,38CWS74285MFGZZXR09Z,111,0.08479853479853479
bgs_spearman,,,1GU15S0GJ6PFNARO469W,38CWS74285MFGZZXR09Z,112,-0.03319597069597069
bgs_spearman,,,1GU15S0GJ6PFNARO469W,38CWS74285MFGZZXR09Z,113,-0.1403388278388278
bgs_spearman,,,1GU15S0GJ6PFNARO469W,38CWS74285MFGZZXR09Z,114,-0.02129120879120879
bgs_spearman,,,1GU15S0GJ6PFNARO469W,38CWS74285MFGZZXR09Z,115,0.0010531135531135528
bgs_spearman,,,1GU15S0GJ6PFNARO469W,38CWS74285MFGZZXR09Z,116,-0.020238095238095236
bgs_spearman,,,1GU15S0GJ6PFNARO469W,38CWS74285MFGZZXR09Z,117,-0.09207875457875456
bgs_spearman,,,1GU15S0GJ6PFNARO469W,38CWS74285MFGZZXR09Z,118,0.027655677655677655
bgs_spearman,,,1GU15S0GJ6PFNARO469W,38CWS74285MFGZZXR09Z,119,-0.16758241758241757
bgs_spearman,,,1GU15S0GJ6PFNARO469W,38CWS74285MFGZZXR09Z,120,0.012957875457875457
bgs_spearman,,,1GU15S0GJ6PFNARO469W,38CWS74285MFGZZXR09Z,121,0.04189560439560439
bgs_spearman,,,1GU15S0GJ6PFNARO469W,38CWS74285MFGZZXR09Z,122,0.0456043956043956
bgs_spearman,,,1GU15S0GJ6PFNARO469W,38CWS74285MFGZZXR09Z,123,0.08795787545787545
bgs_spearman,,,1GU15S0GJ6PFNARO469W,38CWS74285MFGZZXR09Z,124,-0.15288461538461537
bgs_spearman,,,1GU15S0GJ6PFNARO469W,38CWS74285MFGZZXR09Z,125,-0.004853479853479853
bgs_spearman,,,1GU15S0GJ6PFNARO469W,38CWS74285MFGZZXR09Z,126,-0.07967032967032966
bgs_spearman,,,1GU15S0GJ6PFNARO469W,38CWS74285MFGZZXR09Z,127,-0.004212454212454211
bgs_spearman,,,1GU15S0GJ6PFNARO469W,38CWS74285MFGZZXR09Z,128,0.09606227106227104
bgs_spearman,,,1GU15S0GJ6PFNARO469W,38CWS74285MFGZZXR09Z,129,-0.00434981684981685
bgs_spearman,,,1GU15S0GJ6PFNARO469W,38CWS74285MFGZZXR09Z,130,0.11923076923076922
bgs_spearman,,,1GU15S0GJ6PFNARO469W,38CWS74285MFGZZXR09Z,131,0.02417582417582417
bgs_spearman,,,1GU15S0GJ6PFNARO469W,38CWS74285MFGZZXR09Z,132,-0.0024725274725274724
bgs_spearman,,,1GU15S0GJ6PFNARO469W,38CWS74285MFGZZXR09Z,133,-0.15425824175824174
bgs_spearman,,,1GU15S0GJ6PFNARO469W,38CWS74285MFGZZXR09Z,134,-0.11533882783882782
bgs_spearman,,,1GU15S0GJ6PFNARO469W,38CWS74285MFGZZXR09Z,135,0.12339743589743589
bgs_spearman,,,1GU15S0GJ6PFNARO469W,38CWS74285MFGZZXR09Z,136,-0.03777472527472527
bgs_spearman,,,1GU15S0GJ6PFNARO469W,38CWS74285MFGZZXR09Z,137,-0.0007783882783882782
bgs_spearman,,,1GU15S0GJ6PFNARO469W,38CWS74285MFGZZXR09Z,138,-0.031868131868131866
bgs_spearman,,,1GU15S0GJ6PFNARO469W,38CWS74285MFGZZXR09Z,139,0.05357142857142856
bgs_spearman,,,1GU15S0GJ6PFNARO469W,38CWS74285MFGZZXR09Z,140,0.16904761904761903
bgs_spearman,,,1GU15S0GJ6PFNARO469W,38CWS74285MFGZZXR09Z,141,-0.02477106227106227
bgs_spearman,,,1GU15S0GJ6PFNARO469W,38CWS74285MFGZZXR09Z,142,-0.11034798534798534
bgs_spearman,,,1GU15S0GJ6PFNARO469W,38CWS74285MFGZZXR09Z,143,-0.17724358974358972
bgs_spearman,,,1GU15S0GJ6PFNARO469W,38CWS74285MFGZZXR09Z,144,0.020695970695970692
bgs_spearman,,,1GU15S0GJ6PFNARO469W,38CWS74285MFGZZXR09Z,145,0.076007326007326
bgs_spearman,,,1GU15S0GJ6PFNARO469W,38CWS74285MFGZZXR09Z,146,0.10618131868131868
bgs_spearman,,,1GU15S0GJ6PFNARO469W,38CWS74285MFGZZXR09Z,147,-0.1408882783882784
bgs_spearman,,,1GU15S0GJ6PFNARO469W,38CWS74285MFGZZXR09Z,148,0.005357142857142856
bgs_spearman,,,1GU15S0GJ6PFNARO469W,38CWS74285MFGZZXR09Z,149,-0.0869047619047619
bgs_spearman,,,1GU15S0GJ6PFNARO469W,38CWS74285MFGZZXR09Z,150,0.043635531135531126
bgs_spearman,,,1GU15S0GJ6PFNARO469W,38CWS74285MFGZZXR09Z,151,0.12971611721611723
bgs_spearman,,,1GU15S0GJ6PFNARO469W,38CWS74285MFGZZXR09Z,152,-0.03063186813186813
bgs_spearman,,,1GU15S0GJ6PFNARO469W,38CWS74285MFGZZXR09Z,153,-0.018269230769230767
bgs_spearman,,,1GU15S0GJ6PFNARO469W,38CWS74285MFGZZXR09Z,154,0.35531135531135527
bgs_spearman,,,1GU15S0GJ6PFNARO469W,38CWS74285MFGZZXR09Z,155,0.03379120879120879
bgs_spearman,,,1GU15S0GJ6PFNARO469W,38CWS74285MFGZZXR09Z,156,-0.11474358974358974
bgs_spearman,,,1GU15S0GJ6PFNARO469W,38CWS74285MFGZZXR09Z,157,-0.2512820512820512
bgs_spearman,,,1GU15S0GJ6PFNARO469W,38CWS74285MFGZZXR09Z,158,-0.1581043956043956
bgs_spearman,,,1GU15S0GJ6PFNARO469W,38CWS74285MFGZZXR09Z,159,-0.021886446886446885
bgs_spearman,,,1GU15S0GJ6PFNARO469W,38CWS74285MFGZZXR09Z,160,-0.03974358974358974
bgs_spearman,,,1GU15S0GJ6PFNARO469W,38CWS74285MFGZZXR09Z,161,0.11007326007326006
bgs_spearman,,,1GU15S0GJ6PFNARO469W,38CWS74285MFGZZXR09Z,162,0.011675824175824174
bgs_spearman,,,1GU15S0GJ6PFNARO469W,38CWS74285MFGZZXR09Z,163,0.11236263736263735
bgs_spearman,,,1GU15S0GJ6PFNARO469W,38CWS74285MFGZZXR09Z,164,0.17161172161172158
bgs_spearman,,,1GU15S0GJ6PFNARO469W,38CWS74285MFGZZXR09Z,165,0.05123626373626372
bgs_spearman,,,1GU15S0GJ6PFNARO469W,38CWS74285MFGZZXR09Z,166,-0.011034798534798532
bgs_spearman,,,1GU15S0GJ6PFNARO469W,38CWS74285MFGZZXR09Z,167,0.028296703296703293
bgs_spearman,,,1GU15S0GJ6PFNARO469W,38CWS74285MFGZZXR09Z,168,0.16423992673992674
bgs_spearman,,,1GU15S0GJ6PFNARO469W,38CWS74285MFGZZXR09Z,169,-0.014239926739926738
bgs_spearman,,,1GU15S0GJ6PFNARO469W,38CWS74285MFGZZXR09Z,170,0.024908424908424903
bgs_spearman,,,1GU15S0GJ6PFNARO469W,38CWS74285MFGZZXR09Z,171,-0.06373626373626373
bgs_spearman,,,1GU15S0GJ6PFNARO469W,38CWS74285MFGZZXR09Z,172,-0.08383699633699633
bgs_spearman,,,1GU15S0GJ6PFNARO469W,38CWS74285MFGZZXR09Z,173,-0.07582417582417582
bgs_spearman,,,1GU15S0GJ6PFNARO469W,38CWS74285MFGZZXR09Z,174,0.14487179487179486
bgs_spearman,,,1GU15S0GJ6PFNARO469W,38CWS74285MFGZZXR09Z,175,0.06126373626373626
bgs_spearman,,,1GU15S0GJ6PFNARO469W,38CWS74285MFGZZXR09Z,176,-0.01749084249084249
bgs_spearman,,,1GU15S0GJ6PFNARO469W,38CWS74285MFGZZXR09Z,177,-0.1211080586080586
bgs_spearman,,,1GU15S0GJ6PFNARO469W,38CWS74285MFGZZXR09Z,178,-0.21249999999999997
bgs_spearman,,,1GU15S0GJ6PFNARO469W,38CWS74285MFGZZXR09Z,179,-0.12225274725274723
bgs_spearman,,,1GU15S0GJ6PFNARO469W,38CWS74285MFGZZXR09Z,180,-0.2450091575091575
bgs_spearman,,,1GU15S0GJ6PFNARO469W,38CWS74285MFGZZXR09Z,181,-0.02573260073260073
bgs_spearman,,,1GU15S0GJ6PFNARO469W,38CWS74285MFGZZXR09Z,182,0.26753663003663003
bgs_spearman,,,1GU15S0GJ6PFNARO469W,38CWS74285MFGZZXR09Z,183,-0.10279304029304027
bgs_spearman,,,1GU15S0GJ6PFNARO469W,38CWS74285MFGZZXR09Z,184,-0.0937271062271062
bgs_spearman,,,1GU15S0GJ6PFNARO469W,38CWS74285MFGZZXR09Z,185,-0.07898351648351648
bgs_spearman,,,1GU15S0GJ6PFNARO469W,38CWS74285MFGZZXR09Z,186,0.21277472527472524
bgs_spearman,,,1GU15S0GJ6PFNARO469W,38CWS74285MFGZZXR09Z,187,-0.032600732600732596
bgs_spearman,,,1GU15S0GJ6PFNARO469W,38CWS74285MFGZZXR09Z,188,0.025320512820512814
bgs_spearman,,,1GU15S0GJ6PFNARO469W,38CWS74285MFGZZXR09Z,189,-0.39473443223443216
bgs_spearman,,,1GU15S0GJ6PFNARO469W,38CWS74285MFGZZXR09Z,190,0.06391941391941391
bgs_spearman,,,1GU15S0GJ6PFNARO469W,38CWS74285MFGZZXR09Z,191,-0.08717948717948718
bgs_spearman,,,1GU15S0GJ6PFNARO469W,38CWS74285MFGZZXR09Z,192,0.10952380952380951
bgs_spearman,,,1GU15S0GJ6PFNARO469W,38CWS74285MFGZZXR09Z,193,0.004716117216117216
bgs_spearman,,,1GU15S0GJ6PFNARO469W,38CWS74285MFGZZXR09Z,194,0.06923076923076922
bgs_spearman,,,1GU15S0GJ6PFNARO469W,38CWS74285MFGZZXR09Z,195,0.06881868131868131
bgs_spearman,,,1GU15S0GJ6PFNARO469W,38CWS74285MFGZZXR09Z,196,0.01854395604395604
bgs_spearman,,,1GU15S0GJ6PFNARO469W,38CWS74285MFGZZXR09Z,197,0.05723443223443223
bgs_spearman,,,1GU15S0GJ6PFNARO469W,38CWS74285MFGZZXR09Z,198,0.017307692307692305
bgs_spearman,,,1GU15S0GJ6PFNARO469W,38CWS74285MFGZZXR09Z,199,-0.016254578754578752
bgs_spearman,,,1MHBF3G6DCPWHSKG7XCP,23X6SY44VT9KFHR7S7OC,0,0.03933150183150183
bgs_spearman,,,1MHBF3G6DCPWHSKG7XCP,23X6SY44VT9KFHR7S7OC,1,-0.01776556776556776
bgs_spearman,,,1MHBF3G6DCPWHSKG7XCP,23X6SY44VT9KFHR7S7OC,2,-0.20618131868131864
bgs_spearman,,,1MHBF3G6DCPWHSKG7XCP,23X6SY44VT9KFHR7S7OC,3,0.02417582417582417
bgs_spearman,,,1MHBF3G6DCPWHSKG7XCP,23X6SY44VT9KFHR7S7OC,4,-0.002335164835164835
bgs_spearman,,,1MHBF3G6DCPWHSKG7XCP,23X6SY44VT9KFHR7S7OC,5,-0.2704212454212454
bgs_spearman,,,1MHBF3G6DCPWHSKG7XCP,23X6SY44VT9KFHR7S7OC,6,-0.022023809523809522
bgs_spearman,,,1MHBF3G6DCPWHSKG7XCP,23X6SY44VT9KFHR7S7OC,7,-0.061996336996336984
bgs_spearman,,,1MHBF3G6DCPWHSKG7XCP,23X6SY44VT9KFHR7S7OC,8,0.25769230769230766
bgs_spearman,,,1MHBF3G6DCPWHSKG7XCP,23X6SY44VT9KFHR7S7OC,9,-0.10155677655677654
bgs_spearman,,,1MHBF3G6DCPWHSKG7XCP,23X6SY44VT9KFHR7S7OC,10,0.023031135531135526
bgs_spearman,,,1MHBF3G6DCPWHSKG7XCP,23X6SY44VT9KFHR7S7OC,11,-0.17445054945054944
bgs_spearman,,,1MHBF3G6DCPWHSKG7XCP,23X6SY44VT9KFHR7S7OC,12,0.0824175824175824
bgs_spearman,,,1MHBF3G6DCPWHSKG7XCP,23X6SY44VT9KFHR7S7OC,13,0.16089743589743588
bgs_spearman,,,1MHBF3G6DCPWHSKG7XCP,23X6SY44VT9KFHR7S7OC,14,0.1152930402930403
bgs_spearman,,,1MHBF3G6DCPWHSKG7XCP,23X6SY44VT9KFHR7S7OC,15,-0.17994505494505492
bgs_spearman,,,1MHBF3G6DCPWHSKG7XCP,23X6SY44VT9KFHR7S7OC,16,-0.1129120879120879
bgs_spearman,,,1MHBF3G6DCPWHSKG7XCP,23X6SY44VT9KFHR7S7OC,17,-0.08296703296703296
bgs_spearman,,,1MHBF3G6DCPWHSKG7XCP,23X6SY44VT9KFHR7S7OC,18,-0.1334249084249084
bgs_spearman,,,1MHBF3G6DCPWHSKG7XCP,23X6SY44VT9KFHR7S7OC,19,-0.08017399267399267
bgs_spearman,,,1MHBF3G6DCPWHSKG7XCP,23X6SY44VT9KFHR7S7OC,20,-0.11025641025641025
bgs_spearman,,,1MHBF3G6DCPWHSKG7XCP,23X6SY44VT9KFHR7S7OC,21,-0.152518315018315
bgs_spearman,,,1MHBF3G6DCPWHSKG7XCP,23X6SY44VT9KFHR7S7OC,22,0.12046703296703296
bgs_spearman,,,1MHBF3G6DCPWHSKG7XCP,23X6SY44VT9KFHR7S7OC,23,-0.2748168498168498
bgs_spearman,,,1MHBF3G6DCPWHSKG7XCP,23X6SY44VT9KFHR7S7OC,24,-0.06547619047619047
bgs_spearman,,,1MHBF3G6DCPWHSKG7XCP,23X6SY44VT9KFHR7S7OC,25,0.21607142857142853
bgs_spearman,,,1MHBF3G6DCPWHSKG7XCP,23X6SY44VT9KFHR7S7OC,26,0.0815018315018315
bgs_spearman,,,1MHBF3G6DCPWHSKG7XCP,23X6SY44VT9KFHR7S7OC,27,-0.20608974358974358
bgs_spearman,,,1MHBF3G6DCPWHSKG7XCP,23X6SY44VT9KFHR7S7OC,28,-0.343543956043956
bgs_spearman,,,1MHBF3G6DCPWHSKG7XCP,23X6SY44VT9KFHR7S7OC,29,0.08475274725274724
bgs_spearman,,,1MHBF3G6DCPWHSKG7XCP,23X6SY44VT9KFHR7S7OC,30,-0.08026556776556774
bgs_spearman,,,1MHBF3G6DCPWHSKG7XCP,23X6SY44VT9KFHR7S7OC,31,-0.03534798534798534
bgs_spearman,,,1MHBF3G6DCPWHSKG7XCP,23X6SY44VT9KFHR7S7OC,32,0.04784798534798534
bgs_spearman,,,1MHBF3G6DCPWHSKG7XCP,23X6SY44VT9KFHR7S7OC,33,-0.05769230769230769
bgs_spearman,,,1MHBF3G6DCPWHSKG7XCP,23X6SY44VT9KFHR7S7OC,34,-0.1653388278388278
bgs_spearman,,,1MHBF3G6DCPWHSKG7XCP,23X6SY44VT9KFHR7S7OC,35,-0.09065934065934066
bgs_spearman,,,1MHBF3G6DCPWHSKG7XCP,23X6SY44VT9KFHR7S7OC,36,-0.0992216117216117
bgs_spearman,,,1MHBF3G6DCPWHSKG7XCP,23X6SY44VT9KFHR7S7OC,37,0.15737179487179484
bgs_spearman,,,1MHBF3G6DCPWHSKG7XCP,23X6SY44VT9KFHR7S7OC,38,-0.2312271062271062
bgs_spearman,,,1MHBF3G6DCPWHSKG7XCP,23X6SY44VT9KFHR7S7OC,39,0.036630036630036625
bgs_spearman,,,1MHBF3G6DCPWHSKG7XCP,23X6SY44VT9KFHR7S7OC,40,-0.11181318681318679
bgs_spearman,,,1MHBF3G6DCPWHSKG7XCP,23X6SY44VT9KFHR7S7OC,41,-0.01227106227106227
bgs_spearman,,,1MHBF3G6DCPWHSKG7XCP,23X6SY44VT9KFHR7S7OC,42,-0.10155677655677654
bgs_spearman,,,1MHBF3G6DCPWHSKG7XCP,23X6SY44VT9KFHR7S7OC,43,-0.0673076923076923
bgs_spearman,,,1MHBF3G6DCPWHSKG7XCP,23X6SY44VT9KFHR7S7OC,44,-0.0923076923076923
bgs_spearman,,,1MHBF3G6DCPWHSKG7XCP,23X6SY44VT9KFHR7S7OC,45,0.07298534798534798
bgs_spearman,,,1MHBF3G6DCPWHSKG7XCP,23X6SY44VT9KFHR7S7OC,46,-0.12065018315018312
bgs_spearman,,,1MHBF3G6DCPWHSKG7XCP,23X6SY44VT9KFHR7S7OC,47,0.253525641025641
bgs_spearman,,,1MHBF3G6DCPWHSKG7XCP,23X6SY44VT9KFHR7S7OC,48,0.24326923076923074
bgs_spearman,,,1MHBF3G6DCPWHSKG7XCP,23X6SY44VT9KFHR7S7OC,49,0.02385531135531135
bgs_spearman,,,1MHBF3G6DCPWHSKG7XCP,23X6SY44VT9KFHR7S7OC,50,0.0842032967032967
bgs_spearman,,,1MHBF3G6DCPWHSKG7XCP,23X6SY44VT9KFHR7S7OC,51,-0.13969780219780217
bgs_spearman,,,1MHBF3G6DCPWHSKG7XCP,23X6SY44VT9KFHR7S7OC,52,-0.17467948717948714
bgs_spearman,,,1MHBF3G6DCPWHSKG7XCP,23X6SY44VT9KFHR7S7OC,53,0.08804945054945054
bgs_spearman,,,1MHBF3G6DCPWHSKG7XCP,23X6SY44VT9KFHR7S7OC,54,-0.13534798534798534
bgs_spearman,,,1MHBF3G6DCPWHSKG7XCP,23X6SY44VT9KFHR7S7OC,55,0.04986263736263736
bgs_spearman,,,1MHBF3G6DCPWHSKG7XCP,23X6SY44VT9KFHR7S7OC,56,-0.10260989010989009
bgs_spearman,,,1MHBF3G6DCPWHSKG7XCP,23X6SY44VT9KFHR7S7OC,57,-0.14198717948717945
bgs_spearman,,,1MHBF3G6DCPWHSKG7XCP,23X6SY44VT9KFHR7S7OC,58,0.14656593406593404
bgs_spearman,,,1MHBF3G6DCPWHSKG7XCP,23X6SY44VT9KFHR7S7OC,59,-0.012637362637362636
bgs_spearman,,,1MHBF3G6DCPWHSKG7XCP,23X6SY44VT9KFHR7S7OC,60,-0.11346153846153843
bgs_spearman,,,1MHBF3G6DCPWHSKG7XCP,23X6SY44VT9KFHR7S7OC,61,0.07902930402930403
bgs_spearman,,,1MHBF3G6DCPWHSKG7XCP,23X6SY44VT9KFHR7S7OC,62,-0.08429487179487179
bgs_spearman,,,1MHBF3G6DCPWHSKG7XCP,23X6SY44VT9KFHR7S7OC,63,-0.1504120879120879
bgs_spearman,,,1MHBF3G6DCPWHSKG7XCP,23X6SY44VT9KFHR7S7OC,64,-0.08695054945054943
bgs_spearman,,,1MHBF3G6DCPWHSKG7XCP,23X6SY44VT9KFHR7S7OC,65,-0.25036630036630036
bgs_spearman,,,1MHBF3G6DCPWHSKG7XCP,23X6SY44VT9KFHR7S7OC,66,0.09221611721611721
bgs_spearman,,,1MHBF3G6DCPWHSKG7XCP,23X6SY44VT9KFHR7S7OC,67,0.04372710622710622
bgs_spearman,,,1MHBF3G6DCPWHSKG7XCP,23X6SY44VT9KFHR7S7OC,68,0.01735347985347985
bgs_spearman,,,1MHBF3G6DCPWHSKG7XCP,23X6SY44VT9KFHR7S7OC,69,0.13058608058608057
bgs_spearman,,,1MHBF3G6DCPWHSKG7XCP,23X6SY44VT9KFHR7S7OC,70,0.14455128205128204
bgs_spearman,,,1MHBF3G6DCPWHSKG7XCP,23X6SY44VT9KFHR7S7OC,71,0.3186355311355311
bgs_spearman,,,1MHBF3G6DCPWHSKG7XCP,23X6SY44VT9KFHR7S7OC,72,-0.11144688644688643
bgs_spearman,,,1MHBF3G6DCPWHSKG7XCP,23X6SY44VT9KFHR7S7OC,73,0.04336080586080586
bgs_spearman,,,1MHBF3G6DCPWHSKG7XCP,23X6SY44VT9KFHR7S7OC,74,-0.08017399267399267
bgs_spearman,,,1MHBF3G6DCPWHSKG7XCP,23X6SY44VT9KFHR7S7OC,75,-0.23154761904761903
bgs_spearman,,,1MHBF3G6DCPWHSKG7XCP,23X6SY44VT9KFHR7S7OC,76,-0.05723443223443223
bgs_spearman,,,1MHBF3G6DCPWHSKG7XCP,23X6SY44VT9KFHR7S7OC,77,0.02962454212454212
bgs_spearman,,,1MHBF3G6DCPWHSKG7XCP,23X6SY44VT9KFHR7S7OC,78,-0.15489926739926738
bgs_spearman,,,1MHBF3G6DCPWHSKG7XCP,23X6SY44VT9KFHR7S7OC,79,-0.29400183150183146
bgs_spearman,,,1MHBF3G6DCPWHSKG7XCP,23X6SY44VT9KFHR7S7OC,80,0.0581043956043956
bgs_spearman,,,1MHBF3G6DCPWHSKG7XCP,23X6SY44VT9KFHR7S7OC,81,0.13356227106227103
bgs_spearman,,,1MHBF3G6DCPWHSKG7XCP,23X6SY44VT9KFHR7S7OC,82,0.036538461538461534
bgs_spearman,,,1MHBF3G6DCPWHSKG7XCP,23X6SY44VT9KFHR7S7OC,83,0.04826007326007325
bgs_spearman,,,1MHBF3G6DCPWHSKG7XCP,23X6SY44VT9KFHR7S7OC,84,0.03942307692307692
bgs_spearman,,,1MHBF3G6DCPWHSKG7XCP,23X6SY44VT9KFHR7S7OC,85,0.1454212454212454
bgs_spearman,,,1MHBF3G6DCPWHSKG7XCP,23X6SY44VT9KFHR7S7OC,86,0.047756410256410246
bgs_spearman,,,1MHBF3G6DCPWHSKG7XCP,23X6SY44VT9KFHR7S7OC,87,0.07774725274725273
bgs_spearman,,,1MHBF3G6DCPWHSKG7XCP,23X6SY44VT9KFHR7S7OC,88,0.0874084249084249
bgs_spearman,,,1MHBF3G6DCPWHSKG7XCP,23X6SY44VT9KFHR7S7OC,89,-0.058241758241758236
bgs_spearman,,,1MHBF3G6DCPWHSKG7XCP,23X6SY44VT9KFHR7S7OC,90,-0.07477106227106227
bgs_spearman,,,1MHBF3G6DCPWHSKG7XCP,23X6SY44VT9KFHR7S7OC,91,0.05998168498168496
bgs_spearman,,,1MHBF3G6DCPWHSKG7XCP,23X6SY44VT9KFHR7S7OC,92,-0.11703296703296702
bgs_spearman,,,1MHBF3G6DCPWHSKG7XCP,23X6SY44VT9KFHR7S7OC,93,0.13168498168498166
bgs_spearman,,,1MHBF3G6DCPWHSKG7XCP,23X6SY44VT9KFHR7S7OC,94,0.0347069597069597
bgs_spearman,,,1MHBF3G6DCPWHSKG7XCP,23X6SY44VT9KFHR7S7OC,95,0.02335164835164835
bgs_spearman,,,1MHBF3G6DCPWHSKG7XCP,23X6SY44VT9KFHR7S7OC,96,0.30306776556776555
bgs_spearman,,,1MHBF3G6DCPWHSKG7XCP,23X6SY44VT9KFHR7S7OC,97,0.0694139194139194
bgs_spearman,,,1MHBF3G6DCPWHSKG7XCP,23X6SY44VT9KFHR7S7OC,98,0.0472069597069597
bgs_spearman,,,1MHBF3G6DCPWHSKG7XCP,23X6SY44VT9KFHR7S7OC,99,-0.09578754578754577
bgs_spearman,,,1MHBF3G6DCPWHSKG7XCP,23X6SY44VT9KFHR7S7OC,100,-0.03539377289377289
bgs_spearman,,,1MHBF3G6DCPWHSKG7XCP,23X6SY44VT9KFHR7S7OC,101,-0.04578754578754578
bgs_spearman,,,1MHBF3G6DCPWHSKG7XCP,23X6SY44VT9KFHR7S7OC,102,-0.16886446886446885
bgs_spearman,,,1MHBF3G6DCPWHSKG7XCP,23X6SY44VT9KFHR7S7OC,103,-0.03104395604395604
bgs_spearman,,,1MHBF3G6DCPWHSKG7XCP,23X6SY44VT9KFHR7S7OC,104,0.11300366300366299
bgs_spearman,,,1MHBF3G6DCPWHSKG7XCP,23X6SY44VT9KFHR7S7OC,105,0.013232600732600732
bgs_spearman,,,1MHBF3G6DCPWHSKG7XCP,23X6SY44VT9KFHR7S7OC,106,-0.12967032967032965
bgs_spearman,,,1MHBF3G6DCPWHSKG7XCP,23X6SY44VT9KFHR7S7OC,107,-0.2878205128205128
bgs_spearman,,,1MHBF3G6DCPWHSKG7XCP,23X6SY44VT9KFHR7S7OC,108,-0.044459706959706954
bgs_spearman,,,1MHBF3G6DCPWHSKG7XCP,23X6SY44VT9KFHR7S7OC,109,0.062316849816849804
bgs_spearman,,,1MHBF3G6DCPWHSKG7XCP,23X6SY44VT9KFHR7S7OC,110,0.18919413919413916
bgs_spearman,,,1MHBF3G6DCPWHSKG7XCP,23X6SY44VT9KFHR7S7OC,111,-0.18608058608058606
bgs_spearman,,,1MHBF3G6DCPWHSKG7XCP,23X6SY44VT9KFHR7S7OC,112,0.09075091575091573
bgs_spearman,,,1MHBF3G6DCPWHSKG7XCP,23X6SY44VT9KFHR7S7OC,113,0.13310439560439558
bgs_spearman,,,1MHBF3G6DCPWHSKG7XCP,23X6SY44VT9KFHR7S7OC,114,-0.16190476190476188
bgs_spearman,,,1MHBF3G6DCPWHSKG7XCP,23X6SY44VT9KFHR7S7OC,115,-0.03919413919413919
bgs_spearman,,,1MHBF3G6DCPWHSKG7XCP,23X6SY44VT9KFHR7S7OC,116,-0.02605311355311355
bgs_spearman,,,1MHBF3G6DCPWHSKG7XCP,23X6SY44VT9KFHR7S7OC,117,-0.04024725274725274
bgs_spearman,,,1MHBF3G6DCPWHSKG7XCP,23X6SY44VT9KFHR7S7OC,118,-0.012545787545787545
bgs_spearman,,,1MHBF3G6DCPWHSKG7XCP,23X6SY44VT9KFHR7S7OC,119,-0.05315934065934065
bgs_spearman,,,1MHBF3G6DCPWHSKG7XCP,23X6SY44VT9KFHR7S7OC,120,0.10741758241758241
bgs_spearman,,,1MHBF3G6DCPWHSKG7XCP,23X6SY44VT9KFHR7S7OC,121,-0.003205128205128205
bgs_spearman,,,1MHBF3G6DCPWHSKG7XCP,23X6SY44VT9KFHR7S7OC,122,-0.1831501831501831
bgs_spearman,,,1MHBF3G6DCPWHSKG7XCP,23X6SY44VT9KFHR7S7OC,123,-0.15517399267399265
bgs_spearman,,,1MHBF3G6DCPWHSKG7XCP,23X6SY44VT9KFHR7S7OC,124,0.07683150183150182
bgs_spearman,,,1MHBF3G6DCPWHSKG7XCP,23X6SY44VT9KFHR7S7OC,125,0.047756410256410246
bgs_spearman,,,1MHBF3G6DCPWHSKG7XCP,23X6SY44VT9KFHR7S7OC,126,-0.0021978021978021974
bgs_spearman,,,1MHBF3G6DCPWHSKG7XCP,23X6SY44VT9KFHR7S7OC,127,-0.01776556776556776
bgs_spearman,,,1MHBF3G6DCPWHSKG7XCP,23X6SY44VT9KFHR7S7OC,128,0.005036630036630036
bgs_spearman,,,1MHBF3G6DCPWHSKG7XCP,23X6SY44VT9KFHR7S7OC,129,-0.10265567765567765
bgs_spearman,,,1MHBF3G6DCPWHSKG7XCP,23X6SY44VT9KFHR7S7OC,130,-0.02239010989010989
bgs_spearman,,,1MHBF3G6DCPWHSKG7XCP,23X6SY44VT9KFHR7S7OC,131,0.0173992673992674
bgs_spearman,,,1MHBF3G6DCPWHSKG7XCP,23X6SY44VT9KFHR7S7OC,132,0.08626373626373625
bgs_spearman,,,1MHBF3G6DCPWHSKG7XCP,23X6SY44VT9KFHR7S7OC,133,0.1256410256410256
bgs_spearman,,,1MHBF3G6DCPWHSKG7XCP,23X6SY44VT9KFHR7S7OC,134,-0.013827838827838827
bgs_spearman,,,1MHBF3G6DCPWHSKG7XCP,23X6SY44VT9KFHR7S7OC,135,-0.035897435897435895
bgs_spearman,,,1MHBF3G6DCPWHSKG7XCP,23X6SY44VT9KFHR7S7OC,136,0.4122252747252747
bgs_spearman,,,1MHBF3G6DCPWHSKG7XCP,23X6SY44VT9KFHR7S7OC,137,-0.0701007326007326
bgs_spearman,,,1MHBF3G6DCPWHSKG7XCP,23X6SY44VT9KFHR7S7OC,138,-0.05531135531135531
bgs_spearman,,,1MHBF3G6DCPWHSKG7XCP,23X6SY44VT9KFHR7S7OC,139,-0.14867216117216114
bgs_spearman,,,1MHBF3G6DCPWHSKG7XCP,23X6SY44VT9KFHR7S7OC,140,0.024450549450549447
bgs_spearman,,,1MHBF3G6DCPWHSKG7XCP,23X6SY44VT9KFHR7S7OC,141,-0.04395604395604395
bgs_spearman,,,1MHBF3G6DCPWHSKG7XCP,23X6SY44VT9KFHR7S7OC,142,-0.06419413919413919
bgs_spearman,,,1MHBF3G6DCPWHSKG7XCP,23X6SY44VT9KFHR7S7OC,143,0.013873626373626373
bgs_spearman,,,1MHBF3G6DCPWHSKG7XCP,23X6SY44VT9KFHR7S7OC,144,-0.25183150183150177
bgs_spearman,,,1MHBF3G6DCPWHSKG7XCP,23X6SY44VT9KFHR7S7OC,145,0.11987179487179486
bgs_spearman,,,1MHBF3G6DCPWHSKG7XCP,23X6SY44VT9KFHR7S7OC,146,0.2717948717948718
bgs_spearman,,,1MHBF3G6DCPWHSKG7XCP,23X6SY44VT9KFHR7S7OC,147,-0.0842032967032967
bgs_spearman,,,1MHBF3G6DCPWHSKG7XCP,23X6SY44VT9KFHR7S7OC,148,0.08905677655677655
bgs_spearman,,,1MHBF3G6DCPWHSKG7XCP,23X6SY44VT9KFHR7S7OC,149,-0.06611721611721612
bgs_spearman,,,1MHBF3G6DCPWHSKG7XCP,23X6SY44VT9KFHR7S7OC,150,0.006456043956043956
bgs_spearman,,,1MHBF3G6DCPWHSKG7XCP,23X6SY44VT9KFHR7S7OC,151,0.12129120879120876
bgs_spearman,,,1MHBF3G6DCPWHSKG7XCP,23X6SY44VT9KFHR7S7OC,152,0.12403846153846153
bgs_spearman,,,1MHBF3G6DCPWHSKG7XCP,23X6SY44VT9KFHR7S7OC,153,-0.21254578754578754
bgs_spearman,,,1MHBF3G6DCPWHSKG7XCP,23X6SY44VT9KFHR7S7OC,154,-0.0407051282051282
bgs_spearman,,,1MHBF3G6DCPWHSKG7XCP,23X6SY44VT9KFHR7S7OC,155,-0.08479853479853479
bgs_spearman,,,1MHBF3G6DCPWHSKG7XCP,23X6SY44VT9KFHR7S7OC,156,0.1226190476190476
bgs_spearman,,,1MHBF3G6DCPWHSKG7XCP,23X6SY44VT9KFHR7S7OC,157,-0.09047619047619047
bgs_spearman,,,1MHBF3G6DCPWHSKG7XCP,23X6SY44VT9KFHR7S7OC,158,-0.1382326007326007
bgs_spearman,,,1MHBF3G6DCPWHSKG7XCP,23X6SY44VT9KFHR7S7OC,159,0.06739926739926738
bgs_spearman,,,1MHBF3G6DCPWHSKG7XCP,23X6SY44VT9KFHR7S7OC,160,-0.04148351648351648
bgs_spearman,,,1MHBF3G6DCPWHSKG7XCP,23X6SY44VT9KFHR7S7OC,161,0.09839743589743588
bgs_spearman,,,1MHBF3G6DCPWHSKG7XCP,23X6SY44VT9KFHR7S7OC,162,-0.19867216117216116
bgs_spearman,,,1MHBF3G6DCPWHSKG7XCP,23X6SY44VT9KFHR7S7OC,163,0.08681318681318681
bgs_spearman,,,1MHBF3G6DCPWHSKG7XCP,23X6SY44VT9KFHR7S7OC,164,-0.02518315018315018
bgs_spearman,,,1MHBF3G6DCPWHSKG7XCP,23X6SY44VT9KFHR7S7OC,165,0.01510989010989011
bgs_spearman,,,1MHBF3G6DCPWHSKG7XCP,23X6SY44VT9KFHR7S7OC,166,0.1461080586080586
bgs_spearman,,,1MHBF3G6DCPWHSKG7XCP,23X6SY44VT9KFHR7S7OC,167,0.06414835164835164
bgs_spearman,,,1MHBF3G6DCPWHSKG7XCP,23X6SY44VT9KFHR7S7OC,168,-0.08145604395604394
bgs_spearman,,,1MHBF3G6DCPWHSKG7XCP,23X6SY44VT9KFHR7S7OC,169,-0.08209706959706958
bgs_spearman,,,1MHBF3G6DCPWHSKG7XCP,23X6SY44VT9KFHR7S7OC,170,-0.17545787545787545
bgs_spearman,,,1MHBF3G6DCPWHSKG7XCP,23X6SY44VT9KFHR7S7OC,171,0.21089743589743584
bgs_spearman,,,1MHBF3G6DCPWHSKG7XCP,23X6SY44VT9KFHR7S7OC,172,0.06272893772893771
bgs_spearman,,,1MHBF3G6DCPWHSKG7XCP,23X6SY44VT9KFHR7S7OC,173,-0.176007326007326
bgs_spearman,,,1MHBF3G6DCPWHSKG7XCP,23X6SY44VT9KFHR7S7OC,174,-0.0004578754578754579
bgs_spearman,,,1MHBF3G6DCPWHSKG7XCP,23X6SY44VT9KFHR7S7OC,175,-0.01510989010989011
bgs_spearman,,,1MHBF3G6DCPWHSKG7XCP,23X6SY44VT9KFHR7S7OC,176,0.022847985347985343
bgs_spearman,,,1MHBF3G6DCPWHSKG7XCP,23X6SY44VT9KFHR7S7OC,177,0.13608058608058604
bgs_spearman,,,1MHBF3G6DCPWHSKG7XCP,23X6SY44VT9KFHR7S7OC,178,-0.14684065934065935
bgs_spearman,,,1MHBF3G6DCPWHSKG7XCP,23X6SY44VT9KFHR7S7OC,179,0.03278388278388278
bgs_spearman,,,1MHBF3G6DCPWHSKG7XCP,23X6SY44VT9KFHR7S7OC,180,0.05297619047619047
bgs_spearman,,,1MHBF3G6DCPWHSKG7XCP,23X6SY44VT9KFHR7S7OC,181,-0.17097069597069595
bgs_spearman,,,1MHBF3G6DCPWHSKG7XCP,23X6SY44VT9KFHR7S7OC,182,0.010714285714285713
bgs_spearman,,,1MHBF3G6DCPWHSKG7XCP,23X6SY44VT9KFHR7S7OC,183,0.040430402930402926
bgs_spearman,,,1MHBF3G6DCPWHSKG7XCP,23X6SY44VT9KFHR7S7OC,184,-0.1557234432234432
bgs_spearman,,,1MHBF3G6DCPWHSKG7XCP,23X6SY44VT9KFHR7S7OC,185,0.04262820512820512
bgs_spearman,,,1MHBF3G6DCPWHSKG7XCP,23X6SY44VT9KFHR7S7OC,186,0.012362637362637362
bgs_spearman,,,1MHBF3G6DCPWHSKG7XCP,23X6SY44VT9KFHR7S7OC,187,0.24381868131868129
bgs_spearman,,,1MHBF3G6DCPWHSKG7XCP,23X6SY44VT9KFHR7S7OC,188,0.26506410256410257
bgs_spearman,,,1MHBF3G6DCPWHSKG7XCP,23X6SY44VT9KFHR7S7OC,189,0.07248168498168497
bgs_spearman,,,1MHBF3G6DCPWHSKG7XCP,23X6SY44VT9KFHR7S7OC,190,0.07765567765567764
bgs_spearman,,,1MHBF3G6DCPWHSKG7XCP,23X6SY44VT9KFHR7S7OC,191,-0.08012820512820512
bgs_spearman,,,1MHBF3G6DCPWHSKG7XCP,23X6SY44VT9KFHR7S7OC,192,-0.3062271062271062
bgs_spearman,,,1MHBF3G6DCPWHSKG7XCP,23X6SY44VT9KFHR7S7OC,193,0.010714285714285713
bgs_spearman,,,1MHBF3G6DCPWHSKG7XCP,23X6SY44VT9KFHR7S7OC,194,-0.26433150183150184
bgs_spearman,,,1MHBF3G6DCPWHSKG7XCP,23X6SY44VT9KFHR7S7OC,195,-0.023809523809523805
bgs_spearman,,,1MHBF3G6DCPWHSKG7XCP,23X6SY44VT9KFHR7S7OC,196,0.008333333333333333
bgs_spearman,,,1MHBF3G6DCPWHSKG7XCP,23X6SY44VT9KFHR7S7OC,197,-0.012225274725274723
bgs_spearman,,,1MHBF3G6DCPWHSKG7XCP,23X6SY44VT9KFHR7S7OC,198,-0.08218864468864467
bgs_spearman,,,1MHBF3G6DCPWHSKG7XCP,23X6SY44VT9KFHR7S7OC,199,-0.059523809523809514
bgs_spearman,,,1MHBF3G6DCPWHSKG7XCP,2XL5HSFSE93RMOJDRGR4,0,0.19184981684981683
bgs_spearman,,,1MHBF3G6DCPWHSKG7XCP,2XL5HSFSE93RMOJDRGR4,1,0.07738095238095237
bgs_spearman,,,1MHBF3G6DCPWHSKG7XCP,2XL5HSFSE93RMOJDRGR4,2,-0.1628205128205128
bgs_spearman,,,1MHBF3G6DCPWHSKG7XCP,2XL5HSFSE93RMOJDRGR4,3,0.05787545787545787
bgs_spearman,,,1MHBF3G6DCPWHSKG7XCP,2XL5HSFSE93RMOJDRGR4,4,0.14963369963369963
bgs_spearman,,,1MHBF3G6DCPWHSKG7XCP,2XL5HSFSE93RMOJDRGR4,5,0.07293956043956043
bgs_spearman,,,1MHBF3G6DCPWHSKG7XCP,2XL5HSFSE93RMOJDRGR4,6,-0.04766483516483516
bgs_spearman,,,1MHBF3G6DCPWHSKG7XCP,2XL5HSFSE93RMOJDRGR4,7,0.052701465201465195
bgs_spearman,,,1MHBF3G6DCPWHSKG7XCP,2XL5HSFSE93RMOJDRGR4,8,-0.009981684981684981
bgs_spearman,,,1MHBF3G6DCPWHSKG7XCP,2XL5HSFSE93RMOJDRGR4,9,0.10279304029304027
bgs_spearman,,,1MHBF3G6DCPWHSKG7XCP,2XL5HSFSE93RMOJDRGR4,10,-0.10943223443223442
bgs_spearman,,,1MHBF3G6DCPWHSKG7XCP,2XL5HSFSE93RMOJDRGR4,11,-0.2371336996336996
bgs_spearman,,,1MHBF3G6DCPWHSKG7XCP,2XL5HSFSE93RMOJDRGR4,12,0.006868131868131868
bgs_spearman,,,1MHBF3G6DCPWHSKG7XCP,2XL5HSFSE93RMOJDRGR4,13,-0.010714285714285713
bgs_spearman,,,1MHBF3G6DCPWHSKG7XCP,2XL5HSFSE93RMOJDRGR4,14,-0.06552197802197801
bgs_spearman,,,1MHBF3G6DCPWHSKG7XCP,2XL5HSFSE93RMOJDRGR4,15,-0.24487179487179486
bgs_spearman,,,1MHBF3G6DCPWHSKG7XCP,2XL5HSFSE93RMOJDRGR4,16,-0.050412087912087906
bgs_spearman,,,1MHBF3G6DCPWHSKG7XCP,2XL5HSFSE93RMOJDRGR4,17,0.14194139194139194
bgs_spearman,,,1MHBF3G6DCPWHSKG7XCP,2XL5HSFSE93RMOJDRGR4,18,0.21565934065934061
bgs_spearman,,,1MHBF3G6DCPWHSKG7XCP,2XL5HSFSE93RMOJDRGR4,19,0.17898351648351646
bgs_spearman,,,1MHBF3G6DCPWHSKG7XCP,2XL5HSFSE93RMOJDRGR4,20,-0.03246336996336996
bgs_spearman,,,1MHBF3G6DCPWHSKG7XCP,2XL5HSFSE93RMOJDRGR4,21,-0.09569597069597068
bgs_spearman,,,1MHBF3G6DCPWHSKG7XCP,2XL5HSFSE93RMOJDRGR4,22,0.2027930402930403
bgs_spearman,,,1MHBF3G6DCPWHSKG7XCP,2XL5HSFSE93RMOJDRGR4,23,-0.17985347985347983
bgs_spearman,,,1MHBF3G6DCPWHSKG7XCP,2XL5HSFSE93RMOJDRGR4,24,-0.03347069597069597
bgs_spearman,,,1MHBF3G6DCPWHSKG7XCP,2XL5HSFSE93RMOJDRGR4,25,0.0030677655677655677
bgs_spearman,,,1MHBF3G6DCPWHSKG7XCP,2XL5HSFSE93RMOJDRGR4,26,-0.0992216117216117
bgs_spearman,,,1MHBF3G6DCPWHSKG7XCP,2XL5HSFSE93RMOJDRGR4,27,-0.02921245421245421
bgs_spearman,,,1MHBF3G6DCPWHSKG7XCP,2XL5HSFSE93RMOJDRGR4,28,0.3211996336996336
bgs_spearman,,,1MHBF3G6DCPWHSKG7XCP,2XL5HSFSE93RMOJDRGR4,29,-0.11959706959706959
bgs_spearman,,,1MHBF3G6DCPWHSKG7XCP,2XL5HSFSE93RMOJDRGR4,30,0.09739010989010988
bgs_spearman,,,1MHBF3G6DCPWHSKG7XCP,2XL5HSFSE93RMOJDRGR4,31,-0.018818681318681318
bgs_spearman,,,1MHBF3G6DCPWHSKG7XCP,2XL5HSFSE93RMOJDRGR4,32,0.05064102564102563
bgs_spearman,,,1MHBF3G6DCPWHSKG7XCP,2XL5HSFSE93RMOJDRGR4,33,0.17889194139194137
bgs_spearman,,,1MHBF3G6DCPWHSKG7XCP,2XL5HSFSE93RMOJDRGR4,34,-0.17614468864468866
bgs_spearman,,,1MHBF3G6DCPWHSKG7XCP,2XL5HSFSE93RMOJDRGR4,35,0.04519230769230769
bgs_spearman,,,1MHBF3G6DCPWHSKG7XCP,2XL5HSFSE93RMOJDRGR4,36,-0.06657509157509156
bgs_spearman,,,1MHBF3G6DCPWHSKG7XCP,2XL5HSFSE93RMOJDRGR4,37,-0.07028388278388278
bgs_spearman,,,1MHBF3G6DCPWHSKG7XCP,2XL5HSFSE93RMOJDRGR4,38,0.24381868131868129
bgs_spearman,,,1MHBF3G6DCPWHSKG7XCP,2XL5HSFSE93RMOJDRGR4,39,-0.03699633699633699
bgs_spearman,,,1MHBF3G6DCPWHSKG7XCP,2XL5HSFSE93RMOJDRGR4,40,-0.07586996336996336
bgs_spearman,,,1MHBF3G6DCPWHSKG7XCP,2XL5HSFSE93RMOJDRGR4,41,0.13402014652014652
bgs_spearman,,,1MHBF3G6DCPWHSKG7XCP,2XL5HSFSE93RMOJDRGR4,42,-0.06465201465201464
bgs_spearman,,,1MHBF3G6DCPWHSKG7XCP,2XL5HSFSE93RMOJDRGR4,43,0.027335164835164835
bgs_spearman,,,1MHBF3G6DCPWHSKG7XCP,2XL5HSFSE93RMOJDRGR4,44,-0.052289377289377284
bgs_spearman,,,1MHBF3G6DCPWHSKG7XCP,2XL5HSFSE93RMOJDRGR4,45,-0.1474358974358974
bgs_spearman,,,1MHBF3G6DCPWHSKG7XCP,2XL5HSFSE93RMOJDRGR4,46,-0.1438186813186813
bgs_spearman,,,1MHBF3G6DCPWHSKG7XCP,2XL5HSFSE93RMOJDRGR4,47,0.12660256410256407
bgs_spearman,,,1MHBF3G6DCPWHSKG7XCP,2XL5HSFSE93RMOJDRGR4,48,-0.022298534798534796
bgs_spearman,,,1MHBF3G6DCPWHSKG7XCP,2XL5HSFSE93RMOJDRGR4,49,-0.0706043956043956
bgs_spearman,,,1MHBF3G6DCPWHSKG7XCP,2XL5HSFSE93RMOJDRGR4,50,0.005128205128205127
bgs_spearman,,,1MHBF3G6DCPWHSKG7XCP,2XL5HSFSE93RMOJDRGR4,51,-0.033836996336996335
bgs_spearman,,,1MHBF3G6DCPWHSKG7XCP,2XL5HSFSE93RMOJDRGR4,52,0.07953296703296703
bgs_spearman,,,1MHBF3G6DCPWHSKG7XCP,2XL5HSFSE93RMOJDRGR4,53,0.12174908424908423
bgs_spearman,,,1MHBF3G6DCPWHSKG7XCP,2XL5HSFSE93RMOJDRGR4,54,0.12394688644688644
bgs_spearman,,,1MHBF3G6DCPWHSKG7XCP,2XL5HSFSE93RMOJDRGR4,55,-0.15045787545787545
bgs_spearman,,,1MHBF3G6DCPWHSKG7XCP,2XL5HSFSE93RMOJDRGR4,56,0.11597985347985347
bgs_spearman,,,1MHBF3G6DCPWHSKG7XCP,2XL5HSFSE93RMOJDRGR4,57,0.1663461538461538
bgs_spearman,,,1MHBF3G6DCPWHSKG7XCP,2XL5HSFSE93RMOJDRGR4,58,-0.04052197802197802
bgs_spearman,,,1MHBF3G6DCPWHSKG7XCP,2XL5HSFSE93RMOJDRGR4,59,0.1812271062271062
bgs_spearman,,,1MHBF3G6DCPWHSKG7XCP,2XL5HSFSE93RMOJDRGR4,60,0.0206043956043956
bgs_spearman,,,1MHBF3G6DCPWHSKG7XCP,2XL5HSFSE93RMOJDRGR4,61,0.048305860805860794
bgs_spearman,,,1MHBF3G6DCPWHSKG7XCP,2XL5HSFSE93RMOJDRGR4,62,0.010897435897435897
bgs_spearman,,,1MHBF3G6DCPWHSKG7XCP,2XL5HSFSE93RMOJDRGR4,63,0.09867216117216115
bgs_spearman,,,1MHBF3G6DCPWHSKG7XCP,2XL5HSFSE93RMOJDRGR4,64,0.025320512820512814
bgs_spearman,,,1MHBF3G6DCPWHSKG7XCP,2XL5HSFSE93RMOJDRGR4,65,0.1502289377289377
bgs_spearman,,,1MHBF3G6DCPWHSKG7XCP,2XL5HSFSE93RMOJDRGR4,66,-0.06172161172161172
bgs_spearman,,,1MHBF3G6DCPWHSKG7XCP,2XL5HSFSE93RMOJDRGR4,67,-0.01813186813186813
bgs_spearman,,,1MHBF3G6DCPWHSKG7XCP,2XL5HSFSE93RMOJDRGR4,68,-0.07486263736263736
bgs_spearman,,,1MHBF3G6DCPWHSKG7XCP,2XL5HSFSE93RMOJDRGR4,69,0.11515567765567764
bgs_spearman,,,1MHBF3G6DCPWHSKG7XCP,2XL5HSFSE93RMOJDRGR4,70,-0.07756410256410255
bgs_spearman,,,1MHBF3G6DCPWHSKG7XCP,2XL5HSFSE93RMOJDRGR4,71,-0.17028388278388276
bgs_spearman,,,1MHBF3G6DCPWHSKG7XCP,2XL5HSFSE93RMOJDRGR4,72,0.17706043956043954
bgs_spearman,,,1MHBF3G6DCPWHSKG7XCP,2XL5HSFSE93RMOJDRGR4,73,0.16309523809523807
bgs_spearman,,,1MHBF3G6DCPWHSKG7XCP,2XL5HSFSE93RMOJDRGR4,74,0.2597069597069597
bgs_spearman,,,1MHBF3G6DCPWHSKG7XCP,2XL5HSFSE93RMOJDRGR4,75,-0.24670329670329666
bgs_spearman,,,1MHBF3G6DCPWHSKG7XCP,2XL5HSFSE93RMOJDRGR4,76,0.18434065934065932
bgs_spearman,,,1MHBF3G6DCPWHSKG7XCP,2XL5HSFSE93RMOJDRGR4,77,0.1831501831501831
bgs_spearman,,,1MHBF3G6DCPWHSKG7XCP,2XL5HSFSE93RMOJDRGR4,78,-0.038690476190476185
bgs_spearman,,,1MHBF3G6DCPWHSKG7XCP,2XL5HSFSE93RMOJDRGR4,79,-0.02875457875457875
bgs_spearman,,,1MHBF3G6DCPWHSKG7XCP,2XL5HSFSE93RMOJDRGR4,80,-0.1383241758241758
bgs_spearman,,,1MHBF3G6DCPWHSKG7XCP,2XL5HSFSE93RMOJDRGR4,81,-0.011630036630036629
bgs_spearman,,,1MHBF3G6DCPWHSKG7XCP,2XL5HSFSE93RMOJDRGR4,82,0.14514652014652013
bgs_spearman,,,1MHBF3G6DCPWHSKG7XCP,2XL5HSFSE93RMOJDRGR4,83,0.11671245421245419
bgs_spearman,,,1MHBF3G6DCPWHSKG7XCP,2XL5HSFSE93RMOJDRGR4,84,-0.11034798534798534
bgs_spearman,,,1MHBF3G6DCPWHSKG7XCP,2XL5HSFSE93RMOJDRGR4,85,-0.017902930402930402
bgs_spearman,,,1MHBF3G6DCPWHSKG7XCP,2XL5HSFSE93RMOJDRGR4,86,0.29468864468864464
bgs_spearman,,,1MHBF3G6DCPWHSKG7XCP,2XL5HSFSE93RMOJDRGR4,87,-0.07065018315018315
bgs_spearman,,,1MHBF3G6DCPWHSKG7XCP,2XL5HSFSE93RMOJDRGR4,88,0.019505494505494506
bgs_spearman,,,1MHBF3G6DCPWHSKG7XCP,2XL5HSFSE93RMOJDRGR4,89,0.0782051282051282
bgs_spearman,,,1MHBF3G6DCPWHSKG7XCP,2XL5HSFSE93RMOJDRGR4,90,0.16085164835164834
bgs_spearman,,,1MHBF3G6DCPWHSKG7XCP,2XL5HSFSE93RMOJDRGR4,91,0.08626373626373625
bgs_spearman,,,1MHBF3G6DCPWHSKG7XCP,2XL5HSFSE93RMOJDRGR4,92,0.23878205128205127
bgs_spearman,,,1MHBF3G6DCPWHSKG7XCP,2XL5HSFSE93RMOJDRGR4,93,-0.026739926739926735
bgs_spearman,,,1MHBF3G6DCPWHSKG7XCP,2XL5HSFSE93RMOJDRGR4,94,0.304029304029304
bgs_spearman,,,1MHBF3G6DCPWHSKG7XCP,2XL5HSFSE93RMOJDRGR4,95,-0.016712454212454212
bgs_spearman,,,1MHBF3G6DCPWHSKG7XCP,2XL5HSFSE93RMOJDRGR4,96,0.1358974358974359
bgs_spearman,,,1MHBF3G6DCPWHSKG7XCP,2XL5HSFSE93RMOJDRGR4,97,0.04436813186813186
bgs_spearman,,,1MHBF3G6DCPWHSKG7XCP,2XL5HSFSE93RMOJDRGR4,98,-0.038003663003663
bgs_spearman,,,1MHBF3G6DCPWHSKG7XCP,2XL5HSFSE93RMOJDRGR4,99,0.17683150183150181
bgs_spearman,,,1MHBF3G6DCPWHSKG7XCP,2XL5HSFSE93RMOJDRGR4,100,-0.0656135531135531
bgs_spearman,,,1MHBF3G6DCPWHSKG7XCP,2XL5HSFSE93RMOJDRGR4,101,0.11204212454212453
bgs_spearman,,,1MHBF3G6DCPWHSKG7XCP,2XL5HSFSE93RMOJDRGR4,102,0.21094322344322344
bgs_spearman,,,1MHBF3G6DCPWHSKG7XCP,2XL5HSFSE93RMOJDRGR4,103,0.04908424908424908
bgs_spearman,,,1MHBF3G6DCPWHSKG7XCP,2XL5HSFSE93RMOJDRGR4,104,0.08887362637362636
bgs_spearman,,,1MHBF3G6DCPWHSKG7XCP,2XL5HSFSE93RMOJDRGR4,105,-0.023809523809523805
bgs_spearman,,,1MHBF3G6DCPWHSKG7XCP,2XL5HSFSE93RMOJDRGR4,106,0.0715201465201465
bgs_spearman,,,1MHBF3G6DCPWHSKG7XCP,2XL5HSFSE93RMOJDRGR4,107,0.12032967032967032
bgs_spearman,,,1MHBF3G6DCPWHSKG7XCP,2XL5HSFSE93RMOJDRGR4,108,0.08644688644688643
bgs_spearman,,,1MHBF3G6DCPWHSKG7XCP,2XL5HSFSE93RMOJDRGR4,109,0.25956959706959704
bgs_spearman,,,1MHBF3G6DCPWHSKG7XCP,2XL5HSFSE93RMOJDRGR4,110,0.00027472527472527467
bgs_spearman,,,1MHBF3G6DCPWHSKG7XCP,2XL5HSFSE93RMOJDRGR4,111,-0.1668498168498168
bgs_spearman,,,1MHBF3G6DCPWHSKG7XCP,2XL5HSFSE93RMOJDRGR4,112,0.03626373626373626
bgs_spearman,,,1MHBF3G6DCPWHSKG7XCP,2XL5HSFSE93RMOJDRGR4,113,-0.0678113553113553
bgs_spearman,,,1MHBF3G6DCPWHSKG7XCP,2XL5HSFSE93RMOJDRGR4,114,0.16666666666666666
bgs_spearman,,,1MHBF3G6DCPWHSKG7XCP,2XL5HSFSE93RMOJDRGR4,115,-0.005265567765567765
bgs_spearman,,,1MHBF3G6DCPWHSKG7XCP,2XL5HSFSE93RMOJDRGR4,116,-0.09844322344322344
bgs_spearman,,,1MHBF3G6DCPWHSKG7XCP,2XL5HSFSE93RMOJDRGR4,117,-0.05865384615384614
bgs_spearman,,,1MHBF3G6DCPWHSKG7XCP,2XL5HSFSE93RMOJDRGR4,118,-0.11955128205128204
bgs_spearman,,,1MHBF3G6DCPWHSKG7XCP,2XL5HSFSE93RMOJDRGR4,119,0.060714285714285714
bgs_spearman,,,1MHBF3G6DCPWHSKG7XCP,2XL5HSFSE93RMOJDRGR4,120,0.0021978021978021974
bgs_spearman,,,1MHBF3G6DCPWHSKG7XCP,2XL5HSFSE93RMOJDRGR4,121,-0.0782967032967033
bgs_spearman,,,1MHBF3G6DCPWHSKG7XCP,2XL5HSFSE93RMOJDRGR4,122,-0.13978937728937726
bgs_spearman,,,1MHBF3G6DCPWHSKG7XCP,2XL5HSFSE93RMOJDRGR4,123,0.1221153846153846
bgs_spearman,,,1MHBF3G6DCPWHSKG7XCP,2XL5HSFSE93RMOJDRGR4,124,-0.005036630036630036
bgs_spearman,,,1MHBF3G6DCPWHSKG7XCP,2XL5HSFSE93RMOJDRGR4,125,-0.2000457875457875
bgs_spearman,,,1MHBF3G6DCPWHSKG7XCP,2XL5HSFSE93RMOJDRGR4,126,0.12999084249084247
bgs_spearman,,,1MHBF3G6DCPWHSKG7XCP,2XL5HSFSE93RMOJDRGR4,127,-0.011584249084249085
bgs_spearman,,,1MHBF3G6DCPWHSKG7XCP,2XL5HSFSE93RMOJDRGR4,128,-0.10938644688644689
bgs_spearman,,,1MHBF3G6DCPWHSKG7XCP,2XL5HSFSE93RMOJDRGR4,129,-0.035989010989010986
bgs_spearman,,,1MHBF3G6DCPWHSKG7XCP,2XL5HSFSE93RMOJDRGR4,130,0.16034798534798533
bgs_spearman,,,1MHBF3G6DCPWHSKG7XCP,2XL5HSFSE93RMOJDRGR4,131,0.05105311355311354
bgs_spearman,,,1MHBF3G6DCPWHSKG7XCP,2XL5HSFSE93RMOJDRGR4,132,-0.2270604395604395
bgs_spearman,,,1MHBF3G6DCPWHSKG7XCP,2XL5HSFSE93RMOJDRGR4,133,-0.12632783882783882
bgs_spearman,,,1MHBF3G6DCPWHSKG7XCP,2XL5HSFSE93RMOJDRGR4,134,0.041391941391941384
bgs_spearman,,,1MHBF3G6DCPWHSKG7XCP,2XL5HSFSE93RMOJDRGR4,135,0.06666666666666667
bgs_spearman,,,1MHBF3G6DCPWHSKG7XCP,2XL5HSFSE93RMOJDRGR4,136,-0.09940476190476188
bgs_spearman,,,1MHBF3G6DCPWHSKG7XCP,2XL5HSFSE93RMOJDRGR4,137,-0.1384157509157509
bgs_spearman,,,1MHBF3G6DCPWHSKG7XCP,2XL5HSFSE93RMOJDRGR4,138,-0.00412087912087912
bgs_spearman,,,1MHBF3G6DCPWHSKG7XCP,2XL5HSFSE93RMOJDRGR4,139,-0.07715201465201464
bgs_spearman,,,1MHBF3G6DCPWHSKG7XCP,2XL5HSFSE93RMOJDRGR4,140,0.26039377289377286
bgs_spearman,,,1MHBF3G6DCPWHSKG7XCP,2XL5HSFSE93RMOJDRGR4,141,0.08456959706959706
bgs_spearman,,,1MHBF3G6DCPWHSKG7XCP,2XL5HSFSE93RMOJDRGR4,142,-0.07934981684981685
bgs_spearman,,,1MHBF3G6DCPWHSKG7XCP,2XL5HSFSE93RMOJDRGR4,143,0.09152930402930402
bgs_spearman,,,1MHBF3G6DCPWHSKG7XCP,2XL5HSFSE93RMOJDRGR4,144,0.014926739926739924
bgs_spearman,,,1MHBF3G6DCPWHSKG7XCP,2XL5HSFSE93RMOJDRGR4,145,0.03576007326007325
bgs_spearman,,,1MHBF3G6DCPWHSKG7XCP,2XL5HSFSE93RMOJDRGR4,146,0.041391941391941384
bgs_spearman,,,1MHBF3G6DCPWHSKG7XCP,2XL5HSFSE93RMOJDRGR4,147,0.13310439560439558
bgs_spearman,,,1MHBF3G6DCPWHSKG7XCP,2XL5HSFSE93RMOJDRGR4,148,0.21923076923076923
bgs_spearman,,,1MHBF3G6DCPWHSKG7XCP,2XL5HSFSE93RMOJDRGR4,149,0.005815018315018314
bgs_spearman,,,1MHBF3G6DCPWHSKG7XCP,2XL5HSFSE93RMOJDRGR4,150,0.05032051282051281
bgs_spearman,,,1MHBF3G6DCPWHSKG7XCP,2XL5HSFSE93RMOJDRGR4,151,-0.09478021978021976
bgs_spearman,,,1MHBF3G6DCPWHSKG7XCP,2XL5HSFSE93RMOJDRGR4,152,-0.14945054945054945
bgs_spearman,,,1MHBF3G6DCPWHSKG7XCP,2XL5HSFSE93RMOJDRGR4,153,0.005723443223443222
bgs_spearman,,,1MHBF3G6DCPWHSKG7XCP,2XL5HSFSE93RMOJDRGR4,154,-0.00467032967032967
bgs_spearman,,,1MHBF3G6DCPWHSKG7XCP,2XL5HSFSE93RMOJDRGR4,155,-0.10123626373626374
bgs_spearman,,,1MHBF3G6DCPWHSKG7XCP,2XL5HSFSE93RMOJDRGR4,156,0.14775641025641026
bgs_spearman,,,1MHBF3G6DCPWHSKG7XCP,2XL5HSFSE93RMOJDRGR4,157,0.13150183150183148
bgs_spearman,,,1MHBF3G6DCPWHSKG7XCP,2XL5HSFSE93RMOJDRGR4,158,0.03965201465201465
bgs_spearman,,,1MHBF3G6DCPWHSKG7XCP,2XL5HSFSE93RMOJDRGR4,159,0.07715201465201464
bgs_spearman,,,1MHBF3G6DCPWHSKG7XCP,2XL5HSFSE93RMOJDRGR4,160,0.03237179487179487
bgs_spearman,,,1MHBF3G6DCPWHSKG7XCP,2XL5HSFSE93RMOJDRGR4,161,-0.14519230769230768
bgs_spearman,,,1MHBF3G6DCPWHSKG7XCP,2XL5HSFSE93RMOJDRGR4,162,0.052472527472527467
bgs_spearman,,,1MHBF3G6DCPWHSKG7XCP,2XL5HSFSE93RMOJDRGR4,163,0.06593406593406592
bgs_spearman,,,1MHBF3G6DCPWHSKG7XCP,2XL5HSFSE93RMOJDRGR4,164,-0.01964285714285714
bgs_spearman,,,1MHBF3G6DCPWHSKG7XCP,2XL5HSFSE93RMOJDRGR4,165,-0.03823260073260073
bgs_spearman,,,1MHBF3G6DCPWHSKG7XCP,2XL5HSFSE93RMOJDRGR4,166,-0.163003663003663
bgs_spearman,,,1MHBF3G6DCPWHSKG7XCP,2XL5HSFSE93RMOJDRGR4,167,0.1483974358974359
bgs_spearman,,,1MHBF3G6DCPWHSKG7XCP,2XL5HSFSE93RMOJDRGR4,168,0.08841575091575091
bgs_spearman,,,1MHBF3G6DCPWHSKG7XCP,2XL5HSFSE93RMOJDRGR4,169,-0.25595238095238093
bgs_spearman,,,1MHBF3G6DCPWHSKG7XCP,2XL5HSFSE93RMOJDRGR4,170,0.11167582417582418
bgs_spearman,,,1MHBF3G6DCPWHSKG7XCP,2XL5HSFSE93RMOJDRGR4,171,0.12170329670329669
bgs_spearman,,,1MHBF3G6DCPWHSKG7XCP,2XL5HSFSE93RMOJDRGR4,172,0.053525641025641016
bgs_spearman,,,1MHBF3G6DCPWHSKG7XCP,2XL5HSFSE93RMOJDRGR4,173,0.1560897435897436
bgs_spearman,,,1MHBF3G6DCPWHSKG7XCP,2XL5HSFSE93RMOJDRGR4,174,0.12838827838827838
bgs_spearman,,,1MHBF3G6DCPWHSKG7XCP,2XL5HSFSE93RMOJDRGR4,175,-0.07339743589743589
bgs_spearman,,,1MHBF3G6DCPWHSKG7XCP,2XL5HSFSE93RMOJDRGR4,176,-0.006135531135531135
bgs_spearman,,,1MHBF3G6DCPWHSKG7XCP,2XL5HSFSE93RMOJDRGR4,177,0.11909340659340659
bgs_spearman,,,1MHBF3G6DCPWHSKG7XCP,2XL5HSFSE93RMOJDRGR4,178,0.03914835164835165
bgs_spearman,,,1MHBF3G6DCPWHSKG7XCP,2XL5HSFSE93RMOJDRGR4,179,0.17362637362637362
bgs_spearman,,,1MHBF3G6DCPWHSKG7XCP,2XL5HSFSE93RMOJDRGR4,180,-0.021108058608058606
bgs_spearman,,,1MHBF3G6DCPWHSKG7XCP,2XL5HSFSE93RMOJDRGR4,181,0.15228937728937728
bgs_spearman,,,1MHBF3G6DCPWHSKG7XCP,2XL5HSFSE93RMOJDRGR4,182,-0.12413003663003663
bgs_spearman,,,1MHBF3G6DCPWHSKG7XCP,2XL5HSFSE93RMOJDRGR4,183,-0.06689560439560438
bgs_spearman,,,1MHBF3G6DCPWHSKG7XCP,2XL5HSFSE93RMOJDRGR4,184,0.10737179487179487
bgs_spearman,,,1MHBF3G6DCPWHSKG7XCP,2XL5HSFSE93RMOJDRGR4,185,-0.09871794871794871
bgs_spearman,,,1MHBF3G6DCPWHSKG7XCP,2XL5HSFSE93RMOJDRGR4,186,-0.003342490842490842
bgs_spearman,,,1MHBF3G6DCPWHSKG7XCP,2XL5HSFSE93RMOJDRGR4,187,-0.1752289377289377
bgs_spearman,,,1MHBF3G6DCPWHSKG7XCP,2XL5HSFSE93RMOJDRGR4,188,-0.026831501831501826
bgs_spearman,,,1MHBF3G6DCPWHSKG7XCP,2XL5HSFSE93RMOJDRGR4,189,0.20375457875457875
bgs_spearman,,,1MHBF3G6DCPWHSKG7XCP,2XL5HSFSE93RMOJDRGR4,190,-0.0825091575091575
bgs_spearman,,,1MHBF3G6DCPWHSKG7XCP,2XL5HSFSE93RMOJDRGR4,191,-0.15160256410256406
bgs_spearman,,,1MHBF3G6DCPWHSKG7XCP,2XL5HSFSE93RMOJDRGR4,192,-0.04615384615384615
bgs_spearman,,,1MHBF3G6DCPWHSKG7XCP,2XL5HSFSE93RMOJDRGR4,193,-0.07939560439560438
bgs_spearman,,,1MHBF3G6DCPWHSKG7XCP,2XL5HSFSE93RMOJDRGR4,194,0.057417582417582415
bgs_spearman,,,1MHBF3G6DCPWHSKG7XCP,2XL5HSFSE93RMOJDRGR4,195,0.005036630036630036
bgs_spearman,,,1MHBF3G6DCPWHSKG7XCP,2XL5HSFSE93RMOJDRGR4,196,-0.1052197802197802
bgs_spearman,,,1MHBF3G6DCPWHSKG7XCP,2XL5HSFSE93RMOJDRGR4,197,-0.020833333333333332
bgs_spearman,,,1MHBF3G6DCPWHSKG7XCP,2XL5HSFSE93RMOJDRGR4,198,-0.012042124542124541
bgs_spearman,,,1MHBF3G6DCPWHSKG7XCP,2XL5HSFSE93RMOJDRGR4,199,0.14047619047619045
bgs_spearman,,,1MHBF3G6DCPWHSKG7XCP,38CWS74285MFGZZXR09Z,0,0.30970695970695966
bgs_spearman,,,1MHBF3G6DCPWHSKG7XCP,38CWS74285MFGZZXR09Z,1,-0.15274725274725273
bgs_spearman,,,1MHBF3G6DCPWHSKG7XCP,38CWS74285MFGZZXR09Z,2,0.048763736263736264
bgs_spearman,,,1MHBF3G6DCPWHSKG7XCP,38CWS74285MFGZZXR09Z,3,0.06529304029304028
bgs_spearman,,,1MHBF3G6DCPWHSKG7XCP,38CWS74285MFGZZXR09Z,4,0.11144688644688643
bgs_spearman,,,1MHBF3G6DCPWHSKG7XCP,38CWS74285MFGZZXR09Z,5,0.014743589743589743
bgs_spearman,,,1MHBF3G6DCPWHSKG7XCP,38CWS74285MFGZZXR09Z,6,-0.2337454212454212
bgs_spearman,,,1MHBF3G6DCPWHSKG7XCP,38CWS74285MFGZZXR09Z,7,0.12019230769230768
bgs_spearman,,,1MHBF3G6DCPWHSKG7XCP,38CWS74285MFGZZXR09Z,8,-0.04391025641025641
bgs_spearman,,,1MHBF3G6DCPWHSKG7XCP,38CWS74285MFGZZXR09Z,9,0.08827838827838826
bgs_spearman,,,1MHBF3G6DCPWHSKG7XCP,38CWS74285MFGZZXR09Z,10,0.11336996336996334
bgs_spearman,,,1MHBF3G6DCPWHSKG7XCP,38CWS74285MFGZZXR09Z,11,0.1719322344322344
bgs_spearman,,,1MHBF3G6DCPWHSKG7XCP,38CWS74285MFGZZXR09Z,12,0.014743589743589743
bgs_spearman,,,1MHBF3G6DCPWHSKG7XCP,38CWS74285MFGZZXR09Z,13,-0.023076923076923075
bgs_spearman,,,1MHBF3G6DCPWHSKG7XCP,38CWS74285MFGZZXR09Z,14,0.076007326007326
bgs_spearman,,,1MHBF3G6DCPWHSKG7XCP,38CWS74285MFGZZXR09Z,15,0.022527472527472524
bgs_spearman,,,1MHBF3G6DCPWHSKG7XCP,38CWS74285MFGZZXR09Z,16,-0.07467948717948716
bgs_spearman,,,1MHBF3G6DCPWHSKG7XCP,38CWS74285MFGZZXR09Z,17,-0.10737179487179487
bgs_spearman,,,1MHBF3G6DCPWHSKG7XCP,38CWS74285MFGZZXR09Z,18,0.1632326007326007
bgs_spearman,,,1MHBF3G6DCPWHSKG7XCP,38CWS74285MFGZZXR09Z,19,0.12229853479853477
bgs_spearman,,,1MHBF3G6DCPWHSKG7XCP,38CWS74285MFGZZXR09Z,20,0.17866300366300364
bgs_spearman,,,1MHBF3G6DCPWHSKG7XCP,38CWS74285MFGZZXR09Z,21,-0.11584249084249083
bgs_spearman,,,1MHBF3G6DCPWHSKG7XCP,38CWS74285MFGZZXR09Z,22,0.01717032967032967
bgs_spearman,,,1MHBF3G6DCPWHSKG7XCP,38CWS74285MFGZZXR09Z,23,0.12939560439560438
bgs_spearman,,,1MHBF3G6DCPWHSKG7XCP,38CWS74285MFGZZXR09Z,24,-0.1622252747252747
bgs_spearman,,,1MHBF3G6DCPWHSKG7XCP,38CWS74285MFGZZXR09Z,25,0.027793040293040288
bgs_spearman,,,1MHBF3G6DCPWHSKG7XCP,38CWS74285MFGZZXR09Z,26,0.054945054945054944
bgs_spearman,,,1MHBF3G6DCPWHSKG7XCP,38CWS74285MFGZZXR09Z,27,0.17898351648351646
bgs_spearman,,,1MHBF3G6DCPWHSKG7XCP,38CWS74285MFGZZXR09Z,28,-0.005173992673992673
bgs_spearman,,,1MHBF3G6DCPWHSKG7XCP,38CWS74285MFGZZXR09Z,29,-0.06648351648351648
bgs_spearman,,,1MHBF3G6DCPWHSKG7XCP,38CWS74285MFGZZXR09Z,30,-0.25879120879120876
bgs_spearman,,,1MHBF3G6DCPWHSKG7XCP,38CWS74285MFGZZXR09Z,31,0.016712454212454212
bgs_spearman,,,1MHBF3G6DCPWHSKG7XCP,38CWS74285MFGZZXR09Z,32,0.04954212454212454
bgs_spearman,,,1MHBF3G6DCPWHSKG7XCP,38CWS74285MFGZZXR09Z,33,-0.2581043956043956
bgs_spearman,,,1MHBF3G6DCPWHSKG7XCP,38CWS74285MFGZZXR09Z,34,-0.09505494505494504
bgs_spearman,,,1MHBF3G6DCPWHSKG7XCP,38CWS74285MFGZZXR09Z,35,-0.12673992673992673
bgs_spearman,,,1MHBF3G6DCPWHSKG7XCP,38CWS74285MFGZZXR09Z,36,0.09015567765567765
bgs_spearman,,,1MHBF3G6DCPWHSKG7XCP,38CWS74285MFGZZXR09Z,37,0.02999084249084248
bgs_spearman,,,1MHBF3G6DCPWHSKG7XCP,38CWS74285MFGZZXR09Z,38,0.01845238095238095
bgs_spearman,,,1MHBF3G6DCPWHSKG7XCP,38CWS74285MFGZZXR09Z,39,0.1618131868131868
bgs_spearman,,,1MHBF3G6DCPWHSKG7XCP,38CWS74285MFGZZXR09Z,40,0.06602564102564103
bgs_spearman,,,1MHBF3G6DCPWHSKG7XCP,38CWS74285MFGZZXR09Z,41,-0.15297619047619046
bgs_spearman,,,1MHBF3G6DCPWHSKG7XCP,38CWS74285MFGZZXR09Z,42,-0.21982600732600727
bgs_spearman,,,1MHBF3G6DCPWHSKG7XCP,38CWS74285MFGZZXR09Z,43,0.0624084249084249
bgs_spearman,,,1MHBF3G6DCPWHSKG7XCP,38CWS74285MFGZZXR09Z,44,-0.15728021978021975
bgs_spearman,,,1MHBF3G6DCPWHSKG7XCP,38CWS74285MFGZZXR09Z,45,-0.023305860805860803
bgs_spearman,,,1MHBF3G6DCPWHSKG7XCP,38CWS74285MFGZZXR09Z,46,-0.03676739926739926
bgs_spearman,,,1MHBF3G6DCPWHSKG7XCP,38CWS74285MFGZZXR09Z,47,0.06707875457875458
bgs_spearman,,,1MHBF3G6DCPWHSKG7XCP,38CWS74285MFGZZXR09Z,48,-0.14413919413919413
bgs_spearman,,,1MHBF3G6DCPWHSKG7XCP,38CWS74285MFGZZXR09Z,49,-0.051556776556776554
bgs_spearman,,,1MHBF3G6DCPWHSKG7XCP,38CWS74285MFGZZXR09Z,50,-0.09267399267399268
bgs_spearman,,,1MHBF3G6DCPWHSKG7XCP,38CWS74285MFGZZXR09Z,51,-0.11904761904761903
bgs_spearman,,,1MHBF3G6DCPWHSKG7XCP,38CWS74285MFGZZXR09Z,52,0.01259157509157509
bgs_spearman,,,1MHBF3G6DCPWHSKG7XCP,38CWS74285MFGZZXR09Z,53,-0.07445054945054944
bgs_spearman,,,1MHBF3G6DCPWHSKG7XCP,38CWS74285MFGZZXR09Z,54,-0.22499999999999998
bgs_spearman,,,1MHBF3G6DCPWHSKG7XCP,38CWS74285MFGZZXR09Z,55,0.005265567765567765
bgs_spearman,,,1MHBF3G6DCPWHSKG7XCP,38CWS74285MFGZZXR09Z,56,0.020558608058608055
bgs_spearman,,,1MHBF3G6DCPWHSKG7XCP,38CWS74285MFGZZXR09Z,57,0.03882783882783882
bgs_spearman,,,1MHBF3G6DCPWHSKG7XCP,38CWS74285MFGZZXR09Z,58,0.17307692307692307
bgs_spearman,,,1MHBF3G6DCPWHSKG7XCP,38CWS74285MFGZZXR09Z,59,-0.13997252747252745
bgs_spearman,,,1MHBF3G6DCPWHSKG7XCP,38CWS74285MFGZZXR09Z,60,-0.029029304029304027
bgs_spearman,,,1MHBF3G6DCPWHSKG7XCP,38CWS74285MFGZZXR09Z,61,-0.21776556776556777
bgs_spearman,,,1MHBF3G6DCPWHSKG7XCP,38CWS74285MFGZZXR09Z,62,-0.06094322344322344
bgs_spearman,,,1MHBF3G6DCPWHSKG7XCP,38CWS74285MFGZZXR09Z,63,-0.049267399267399266
bgs_spearman,,,1MHBF3G6DCPWHSKG7XCP,38CWS74285MFGZZXR09Z,64,0.0857142857142857
bgs_spearman,,,1MHBF3G6DCPWHSKG7XCP,38CWS74285MFGZZXR09Z,65,0.03571428571428571
bgs_spearman,,,1MHBF3G6DCPWHSKG7XCP,38CWS74285MFGZZXR09Z,66,0.0157051282051282
bgs_spearman,,,1MHBF3G6DCPWHSKG7XCP,38CWS74285MFGZZXR09Z,67,-0.06689560439560438
bgs_spearman,,,1MHBF3G6DCPWHSKG7XCP,38CWS74285MFGZZXR09Z,68,-0.05137362637362637
bgs_spearman,,,1MHBF3G6DCPWHSKG7XCP,38CWS74285MFGZZXR09Z,69,0.11130952380952379
bgs_spearman,,,1MHBF3G6DCPWHSKG7XCP,38CWS74285MFGZZXR09Z,70,-0.04848901098901098
bgs_spearman,,,1MHBF3G6DCPWHSKG7XCP,38CWS74285MFGZZXR09Z,71,0.18246336996336995
bgs_spearman,,,1MHBF3G6DCPWHSKG7XCP,38CWS74285MFGZZXR09Z,72,-0.1624084249084249
bgs_spearman,,,1MHBF3G6DCPWHSKG7XCP,38CWS74285MFGZZXR09Z,73,-0.20489926739926737
bgs_spearman,,,1MHBF3G6DCPWHSKG7XCP,38CWS74285MFGZZXR09Z,74,0.017078754578754577
bgs_spearman,,,1MHBF3G6DCPWHSKG7XCP,38CWS74285MFGZZXR09Z,75,0.05068681318681318
bgs_spearman,,,1MHBF3G6DCPWHSKG7XCP,38CWS74285MFGZZXR09Z,76,-0.07609890109890109
bgs_spearman,,,1MHBF3G6DCPWHSKG7XCP,38CWS74285MFGZZXR09Z,77,-0.04505494505494505
bgs_spearman,,,1MHBF3G6DCPWHSKG7XCP,38CWS74285MFGZZXR09Z,78,-0.07568681318681318
bgs_spearman,,,1MHBF3G6DCPWHSKG7XCP,38CWS74285MFGZZXR09Z,79,-0.006135531135531135
bgs_spearman,,,1MHBF3G6DCPWHSKG7XCP,38CWS74285MFGZZXR09Z,80,-0.029304029304029304
bgs_spearman,,,1MHBF3G6DCPWHSKG7XCP,38CWS74285MFGZZXR09Z,81,0.0684065934065934
bgs_spearman,,,1MHBF3G6DCPWHSKG7XCP,38CWS74285MFGZZXR09Z,82,-0.27760989010989007
bgs_spearman,,,1MHBF3G6DCPWHSKG7XCP,38CWS74285MFGZZXR09Z,83,0.11396520146520146
bgs_spearman,,,1MHBF3G6DCPWHSKG7XCP,38CWS74285MFGZZXR09Z,84,-0.0028388278388278387
bgs_spearman,,,1MHBF3G6DCPWHSKG7XCP,38CWS74285MFGZZXR09Z,85,-0.04729853479853479
bgs_spearman,,,1MHBF3G6DCPWHSKG7XCP,38CWS74285MFGZZXR09Z,86,-0.10769230769230768
bgs_spearman,,,1MHBF3G6DCPWHSKG7XCP,38CWS74285MFGZZXR09Z,87,-0.0034798534798534796
bgs_spearman,,,1MHBF3G6DCPWHSKG7XCP,38CWS74285MFGZZXR09Z,88,-0.1107142857142857
bgs_spearman,,,1MHBF3G6DCPWHSKG7XCP,38CWS74285MFGZZXR09Z,89,-0.15398351648351646
bgs_spearman,,,1MHBF3G6DCPWHSKG7XCP,38CWS74285MFGZZXR09Z,90,0.04097985347985348
bgs_spearman,,,1MHBF3G6DCPWHSKG7XCP,38CWS74285MFGZZXR09Z,91,-0.1566391941391941
bgs_spearman,,,1MHBF3G6DCPWHSKG7XCP,38CWS74285MFGZZXR09Z,92,-0.049679487179487176
bgs_spearman,,,1MHBF3G6DCPWHSKG7XCP,38CWS74285MFGZZXR09Z,93,0.05663919413919413
bgs_spearman,,,1MHBF3G6DCPWHSKG7XCP,38CWS74285MFGZZXR09Z,94,-0.08727106227106225
bgs_spearman,,,1MHBF3G6DCPWHSKG7XCP,38CWS74285MFGZZXR09Z,95,0.12765567765567765
bgs_spearman,,,1MHBF3G6DCPWHSKG7XCP,38CWS74285MFGZZXR09Z,96,-0.03882783882783882
bgs_spearman,,,1MHBF3G6DCPWHSKG7XCP,38CWS74285MFGZZXR09Z,97,-0.16108058608058604
bgs_spearman,,,1MHBF3G6DCPWHSKG7XCP,38CWS74285MFGZZXR09Z,98,-0.11652930402930402
bgs_spearman,,,1MHBF3G6DCPWHSKG7XCP,38CWS74285MFGZZXR09Z,99,0.00036630036630036625
bgs_spearman,,,1MHBF3G6DCPWHSKG7XCP,38CWS74285MFGZZXR09Z,100,0.07362637362637361
bgs_spearman,,,1MHBF3G6DCPWHSKG7XCP,38CWS74285MFGZZXR09Z,101,0.06524725274725274
bgs_spearman,,,1MHBF3G6DCPWHSKG7XCP,38CWS74285MFGZZXR09Z,102,0.17532051282051278
bgs_spearman,,,1MHBF3G6DCPWHSKG7XCP,38CWS74285MFGZZXR09Z,103,0.19784798534798534
bgs_spearman,,,1MHBF3G6DCPWHSKG7XCP,38CWS74285MFGZZXR09Z,104,-0.13923992673992672
bgs_spearman,,,1MHBF3G6DCPWHSKG7XCP,38CWS74285MFGZZXR09Z,105,0.15434981684981683
bgs_spearman,,,1MHBF3G6DCPWHSKG7XCP,38CWS74285MFGZZXR09Z,106,-0.10897435897435898
bgs_spearman,,,1MHBF3G6DCPWHSKG7XCP,38CWS74285MFGZZXR09Z,107,0.01268315018315018
bgs_spearman,,,1MHBF3G6DCPWHSKG7XCP,38CWS74285MFGZZXR09Z,108,0.07408424908424907
bgs_spearman,,,1MHBF3G6DCPWHSKG7XCP,38CWS74285MFGZZXR09Z,109,-0.015155677655677654
bgs_spearman,,,1MHBF3G6DCPWHSKG7XCP,38CWS74285MFGZZXR09Z,110,-0.11648351648351647
bgs_spearman,,,1MHBF3G6DCPWHSKG7XCP,38CWS74285MFGZZXR09Z,111,-0.016666666666666666
bgs_spearman,,,1MHBF3G6DCPWHSKG7XCP,38CWS74285MFGZZXR09Z,112,0.05192307692307692
bgs_spearman,,,1MHBF3G6DCPWHSKG7XCP,38CWS74285MFGZZXR09Z,113,-0.11675824175824175
bgs_spearman,,,1MHBF3G6DCPWHSKG7XCP,38CWS74285MFGZZXR09Z,114,-0.11694139194139194
bgs_spearman,,,1MHBF3G6DCPWHSKG7XCP,38CWS74285MFGZZXR09Z,115,-0.08873626373626373
bgs_spearman,,,1MHBF3G6DCPWHSKG7XCP,38CWS74285MFGZZXR09Z,116,-0.00989010989010989
bgs_spearman,,,1MHBF3G6DCPWHSKG7XCP,38CWS74285MFGZZXR09Z,117,-0.05924908424908424
bgs_spearman,,,1MHBF3G6DCPWHSKG7XCP,38CWS74285MFGZZXR09Z,118,-0.24578754578754575
bgs_spearman,,,1MHBF3G6DCPWHSKG7XCP,38CWS74285MFGZZXR09Z,119,0.09157509157509156
bgs_spearman,,,1MHBF3G6DCPWHSKG7XCP,38CWS74285MFGZZXR09Z,120,-0.17509157509157508
bgs_spearman,,,1MHBF3G6DCPWHSKG7XCP,38CWS74285MFGZZXR09Z,121,-0.0173992673992674
bgs_spearman,,,1MHBF3G6DCPWHSKG7XCP,38CWS74285MFGZZXR09Z,122,0.21456043956043955
bgs_spearman,,,1MHBF3G6DCPWHSKG7XCP,38CWS74285MFGZZXR09Z,123,-0.06543040293040292
bgs_spearman,,,1MHBF3G6DCPWHSKG7XCP,38CWS74285MFGZZXR09Z,124,0.19674908424908422
bgs_spearman,,,1MHBF3G6DCPWHSKG7XCP,38CWS74285MFGZZXR09Z,125,0.09047619047619047
bgs_spearman,,,1MHBF3G6DCPWHSKG7XCP,38CWS74285MFGZZXR09Z,126,-0.20819597069597068
bgs_spearman,,,1MHBF3G6DCPWHSKG7XCP,38CWS74285MFGZZXR09Z,127,-0.02225274725274725
bgs_spearman,,,1MHBF3G6DCPWHSKG7XCP,38CWS74285MFGZZXR09Z,128,-0.07504578754578754
bgs_spearman,,,1MHBF3G6DCPWHSKG7XCP,38CWS74285MFGZZXR09Z,129,-0.14963369963369963
bgs_spearman,,,1MHBF3G6DCPWHSKG7XCP,38CWS74285MFGZZXR09Z,130,0.16167582417582416
bgs_spearman,,,1MHBF3G6DCPWHSKG7XCP,38CWS74285MFGZZXR09Z,131,0.22934981684981684
bgs_spearman,,,1MHBF3G6DCPWHSKG7XCP,38CWS74285MFGZZXR09Z,132,-0.018498168498168495
bgs_spearman,,,1MHBF3G6DCPWHSKG7XCP,38CWS74285MFGZZXR09Z,133,-0.20013736263736262
bgs_spearman,,,1MHBF3G6DCPWHSKG7XCP,38CWS74285MFGZZXR09Z,134,0.20975274725274723
bgs_spearman,,,1MHBF3G6DCPWHSKG7XCP,38CWS74285MFGZZXR09Z,135,-0.05897435897435897
bgs_spearman,,,1MHBF3G6DCPWHSKG7XCP,38CWS74285MFGZZXR09Z,136,0.1398351648351648
bgs_spearman,,,1MHBF3G6DCPWHSKG7XCP,38CWS74285MFGZZXR09Z,137,-0.16510989010989008
bgs_spearman,,,1MHBF3G6DCPWHSKG7XCP,38CWS74285MFGZZXR09Z,138,0.10558608058608057
bgs_spearman,,,1MHBF3G6DCPWHSKG7XCP,38CWS74285MFGZZXR09Z,139,0.01510989010989011
bgs_spearman,,,1MHBF3G6DCPWHSKG7XCP,38CWS74285MFGZZXR09Z,140,0.01529304029304029
bgs_spearman,,,1MHBF3G6DCPWHSKG7XCP,38CWS74285MFGZZXR09Z,141,0.11030219780219779
bgs_spearman,,,1MHBF3G6DCPWHSKG7XCP,38CWS74285MFGZZXR09Z,142,-0.0928113553113553
bgs_spearman,,,1MHBF3G6DCPWHSKG7XCP,38CWS74285MFGZZXR09Z,143,0.0072802197802197795
bgs_spearman,,,1MHBF3G6DCPWHSKG7XCP,38CWS74285MFGZZXR09Z,144,-0.05274725274725274
bgs_spearman,,,1MHBF3G6DCPWHSKG7XCP,38CWS74285MFGZZXR09Z,145,0.21863553113553108
bgs_spearman,,,1MHBF3G6DCPWHSKG7XCP,38CWS74285MFGZZXR09Z,146,-0.07458791208791207
bgs_spearman,,,1MHBF3G6DCPWHSKG7XCP,38CWS74285MFGZZXR09Z,147,0.0809981684981685
bgs_spearman,,,1MHBF3G6DCPWHSKG7XCP,38CWS74285MFGZZXR09Z,148,-0.12765567765567765
bgs_spearman,,,1MHBF3G6DCPWHSKG7XCP,38CWS74285MFGZZXR09Z,149,-0.005998168498168497
bgs_spearman,,,1MHBF3G6DCPWHSKG7XCP,38CWS74285MFGZZXR09Z,150,0.02193223443223443
bgs_spearman,,,1MHBF3G6DCPWHSKG7XCP,38CWS74285MFGZZXR09Z,151,-0.004807692307692307
bgs_spearman,,,1MHBF3G6DCPWHSKG7XCP,38CWS74285MFGZZXR09Z,152,0.009432234432234432
bgs_spearman,,,1MHBF3G6DCPWHSKG7XCP,38CWS74285MFGZZXR09Z,153,-0.1872252747252747
bgs_spearman,,,1MHBF3G6DCPWHSKG7XCP,38CWS74285MFGZZXR09Z,154,-0.11923076923076922
bgs_spearman,,,1MHBF3G6DCPWHSKG7XCP,38CWS74285MFGZZXR09Z,155,-0.16117216117216115
bgs_spearman,,,1MHBF3G6DCPWHSKG7XCP,38CWS74285MFGZZXR09Z,156,-0.020100732600732595
bgs_spearman,,,1MHBF3G6DCPWHSKG7XCP,38CWS74285MFGZZXR09Z,157,-0.09629120879120878
bgs_spearman,,,1MHBF3G6DCPWHSKG7XCP,38CWS74285MFGZZXR09Z,158,0.035989010989010986
bgs_spearman,,,1MHBF3G6DCPWHSKG7XCP,38CWS74285MFGZZXR09Z,159,-0.37641941391941386
bgs_spearman,,,1MHBF3G6DCPWHSKG7XCP,38CWS74285MFGZZXR09Z,160,0.023214285714285715
bgs_spearman,,,1MHBF3G6DCPWHSKG7XCP,38CWS74285MFGZZXR09Z,161,0.05384615384615384
bgs_spearman,,,1MHBF3G6DCPWHSKG7XCP,38CWS74285MFGZZXR09Z,162,-0.20535714285714285
bgs_spearman,,,1MHBF3G6DCPWHSKG7XCP,38CWS74285MFGZZXR09Z,163,-0.0715201465201465
bgs_spearman,,,1MHBF3G6DCPWHSKG7XCP,38CWS74285MFGZZXR09Z,164,-0.019826007326007325
bgs_spearman,,,1MHBF3G6DCPWHSKG7XCP,38CWS74285MFGZZXR09Z,165,0.0896062271062271
bgs_spearman,,,1MHBF3G6DCPWHSKG7XCP,38CWS74285MFGZZXR09Z,166,0.059203296703296694
bgs_spearman,,,1MHBF3G6DCPWHSKG7XCP,38CWS74285MFGZZXR09Z,167,0.0961080586080586
bgs_spearman,,,1MHBF3G6DCPWHSKG7XCP,38CWS74285MFGZZXR09Z,168,-0.027884615384615383
bgs_spearman,,,1MHBF3G6DCPWHSKG7XCP,38CWS74285MFGZZXR09Z,169,-0.11987179487179486
bgs_spearman,,,1MHBF3G6DCPWHSKG7XCP,38CWS74285MFGZZXR09Z,170,0.019368131868131865
bgs_spearman,,,1MHBF3G6DCPWHSKG7XCP,38CWS74285MFGZZXR09Z,171,0.14725274725274723
bgs_spearman,,,1MHBF3G6DCPWHSKG7XCP,38CWS74285MFGZZXR09Z,172,0.23988095238095233
bgs_spearman,,,1MHBF3G6DCPWHSKG7XCP,38CWS74285MFGZZXR09Z,173,-0.06588827838827838
bgs_spearman,,,1MHBF3G6DCPWHSKG7XCP,38CWS74285MFGZZXR09Z,174,0.005906593406593406
bgs_spearman,,,1MHBF3G6DCPWHSKG7XCP,38CWS74285MFGZZXR09Z,175,-0.035989010989010986
bgs_spearman,,,1MHBF3G6DCPWHSKG7XCP,38CWS74285MFGZZXR09Z,176,0.20883699633699632
bgs_spearman,,,1MHBF3G6DCPWHSKG7XCP,38CWS74285MFGZZXR09Z,177,0.007097069597069596
bgs_spearman,,,1MHBF3G6DCPWHSKG7XCP,38CWS74285MFGZZXR09Z,178,-0.16208791208791207
bgs_spearman,,,1MHBF3G6DCPWHSKG7XCP,38CWS74285MFGZZXR09Z,179,0.10677655677655676
bgs_spearman,,,1MHBF3G6DCPWHSKG7XCP,38CWS74285MFGZZXR09Z,180,-0.023901098901098896
bgs_spearman,,,1MHBF3G6DCPWHSKG7XCP,38CWS74285MFGZZXR09Z,181,-0.20398351648351645
bgs_spearman,,,1MHBF3G6DCPWHSKG7XCP,38CWS74285MFGZZXR09Z,182,-0.1384157509157509
bgs_spearman,,,1MHBF3G6DCPWHSKG7XCP,38CWS74285MFGZZXR09Z,183,0.020146520146520144
bgs_spearman,,,1MHBF3G6DCPWHSKG7XCP,38CWS74285MFGZZXR09Z,184,0.021749084249084248
bgs_spearman,,,1MHBF3G6DCPWHSKG7XCP,38CWS74285MFGZZXR09Z,185,-0.15357142857142855
bgs_spearman,,,1MHBF3G6DCPWHSKG7XCP,38CWS74285MFGZZXR09Z,186,0.05068681318681318
bgs_spearman,,,1MHBF3G6DCPWHSKG7XCP,38CWS74285MFGZZXR09Z,187,0.01868131868131868
bgs_spearman,,,1MHBF3G6DCPWHSKG7XCP,38CWS74285MFGZZXR09Z,188,0.0682234432234432
bgs_spearman,,,1MHBF3G6DCPWHSKG7XCP,38CWS74285MFGZZXR09Z,189,0.11804029304029302
bgs_spearman,,,1MHBF3G6DCPWHSKG7XCP,38CWS74285MFGZZXR09Z,190,0.13667582417582416
bgs_spearman,,,1MHBF3G6DCPWHSKG7XCP,38CWS74285MFGZZXR09Z,191,-0.00027472527472527467
bgs_spearman,,,1MHBF3G6DCPWHSKG7XCP,38CWS74285MFGZZXR09Z,192,-0.05032051282051281
bgs_spearman,,,1MHBF3G6DCPWHSKG7XCP,38CWS74285MFGZZXR09Z,193,-0.03273809523809523
bgs_spearman,,,1MHBF3G6DCPWHSKG7XCP,38CWS74285MFGZZXR09Z,194,0.003250915750915751
bgs_spearman,,,1MHBF3G6DCPWHSKG7XCP,38CWS74285MFGZZXR09Z,195,0.14143772893772893
bgs_spearman,,,1MHBF3G6DCPWHSKG7XCP,38CWS74285MFGZZXR09Z,196,-0.31011904761904757
bgs_spearman,,,1MHBF3G6DCPWHSKG7XCP,38CWS74285MFGZZXR09Z,197,0.19903846153846153
bgs_spearman,,,1MHBF3G6DCPWHSKG7XCP,38CWS74285MFGZZXR09Z,198,-0.04336080586080586
bgs_spearman,,,1MHBF3G6DCPWHSKG7XCP,38CWS74285MFGZZXR09Z,199,0.0016483516483516481
bgs_spearman,,,23X6SY44VT9KFHR7S7OC,2XL5HSFSE93RMOJDRGR4,0,0.07999084249084248
bgs_spearman,,,23X6SY44VT9KFHR7S7OC,2XL5HSFSE93RMOJDRGR4,1,-0.06323260073260073
bgs_spearman,,,23X6SY44VT9KFHR7S7OC,2XL5HSFSE93RMOJDRGR4,2,-0.29427655677655673
bgs_spearman,,,23X6SY44VT9KFHR7S7OC,2XL5HSFSE93RMOJDRGR4,3,0.04729853479853479
bgs_spearman,,,23X6SY44VT9KFHR7S7OC,2XL5HSFSE93RMOJDRGR4,4,0.010714285714285713
bgs_spearman,,,23X6SY44VT9KFHR7S7OC,2XL5HSFSE93RMOJDRGR4,5,-0.04913003663003663
bgs_spearman,,,23X6SY44VT9KFHR7S7OC,2XL5HSFSE93RMOJDRGR4,6,0.2238553113553113
bgs_spearman,,,23X6SY44VT9KFHR7S7OC,2XL5HSFSE93RMOJDRGR4,7,-0.07065018315018315
bgs_spearman,,,23X6SY44VT9KFHR7S7OC,2XL5HSFSE93RMOJDRGR4,8,0.05842490842490842
bgs_spearman,,,23X6SY44VT9KFHR7S7OC,2XL5HSFSE93RMOJDRGR4,9,0.016849816849816845
bgs_spearman,,,23X6SY44VT9KFHR7S7OC,2XL5HSFSE93RMOJDRGR4,10,0.05961538461538461
bgs_spearman,,,23X6SY44VT9KFHR7S7OC,2XL5HSFSE93RMOJDRGR4,11,-0.041666666666666664
bgs_spearman,,,23X6SY44VT9KFHR7S7OC,2XL5HSFSE93RMOJDRGR4,12,0.07165750915750914
bgs_spearman,,,23X6SY44VT9KFHR7S7OC,2XL5HSFSE93RMOJDRGR4,13,-0.02957875457875457
bgs_spearman,,,23X6SY44VT9KFHR7S7OC,2XL5HSFSE93RMOJDRGR4,14,0.024130036630036624
bgs_spearman,,,23X6SY44VT9KFHR7S7OC,2XL5HSFSE93RMOJDRGR4,15,-0.03717948717948717
bgs_spearman,,,23X6SY44VT9KFHR7S7OC,2XL5HSFSE93RMOJDRGR4,16,-0.09505494505494504
bgs_spearman,,,23X6SY44VT9KFHR7S7OC,2XL5HSFSE93RMOJDRGR4,17,0.07596153846153846
bgs_spearman,,,23X6SY44VT9KFHR7S7OC,2XL5HSFSE93RMOJDRGR4,18,-0.08804945054945054
bgs_spearman,,,23X6SY44VT9KFHR7S7OC,2XL5HSFSE93RMOJDRGR4,19,-0.05673076923076922
bgs_spearman,,,23X6SY44VT9KFHR7S7OC,2XL5HSFSE93RMOJDRGR4,20,-0.07738095238095237
bgs_spearman,,,23X6SY44VT9KFHR7S7OC,2XL5HSFSE93RMOJDRGR4,21,0.08067765567765568
bgs_spearman,,,23X6SY44VT9KFHR7S7OC,2XL5HSFSE93RMOJDRGR4,22,-0.08965201465201465
bgs_spearman,,,23X6SY44VT9KFHR7S7OC,2XL5HSFSE93RMOJDRGR4,23,0.03319597069597069
bgs_spearman,,,23X6SY44VT9KFHR7S7OC,2XL5HSFSE93RMOJDRGR4,24,0.05837912087912087
bgs_spearman,,,23X6SY44VT9KFHR7S7OC,2XL5HSFSE93RMOJDRGR4,25,0.09166666666666666
bgs_spearman,,,23X6SY44VT9KFHR7S7OC,2XL5HSFSE93RMOJDRGR4,26,-0.21437728937728937
bgs_spearman,,,23X6SY44VT9KFHR7S7OC,2XL5HSFSE93RMOJDRGR4,27,0.09226190476190474
bgs_spearman,,,23X6SY44VT9KFHR7S7OC,2XL5HSFSE93RMOJDRGR4,28,0.01932234432234432
bgs_spearman,,,23X6SY44VT9KFHR7S7OC,2XL5HSFSE93RMOJDRGR4,29,-0.07884615384615384
bgs_spearman,,,23X6SY44VT9KFHR7S7OC,2XL5HSFSE93RMOJDRGR4,30,0.0056776556776556774
bgs_spearman,,,23X6SY44VT9KFHR7S7OC,2XL5HSFSE93RMOJDRGR4,31,-0.04945054945054945
bgs_spearman,,,23X6SY44VT9KFHR7S7OC,2XL5HSFSE93RMOJDRGR4,32,0.11135531135531135
bgs_spearman,,,23X6SY44VT9KFHR7S7OC,2XL5HSFSE93RMOJDRGR4,33,-0.04697802197802197
bgs_spearman,,,23X6SY44VT9KFHR7S7OC,2XL5HSFSE93RMOJDRGR4,34,-0.0766025641025641
bgs_spearman,,,23X6SY44VT9KFHR7S7OC,2XL5HSFSE93RMOJDRGR4,35,0.1086996336996337
bgs_spearman,,,23X6SY44VT9KFHR7S7OC,2XL5HSFSE93RMOJDRGR4,36,0.1440018315018315
bgs_spearman,,,23X6SY44VT9KFHR7S7OC,2XL5HSFSE93RMOJDRGR4,37,0.00586080586080586
bgs_spearman,,,23X6SY44VT9KFHR7S7OC,2XL5HSFSE93RMOJDRGR4,38,0.09276556776556776
bgs_spearman,,,23X6SY44VT9KFHR7S7OC,2XL5HSFSE93RMOJDRGR4,39,0.060897435897435896
bgs_spearman,,,23X6SY44VT9KFHR7S7OC,2XL5HSFSE93RMOJDRGR4,40,-0.10329670329670329
bgs_spearman,,,23X6SY44VT9KFHR7S7OC,2XL5HSFSE93RMOJDRGR4,41,0.022069597069597064
bgs_spearman,,,23X6SY44VT9KFHR7S7OC,2XL5HSFSE93RMOJDRGR4,42,-0.015934065934065933
bgs_spearman,,,23X6SY44VT9KFHR7S7OC,2XL5HSFSE93RMOJDRGR4,43,-0.021108058608058606
bgs_spearman,,,23X6SY44VT9KFHR7S7OC,2XL5HSFSE93RMOJDRGR4,44,0.09294871794871794
bgs_spearman,,,23X6SY44VT9KFHR7S7OC,2XL5HSFSE93RMOJDRGR4,45,0.04061355311355311
bgs_spearman,,,23X6SY44VT9KFHR7S7OC,2XL5HSFSE93RMOJDRGR4,46,-0.021428571428571425
bgs_spearman,,,23X6SY44VT9KFHR7S7OC,2XL5HSFSE93RMOJDRGR4,47,0.021199633699633697
bgs_spearman,,,23X6SY44VT9KFHR7S7OC,2XL5HSFSE93RMOJDRGR4,48,-0.1769230769230769
bgs_spearman,,,23X6SY44VT9KFHR7S7OC,2XL5HSFSE93RMOJDRGR4,49,0.12124542124542123
bgs_spearman,,,23X6SY44VT9KFHR7S7OC,2XL5HSFSE93RMOJDRGR4,50,-0.2054029304029304
bgs_spearman,,,23X6SY44VT9KFHR7S7OC,2XL5HSFSE93RMOJDRGR4,51,-0.08287545787545786
bgs_spearman,,,23X6SY44VT9KFHR7S7OC,2XL5HSFSE93RMOJDRGR4,52,-0.007554945054945055
bgs_spearman,,,23X6SY44VT9KFHR7S7OC,2XL5HSFSE93RMOJDRGR4,53,0.09702380952380951
bgs_spearman,,,23X6SY44VT9KFHR7S7OC,2XL5HSFSE93RMOJDRGR4,54,-0.10828754578754578
bgs_spearman,,,23X6SY44VT9KFHR7S7OC,2XL5HSFSE93RMOJDRGR4,55,-0.1052197802197802
bgs_spearman,,,23X6SY44VT9KFHR7S7OC,2XL5HSFSE93RMOJDRGR4,56,0.08804945054945054
bgs_spearman,,,23X6SY44VT9KFHR7S7OC,2XL5HSFSE93RMOJDRGR4,57,0.04986263736263736
bgs_spearman,,,23X6SY44VT9KFHR7S7OC,2XL5HSFSE93RMOJDRGR4,58,0.07097069597069597
bgs_spearman,,,23X6SY44VT9KFHR7S7OC,2XL5HSFSE93RMOJDRGR4,59,-0.06007326007326006
bgs_spearman,,,23X6SY44VT9KFHR7S7OC,2XL5HSFSE93RMOJDRGR4,60,-0.19519230769230766
bgs_spearman,,,23X6SY44VT9KFHR7S7OC,2XL5HSFSE93RMOJDRGR4,61,-0.007234432234432234
bgs_spearman,,,23X6SY44VT9KFHR7S7OC,2XL5HSFSE93RMOJDRGR4,62,0.17348901098901098
bgs_spearman,,,23X6SY44VT9KFHR7S7OC,2XL5HSFSE93RMOJDRGR4,63,-0.076510989010989
bgs_spearman,,,23X6SY44VT9KFHR7S7OC,2XL5HSFSE93RMOJDRGR4,64,-0.0013736263736263735
bgs_spearman,,,23X6SY44VT9KFHR7S7OC,2XL5HSFSE93RMOJDRGR4,65,-0.05059523809523809
bgs_spearman,,,23X6SY44VT9KFHR7S7OC,2XL5HSFSE93RMOJDRGR4,66,0.1554029304029304
bgs_spearman,,,23X6SY44VT9KFHR7S7OC,2XL5HSFSE93RMOJDRGR4,67,0.09047619047619047
bgs_spearman,,,23X6SY44VT9KFHR7S7OC,2XL5HSFSE93RMOJDRGR4,68,0.0035714285714285718
bgs_spearman,,,23X6SY44VT9KFHR7S7OC,2XL5HSFSE93RMOJDRGR4,69,0.013965201465201462
bgs_spearman,,,23X6SY44VT9KFHR7S7OC,2XL5HSFSE93RMOJDRGR4,70,0.1402930402930403
bgs_spearman,,,23X6SY44VT9KFHR7S7OC,2XL5HSFSE93RMOJDRGR4,71,0.09624542124542122
bgs_spearman,,,23X6SY44VT9KFHR7S7OC,2XL5HSFSE93RMOJDRGR4,72,-0.09734432234432235
bgs_spearman,,,23X6SY44VT9KFHR7S7OC,2XL5HSFSE93RMOJDRGR4,73,-0.03978937728937728
bgs_spearman,,,23X6SY44VT9KFHR7S7OC,2XL5HSFSE93RMOJDRGR4,74,0.1836080586080586
bgs_spearman,,,23X6SY44VT9KFHR7S7OC,2XL5HSFSE93RMOJDRGR4,75,0.14358974358974358
bgs_spearman,,,23X6SY44VT9KFHR7S7OC,2XL5HSFSE93RMOJDRGR4,76,-0.05869963369963369
bgs_spearman,,,23X6SY44VT9KFHR7S7OC,2XL5HSFSE93RMOJDRGR4,77,-0.04409340659340659
bgs_spearman,,,23X6SY44VT9KFHR7S7OC,2XL5HSFSE93RMOJDRGR4,78,-0.08209706959706958
bgs_spearman,,,23X6SY44VT9KFHR7S7OC,2XL5HSFSE93RMOJDRGR4,79,-0.11991758241758242
bgs_spearman,,,23X6SY44VT9KFHR7S7OC,2XL5HSFSE93RMOJDRGR4,80,0.04184981684981685
bgs_spearman,,,23X6SY44VT9KFHR7S7OC,2XL5HSFSE93RMOJDRGR4,81,0.1460164835164835
bgs_spearman,,,23X6SY44VT9KFHR7S7OC,2XL5HSFSE93RMOJDRGR4,82,-0.06195054945054944
bgs_spearman,,,23X6SY44VT9KFHR7S7OC,2XL5HSFSE93RMOJDRGR4,83,-0.014835164835164831
bgs_spearman,,,23X6SY44VT9KFHR7S7OC,2XL5HSFSE93RMOJDRGR4,84,0.10009157509157508
bgs_spearman,,,23X6SY44VT9KFHR7S7OC,2XL5HSFSE93RMOJDRGR4,85,0.06717032967032967
bgs_spearman,,,23X6SY44VT9KFHR7S7OC,2XL5HSFSE93RMOJDRGR4,86,0.10467032967032966
bgs_spearman,,,23X6SY44VT9KFHR7S7OC,2XL5HSFSE93RMOJDRGR4,87,-0.04468864468864468
bgs_spearman,,,23X6SY44VT9KFHR7S7OC,2XL5HSFSE93RMOJDRGR4,88,0.003663003663003663
bgs_spearman,,,23X6SY44VT9KFHR7S7OC,2XL5HSFSE93RMOJDRGR4,89,-0.14555860805860804
bgs_spearman,,,23X6SY44VT9KFHR7S7OC,2XL5HSFSE93RMOJDRGR4,90,-0.1568223443223443
bgs_spearman,,,23X6SY44VT9KFHR7S7OC,2XL5HSFSE93RMOJDRGR4,91,0.10512820512820512
bgs_spearman,,,23X6SY44VT9KFHR7S7OC,2XL5HSFSE93RMOJDRGR4,92,-0.02628205128205128
bgs_spearman,,,23X6SY44VT9KFHR7S7OC,2XL5HSFSE93RMOJDRGR4,93,-0.2735347985347985
bgs_spearman,,,23X6SY44VT9KFHR7S7OC,2XL5HSFSE93RMOJDRGR4,94,0.143040293040293
bgs_spearman,,,23X6SY44VT9KFHR7S7OC,2XL5HSFSE93RMOJDRGR4,95,0.19638278388278385
bgs_spearman,,,23X6SY44VT9KFHR7S7OC,2XL5HSFSE93RMOJDRGR4,96,-0.056822344322344315
bgs_spearman,,,23X6SY44VT9KFHR7S7OC,2XL5HSFSE93RMOJDRGR4,97,0.10956959706959706
bgs_spearman,,,23X6SY44VT9KFHR7S7OC,2XL5HSFSE93RMOJDRGR4,98,-0.02051282051282051
bgs_spearman,,,23X6SY44VT9KFHR7S7OC,2XL5HSFSE93RMOJDRGR4,99,-0.09555860805860805
bgs_spearman,,,23X6SY44VT9KFHR7S7OC,2XL5HSFSE93RMOJDRGR4,100,-0.01314102564102564
bgs_spearman,,,23X6SY44VT9KFHR7S7OC,2XL5HSFSE93RMOJDRGR4,101,0.4222069597069597
bgs_spearman,,,23X6SY44VT9KFHR7S7OC,2XL5HSFSE93RMOJDRGR4,102,-0.021428571428571425
bgs_spearman,,,23X6SY44VT9KFHR7S7OC,2XL5HSFSE93RMOJDRGR4,103,-0.024084249084249082
bgs_spearman,,,23X6SY44VT9KFHR7S7OC,2XL5HSFSE93RMOJDRGR4,104,-0.028937728937728936
bgs_spearman,,,23X6SY44VT9KFHR7S7OC,2XL5HSFSE93RMOJDRGR4,105,-0.010989010989010988
bgs_spearman,,,23X6SY44VT9KFHR7S7OC,2XL5HSFSE93RMOJDRGR4,106,-0.011446886446886444
bgs_spearman,,,23X6SY44VT9KFHR7S7OC,2XL5HSFSE93RMOJDRGR4,107,-0.04184981684981685
bgs_spearman,,,23X6SY44VT9KFHR7S7OC,2XL5HSFSE93RMOJDRGR4,108,-0.06332417582417582
bgs_spearman,,,23X6SY44VT9KFHR7S7OC,2XL5HSFSE93RMOJDRGR4,109,-0.27971611721611717
bgs_spearman,,,23X6SY44VT9KFHR7S7OC,2XL5HSFSE93RMOJDRGR4,110,0.19464285714285712
bgs_spearman,,,23X6SY44VT9KFHR7S7OC,2XL5HSFSE93RMOJDRGR4,111,0.19958791208791207
bgs_spearman,,,23X6SY44VT9KFHR7S7OC,2XL5HSFSE93RMOJDRGR4,112,-0.13754578754578753
bgs_spearman,,,23X6SY44VT9KFHR7S7OC,2XL5HSFSE93RMOJDRGR4,113,0.13493589743589743
bgs_spearman,,,23X6SY44VT9KFHR7S7OC,2XL5HSFSE93RMOJDRGR4,114,0.17206959706959704
bgs_spearman,,,23X6SY44VT9KFHR7S7OC,2XL5HSFSE93RMOJDRGR4,115,0.01561355311355311
bgs_spearman,,,23X6SY44VT9KFHR7S7OC,2XL5HSFSE93RMOJDRGR4,116,-0.04152930402930402
bgs_spearman,,,23X6SY44VT9KFHR7S7OC,2XL5HSFSE93RMOJDRGR4,117,-0.2811813186813186
bgs_spearman,,,23X6SY44VT9KFHR7S7OC,2XL5HSFSE93RMOJDRGR4,118,0.14587912087912086
bgs_spearman,,,23X6SY44VT9KFHR7S7OC,2XL5HSFSE93RMOJDRGR4,119,0.06945970695970696
bgs_spearman,,,23X6SY44VT9KFHR7S7OC,2XL5HSFSE93RMOJDRGR4,120,-0.04789377289377288
bgs_spearman,,,23X6SY44VT9KFHR7S7OC,2XL5HSFSE93RMOJDRGR4,121,-0.24903846153846151
bgs_spearman,,,23X6SY44VT9KFHR7S7OC,2XL5HSFSE93RMOJDRGR4,122,0.16717032967032966
bgs_spearman,,,23X6SY44VT9KFHR7S7OC,2XL5HSFSE93RMOJDRGR4,123,-0.20824175824175822
bgs_spearman,,,23X6SY44VT9KFHR7S7OC,2XL5HSFSE93RMOJDRGR4,124,-0.12738095238095237
bgs_spearman,,,23X6SY44VT9KFHR7S7OC,2XL5HSFSE93RMOJDRGR4,125,-0.11327838827838826
bgs_spearman,,,23X6SY44VT9KFHR7S7OC,2XL5HSFSE93RMOJDRGR4,126,0.05521978021978021
bgs_spearman,,,23X6SY44VT9KFHR7S7OC,2XL5HSFSE93RMOJDRGR4,127,0.08347069597069597
bgs_spearman,,,23X6SY44VT9KFHR7S7OC,2XL5HSFSE93RMOJDRGR4,128,-0.06323260073260073
bgs_spearman,,,23X6SY44VT9KFHR7S7OC,2XL5HSFSE93RMOJDRGR4,129,-0.12614468864468864
bgs_spearman,,,23X6SY44VT9KFHR7S7OC,2XL5HSFSE93RMOJDRGR4,130,0.12861721611721608
bgs_spearman,,,23X6SY44VT9KFHR7S7OC,2XL5HSFSE93RMOJDRGR4,131,-0.10746336996336994
bgs_spearman,,,23X6SY44VT9KFHR7S7OC,2XL5HSFSE93RMOJDRGR4,132,-0.12532051282051282
bgs_spearman,,,23X6SY44VT9KFHR7S7OC,2XL5HSFSE93RMOJDRGR4,133,0.11877289377289375
bgs_spearman,,,23X6SY44VT9KFHR7S7OC,2XL5HSFSE93RMOJDRGR4,134,0.1454212454212454
bgs_spearman,,,23X6SY44VT9KFHR7S7OC,2XL5HSFSE93RMOJDRGR4,135,-0.18278388278388275
bgs_spearman,,,23X6SY44VT9KFHR7S7OC,2XL5HSFSE93RMOJDRGR4,136,-0.02129120879120879
bgs_spearman,,,23X6SY44VT9KFHR7S7OC,2XL5HSFSE93RMOJDRGR4,137,0.03901098901098901
bgs_spearman,,,23X6SY44VT9KFHR7S7OC,2XL5HSFSE93RMOJDRGR4,138,0.13026556776556775
bgs_spearman,,,23X6SY44VT9KFHR7S7OC,2XL5HSFSE93RMOJDRGR4,139,-0.21117216117216114
bgs_spearman,,,23X6SY44VT9KFHR7S7OC,2XL5HSFSE93RMOJDRGR4,140,0.03997252747252747
bgs_spearman,,,23X6SY44VT9KFHR7S7OC,2XL5HSFSE93RMOJDRGR4,141,0.03319597069597069
bgs_spearman,,,23X6SY44VT9KFHR7S7OC,2XL5HSFSE93RMOJDRGR4,142,-0.10636446886446886
bgs_spearman,,,23X6SY44VT9KFHR7S7OC,2XL5HSFSE93RMOJDRGR4,143,0.03649267399267399
bgs_spearman,,,23X6SY44VT9KFHR7S7OC,2XL5HSFSE93RMOJDRGR4,144,-0.18305860805860805
bgs_spearman,,,23X6SY44VT9KFHR7S7OC,2XL5HSFSE93RMOJDRGR4,145,-0.24056776556776552
bgs_spearman,,,23X6SY44VT9KFHR7S7OC,2XL5HSFSE93RMOJDRGR4,146,-0.008653846153846153
bgs_spearman,,,23X6SY44VT9KFHR7S7OC,2XL5HSFSE93RMOJDRGR4,147,-0.07028388278388278
bgs_spearman,,,23X6SY44VT9KFHR7S7OC,2XL5HSFSE93RMOJDRGR4,148,0.02216117216117216
bgs_spearman,,,23X6SY44VT9KFHR7S7OC,2XL5HSFSE93RMOJDRGR4,149,0.17948717948717946
bgs_spearman,,,23X6SY44VT9KFHR7S7OC,2XL5HSFSE93RMOJDRGR4,150,-0.1576007326007326
bgs_spearman,,,23X6SY44VT9KFHR7S7OC,2XL5HSFSE93RMOJDRGR4,151,-0.23255494505494503
bgs_spearman,,,23X6SY44VT9KFHR7S7OC,2XL5HSFSE93RMOJDRGR4,152,-0.07119963369963368
bgs_spearman,,,23X6SY44VT9KFHR7S7OC,2XL5HSFSE93RMOJDRGR4,153,-0.20315934065934063
bgs_spearman,,,23X6SY44VT9KFHR7S7OC,2XL5HSFSE93RMOJDRGR4,154,-0.18969780219780216
bgs_spearman,,,23X6SY44VT9KFHR7S7OC,2XL5HSFSE93RMOJDRGR4,155,0.0040750915750915745
bgs_spearman,,,23X6SY44VT9KFHR7S7OC,2XL5HSFSE93RMOJDRGR4,156,0.01845238095238095
bgs_spearman,,,23X6SY44VT9KFHR7S7OC,2XL5HSFSE93RMOJDRGR4,157,0.09079670329670328
bgs_spearman,,,23X6SY44VT9KFHR7S7OC,2XL5HSFSE93RMOJDRGR4,158,0.1421245421245421
bgs_spearman,,,23X6SY44VT9KFHR7S7OC,2XL5HSFSE93RMOJDRGR4,159,0.01433150183150183
bgs_spearman,,,23X6SY44VT9KFHR7S7OC,2XL5HSFSE93RMOJDRGR4,160,-0.017124542124542123
bgs_spearman,,,23X6SY44VT9KFHR7S7OC,2XL5HSFSE93RMOJDRGR4,161,0.09835164835164835
bgs_spearman,,,23X6SY44VT9KFHR7S7OC,2XL5HSFSE93RMOJDRGR4,162,0.19885531135531134
bgs_spearman,,,23X6SY44VT9KFHR7S7OC,2XL5HSFSE93RMOJDRGR4,163,-0.0206043956043956
bgs_spearman,,,23X6SY44VT9KFHR7S7OC,2XL5HSFSE93RMOJDRGR4,164,-0.03182234432234432
bgs_spearman,,,23X6SY44VT9KFHR7S7OC,2XL5HSFSE93RMOJDRGR4,165,-0.20082417582417583
bgs_spearman,,,23X6SY44VT9KFHR7S7OC,2XL5HSFSE93RMOJDRGR4,166,0.14084249084249081
bgs_spearman,,,23X6SY44VT9KFHR7S7OC,2XL5HSFSE93RMOJDRGR4,167,0.13397435897435897
bgs_spearman,,,23X6SY44VT9KFHR7S7OC,2XL5HSFSE93RMOJDRGR4,168,-0.025228937728937726
bgs_spearman,,,23X6SY44VT9KFHR7S7OC,2XL5HSFSE93RMOJDRGR4,169,0.056547619047619034
bgs_spearman,,,23X6SY44VT9KFHR7S7OC,2XL5HSFSE93RMOJDRGR4,170,-0.07055860805860804
bgs_spearman,,,23X6SY44VT9KFHR7S7OC,2XL5HSFSE93RMOJDRGR4,171,-0.042719780219780214
bgs_spearman,,,23X6SY44VT9KFHR7S7OC,2XL5HSFSE93RMOJDRGR4,172,-0.2799908424908425
bgs_spearman,,,23X6SY44VT9KFHR7S7OC,2XL5HSFSE93RMOJDRGR4,173,-0.031135531135531132
bgs_spearman,,,23X6SY44VT9KFHR7S7OC,2XL5HSFSE93RMOJDRGR4,174,0.02628205128205128
bgs_spearman,,,23X6SY44VT9KFHR7S7OC,2XL5HSFSE93RMOJDRGR4,175,0.029670329670329662
bgs_spearman,,,23X6SY44VT9KFHR7S7OC,2XL5HSFSE93RMOJDRGR4,176,0.12078754578754579
bgs_spearman,,,23X6SY44VT9KFHR7S7OC,2XL5HSFSE93RMOJDRGR4,177,-0.11941391941391939
bgs_spearman,,,23X6SY44VT9KFHR7S7OC,2XL5HSFSE93RMOJDRGR4,178,-0.1314102564102564
bgs_spearman,,,23X6SY44VT9KFHR7S7OC,2XL5HSFSE93RMOJDRGR4,179,0.028525641025641018
bgs_spearman,,,23X6SY44VT9KFHR7S7OC,2XL5HSFSE93RMOJDRGR4,180,-0.15425824175824174
bgs_spearman,,,23X6SY44VT9KFHR7S7OC,2XL5HSFSE93RMOJDRGR4,181,0.34253663003663
bgs_spearman,,,23X6SY44VT9KFHR7S7OC,2XL5HSFSE93RMOJDRGR4,182,-0.029899267399267397
bgs_spearman,,,23X6SY44VT9KFHR7S7OC,2XL5HSFSE93RMOJDRGR4,183,0.08356227106227106
bgs_spearman,,,23X6SY44VT9KFHR7S7OC,2XL5HSFSE93RMOJDRGR4,184,0.025686813186813186
bgs_spearman,,,23X6SY44VT9KFHR7S7OC,2XL5HSFSE93RMOJDRGR4,185,-0.15622710622710623
bgs_spearman,,,23X6SY44VT9KFHR7S7OC,2XL5HSFSE93RMOJDRGR4,186,-0.11112637362637359
bgs_spearman,,,23X6SY44VT9KFHR7S7OC,2XL5HSFSE93RMOJDRGR4,187,0.06076007326007326
bgs_spearman,,,23X6SY44VT9KFHR7S7OC,2XL5HSFSE93RMOJDRGR4,188,0.015476190476190475
bgs_spearman,,,23X6SY44VT9KFHR7S7OC,2XL5HSFSE93RMOJDRGR4,189,-0.13663003663003662
bgs_spearman,,,23X6SY44VT9KFHR7S7OC,2XL5HSFSE93RMOJDRGR4,190,-0.26868131868131867
bgs_spearman,,,23X6SY44VT9KFHR7S7OC,2XL5HSFSE93RMOJDRGR4,191,-0.14354395604395603
bgs_spearman,,,23X6SY44VT9KFHR7S7OC,2XL5HSFSE93RMOJDRGR4,192,-0.08131868131868132
bgs_spearman,,,23X6SY44VT9KFHR7S7OC,2XL5HSFSE93RMOJDRGR4,193,-0.029899267399267397
bgs_spearman,,,23X6SY44VT9KFHR7S7OC,2XL5HSFSE93RMOJDRGR4,194,-0.08530219780219779
bgs_spearman,,,23X6SY44VT9KFHR7S7OC,2XL5HSFSE93RMOJDRGR4,195,0.19711538461538458
bgs_spearman,,,23X6SY44VT9KFHR7S7OC,2XL5HSFSE93RMOJDRGR4,196,-0.09716117216117215
bgs_spearman,,,23X6SY44VT9KFHR7S7OC,2XL5HSFSE93RMOJDRGR4,197,0.016712454212454212
bgs_spearman,,,23X6SY44VT9KFHR7S7OC,2XL5HSFSE93RMOJDRGR4,198,0.2531135531135531
bgs_spearman,,,23X6SY44VT9KFHR7S7OC,2XL5HSFSE93RMOJDRGR4,199,-0.1652930402930403
bgs_spearman,,,23X6SY44VT9KFHR7S7OC,38CWS74285MFGZZXR09Z,0,0.10196886446886445
bgs_spearman,,,23X6SY44VT9KFHR7S7OC,38CWS74285MFGZZXR09Z,1,-0.2549450549450549
bgs_spearman,,,23X6SY44VT9KFHR7S7OC,38CWS74285MFGZZXR09Z,2,0.054945054945054944
bgs_spearman,,,23X6SY44VT9KFHR7S7OC,38CWS74285MFGZZXR09Z,3,0.03997252747252747
bgs_spearman,,,23X6SY44VT9KFHR7S7OC,38CWS74285MFGZZXR09Z,4,-0.11657509157509158
bgs_spearman,,,23X6SY44VT9KFHR7S7OC,38CWS74285MFGZZXR09Z,5,0.07916666666666666
bgs_spearman,,,23X6SY44VT9KFHR7S7OC,38CWS74285MFGZZXR09Z,6,-0.018177655677655676
bgs_spearman,,,23X6SY44VT9KFHR7S7OC,38CWS74285MFGZZXR09Z,7,-0.01149267399267399
bgs_spearman,,,23X6SY44VT9KFHR7S7OC,38CWS74285MFGZZXR09Z,8,-0.23992673992673985
bgs_spearman,,,23X6SY44VT9KFHR7S7OC,38CWS74285MFGZZXR09Z,9,-0.15416666666666665
bgs_spearman,,,23X6SY44VT9KFHR7S7OC,38CWS74285MFGZZXR09Z,10,0.01767399267399267
bgs_spearman,,,23X6SY44VT9KFHR7S7OC,38CWS74285MFGZZXR09Z,11,-0.12916666666666665
bgs_spearman,,,23X6SY44VT9KFHR7S7OC,38CWS74285MFGZZXR09Z,12,-0.1052197802197802
bgs_spearman,,,23X6SY44VT9KFHR7S7OC,38CWS74285MFGZZXR09Z,13,-0.24267399267399264
bgs_spearman,,,23X6SY44VT9KFHR7S7OC,38CWS74285MFGZZXR09Z,14,-0.14771062271062269
bgs_spearman,,,23X6SY44VT9KFHR7S7OC,38CWS74285MFGZZXR09Z,15,0.05091575091575091
bgs_spearman,,,23X6SY44VT9KFHR7S7OC,38CWS74285MFGZZXR09Z,16,-0.09679487179487178
bgs_spearman,,,23X6SY44VT9KFHR7S7OC,38CWS74285MFGZZXR09Z,17,-0.077014652014652
bgs_spearman,,,23X6SY44VT9KFHR7S7OC,38CWS74285MFGZZXR09Z,18,0.10210622710622708
bgs_spearman,,,23X6SY44VT9KFHR7S7OC,38CWS74285MFGZZXR09Z,19,0.006639194139194138
bgs_spearman,,,23X6SY44VT9KFHR7S7OC,38CWS74285MFGZZXR09Z,20,0.2836080586080586
bgs_spearman,,,23X6SY44VT9KFHR7S7OC,38CWS74285MFGZZXR09Z,21,0.15723443223443223
bgs_spearman,,,23X6SY44VT9KFHR7S7OC,38CWS74285MFGZZXR09Z,22,-0.18516483516483515
bgs_spearman,,,23X6SY44VT9KFHR7S7OC,38CWS74285MFGZZXR09Z,23,-0.18795787545787543
bgs_spearman,,,23X6SY44VT9KFHR7S7OC,38CWS74285MFGZZXR09Z,24,-0.049175824175824175
bgs_spearman,,,23X6SY44VT9KFHR7S7OC,38CWS74285MFGZZXR09Z,25,-0.1542124542124542
bgs_spearman,,,23X6SY44VT9KFHR7S7OC,38CWS74285MFGZZXR09Z,26,0.07087912087912086
bgs_spearman,,,23X6SY44VT9KFHR7S7OC,38CWS74285MFGZZXR09Z,27,-0.045695970695970686
bgs_spearman,,,23X6SY44VT9KFHR7S7OC,38CWS74285MFGZZXR09Z,28,0.020238095238095236
bgs_spearman,,,23X6SY44VT9KFHR7S7OC,38CWS74285MFGZZXR09Z,29,0.00018315018315018312
bgs_spearman,,,23X6SY44VT9KFHR7S7OC,38CWS74285MFGZZXR09Z,30,-0.0026098901098901093
bgs_spearman,,,23X6SY44VT9KFHR7S7OC,38CWS74285MFGZZXR09Z,31,0.1554029304029304
bgs_spearman,,,23X6SY44VT9KFHR7S7OC,38CWS74285MFGZZXR09Z,32,0.02261904761904762
bgs_spearman,,,23X6SY44VT9KFHR7S7OC,38CWS74285MFGZZXR09Z,33,-0.1812271062271062
bgs_spearman,,,23X6SY44VT9KFHR7S7OC,38CWS74285MFGZZXR09Z,34,-0.019688644688644685
bgs_spearman,,,23X6SY44VT9KFHR7S7OC,38CWS74285MFGZZXR09Z,35,-0.09038461538461538
bgs_spearman,,,23X6SY44VT9KFHR7S7OC,38CWS74285MFGZZXR09Z,36,0.025869963369963368
bgs_spearman,,,23X6SY44VT9KFHR7S7OC,38CWS74285MFGZZXR09Z,37,-0.11689560439560438
bgs_spearman,,,23X6SY44VT9KFHR7S7OC,38CWS74285MFGZZXR09Z,38,0.07037545787545786
bgs_spearman,,,23X6SY44VT9KFHR7S7OC,38CWS74285MFGZZXR09Z,39,0.077518315018315
bgs_spearman,,,23X6SY44VT9KFHR7S7OC,38CWS74285MFGZZXR09Z,40,-0.11025641025641025
bgs_spearman,,,23X6SY44VT9KFHR7S7OC,38CWS74285MFGZZXR09Z,41,-0.21506410256410258
bgs_spearman,,,23X6SY44VT9KFHR7S7OC,38CWS74285MFGZZXR09Z,42,-0.08763736263736263
bgs_spearman,,,23X6SY44VT9KFHR7S7OC,38CWS74285MFGZZXR09Z,43,0.10215201465201464
bgs_spearman,,,23X6SY44VT9KFHR7S7OC,38CWS74285MFGZZXR09Z,44,-0.06304945054945055
bgs_spearman,,,23X6SY44VT9KFHR7S7OC,38CWS74285MFGZZXR09Z,45,-0.09935897435897435
bgs_spearman,,,23X6SY44VT9KFHR7S7OC,38CWS74285MFGZZXR09Z,46,-0.11149267399267399
bgs_spearman,,,23X6SY44VT9KFHR7S7OC,38CWS74285MFGZZXR09Z,47,0.01941391941391941
bgs_spearman,,,23X6SY44VT9KFHR7S7OC,38CWS74285MFGZZXR09Z,48,0.08699633699633699
bgs_spearman,,,23X6SY44VT9KFHR7S7OC,38CWS74285MFGZZXR09Z,49,-0.15773809523809523
bgs_spearman,,,23X6SY44VT9KFHR7S7OC,38CWS74285MFGZZXR09Z,50,0.08095238095238094
bgs_spearman,,,23X6SY44VT9KFHR7S7OC,38CWS74285MFGZZXR09Z,51,-0.028479853479853476
bgs_spearman,,,23X6SY44VT9KFHR7S7OC,38CWS74285MFGZZXR09Z,52,-0.020924908424908423
bgs_spearman,,,23X6SY44VT9KFHR7S7OC,38CWS74285MFGZZXR09Z,53,-0.12742673992673992
bgs_spearman,,,23X6SY44VT9KFHR7S7OC,38CWS74285MFGZZXR09Z,54,-0.2256410256410256
bgs_spearman,,,23X6SY44VT9KFHR7S7OC,38CWS74285MFGZZXR09Z,55,0.10897435897435898
bgs_spearman,,,23X6SY44VT9KFHR7S7OC,38CWS74285MFGZZXR09Z,56,-0.10984432234432233
bgs_spearman,,,23X6SY44VT9KFHR7S7OC,38CWS74285MFGZZXR09Z,57,-0.038507326007326
bgs_spearman,,,23X6SY44VT9KFHR7S7OC,38CWS74285MFGZZXR09Z,58,-0.019597069597069593
bgs_spearman,,,23X6SY44VT9KFHR7S7OC,38CWS74285MFGZZXR09Z,59,0.00027472527472527467
bgs_spearman,,,23X6SY44VT9KFHR7S7OC,38CWS74285MFGZZXR09Z,60,0.03232600732600732
bgs_spearman,,,23X6SY44VT9KFHR7S7OC,38CWS74285MFGZZXR09Z,61,-0.04826007326007325
bgs_spearman,,,23X6SY44VT9KFHR7S7OC,38CWS74285MFGZZXR09Z,62,0.013507326007326006
bgs_spearman,,,23X6SY44VT9KFHR7S7OC,38CWS74285MFGZZXR09Z,63,-0.01932234432234432
bgs_spearman,,,23X6SY44VT9KFHR7S7OC,38CWS74285MFGZZXR09Z,64,0.0879120879120879
bgs_spearman,,,23X6SY44VT9KFHR7S7OC,38CWS74285MFGZZXR09Z,65,-0.14097985347985345
bgs_spearman,,,23X6SY44VT9KFHR7S7OC,38CWS74285MFGZZXR09Z,66,0.03708791208791208
bgs_spearman,,,23X6SY44VT9KFHR7S7OC,38CWS74285MFGZZXR09Z,67,-0.15164835164835164
bgs_spearman,,,23X6SY44VT9KFHR7S7OC,38CWS74285MFGZZXR09Z,68,-0.14244505494505494
bgs_spearman,,,23X6SY44VT9KFHR7S7OC,38CWS74285MFGZZXR09Z,69,-0.09624542124542122
bgs_spearman,,,23X6SY44VT9KFHR7S7OC,38CWS74285MFGZZXR09Z,70,-0.0456043956043956
bgs_spearman,,,23X6SY44VT9KFHR7S7OC,38CWS74285MFGZZXR09Z,71,0.024221611721611722
bgs_spearman,,,23X6SY44VT9KFHR7S7OC,38CWS74285MFGZZXR09Z,72,0.16346153846153844
bgs_spearman,,,23X6SY44VT9KFHR7S7OC,38CWS74285MFGZZXR09Z,73,0.15476190476190474
bgs_spearman,,,23X6SY44VT9KFHR7S7OC,38CWS74285MFGZZXR09Z,74,0.05535714285714285
bgs_spearman,,,23X6SY44VT9KFHR7S7OC,38CWS74285MFGZZXR09Z,75,-0.16817765567765566
bgs_spearman,,,23X6SY44VT9KFHR7S7OC,38CWS74285MFGZZXR09Z,76,0.13603479853479855
bgs_spearman,,,23X6SY44VT9KFHR7S7OC,38CWS74285MFGZZXR09Z,77,-0.25384615384615383
bgs_spearman,,,23X6SY44VT9KFHR7S7OC,38CWS74285MFGZZXR09Z,78,-0.1429029304029304
bgs_spearman,,,23X6SY44VT9KFHR7S7OC,38CWS74285MFGZZXR09Z,79,0.0646062271062271
bgs_spearman,,,23X6SY44VT9KFHR7S7OC,38CWS74285MFGZZXR09Z,80,-0.13475274725274725
bgs_spearman,,,23X6SY44VT9KFHR7S7OC,38CWS74285MFGZZXR09Z,81,-0.1550824175824176
bgs_spearman,,,23X6SY44VT9KFHR7S7OC,38CWS74285MFGZZXR09Z,82,-0.03969780219780219
bgs_spearman,,,23X6SY44VT9KFHR7S7OC,38CWS74285MFGZZXR09Z,83,-0.128021978021978
bgs_spearman,,,23X6SY44VT9KFHR7S7OC,38CWS74285MFGZZXR09Z,84,-0.09184981684981684
bgs_spearman,,,23X6SY44VT9KFHR7S7OC,38CWS74285MFGZZXR09Z,85,-0.0315018315018315
bgs_spearman,,,23X6SY44VT9KFHR7S7OC,38CWS74285MFGZZXR09Z,86,0.18589743589743588
bgs_spearman,,,23X6SY44VT9KFHR7S7OC,38CWS74285MFGZZXR09Z,87,-0.11579670329670327
bgs_spearman,,,23X6SY44VT9KFHR7S7OC,38CWS74285MFGZZXR09Z,88,0.008379120879120879
bgs_spearman,,,23X6SY44VT9KFHR7S7OC,38CWS74285MFGZZXR09Z,89,-0.09812271062271061
bgs_spearman,,,23X6SY44VT9KFHR7S7OC,38CWS74285MFGZZXR09Z,90,0.024130036630036624
bgs_spearman,,,23X6SY44VT9KFHR7S7OC,38CWS74285MFGZZXR09Z,91,-0.003434065934065934
bgs_spearman,,,23X6SY44VT9KFHR7S7OC,38CWS74285MFGZZXR09Z,92,-0.0911172161172161
bgs_spearman,,,23X6SY44VT9KFHR7S7OC,38CWS74285MFGZZXR09Z,93,-0.20274725274725272
bgs_spearman,,,23X6SY44VT9KFHR7S7OC,38CWS74285MFGZZXR09Z,94,0.04038461538461538
bgs_spearman,,,23X6SY44VT9KFHR7S7OC,38CWS74285MFGZZXR09Z,95,-0.0788003663003663
bgs_spearman,,,23X6SY44VT9KFHR7S7OC,38CWS74285MFGZZXR09Z,96,0.22770146520146517
bgs_spearman,,,23X6SY44VT9KFHR7S7OC,38CWS74285MFGZZXR09Z,97,0.10384615384615384
bgs_spearman,,,23X6SY44VT9KFHR7S7OC,38CWS74285MFGZZXR09Z,98,0.12046703296703296
bgs_spearman,,,23X6SY44VT9KFHR7S7OC,38CWS74285MFGZZXR09Z,99,-0.14880952380952378
bgs_spearman,,,23X6SY44VT9KFHR7S7OC,38CWS74285MFGZZXR09Z,100,0.010714285714285713
bgs_spearman,,,23X6SY44VT9KFHR7S7OC,38CWS74285MFGZZXR09Z,101,0.013415750915750913
bgs_spearman,,,23X6SY44VT9KFHR7S7OC,38CWS74285MFGZZXR09Z,102,0.09734432234432235
bgs_spearman,,,23X6SY44VT9KFHR7S7OC,38CWS74285MFGZZXR09Z,103,0.1124084249084249
bgs_spearman,,,23X6SY44VT9KFHR7S7OC,38CWS74285MFGZZXR09Z,104,0.10480769230769228
bgs_spearman,,,23X6SY44VT9KFHR7S7OC,38CWS74285MFGZZXR09Z,105,-0.009294871794871793
bgs_spearman,,,23X6SY44VT9KFHR7S7OC,38CWS74285MFGZZXR09Z,106,0.13489010989010988
bgs_spearman,,,23X6SY44VT9KFHR7S7OC,38CWS74285MFGZZXR09Z,107,0.10467032967032966
bgs_spearman,,,23X6SY44VT9KFHR7S7OC,38CWS74285MFGZZXR09Z,108,0.0954212454212454
bgs_spearman,,,23X6SY44VT9KFHR7S7OC,38CWS74285MFGZZXR09Z,109,-0.03672161172161172
bgs_spearman,,,23X6SY44VT9KFHR7S7OC,38CWS74285MFGZZXR09Z,110,-0.05315934065934065
bgs_spearman,,,23X6SY44VT9KFHR7S7OC,38CWS74285MFGZZXR09Z,111,0.08919413919413918
bgs_spearman,,,23X6SY44VT9KFHR7S7OC,38CWS74285MFGZZXR09Z,112,-0.01955128205128205
bgs_spearman,,,23X6SY44VT9KFHR7S7OC,38CWS74285MFGZZXR09Z,113,-0.01891025641025641
bgs_spearman,,,23X6SY44VT9KFHR7S7OC,38CWS74285MFGZZXR09Z,114,0.08072344322344321
bgs_spearman,,,23X6SY44VT9KFHR7S7OC,38CWS74285MFGZZXR09Z,115,-0.12271062271062269
bgs_spearman,,,23X6SY44VT9KFHR7S7OC,38CWS74285MFGZZXR09Z,116,0.038003663003663
bgs_spearman,,,23X6SY44VT9KFHR7S7OC,38CWS74285MFGZZXR09Z,117,0.058241758241758236
bgs_spearman,,,23X6SY44VT9KFHR7S7OC,38CWS74285MFGZZXR09Z,118,-0.17348901098901098
bgs_spearman,,,23X6SY44VT9KFHR7S7OC,38CWS74285MFGZZXR09Z,119,-0.1292124542124542
bgs_spearman,,,23X6SY44VT9KFHR7S7OC,38CWS74285MFGZZXR09Z,120,0.00041208791208791203
bgs_spearman,,,23X6SY44VT9KFHR7S7OC,38CWS74285MFGZZXR09Z,121,-0.09702380952380951
bgs_spearman,,,23X6SY44VT9KFHR7S7OC,38CWS74285MFGZZXR09Z,122,-0.016849816849816845
bgs_spearman,,,23X6SY44VT9KFHR7S7OC,38CWS74285MFGZZXR09Z,123,-0.07014652014652015
bgs_spearman,,,23X6SY44VT9KFHR7S7OC,38CWS74285MFGZZXR09Z,124,-0.18118131868131865
bgs_spearman,,,23X6SY44VT9KFHR7S7OC,38CWS74285MFGZZXR09Z,125,-0.33786630036630033
bgs_spearman,,,23X6SY44VT9KFHR7S7OC,38CWS74285MFGZZXR09Z,126,0.3255494505494505
bgs_spearman,,,23X6SY44VT9KFHR7S7OC,38CWS74285MFGZZXR09Z,127,-0.04358974358974359
bgs_spearman,,,23X6SY44VT9KFHR7S7OC,38CWS74285MFGZZXR09Z,128,0.04542124542124542
bgs_spearman,,,23X6SY44VT9KFHR7S7OC,38CWS74285MFGZZXR09Z,129,0.11474358974358974
bgs_spearman,,,23X6SY44VT9KFHR7S7OC,38CWS74285MFGZZXR09Z,130,-0.05645604395604395
bgs_spearman,,,23X6SY44VT9KFHR7S7OC,38CWS74285MFGZZXR09Z,131,-0.005265567765567765
bgs_spearman,,,23X6SY44VT9KFHR7S7OC,38CWS74285MFGZZXR09Z,132,0.004166666666666667
bgs_spearman,,,23X6SY44VT9KFHR7S7OC,38CWS74285MFGZZXR09Z,133,0.013553113553113552
bgs_spearman,,,23X6SY44VT9KFHR7S7OC,38CWS74285MFGZZXR09Z,134,-0.10842490842490841
bgs_spearman,,,23X6SY44VT9KFHR7S7OC,38CWS74285MFGZZXR09Z,135,-0.18319597069597068
bgs_spearman,,,23X6SY44VT9KFHR7S7OC,38CWS74285MFGZZXR09Z,136,-0.06689560439560438
bgs_spearman,,,23X6SY44VT9KFHR7S7OC,38CWS74285MFGZZXR09Z,137,0.02953296703296703
bgs_spearman,,,23X6SY44VT9KFHR7S7OC,38CWS74285MFGZZXR09Z,138,0.2538919413919414
bgs_spearman,,,23X6SY44VT9KFHR7S7OC,38CWS74285MFGZZXR09Z,139,-0.05293040293040293
bgs_spearman,,,23X6SY44VT9KFHR7S7OC,38CWS74285MFGZZXR09Z,140,0.053113553113553105
bgs_spearman,,,23X6SY44VT9KFHR7S7OC,38CWS74285MFGZZXR09Z,141,-0.006868131868131868
bgs_spearman,,,23X6SY44VT9KFHR7S7OC,38CWS74285MFGZZXR09Z,142,0.176007326007326
bgs_spearman,,,23X6SY44VT9KFHR7S7OC,38CWS74285MFGZZXR09Z,143,-0.09226190476190474
bgs_spearman,,,23X6SY44VT9KFHR7S7OC,38CWS74285MFGZZXR09Z,144,-0.11465201465201463
bgs_spearman,,,23X6SY44VT9KFHR7S7OC,38CWS74285MFGZZXR09Z,145,-0.04601648351648351
bgs_spearman,,,23X6SY44VT9KFHR7S7OC,38CWS74285MFGZZXR09Z,146,0.1446428571428571
bgs_spearman,,,23X6SY44VT9KFHR7S7OC,38CWS74285MFGZZXR09Z,147,-0.21749084249084244
bgs_spearman,,,23X6SY44VT9KFHR7S7OC,38CWS74285MFGZZXR09Z,148,0.0021062271062271057
bgs_spearman,,,23X6SY44VT9KFHR7S7OC,38CWS74285MFGZZXR09Z,149,0.14207875457875457
bgs_spearman,,,23X6SY44VT9KFHR7S7OC,38CWS74285MFGZZXR09Z,150,-0.114010989010989
bgs_spearman,,,23X6SY44VT9KFHR7S7OC,38CWS74285MFGZZXR09Z,151,-0.10036630036630036
bgs_spearman,,,23X6SY44VT9KFHR7S7OC,38CWS74285MFGZZXR09Z,152,0.06579670329670328
bgs_spearman,,,23X6SY44VT9KFHR7S7OC,38CWS74285MFGZZXR09Z,153,-0.058882783882783875
bgs_spearman,,,23X6SY44VT9KFHR7S7OC,38CWS74285MFGZZXR09Z,154,-0.09175824175824174
bgs_spearman,,,23X6SY44VT9KFHR7S7OC,38CWS74285MFGZZXR09Z,155,-0.07133699633699632
bgs_spearman,,,23X6SY44VT9KFHR7S7OC,38CWS74285MFGZZXR09Z,156,0.008058608058608058
bgs_spearman,,,23X6SY44VT9KFHR7S7OC,38CWS74285MFGZZXR09Z,157,-0.06973443223443222
bgs_spearman,,,23X6SY44VT9KFHR7S7OC,38CWS74285MFGZZXR09Z,158,0.23644688644688644
bgs_spearman,,,23X6SY44VT9KFHR7S7OC,38CWS74285MFGZZXR09Z,159,0.04807692307692307
bgs_spearman,,,23X6SY44VT9KFHR7S7OC,38CWS74285MFGZZXR09Z,160,-0.08763736263736263
bgs_spearman,,,23X6SY44VT9KFHR7S7OC,38CWS74285MFGZZXR09Z,161,0.03324175824175824
bgs_spearman,,,23X6SY44VT9KFHR7S7OC,38CWS74285MFGZZXR09Z,162,-0.1855311355311355
bgs_spearman,,,23X6SY44VT9KFHR7S7OC,38CWS74285MFGZZXR09Z,163,0.06112637362637362
bgs_spearman,,,23X6SY44VT9KFHR7S7OC,38CWS74285MFGZZXR09Z,164,-0.048534798534798536
bgs_spearman,,,23X6SY44VT9KFHR7S7OC,38CWS74285MFGZZXR09Z,165,-0.08681318681318681
bgs_spearman,,,23X6SY44VT9KFHR7S7OC,38CWS74285MFGZZXR09Z,166,0.05517399267399267
bgs_spearman,,,23X6SY44VT9KFHR7S7OC,38CWS74285MFGZZXR09Z,167,0.10146520146520144
bgs_spearman,,,23X6SY44VT9KFHR7S7OC,38CWS74285MFGZZXR09Z,168,0.12106227106227106
bgs_spearman,,,23X6SY44VT9KFHR7S7OC,38CWS74285MFGZZXR09Z,169,-0.015155677655677654
bgs_spearman,,,23X6SY44VT9KFHR7S7OC,38CWS74285MFGZZXR09Z,170,0.08296703296703296
bgs_spearman,,,23X6SY44VT9KFHR7S7OC,38CWS74285MFGZZXR09Z,171,0.007829670329670328
bgs_spearman,,,23X6SY44VT9KFHR7S7OC,38CWS74285MFGZZXR09Z,172,0.10897435897435898
bgs_spearman,,,23X6SY44VT9KFHR7S7OC,38CWS74285MFGZZXR09Z,173,0.19899267399267395
bgs_spearman,,,23X6SY44VT9KFHR7S7OC,38CWS74285MFGZZXR09Z,174,0.03182234432234432
bgs_spearman,,,23X6SY44VT9KFHR7S7OC,38CWS74285MFGZZXR09Z,175,-0.1229395604395604
bgs_spearman,,,23X6SY44VT9KFHR7S7OC,38CWS74285MFGZZXR09Z,176,0.1720238095238095
bgs_spearman,,,23X6SY44VT9KFHR7S7OC,38CWS74285MFGZZXR09Z,177,0.09995421245421245
bgs_spearman,,,23X6SY44VT9KFHR7S7OC,38CWS74285MFGZZXR09Z,178,-0.08076923076923076
bgs_spearman,,,23X6SY44VT9KFHR7S7OC,38CWS74285MFGZZXR09Z,179,0.05123626373626372
bgs_spearman,,,23X6SY44VT9KFHR7S7OC,38CWS74285MFGZZXR09Z,180,-0.0852106227106227
bgs_spearman,,,23X6SY44VT9KFHR7S7OC,38CWS74285MFGZZXR09Z,181,0.04729853479853479
bgs_spearman,,,23X6SY44VT9KFHR7S7OC,38CWS74285MFGZZXR09Z,182,-0.09679487179487178
bgs_spearman,,,23X6SY44VT9KFHR7S7OC,38CWS74285MFGZZXR09Z,183,0.2027930402930403
bgs_spearman,,,23X6SY44VT9KFHR7S7OC,38CWS74285MFGZZXR09Z,184,-0.0021062271062271057
bgs_spearman,,,23X6SY44VT9KFHR7S7OC,38CWS74285MFGZZXR09Z,185,-0.01561355311355311
bgs_spearman,,,23X6SY44VT9KFHR7S7OC,38CWS74285MFGZZXR09Z,186,-0.21341575091575085
bgs_spearman,,,23X6SY44VT9KFHR7S7OC,38CWS74285MFGZZXR09Z,187,0.17179487179487177
bgs_spearman,,,23X6SY44VT9KFHR7S7OC,38CWS74285MFGZZXR09Z,188,-0.03745421245421245
bgs_spearman,,,23X6SY44VT9KFHR7S7OC,38CWS74285MFGZZXR09Z,189,-0.04294871794871794
bgs_spearman,,,23X6SY44VT9KFHR7S7OC,38CWS74285MFGZZXR09Z,190,-0.1812271062271062
bgs_spearman,,,23X6SY44VT9KFHR7S7OC,38CWS74285MFGZZXR09Z,191,-0.005311355311355311
bgs_spearman,,,23X6SY44VT9KFHR7S7OC,38CWS74285MFGZZXR09Z,192,0.02216117216117216
bgs_spearman,,,23X6SY44VT9KFHR7S7OC,38CWS74285MFGZZXR09Z,193,0.13452380952380952
bgs_spearman,,,23X6SY44VT9KFHR7S7OC,38CWS74285MFGZZXR09Z,194,0.21762820512820513
bgs_spearman,,,23X6SY44VT9KFHR7S7OC,38CWS74285MFGZZXR09Z,195,-0.18598901098901097
bgs_spearman,,,23X6SY44VT9KFHR7S7OC,38CWS74285MFGZZXR09Z,196,-0.03937728937728937
bgs_spearman,,,23X6SY44VT9KFHR7S7OC,38CWS74285MFGZZXR09Z,197,0.011538461538461537
bgs_spearman,,,23X6SY44VT9KFHR7S7OC,38CWS74285MFGZZXR09Z,198,0.06895604395604396
bgs_spearman,,,23X6SY44VT9KFHR7S7OC,38CWS74285MFGZZXR09Z,199,0.08667582417582417
bgs_spearman,,,2XL5HSFSE93RMOJDRGR4,38CWS74285MFGZZXR09Z,0,0.14569597069597068
bgs_spearman,,,2XL5HSFSE93RMOJDRGR4,38CWS74285MFGZZXR09Z,1,0.0635989010989011
bgs_spearman,,,2XL5HSFSE93RMOJDRGR4,38CWS74285MFGZZXR09Z,2,-0.05141941391941392
bgs_spearman,,,2XL5HSFSE93RMOJDRGR4,38CWS74285MFGZZXR09Z,3,-0.05938644688644688
bgs_spearman,,,2XL5HSFSE93RMOJDRGR4,38CWS74285MFGZZXR09Z,4,0.0423076923076923
bgs_spearman,,,2XL5HSFSE93RMOJDRGR4,38CWS74285MFGZZXR09Z,5,0.164514652014652
bgs_spearman,,,2XL5HSFSE93RMOJDRGR4,38CWS74285MFGZZXR09Z,6,0.12934981684981686
bgs_spearman,,,2XL5HSFSE93RMOJDRGR4,38CWS74285MFGZZXR09Z,7,0.017994505494505493
bgs_spearman,,,2XL5HSFSE93RMOJDRGR4,38CWS74285MFGZZXR09Z,8,0.01964285714285714
bgs_spearman,,,2XL5HSFSE93RMOJDRGR4,38CWS74285MFGZZXR09Z,9,0.12779304029304028
bgs_spearman,,,2XL5HSFSE93RMOJDRGR4,38CWS74285MFGZZXR09Z,10,-0.03905677655677656
bgs_spearman,,,2XL5HSFSE93RMOJDRGR4,38CWS74285MFGZZXR09Z,11,0.08424908424908424
bgs_spearman,,,2XL5HSFSE93RMOJDRGR4,38CWS74285MFGZZXR09Z,12,0.07165750915750914
bgs_spearman,,,2XL5HSFSE93RMOJDRGR4,38CWS74285MFGZZXR09Z,13,0.09107142857142855
bgs_spearman,,,2XL5HSFSE93RMOJDRGR4,38CWS74285MFGZZXR09Z,14,0.3436813186813187
bgs_spearman,,,2XL5HSFSE93RMOJDRGR4,38CWS74285MFGZZXR09Z,15,0.08768315018315018
bgs_spearman,,,2XL5HSFSE93RMOJDRGR4,38CWS74285MFGZZXR09Z,16,0.031089743589743583
bgs_spearman,,,2XL5HSFSE93RMOJDRGR4,38CWS74285MFGZZXR09Z,17,0.054304029304029305
bgs_spearman,,,2XL5HSFSE93RMOJDRGR4,38CWS74285MFGZZXR09Z,18,-0.03324175824175824
bgs_spearman,,,2XL5HSFSE93RMOJDRGR4,38CWS74285MFGZZXR09Z,19,0.2701007326007326
bgs_spearman,,,2XL5HSFSE93RMOJDRGR4,38CWS74285MFGZZXR09Z,20,0.0569139194139194
bgs_spearman,,,2XL5HSFSE93RMOJDRGR4,38CWS74285MFGZZXR09Z,21,0.08585164835164834
bgs_spearman,,,2XL5HSFSE93RMOJDRGR4,38CWS74285MFGZZXR09Z,22,-0.24189560439560434
bgs_spearman,,,2XL5HSFSE93RMOJDRGR4,38CWS74285MFGZZXR09Z,23,0.05915750915750914
bgs_spearman,,,2XL5HSFSE93RMOJDRGR4,38CWS74285MFGZZXR09Z,24,-0.08988095238095238
bgs_spearman,,,2XL5HSFSE93RMOJDRGR4,38CWS74285MFGZZXR09Z,25,-0.016575091575091575
bgs_spearman,,,2XL5HSFSE93RMOJDRGR4,38CWS74285MFGZZXR09Z,26,-0.13003663003663002
bgs_spearman,,,2XL5HSFSE93RMOJDRGR4,38CWS74285MFGZZXR09Z,27,-0.11652930402930402
bgs_spearman,,,2XL5HSFSE93RMOJDRGR4,38CWS74285MFGZZXR09Z,28,0.07857142857142856
bgs_spearman,,,2XL5HSFSE93RMOJDRGR4,38CWS74285MFGZZXR09Z,29,-0.07225274725274725
bgs_spearman,,,2XL5HSFSE93RMOJDRGR4,38CWS74285MFGZZXR09Z,30,0.026602564102564098
bgs_spearman,,,2XL5HSFSE93RMOJDRGR4,38CWS74285MFGZZXR09Z,31,0.204029304029304
bgs_spearman,,,2XL5HSFSE93RMOJDRGR4,38CWS74285MFGZZXR09Z,32,-0.0364010989010989
bgs_spearman,,,2XL5HSFSE93RMOJDRGR4,38CWS74285MFGZZXR09Z,33,0.0809065934065934
bgs_spearman,,,2XL5HSFSE93RMOJDRGR4,38CWS74285MFGZZXR09Z,34,0.1128205128205128
bgs_spearman,,,2XL5HSFSE93RMOJDRGR4,38CWS74285MFGZZXR09Z,35,0.0581043956043956
bgs_spearman,,,2XL5HSFSE93RMOJDRGR4,38CWS74285MFGZZXR09Z,36,0.3489468864468864
bgs_spearman,,,2XL5HSFSE93RMOJDRGR4,38CWS74285MFGZZXR09Z,37,-0.038690476190476185
bgs_spearman,,,2XL5HSFSE93RMOJDRGR4,38CWS74285MFGZZXR09Z,38,-0.09606227106227104
bgs_spearman,,,2XL5HSFSE93RMOJDRGR4,38CWS74285MFGZZXR09Z,39,0.10114468864468863
bgs_spearman,,,2XL5HSFSE93RMOJDRGR4,38CWS74285MFGZZXR09Z,40,0.10082417582417581
bgs_spearman,,,2XL5HSFSE93RMOJDRGR4,38CWS74285MFGZZXR09Z,41,0.052701465201465195
bgs_spearman,,,2XL5HSFSE93RMOJDRGR4,38CWS74285MFGZZXR09Z,42,-0.12257326007326007
bgs_spearman,,,2XL5HSFSE93RMOJDRGR4,38CWS74285MFGZZXR09Z,43,0.2669871794871795
bgs_spearman,,,2XL5HSFSE93RMOJDRGR4,38CWS74285MFGZZXR09Z,44,-0.1226190476190476
bgs_spearman,,,2XL5HSFSE93RMOJDRGR4,38CWS74285MFGZZXR09Z,45,0.1423076923076923
bgs_spearman,,,2XL5HSFSE93RMOJDRGR4,38CWS74285MFGZZXR09Z,46,0.058058608058608054
bgs_spearman,,,2XL5HSFSE93RMOJDRGR4,38CWS74285MFGZZXR09Z,47,-0.04464285714285714
bgs_spearman,,,2XL5HSFSE93RMOJDRGR4,38CWS74285MFGZZXR09Z,48,-0.04903846153846154
bgs_spearman,,,2XL5HSFSE93RMOJDRGR4,38CWS74285MFGZZXR09Z,49,0.04345238095238095
bgs_spearman,,,2XL5HSFSE93RMOJDRGR4,38CWS74285MFGZZXR09Z,50,-0.16163003663003664
bgs_spearman,,,2XL5HSFSE93RMOJDRGR4,38CWS74285MFGZZXR09Z,51,-0.0701007326007326
bgs_spearman,,,2XL5HSFSE93RMOJDRGR4,38CWS74285MFGZZXR09Z,52,0.1624084249084249
bgs_spearman,,,2XL5HSFSE93RMOJDRGR4,38CWS74285MFGZZXR09Z,53,0.0907051282051282
bgs_spearman,,,2XL5HSFSE93RMOJDRGR4,38CWS74285MFGZZXR09Z,54,0.028067765567765565
bgs_spearman,,,2XL5HSFSE93RMOJDRGR4,38CWS74285MFGZZXR09Z,55,0.02138278388278388
bgs_spearman,,,2XL5HSFSE93RMOJDRGR4,38CWS74285MFGZZXR09Z,56,-0.05274725274725274
bgs_spearman,,,2XL5HSFSE93RMOJDRGR4,38CWS74285MFGZZXR09Z,57,0.18956043956043953
bgs_spearman,,,2XL5HSFSE93RMOJDRGR4,38CWS74285MFGZZXR09Z,58,0.09560439560439558
bgs_spearman,,,2XL5HSFSE93RMOJDRGR4,38CWS74285MFGZZXR09Z,59,-0.08946886446886446
bgs_spearman,,,2XL5HSFSE93RMOJDRGR4,38CWS74285MFGZZXR09Z,60,0.006868131868131868
bgs_spearman,,,2XL5HSFSE93RMOJDRGR4,38CWS74285MFGZZXR09Z,61,0.0619047619047619
bgs_spearman,,,2XL5HSFSE93RMOJDRGR4,38CWS74285MFGZZXR09Z,62,-0.11263736263736263
bgs_spearman,,,2XL5HSFSE93RMOJDRGR4,38CWS74285MFGZZXR09Z,63,-0.06749084249084249
bgs_spearman,,,2XL5HSFSE93RMOJDRGR4,38CWS74285MFGZZXR09Z,64,-0.21227106227106224
bgs_spearman,,,2XL5HSFSE93RMOJDRGR4,38CWS74285MFGZZXR09Z,65,-0.22939560439560436
bgs_spearman,,,2XL5HSFSE93RMOJDRGR4,38CWS74285MFGZZXR09Z,66,-0.09913003663003661
bgs_spearman,,,2XL5HSFSE93RMOJDRGR4,38CWS74285MFGZZXR09Z,67,0.2701923076923077
bgs_spearman,,,2XL5HSFSE93RMOJDRGR4,38CWS74285MFGZZXR09Z,68,-0.024908424908424903
bgs_spearman,,,2XL5HSFSE93RMOJDRGR4,38CWS74285MFGZZXR09Z,69,0.21501831501831498
bgs_spearman,,,2XL5HSFSE93RMOJDRGR4,38CWS74285MFGZZXR09Z,70,0.20334249084249084
bgs_spearman,,,2XL5HSFSE93RMOJDRGR4,38CWS74285MFGZZXR09Z,71,0.2591575091575091
bgs_spearman,,,2XL5HSFSE93RMOJDRGR4,38CWS74285MFGZZXR09Z,72,-0.048901098901098894
bgs_spearman,,,2XL5HSFSE93RMOJDRGR4,38CWS74285MFGZZXR09Z,73,0.228021978021978
bgs_spearman,,,2XL5HSFSE93RMOJDRGR4,38CWS74285MFGZZXR09Z,74,0.12023809523809523
bgs_spearman,,,2XL5HSFSE93RMOJDRGR4,38CWS74285MFGZZXR09Z,75,0.029304029304029304
bgs_spearman,,,2XL5HSFSE93RMOJDRGR4,38CWS74285MFGZZXR09Z,76,-0.029029304029304027
bgs_spearman,,,2XL5HSFSE93RMOJDRGR4,38CWS74285MFGZZXR09Z,77,-0.008287545787545788
bgs_spearman,,,2XL5HSFSE93RMOJDRGR4,38CWS74285MFGZZXR09Z,78,0.02074175824175824
bgs_spearman,,,2XL5HSFSE93RMOJDRGR4,38CWS74285MFGZZXR09Z,79,-0.09780219780219779
bgs_spearman,,,2XL5HSFSE93RMOJDRGR4,38CWS74285MFGZZXR09Z,80,0.12673992673992673
bgs_spearman,,,2XL5HSFSE93RMOJDRGR4,38CWS74285MFGZZXR09Z,81,0.012499999999999999
bgs_spearman,,,2XL5HSFSE93RMOJDRGR4,38CWS74285MFGZZXR09Z,82,0.14354395604395603
bgs_spearman,,,2XL5HSFSE93RMOJDRGR4,38CWS74285MFGZZXR09Z,83,0.011950549450549448
bgs_spearman,,,2XL5HSFSE93RMOJDRGR4,38CWS74285MFGZZXR09Z,84,-0.1703296703296703
bgs_spearman,,,2XL5HSFSE93RMOJDRGR4,38CWS74285MFGZZXR09Z,85,0.03232600732600732
bgs_spearman,,,2XL5HSFSE93RMOJDRGR4,38CWS74285MFGZZXR09Z,86,0.0331043956043956
bgs_spearman,,,2XL5HSFSE93RMOJDRGR4,38CWS74285MFGZZXR09Z,87,-0.014148351648351647
bgs_spearman,,,2XL5HSFSE93RMOJDRGR4,38CWS74285MFGZZXR09Z,88,-0.11703296703296702
bgs_spearman,,,2XL5HSFSE93RMOJDRGR4,38CWS74285MFGZZXR09Z,89,-0.018635531135531132
bgs_spearman,,,2XL5HSFSE93RMOJDRGR4,38CWS74285MFGZZXR09Z,90,0.004945054945054945
bgs_spearman,,,2XL5HSFSE93RMOJDRGR4,38CWS74285MFGZZXR09Z,91,0.1456501831501831
bgs_spearman,,,2XL5HSFSE93RMOJDRGR4,38CWS74285MFGZZXR09Z,92,0.06126373626373626
bgs_spearman,,,2XL5HSFSE93RMOJDRGR4,38CWS74285MFGZZXR09Z,93,0.10714285714285712
bgs_spearman,,,2XL5HSFSE93RMOJDRGR4,38CWS74285MFGZZXR09Z,94,-0.09024725274725273
bgs_spearman,,,2XL5HSFSE93RMOJDRGR4,38CWS74285MFGZZXR09Z,95,-0.12765567765567765
bgs_spearman,,,2XL5HSFSE93RMOJDRGR4,38CWS74285MFGZZXR09Z,96,-0.15544871794871795
bgs_spearman,,,2XL5HSFSE93RMOJDRGR4,38CWS74285MFGZZXR09Z,97,-0.16126373626373627
bgs_spearman,,,2XL5HSFSE93RMOJDRGR4,38CWS74285MFGZZXR09Z,98,0.028342490842490835
bgs_spearman,,,2XL5HSFSE93RMOJDRGR4,38CWS74285MFGZZXR09Z,99,-0.060714285714285714
bgs_spearman,,,2XL5HSFSE93RMOJDRGR4,38CWS74285MFGZZXR09Z,100,0.11492673992673993
bgs_spearman,,,2XL5HSFSE93RMOJDRGR4,38CWS74285MFGZZXR09Z,101,-0.05943223443223442
bgs_spearman,,,2XL5HSFSE93RMOJDRGR4,38CWS74285MFGZZXR09Z,102,-0.26799450549450543
bgs_spearman,,,2XL5HSFSE93RMOJDRGR4,38CWS74285MFGZZXR09Z,103,0.1326007326007326
bgs_spearman,,,2XL5HSFSE93RMOJDRGR4,38CWS74285MFGZZXR09Z,104,-0.028159340659340656
bgs_spearman,,,2XL5HSFSE93RMOJDRGR4,38CWS74285MFGZZXR09Z,105,-0.1216117216117216
bgs_spearman,,,2XL5HSFSE93RMOJDRGR4,38CWS74285MFGZZXR09Z,106,0.04267399267399267
bgs_spearman,,,2XL5HSFSE93RMOJDRGR4,38CWS74285MFGZZXR09Z,107,0.0829212454212454
bgs_spearman,,,2XL5HSFSE93RMOJDRGR4,38CWS74285MFGZZXR09Z,108,-0.0862179487179487
bgs_spearman,,,2XL5HSFSE93RMOJDRGR4,38CWS74285MFGZZXR09Z,109,0.06936813186813186
bgs_spearman,,,2XL5HSFSE93RMOJDRGR4,38CWS74285MFGZZXR09Z,110,0.025549450549450545
bgs_spearman,,,2XL5HSFSE93RMOJDRGR4,38CWS74285MFGZZXR09Z,111,-0.07513736263736263
bgs_spearman,,,2XL5HSFSE93RMOJDRGR4,38CWS74285MFGZZXR09Z,112,0.08012820512820512
bgs_spearman,,,2XL5HSFSE93RMOJDRGR4,38CWS74285MFGZZXR09Z,113,-0.10329670329670329
bgs_spearman,,,2XL5HSFSE93RMOJDRGR4,38CWS74285MFGZZXR09Z,114,-0.18150183150183147
bgs_spearman,,,2XL5HSFSE93RMOJDRGR4,38CWS74285MFGZZXR09Z,115,-0.0580128205128205
bgs_spearman,,,2XL5HSFSE93RMOJDRGR4,38CWS74285MFGZZXR09Z,116,-0.04642857142857143
bgs_spearman,,,2XL5HSFSE93RMOJDRGR4,38CWS74285MFGZZXR09Z,117,-0.055082417582417574
bgs_spearman,,,2XL5HSFSE93RMOJDRGR4,38CWS74285MFGZZXR09Z,118,-0.1759157509157509
bgs_spearman,,,2XL5HSFSE93RMOJDRGR4,38CWS74285MFGZZXR09Z,119,0.08104395604395603
bgs_spearman,,,2XL5HSFSE93RMOJDRGR4,38CWS74285MFGZZXR09Z,120,-0.09134615384615384
bgs_spearman,,,2XL5HSFSE93RMOJDRGR4,38CWS74285MFGZZXR09Z,121,0.00444139194139194
bgs_spearman,,,2XL5HSFSE93RMOJDRGR4,38CWS74285MFGZZXR09Z,122,-0.04029304029304029
bgs_spearman,,,2XL5HSFSE93RMOJDRGR4,38CWS74285MFGZZXR09Z,123,-0.16607142857142856
bgs_spearman,,,2XL5HSFSE93RMOJDRGR4,38CWS74285MFGZZXR09Z,124,0.08374542124542124
bgs_spearman,,,2XL5HSFSE93RMOJDRGR4,38CWS74285MFGZZXR09Z,125,0.1906135531135531
bgs_spearman,,,2XL5HSFSE93RMOJDRGR4,38CWS74285MFGZZXR09Z,126,0.2422619047619047
bgs_spearman,,,2XL5HSFSE93RMOJDRGR4,38CWS74285MFGZZXR09Z,127,0.13452380952380952
bgs_spearman,,,2XL5HSFSE93RMOJDRGR4,38CWS74285MFGZZXR09Z,128,-0.03081501831501831
bgs_spearman,,,2XL5HSFSE93RMOJDRGR4,38CWS74285MFGZZXR09Z,129,0.08035714285714285
bgs_spearman,,,2XL5HSFSE93RMOJDRGR4,38CWS74285MFGZZXR09Z,130,-0.001877289377289377
bgs_spearman,,,2XL5HSFSE93RMOJDRGR4,38CWS74285MFGZZXR09Z,131,-0.05902014652014651
bgs_spearman,,,2XL5HSFSE93RMOJDRGR4,38CWS74285MFGZZXR09Z,132,0.1152930402930403
bgs_spearman,,,2XL5HSFSE93RMOJDRGR4,38CWS74285MFGZZXR09Z,133,0.08635531135531134
bgs_spearman,,,2XL5HSFSE93RMOJDRGR4,38CWS74285MFGZZXR09Z,134,-0.04024725274725274
bgs_spearman,,,2XL5HSFSE93RMOJDRGR4,38CWS74285MFGZZXR09Z,135,0.017628205128205125
bgs_spearman,,,2XL5HSFSE93RMOJDRGR4,38CWS74285MFGZZXR09Z,136,-0.06332417582417582
bgs_spearman,,,2XL5HSFSE93RMOJDRGR4,38CWS74285MFGZZXR09Z,137,-0.06117216117216116
bgs_spearman,,,2XL5HSFSE93RMOJDRGR4,38CWS74285MFGZZXR09Z,138,0.03443223443223443
bgs_spearman,,,2XL5HSFSE93RMOJDRGR4,38CWS74285MFGZZXR09Z,139,0.0950091575091575
bgs_spearman,,,2XL5HSFSE93RMOJDRGR4,38CWS74285MFGZZXR09Z,140,0.11872710622710622
bgs_spearman,,,2XL5HSFSE93RMOJDRGR4,38CWS74285MFGZZXR09Z,141,0.08388278388278388
bgs_spearman,,,2XL5HSFSE93RMOJDRGR4,38CWS74285MFGZZXR09Z,142,0.07019230769230768
bgs_spearman,,,2XL5HSFSE93RMOJDRGR4,38CWS74285MFGZZXR09Z,143,-0.06144688644688644
bgs_spearman,,,2XL5HSFSE93RMOJDRGR4,38CWS74285MFGZZXR09Z,144,0.1117216117216117
bgs_spearman,,,2XL5HSFSE93RMOJDRGR4,38CWS74285MFGZZXR09Z,145,-0.1423076923076923
bgs_spearman,,,2XL5HSFSE93RMOJDRGR4,38CWS74285MFGZZXR09Z,146,0.03731684981684981
bgs_spearman,,,2XL5HSFSE93RMOJDRGR4,38CWS74285MFGZZXR09Z,147,0.1725274725274725
bgs_spearman,,,2XL5HSFSE93RMOJDRGR4,38CWS74285MFGZZXR09Z,148,-0.12953296703296702
bgs_spearman,,,2XL5HSFSE93RMOJDRGR4,38CWS74285MFGZZXR09Z,149,-0.075
bgs_spearman,,,2XL5HSFSE93RMOJDRGR4,38CWS74285MFGZZXR09Z,150,0.035897435897435895
bgs_spearman,,,2XL5HSFSE93RMOJDRGR4,38CWS74285MFGZZXR09Z,151,-0.1483974358974359
bgs_spearman,,,2XL5HSFSE93RMOJDRGR4,38CWS74285MFGZZXR09Z,152,-0.20123626373626372
bgs_spearman,,,2XL5HSFSE93RMOJDRGR4,38CWS74285MFGZZXR09Z,153,-0.09285714285714286
bgs_spearman,,,2XL5HSFSE93RMOJDRGR4,38CWS74285MFGZZXR09Z,154,-0.14716117216117214
bgs_spearman,,,2XL5HSFSE93RMOJDRGR4,38CWS74285MFGZZXR09Z,155,0.16607142857142856
bgs_spearman,,,2XL5HSFSE93RMOJDRGR4,38CWS74285MFGZZXR09Z,156,-0.04111721611721611
bgs_spearman,,,2XL5HSFSE93RMOJDRGR4,38CWS74285MFGZZXR09Z,157,-0.03603479853479853
bgs_spearman,,,2XL5HSFSE93RMOJDRGR4,38CWS74285MFGZZXR09Z,158,0.20668498168498167
bgs_spearman,,,2XL5HSFSE93RMOJDRGR4,38CWS74285MFGZZXR09Z,159,0.017811355311355307
bgs_spearman,,,2XL5HSFSE93RMOJDRGR4,38CWS74285MFGZZXR09Z,160,-0.177014652014652
bgs_spearman,,,2XL5HSFSE93RMOJDRGR4,38CWS74285MFGZZXR09Z,161,-0.11959706959706959
bgs_spearman,,,2XL5HSFSE93RMOJDRGR4,38CWS74285MFGZZXR09Z,162,0.0564102564102564
bgs_spearman,,,2XL5HSFSE93RMOJDRGR4,38CWS74285MFGZZXR09Z,163,-0.1510989010989011
bgs_spearman,,,2XL5HSFSE93RMOJDRGR4,38CWS74285MFGZZXR09Z,164,-0.03585164835164834
bgs_spearman,,,2XL5HSFSE93RMOJDRGR4,38CWS74285MFGZZXR09Z,165,0.11891025641025642
bgs_spearman,,,2XL5HSFSE93RMOJDRGR4,38CWS74285MFGZZXR09Z,166,0.04606227106227105
bgs_spearman,,,2XL5HSFSE93RMOJDRGR4,38CWS74285MFGZZXR09Z,167,0.3089285714285714
bgs_spearman,,,2XL5HSFSE93RMOJDRGR4,38CWS74285MFGZZXR09Z,168,-0.05407509157509156
bgs_spearman,,,2XL5HSFSE93RMOJDRGR4,38CWS74285MFGZZXR09Z,169,-0.048901098901098894
bgs_spearman,,,2XL5HSFSE93RMOJDRGR4,38CWS74285MFGZZXR09Z,170,0.007646520146520145
bgs_spearman,,,2XL5HSFSE93RMOJDRGR4,38CWS74285MFGZZXR09Z,171,-0.05485347985347985
bgs_spearman,,,2XL5HSFSE93RMOJDRGR4,38CWS74285MFGZZXR09Z,172,0.09532967032967032
bgs_spearman,,,2XL5HSFSE93RMOJDRGR4,38CWS74285MFGZZXR09Z,173,-0.05306776556776556
bgs_spearman,,,2XL5HSFSE93RMOJDRGR4,38CWS74285MFGZZXR09Z,174,0.24716117216117214
bgs_spearman,,,2XL5HSFSE93RMOJDRGR4,38CWS74285MFGZZXR09Z,175,-0.0733058608058608
bgs_spearman,,,2XL5HSFSE93RMOJDRGR4,38CWS74285MFGZZXR09Z,176,0.07074175824175823
bgs_spearman,,,2XL5HSFSE93RMOJDRGR4,38CWS74285MFGZZXR09Z,177,-0.02138278388278388
bgs_spearman,,,2XL5HSFSE93RMOJDRGR4,38CWS74285MFGZZXR09Z,178,0.024633699633699633
bgs_spearman,,,2XL5HSFSE93RMOJDRGR4,38CWS74285MFGZZXR09Z,179,0.30096153846153845
bgs_spearman,,,2XL5HSFSE93RMOJDRGR4,38CWS74285MFGZZXR09Z,180,0.0309065934065934
bgs_spearman,,,2XL5HSFSE93RMOJDRGR4,38CWS74285MFGZZXR09Z,181,0.012362637362637362
bgs_spearman,,,2XL5HSFSE93RMOJDRGR4,38CWS74285MFGZZXR09Z,182,-0.15004578754578754
bgs_spearman,,,2XL5HSFSE93RMOJDRGR4,38CWS74285MFGZZXR09Z,183,0.12747252747252746
bgs_spearman,,,2XL5HSFSE93RMOJDRGR4,38CWS74285MFGZZXR09Z,184,0.0086996336996337
bgs_spearman,,,2XL5HSFSE93RMOJDRGR4,38CWS74285MFGZZXR09Z,185,-0.24120879120879118
bgs_spearman,,,2XL5HSFSE93RMOJDRGR4,38CWS74285MFGZZXR09Z,186,0.11245421245421243
bgs_spearman,,,2XL5HSFSE93RMOJDRGR4,38CWS74285MFGZZXR09Z,187,-0.20169413919413914
bgs_spearman,,,2XL5HSFSE93RMOJDRGR4,38CWS74285MFGZZXR09Z,188,0.007829670329670328
bgs_spearman,,,2XL5HSFSE93RMOJDRGR4,38CWS74285MFGZZXR09Z,189,-0.031868131868131866
bgs_spearman,,,2XL5HSFSE93RMOJDRGR4,38CWS74285MFGZZXR09Z,190,-0.22248168498168494
bgs_spearman,,,2XL5HSFSE93RMOJDRGR4,38CWS74285MFGZZXR09Z,191,0.03008241758241758
bgs_spearman,,,2XL5HSFSE93RMOJDRGR4,38CWS74285MFGZZXR09Z,192,-0.038782051282051276
bgs_spearman,,,2XL5HSFSE93RMOJDRGR4,38CWS74285MFGZZXR09Z,193,-0.008516483516483516
bgs_spearman,,,2XL5HSFSE93RMOJDRGR4,38CWS74285MFGZZXR09Z,194,-0.18946886446886446
bgs_spearman,,,2XL5HSFSE93RMOJDRGR4,38CWS74285MFGZZXR09Z,195,-0.04047619047619047
bgs_spearman,,,2XL5HSFSE93RMOJDRGR4,38CWS74285MFGZZXR09Z,196,0.164514652014652
bgs_spearman,,,2XL5HSFSE93RMOJDRGR4,38CWS74285MFGZZXR09Z,197,-0.0788003663003663
bgs_spearman,,,2XL5HSFSE93RMOJDRGR4,38CWS74285MFGZZXR09Z,198,0.11002747252747253
bgs_spearman,,,2XL5HSFSE93RMOJDRGR4,38CWS74285MFGZZXR09Z,199,0.10663919413919414
bgs_topk_jaccard,0.125,8,,,0,0.0
bgs_topk_jaccard,0.125,8,,,1,0.06666666666666667
bgs_topk_jaccard,0.125,8,,,2,0.0
bgs_topk_jaccard,0.125,8,,,3,0.06666666666666667
bgs_topk_jaccard,0.125,8,,,4,0.06666666666666667
bgs_topk_jaccard,0.125,8,,,5,0.06666666666666667
bgs_topk_jaccard,0.125,8,,,6,0.0
bgs_topk_jaccard,0.125,8,,,7,0.06666666666666667
bgs_topk_jaccard,0.125,8,,,8,0.0
bgs_topk_jaccard,0.125,8,,,9,0.23076923076923078
bgs_topk_jaccard,0.125,8,,,10,0.14285714285714285
bgs_topk_jaccard,0.125,8,,,11,0.14285714285714285
bgs_topk_jaccard,0.125,8,,,12,0.06666666666666667
bgs_topk_jaccard,0.125,8,,,13,0.14285714285714285
bgs_topk_jaccard,0.125,8,,,14,0.0
bgs_topk_jaccard,0.125,8,,,15,0.0
bgs_topk_jaccard,0.125,8,,,16,0.06666666666666667
bgs_topk_jaccard,0.125,8,,,17,0.06666666666666667
bgs_topk_jaccard,0.125,8,,,18,0.14285714285714285
bgs_topk_jaccard,0.125,8,,,19,0.0
bgs_topk_jaccard,0.125,8,,,20,0.14285714285714285
bgs_topk_jaccard,0.125,8,,,21,0.0
bgs_topk_jaccard,0.125,8,,,22,0.0
bgs_topk_jaccard,0.125,8,,,23,0.14285714285714285
bgs_topk_jaccard,0.125,8,,,24,0.0
bgs_topk_jaccard,0.125,8,,,25,0.06666666666666667
bgs_topk_jaccard,0.125,8,,,26,0.06666666666666667
bgs_topk_jaccard,0.125,8,,,27,0.14285714285714285
bgs_topk_jaccard,0.125,8,,,28,0.0
bgs_topk_jaccard,0.125,8,,,29,0.06666666666666667
bgs_topk_jaccard,0.125,8,,,30,0.06666666666666667
bgs_topk_jaccard,0.125,8,,,31,0.06666666666666667
bgs_topk_jaccard,0.125,8,,,32,0.06666666666666667
bgs_topk_jaccard,0.125,8,,,33,0.0
bgs_topk_jaccard,0.125,8,,,34,0.06666666666666667
bgs_topk_jaccard,0.125,8,,,35,0.14285714285714285
bgs_topk_jaccard,0.125,8,,,36,0.14285714285714285
bgs_topk_jaccard,0.125,8,,,37,0.0
bgs_topk_jaccard,0.125,8,,,38,0.14285714285714285
bgs_topk_jaccard,0.125,8,,,39,0.0
bgs_topk_jaccard,0.125,8,,,40,0.0
bgs_topk_jaccard,0.125,8,,,41,0.06666666666666667
bgs_topk_jaccard,0.125,8,,,42,0.06666666666666667
bgs_topk_jaccard,0.125,8,,,43,0.14285714285714285
bgs_topk_jaccard,0.125,8,,,44,0.0
bgs_topk_jaccard,0.125,8,,,45,0.14285714285714285
bgs_topk_jaccard,0.125,8,,,46,0.0
bgs_topk_jaccard,0.125,8,,,47,0.0
bgs_topk_jaccard,0.125,8,,,48,0.06666666666666667
bgs_topk_jaccard,0.125,8,,,49,0.14285714285714285
bgs_topk_jaccard,0.125,8,,,50,0.14285714285714285
bgs_topk_jaccard,0.125,8,,,51,0.0
bgs_topk_jaccard,0.125,8,,,52,0.0
bgs_topk_jaccard,0.125,8,,,53,0.14285714285714285
bgs_topk_jaccard,0.125,8,,,54,0.0
bgs_topk_jaccard,0.125,8,,,55,0.14285714285714285
bgs_topk_jaccard,0.125,8,,,56,0.0
bgs_topk_jaccard,0.125,8,,,57,0.14285714285714285
bgs_topk_jaccard,0.125,8,,,58,0.06666666666666667
bgs_topk_jaccard,0.125,8,,,59,0.06666666666666667
bgs_topk_jaccard,0.125,8,,,60,0.06666666666666667
bgs_topk_jaccard,0.125,8,,,61,0.0
bgs_topk_jaccard,0.125,8,,,62,0.06666666666666667
bgs_topk_jaccard,0.125,8,,,63,0.06666666666666667
bgs_topk_jaccard,0.125,8,,,64,0.06666666666666667
bgs_topk_jaccard,0.125,8,,,65,0.0
bgs_topk_jaccard,0.125,8,,,66,0.06666666666666667
bgs_topk_jaccard,0.125,8,,,67,0.06666666666666667
bgs_topk_jaccard,0.125,8,,,68,0.06666666666666667
bgs_topk_jaccard,0.125,8,,,69,0.14285714285714285
bgs_topk_jaccard,0.125,8,,,70,0.06666666666666667
bgs_topk_jaccard,0.125,8,,,71,0.0
bgs_topk_jaccard,0.125,8,,,72,0.14285714285714285
bgs_topk_jaccard,0.125,8,,,73,0.14285714285714285
bgs_topk_jaccard,0.125,8,,,74,0.06666666666666667
bgs_topk_jaccard,0.125,8,,,75,0.06666666666666667
bgs_topk_jaccard,0.125,8,,,76,0.0
bgs_topk_jaccard,0.125,8,,,77,0.14285714285714285
bgs_topk_jaccard,0.125,8,,,78,0.14285714285714285
bgs_topk_jaccard,0.125,8,,,79,0.06666666666666667
bgs_topk_jaccard,0.125,8,,,80,0.23076923076923078
bgs_topk_jaccard,0.125,8,,,81,0.0
bgs_topk_jaccard,0.125,8,,,82,0.06666666666666667
bgs_topk_jaccard,0.125,8,,,83,0.06666666666666667
bgs_topk_jaccard,0.125,8,,,84,0.23076923076923078
bgs_topk_jaccard,0.125,8,,,85,0.0
bgs_topk_jaccard,0.125,8,,,86,0.06666666666666667
bgs_topk_jaccard,0.125,8,,,87,0.06666666666666667
bgs_topk_jaccard,0.125,8,,,88,0.0
bgs_topk_jaccard,0.125,8,,,89,0.14285714285714285
bgs_topk_jaccard,0.125,8,,,90,0.06666666666666667
bgs_topk_jaccard,0.125,8,,,91,0.06666666666666667
bgs_topk_jaccard,0.125,8,,,92,0.06666666666666667
bgs_topk_jaccard,0.125,8,,,93,0.06666666666666667
bgs_topk_jaccard,0.125,8,,,94,0.06666666666666667
bgs_topk_jaccard,0.125,8,,,95,0.0
bgs_topk_jaccard,0.125,8,,,96,0.23076923076923078
bgs_topk_jaccard,0.125,8,,,97,0.06666666666666667
bgs_topk_jaccard,0.125,8,,,98,0.0
bgs_topk_jaccard,0.125,8,,,99,0.0
bgs_topk_jaccard,0.125,8,,,100,0.0
bgs_topk_jaccard,0.125,8,,,101,0.06666666666666667
bgs_topk_jaccard,0.125,8,,,102,0.14285714285714285
bgs_topk_jaccard,0.125,8,,,103,0.0
bgs_topk_jaccard,0.125,8,,,104,0.06666666666666667
bgs_topk_jaccard,0.125,8,,,105,0.0
bgs_topk_jaccard,0.125,8,,,106,0.23076923076923078
bgs_topk_jaccard,0.125,8,,,107,0.14285714285714285
bgs_topk_jaccard,0.125,8,,,108,0.14285714285714285
bgs_topk_jaccard,0.125,8,,,109,0.14285714285714285
bgs_topk_jaccard,0.125,8,,,110,0.14285714285714285
bgs_topk_jaccard,0.125,8,,,111,0.06666666666666667
bgs_topk_jaccard,0.125,8,,,112,0.14285714285714285
bgs_topk_jaccard,0.125,8,,,113,0.23076923076923078
bgs_topk_jaccard,0.125,8,,,114,0.14285714285714285
bgs_topk_jaccard,0.125,8,,,115,0.14285714285714285
bgs_topk_jaccard,0.125,8,,,116,0.06666666666666667
bgs_topk_jaccard,0.125,8,,,117,0.06666666666666667
bgs_topk_jaccard,0.125,8,,,118,0.0
bgs_topk_jaccard,0.125,8,,,119,0.14285714285714285
bgs_topk_jaccard,0.125,8,,,120,0.0
bgs_topk_jaccard,0.125,8,,,121,0.0
bgs_topk_jaccard,0.125,8,,,122,0.14285714285714285
bgs_topk_jaccard,0.125,8,,,123,0.14285714285714285
bgs_topk_jaccard,0.125,8,,,124,0.06666666666666667
bgs_topk_jaccard,0.125,8,,,125,0.06666666666666667
bgs_topk_jaccard,0.125,8,,,126,0.06666666666666667
bgs_topk_jaccard,0.125,8,,,127,0.0
bgs_topk_jaccard,0.125,8,,,128,0.06666666666666667
bgs_topk_jaccard,0.125,8,,,129,0.06666666666666667
bgs_topk_jaccard,0.125,8,,,130,0.06666666666666667
bgs_topk_jaccard,0.125,8,,,131,0.06666666666666667
bgs_topk_jaccard,0.125,8,,,132,0.0
bgs_topk_jaccard,0.125,8,,,133,0.06666666666666667
bgs_topk_jaccard,0.125,8,,,134,0.14285714285714285
bgs_topk_jaccard,0.125,8,,,135,0.14285714285714285
bgs_topk_jaccard,0.125,8,,,136,0.06666666666666667
bgs_topk_jaccard,0.125,8,,,137,0.06666666666666667
bgs_topk_jaccard,0.125,8,,,138,0.06666666666666667
bgs_topk_jaccard,0.125,8,,,139,0.0
bgs_topk_jaccard,0.125,8,,,140,0.0
bgs_topk_jaccard,0.125,8,,,141,0.0
bgs_topk_jaccard,0.125,8,,,142,0.06666666666666667
bgs_topk_jaccard,0.125,8,,,143,0.0
bgs_topk_jaccard,0.125,8,,,144,0.14285714285714285
bgs_topk_jaccard,0.125,8,,,145,0.06666666666666667
bgs_topk_jaccard,0.125,8,,,146,0.06666666666666667
bgs_topk_jaccard,0.125,8,,,147,0.0
bgs_topk_jaccard,0.125,8,,,148,0.06666666666666667
bgs_topk_jaccard,0.125,8,,,149,0.0
bgs_topk_jaccard,0.125,8,,,150,0.14285714285714285
bgs_topk_jaccard,0.125,8,,,151,0.0
bgs_topk_jaccard,0.125,8,,,152,0.0
bgs_topk_jaccard,0.125,8,,,153,0.0
bgs_topk_jaccard,0.125,8,,,154,0.0
bgs_topk_jaccard,0.125,8,,,155,0.0
bgs_topk_jaccard,0.125,8,,,156,0.0
bgs_topk_jaccard,0.125,8,,,157,0.06666666666666667
bgs_topk_jaccard,0.125,8,,,158,0.23076923076923078
bgs_topk_jaccard,0.125,8,,,159,0.0
bgs_topk_jaccard,0.125,8,,,160,0.0
bgs_topk_jaccard,0.125,8,,,161,0.06666666666666667
bgs_topk_jaccard,0.125,8,,,162,0.0
bgs_topk_jaccard,0.125,8,,,163,0.06666666666666667
bgs_topk_jaccard,0.125,8,,,164,0.06666666666666667
bgs_topk_jaccard,0.125,8,,,165,0.14285714285714285
bgs_topk_jaccard,0.125,8,,,166,0.0
bgs_topk_jaccard,0.125,8,,,167,0.06666666666666667
bgs_topk_jaccard,0.125,8,,,168,0.06666666666666667
bgs_topk_jaccard,0.125,8,,,169,0.06666666666666667
bgs_topk_jaccard,0.125,8,,,170,0.06666666666666667
bgs_topk_jaccard,0.125,8,,,171,0.06666666666666667
bgs_topk_jaccard,0.125,8,,,172,0.06666666666666667
bgs_topk_jaccard,0.125,8,,,173,0.06666666666666667
bgs_topk_jaccard,0.125,8,,,174,0.14285714285714285
bgs_topk_jaccard,0.125,8,,,175,0.06666666666666667
bgs_topk_jaccard,0.125,8,,,176,0.0
bgs_topk_jaccard,0.125,8,,,177,0.14285714285714285
bgs_topk_jaccard,0.125,8,,,178,0.14285714285714285
bgs_topk_jaccard,0.125,8,,,179,0.0
bgs_topk_jaccard,0.125,8,,,180,0.06666666666666667
bgs_topk_jaccard,0.125,8,,,181,0.06666666666666667
bgs_topk_jaccard,0.125,8,,,182,0.06666666666666667
bgs_topk_jaccard,0.125,8,,,183,0.0
bgs_topk_jaccard,0.125,8,,,184,0.0
bgs_topk_jaccard,0.125,8,,,185,0.06666666666666667
bgs_topk_jaccard,0.125,8,,,186,0.06666666666666667
bgs_topk_jaccard,0.125,8,,,187,0.0
bgs_topk_jaccard,0.125,8,,,188,0.06666666666666667
bgs_topk_jaccard,0.125,8,,,189,0.0
bgs_topk_jaccard,0.125,8,,,190,0.06666666666666667
bgs_topk_jaccard,0.125,8,,,191,0.06666666666666667
bgs_topk_jaccard,0.125,8,,,192,0.06666666666666667
bgs_topk_jaccard,0.125,8,,,193,0.06666666666666667
bgs_topk_jaccard,0.125,8,,,194,0.14285714285714285
bgs_topk_jaccard,0.125,8,,,195,0.06666666666666667
bgs_topk_jaccard,0.125,8,,,196,0.06666666666666667
bgs_topk_jaccard,0.125,8,,,197,0.06666666666666667
bgs_topk_jaccard,0.125,8,,,198,0.14285714285714285
bgs_topk_jaccard,0.125,8,,,199,0.06666666666666667
bgs_topk_jaccard,0.125,8,,,200,0.14285714285714285
bgs_topk_jaccard,0.125,8,,,201,0.0
bgs_topk_jaccard,0.125,8,,,202,0.0
bgs_topk_jaccard,0.125,8,,,203,0.06666666666666667
bgs_topk_jaccard,0.125,8,,,204,0.06666666666666667
bgs_topk_jaccard,0.125,8,,,205,0.0
bgs_topk_jaccard,0.125,8,,,206,0.06666666666666667
bgs_topk_jaccard,0.125,8,,,207,0.0
bgs_topk_jaccard,0.125,8,,,208,0.0
bgs_topk_jaccard,0.125,8,,,209,0.06666666666666667
bgs_topk_jaccard,0.125,8,,,210,0.14285714285714285
bgs_topk_jaccard,0.125,8,,,211,0.23076923076923078
bgs_topk_jaccard,0.125,8,,,212,0.14285714285714285
bgs_topk_jaccard,0.125,8,,,213,0.0
bgs_topk_jaccard,0.125,8,,,214,0.0
bgs_topk_jaccard,0.125,8,,,215,0.06666666666666667
bgs_topk_jaccard,0.125,8,,,216,0.14285714285714285
bgs_topk_jaccard,0.125,8,,,217,0.0
bgs_topk_jaccard,0.125,8,,,218,0.06666666666666667
bgs_topk_jaccard,0.125,8,,,219,0.06666666666666667
bgs_topk_jaccard,0.125,8,,,220,0.23076923076923078
bgs_topk_jaccard,0.125,8,,,221,0.06666666666666667
bgs_topk_jaccard,0.125,8,,,222,0.14285714285714285
bgs_topk_jaccard,0.125,8,,,223,0.14285714285714285
bgs_topk_jaccard,0.125,8,,,224,0.06666666666666667
bgs_topk_jaccard,0.125,8,,,225,0.0
bgs_topk_jaccard,0.125,8,,,226,0.0
bgs_topk_jaccard,0.125,8,,,227,0.3333333333333333
bgs_topk_jaccard,0.125,8,,,228,0.06666666666666667
bgs_topk_jaccard,0.125,8,,,229,0.06666666666666667
bgs_topk_jaccard,0.125,8,,,230,0.14285714285714285
bgs_topk_jaccard,0.125,8,,,231,0.06666666666666667
bgs_topk_jaccard,0.125,8,,,232,0.06666666666666667
bgs_topk_jaccard,0.125,8,,,233,0.0
bgs_topk_jaccard,0.125,8,,,234,0.14285714285714285
bgs_topk_jaccard,0.125,8,,,235,0.06666666666666667
bgs_topk_jaccard,0.125,8,,,236,0.06666666666666667
bgs_topk_jaccard,0.125,8,,,237,0.0
bgs_topk_jaccard,0.125,8,,,238,0.06666666666666667
bgs_topk_jaccard,0.125,8,,,239,0.0
bgs_topk_jaccard,0.125,8,,,240,0.06666666666666667
bgs_topk_jaccard,0.125,8,,,241,0.06666666666666667
bgs_topk_jaccard,0.125,8,,,242,0.0
bgs_topk_jaccard,0.125,8,,,243,0.06666666666666667
bgs_topk_jaccard,0.125,8,,,244,0.14285714285714285
bgs_topk_jaccard,0.125,8,,,245,0.06666666666666667
bgs_topk_jaccard,0.125,8,,,246,0.0
bgs_topk_jaccard,0.125,8,,,247,0.14285714285714285
bgs_topk_jaccard,0.125,8,,,248,0.0
bgs_topk_jaccard,0.125,8,,,249,0.0
bgs_topk_jaccard,0.125,8,,,250,0.06666666666666667
bgs_topk_jaccard,0.125,8,,,251,0.14285714285714285
bgs_topk_jaccard,0.125,8,,,252,0.14285714285714285
bgs_topk_jaccard,0.125,8,,,253,0.06666666666666667
bgs_topk_jaccard,0.125,8,,,254,0.0
bgs_topk_jaccard,0.125,8,,,255,0.06666666666666667
bgs_topk_jaccard,0.125,8,,,256,0.06666666666666667
bgs_topk_jaccard,0.125,8,,,257,0.06666666666666667
bgs_topk_jaccard,0.125,8,,,258,0.06666666666666667
bgs_topk_jaccard,0.125,8,,,259,0.06666666666666667
bgs_topk_jaccard,0.125,8,,,260,0.06666666666666667
bgs_topk_jaccard,0.125,8,,,261,0.06666666666666667
bgs_topk_jaccard,0.125,8,,,262,0.06666666666666667
bgs_topk_jaccard,0.125,8,,,263,0.06666666666666667
bgs_topk_jaccard,0.125,8,,,264,0.06666666666666667
bgs_topk_jaccard,0.125,8,,,265,0.0
bgs_topk_jaccard,0.125,8,,,266,0.06666666666666667
bgs_topk_jaccard,0.125,8,,,267,0.06666666666666667
bgs_topk_jaccard,0.125,8,,,268,0.14285714285714285
bgs_topk_jaccard,0.125,8,,,269,0.06666666666666667
bgs_topk_jaccard,0.125,8,,,270,0.14285714285714285
bgs_topk_jaccard,0.125,8,,,271,0.23076923076923078
bgs_topk_jaccard,0.125,8,,,272,0.0
bgs_topk_jaccard,0.125,8,,,273,0.06666666666666667
bgs_topk_jaccard,0.125,8,,,274,0.0
bgs_topk_jaccard,0.125,8,,,275,0.06666666666666667
bgs_topk_jaccard,0.125,8,,,276,0.06666666666666667
bgs_topk_jaccard,0.125,8,,,277,0.0
bgs_topk_jaccard,0.125,8,,,278,0.0
bgs_topk_jaccard,0.125,8,,,279,0.14285714285714285
bgs_topk_jaccard,0.125,8,,,280,0.06666666666666667
bgs_topk_jaccard,0.125,8,,,281,0.06666666666666667
bgs_topk_jaccard,0.125,8,,,282,0.0
bgs_topk_jaccard,0.125,8,,,283,0.0
bgs_topk_jaccard,0.125,8,,,284,0.14285714285714285
bgs_topk_jaccard,0.125,8,,,285,0.06666666666666667
bgs_topk_jaccard,0.125,8,,,286,0.0
bgs_topk_jaccard,0.125,8,,,287,0.14285714285714285
bgs_topk_jaccard,0.125,8,,,288,0.0
bgs_topk_jaccard,0.125,8,,,289,0.14285714285714285
bgs_topk_jaccard,0.125,8,,,290,0.06666666666666667
bgs_topk_jaccard,0.125,8,,,291,0.23076923076923078
bgs_topk_jaccard,0.125,8,,,292,0.14285714285714285
bgs_topk_jaccard,0.125,8,,,293,0.0
bgs_topk_jaccard,0.125,8,,,294,0.06666666666666667
bgs_topk_jaccard,0.125,8,,,295,0.06666666666666667
bgs_topk_jaccard,0.125,8,,,296,0.06666666666666667
bgs_topk_jaccard,0.125,8,,,297,0.0
bgs_topk_jaccard,0.125,8,,,298,0.0
bgs_topk_jaccard,0.125,8,,,299,0.0
bgs_topk_jaccard,0.125,8,,,300,0.06666666666666667
bgs_topk_jaccard,0.125,8,,,301,0.0
bgs_topk_jaccard,0.125,8,,,302,0.06666666666666667
bgs_topk_jaccard,0.125,8,,,303,0.0
bgs_topk_jaccard,0.125,8,,,304,0.06666666666666667
bgs_topk_jaccard,0.125,8,,,305,0.0
bgs_topk_jaccard,0.125,8,,,306,0.14285714285714285
bgs_topk_jaccard,0.125,8,,,307,0.06666666666666667
bgs_topk_jaccard,0.125,8,,,308,0.06666666666666667
bgs_topk_jaccard,0.125,8,,,309,0.0
bgs_topk_jaccard,0.125,8,,,310,0.06666666666666667
bgs_topk_jaccard,0.125,8,,,311,0.14285714285714285
bgs_topk_jaccard,0.125,8,,,312,0.0
bgs_topk_jaccard,0.125,8,,,313,0.14285714285714285
bgs_topk_jaccard,0.125,8,,,314,0.06666666666666667
bgs_topk_jaccard,0.125,8,,,315,0.06666666666666667
bgs_topk_jaccard,0.125,8,,,316,0.0
bgs_topk_jaccard,0.125,8,,,317,0.0
bgs_topk_jaccard,0.125,8,,,318,0.0
bgs_topk_jaccard,0.125,8,,,319,0.14285714285714285
bgs_topk_jaccard,0.125,8,,,320,0.06666666666666667
bgs_topk_jaccard,0.125,8,,,321,0.06666666666666667
bgs_topk_jaccard,0.125,8,,,322,0.06666666666666667
bgs_topk_jaccard,0.125,8,,,323,0.0
bgs_topk_jaccard,0.125,8,,,324,0.14285714285714285
bgs_topk_jaccard,0.125,8,,,325,0.0
bgs_topk_jaccard,0.125,8,,,326,0.0
bgs_topk_jaccard,0.125,8,,,327,0.0
bgs_topk_jaccard,0.125,8,,,328,0.14285714285714285
bgs_topk_jaccard,0.125,8,,,329,0.23076923076923078
bgs_topk_jaccard,0.125,8,,,330,0.14285714285714285
bgs_topk_jaccard,0.125,8,,,331,0.14285714285714285
bgs_topk_jaccard,0.125,8,,,332,0.14285714285714285
bgs_topk_jaccard,0.125,8,,,333,0.14285714285714285
bgs_topk_jaccard,0.125,8,,,334,0.14285714285714285
bgs_topk_jaccard,0.125,8,,,335,0.06666666666666667
bgs_topk_jaccard,0.125,8,,,336,0.06666666666666667
bgs_topk_jaccard,0.125,8,,,337,0.3333333333333333
bgs_topk_jaccard,0.125,8,,,338,0.06666666666666667
bgs_topk_jaccard,0.125,8,,,339,0.06666666666666667
bgs_topk_jaccard,0.125,8,,,340,0.14285714285714285
bgs_topk_jaccard,0.125,8,,,341,0.0
bgs_topk_jaccard,0.125,8,,,342,0.0
bgs_topk_jaccard,0.125,8,,,343,0.06666666666666667
bgs_topk_jaccard,0.125,8,,,344,0.0
bgs_topk_jaccard,0.125,8,,,345,0.06666666666666667
bgs_topk_jaccard,0.125,8,,,346,0.06666666666666667
bgs_topk_jaccard,0.125,8,,,347,0.0
bgs_topk_jaccard,0.125,8,,,348,0.06666666666666667
bgs_topk_jaccard,0.125,8,,,349,0.06666666666666667
bgs_topk_jaccard,0.125,8,,,350,0.14285714285714285
bgs_topk_jaccard,0.125,8,,,351,0.0
bgs_topk_jaccard,0.125,8,,,352,0.0
bgs_topk_jaccard,0.125,8,,,353,0.0
bgs_topk_jaccard,0.125,8,,,354,0.06666666666666667
bgs_topk_jaccard,0.125,8,,,355,0.23076923076923078
bgs_topk_jaccard,0.125,8,,,356,0.14285714285714285
bgs_topk_jaccard,0.125,8,,,357,0.06666666666666667
bgs_topk_jaccard,0.125,8,,,358,0.06666666666666667
bgs_topk_jaccard,0.125,8,,,359,0.0
bgs_topk_jaccard,0.125,8,,,360,0.14285714285714285
bgs_topk_jaccard,0.125,8,,,361,0.14285714285714285
bgs_topk_jaccard,0.125,8,,,362,0.06666666666666667
bgs_topk_jaccard,0.125,8,,,363,0.0
bgs_topk_jaccard,0.125,8,,,364,0.06666666666666667
bgs_topk_jaccard,0.125,8,,,365,0.0
bgs_topk_jaccard,0.125,8,,,366,0.0
bgs_topk_jaccard,0.125,8,,,367,0.06666666666666667
bgs_topk_jaccard,0.125,8,,,368,0.14285714285714285
bgs_topk_jaccard,0.125,8,,,369,0.14285714285714285
bgs_topk_jaccard,0.125,8,,,370,0.06666666666666667
bgs_topk_jaccard,0.125,8,,,371,0.06666666666666667
bgs_topk_jaccard,0.125,8,,,372,0.14285714285714285
bgs_topk_jaccard,0.125,8,,,373,0.0
bgs_topk_jaccard,0.125,8,,,374,0.0
bgs_topk_jaccard,0.125,8,,,375,0.0
bgs_topk_jaccard,0.125,8,,,376,0.0
bgs_topk_jaccard,0.125,8,,,377,0.0
bgs_topk_jaccard,0.125,8,,,378,0.06666666666666667
bgs_topk_jaccard,0.125,8,,,379,0.3333333333333333
bgs_topk_jaccard,0.125,8,,,380,0.0
bgs_topk_jaccard,0.125,8,,,381,0.0
bgs_topk_jaccard,0.125,8,,,382,0.06666666666666667
bgs_topk_jaccard,0.125,8,,,383,0.06666666666666667
bgs_topk_jaccard,0.125,8,,,384,0.06666666666666667
bgs_topk_jaccard,0.125,8,,,385,0.14285714285714285
bgs_topk_jaccard,0.125,8,,,386,0.0
bgs_topk_jaccard,0.125,8,,,387,0.06666666666666667
bgs_topk_jaccard,0.125,8,,,388,0.06666666666666667
bgs_topk_jaccard,0.125,8,,,389,0.06666666666666667
bgs_topk_jaccard,0.125,8,,,390,0.0
bgs_topk_jaccard,0.125,8,,,391,0.14285714285714285
bgs_topk_jaccard,0.125,8,,,392,0.23076923076923078
bgs_topk_jaccard,0.125,8,,,393,0.14285714285714285
bgs_topk_jaccard,0.125,8,,,394,0.0
bgs_topk_jaccard,0.125,8,,,395,0.0
bgs_topk_jaccard,0.125,8,,,396,0.0
bgs_topk_jaccard,0.125,8,,,397,0.14285714285714285
bgs_topk_jaccard,0.125,8,,,398,0.0
bgs_topk_jaccard,0.125,8,,,399,0.14285714285714285
bgs_topk_jaccard,0.125,8,,,400,0.23076923076923078
bgs_topk_jaccard,0.125,8,,,401,0.0
bgs_topk_jaccard,0.125,8,,,402,0.14285714285714285
bgs_topk_jaccard,0.125,8,,,403,0.0
bgs_topk_jaccard,0.125,8,,,404,0.14285714285714285
bgs_topk_jaccard,0.125,8,,,405,0.0
bgs_topk_jaccard,0.125,8,,,406,0.06666666666666667
bgs_topk_jaccard,0.125,8,,,407,0.0
bgs_topk_jaccard,0.125,8,,,408,0.06666666666666667
bgs_topk_jaccard,0.125,8,,,409,0.06666666666666667
bgs_topk_jaccard,0.125,8,,,410,0.06666666666666667
bgs_topk_jaccard,0.125,8,,,411,0.06666666666666667
bgs_topk_jaccard,0.125,8,,,412,0.23076923076923078
bgs_topk_jaccard,0.125,8,,,413,0.14285714285714285
bgs_topk_jaccard,0.125,8,,,414,0.0
bgs_topk_jaccard,0.125,8,,,415,0.06666666666666667
bgs_topk_jaccard,0.125,8,,,416,0.0
bgs_topk_jaccard,0.125,8,,,417,0.06666666666666667
bgs_topk_jaccard,0.125,8,,,418,0.0
bgs_topk_jaccard,0.125,8,,,419,0.14285714285714285
bgs_topk_jaccard,0.125,8,,,420,0.0
bgs_topk_jaccard,0.125,8,,,421,0.0
bgs_topk_jaccard,0.125,8,,,422,0.06666666666666667
bgs_topk_jaccard,0.125,8,,,423,0.14285714285714285
bgs_topk_jaccard,0.125,8,,,424,0.0
bgs_topk_jaccard,0.125,8,,,425,0.0
bgs_topk_jaccard,0.125,8,,,426,0.0
bgs_topk_jaccard,0.125,8,,,427,0.14285714285714285
bgs_topk_jaccard,0.125,8,,,428,0.06666666666666667
bgs_topk_jaccard,0.125,8,,,429,0.06666666666666667
bgs_topk_jaccard,0.125,8,,,430,0.0
bgs_topk_jaccard,0.125,8,,,431,0.14285714285714285
bgs_topk_jaccard,0.125,8,,,432,0.06666666666666667
bgs_topk_jaccard,0.125,8,,,433,0.06666666666666667
bgs_topk_jaccard,0.125,8,,,434,0.0
bgs_topk_jaccard,0.125,8,,,435,0.14285714285714285
bgs_topk_jaccard,0.125,8,,,436,0.06666666666666667
bgs_topk_jaccard,0.125,8,,,437,0.06666666666666667
bgs_topk_jaccard,0.125,8,,,438,0.0
bgs_topk_jaccard,0.125,8,,,439,0.0
bgs_topk_jaccard,0.125,8,,,440,0.06666666666666667
bgs_topk_jaccard,0.125,8,,,441,0.06666666666666667
bgs_topk_jaccard,0.125,8,,,442,0.0
bgs_topk_jaccard,0.125,8,,,443,0.06666666666666667
bgs_topk_jaccard,0.125,8,,,444,0.0
bgs_topk_jaccard,0.125,8,,,445,0.3333333333333333
bgs_topk_jaccard,0.125,8,,,446,0.06666666666666667
bgs_topk_jaccard,0.125,8,,,447,0.0
bgs_topk_jaccard,0.125,8,,,448,0.0
bgs_topk_jaccard,0.125,8,,,449,0.06666666666666667
bgs_topk_jaccard,0.125,8,,,450,0.14285714285714285
bgs_topk_jaccard,0.125,8,,,451,0.06666666666666667
bgs_topk_jaccard,0.125,8,,,452,0.06666666666666667
bgs_topk_jaccard,0.125,8,,,453,0.0
bgs_topk_jaccard,0.125,8,,,454,0.0
bgs_topk_jaccard,0.125,8,,,455,0.06666666666666667
bgs_topk_jaccard,0.125,8,,,456,0.0
bgs_topk_jaccard,0.125,8,,,457,0.14285714285714285
bgs_topk_jaccard,0.125,8,,,458,0.14285714285714285
bgs_topk_jaccard,0.125,8,,,459,0.06666666666666667
bgs_topk_jaccard,0.125,8,,,460,0.23076923076923078
bgs_topk_jaccard,0.125,8,,,461,0.0
bgs_topk_jaccard,0.125,8,,,462,0.0
bgs_topk_jaccard,0.125,8,,,463,0.06666666666666667
bgs_topk_jaccard,0.125,8,,,464,0.06666666666666667
bgs_topk_jaccard,0.125,8,,,465,0.14285714285714285
bgs_topk_jaccard,0.125,8,,,466,0.14285714285714285
bgs_topk_jaccard,0.125,8,,,467,0.0
bgs_topk_jaccard,0.125,8,,,468,0.06666666666666667
bgs_topk_jaccard,0.125,8,,,469,0.23076923076923078
bgs_topk_jaccard,0.125,8,,,470,0.06666666666666667
bgs_topk_jaccard,0.125,8,,,471,0.06666666666666667
bgs_topk_jaccard,0.125,8,,,472,0.23076923076923078
bgs_topk_jaccard,0.125,8,,,473,0.0
bgs_topk_jaccard,0.125,8,,,474,0.06666666666666667
bgs_topk_jaccard,0.125,8,,,475,0.0
bgs_topk_jaccard,0.125,8,,,476,0.14285714285714285
bgs_topk_jaccard,0.125,8,,,477,0.0
bgs_topk_jaccard,0.125,8,,,478,0.0
bgs_topk_jaccard,0.125,8,,,479,0.06666666666666667
bgs_topk_jaccard,0.125,8,,,480,0.06666666666666667
bgs_topk_jaccard,0.125,8,,,481,0.0
bgs_topk_jaccard,0.125,8,,,482,0.06666666666666667
bgs_topk_jaccard,0.125,8,,,483,0.06666666666666667
bgs_topk_jaccard,0.125,8,,,484,0.06666666666666667
bgs_topk_jaccard,0.125,8,,,485,0.06666666666666667
bgs_topk_jaccard,0.125,8,,,486,0.06666666666666667
bgs_topk_jaccard,0.125,8,,,487,0.06666666666666667
bgs_topk_jaccard,0.125,8,,,488,0.14285714285714285
bgs_topk_jaccard,0.125,8,,,489,0.06666666666666667
bgs_topk_jaccard,0.125,8,,,490,0.14285714285714285
bgs_topk_jaccard,0.125,8,,,491,0.06666666666666667
bgs_topk_jaccard,0.125,8,,,492,0.0
bgs_topk_jaccard,0.125,8,,,493,0.23076923076923078
bgs_topk_jaccard,0.125,8,,,494,0.06666666666666667
bgs_topk_jaccard,0.125,8,,,495,0.0
bgs_topk_jaccard,0.125,8,,,496,0.0
bgs_topk_jaccard,0.125,8,,,497,0.06666666666666667
bgs_topk_jaccard,0.125,8,,,498,0.06666666666666667
bgs_topk_jaccard,0.125,8,,,499,0.06666666666666667
bgs_topk_jaccard,0.125,8,,,500,0.14285714285714285
bgs_topk_jaccard,0.125,8,,,501,0.14285714285714285
bgs_topk_jaccard,0.125,8,,,502,0.06666666666666667
bgs_topk_jaccard,0.125,8,,,503,0.14285714285714285
bgs_topk_jaccard,0.125,8,,,504,0.14285714285714285
bgs_topk_jaccard,0.125,8,,,505,0.0
bgs_topk_jaccard,0.125,8,,,506,0.0
bgs_topk_jaccard,0.125,8,,,507,0.06666666666666667
bgs_topk_jaccard,0.125,8,,,508,0.0
bgs_topk_jaccard,0.125,8,,,509,0.06666666666666667
bgs_topk_jaccard,0.125,8,,,510,0.06666666666666667
bgs_topk_jaccard,0.125,8,,,511,0.06666666666666667
bgs_topk_jaccard,0.125,8,,,512,0.06666666666666667
bgs_topk_jaccard,0.125,8,,,513,0.14285714285714285
bgs_topk_jaccard,0.125,8,,,514,0.0
bgs_topk_jaccard,0.125,8,,,515,0.06666666666666667
bgs_topk_jaccard,0.125,8,,,516,0.14285714285714285
bgs_topk_jaccard,0.125,8,,,517,0.06666666666666667
bgs_topk_jaccard,0.125,8,,,518,0.06666666666666667
bgs_topk_jaccard,0.125,8,,,519,0.06666666666666667
bgs_topk_jaccard,0.125,8,,,520,0.0
bgs_topk_jaccard,0.125,8,,,521,0.0
bgs_topk_jaccard,0.125,8,,,522,0.06666666666666667
bgs_topk_jaccard,0.125,8,,,523,0.06666666666666667
bgs_topk_jaccard,0.125,8,,,524,0.0
bgs_topk_jaccard,0.125,8,,,525,0.14285714285714285
bgs_topk_jaccard,0.125,8,,,526,0.0
bgs_topk_jaccard,0.125,8,,,527,0.14285714285714285
bgs_topk_jaccard,0.125,8,,,528,0.0
bgs_topk_jaccard,0.125,8,,,529,0.14285714285714285
bgs_topk_jaccard,0.125,8,,,530,0.06666666666666667
bgs_topk_jaccard,0.125,8,,,531,0.06666666666666667
bgs_topk_jaccard,0.125,8,,,532,0.06666666666666667
bgs_topk_jaccard,0.125,8,,,533,0.06666666666666667
bgs_topk_jaccard,0.125,8,,,534,0.06666666666666667
bgs_topk_jaccard,0.125,8,,,535,0.0
bgs_topk_jaccard,0.125,8,,,536,0.06666666666666667
bgs_topk_jaccard,0.125,8,,,537,0.23076923076923078
bgs_topk_jaccard,0.125,8,,,538,0.06666666666666667
bgs_topk_jaccard,0.125,8,,,539,0.06666666666666667
bgs_topk_jaccard,0.125,8,,,540,0.06666666666666667
bgs_topk_jaccard,0.125,8,,,541,0.06666666666666667
bgs_topk_jaccard,0.125,8,,,542,0.14285714285714285
bgs_topk_jaccard,0.125,8,,,543,0.0
bgs_topk_jaccard,0.125,8,,,544,0.0
bgs_topk_jaccard,0.125,8,,,545,0.0
bgs_topk_jaccard,0.125,8,,,546,0.0
bgs_topk_jaccard,0.125,8,,,547,0.14285714285714285
bgs_topk_jaccard,0.125,8,,,548,0.06666666666666667
bgs_topk_jaccard,0.125,8,,,549,0.06666666666666667
bgs_topk_jaccard,0.125,8,,,550,0.14285714285714285
bgs_topk_jaccard,0.125,8,,,551,0.0
bgs_topk_jaccard,0.125,8,,,552,0.06666666666666667
bgs_topk_jaccard,0.125,8,,,553,0.06666666666666667
bgs_topk_jaccard,0.125,8,,,554,0.14285714285714285
bgs_topk_jaccard,0.125,8,,,555,0.0
bgs_topk_jaccard,0.125,8,,,556,0.14285714285714285
bgs_topk_jaccard,0.125,8,,,557,0.06666666666666667
bgs_topk_jaccard,0.125,8,,,558,0.06666666666666667
bgs_topk_jaccard,0.125,8,,,559,0.06666666666666667
bgs_topk_jaccard,0.125,8,,,560,0.14285714285714285
bgs_topk_jaccard,0.125,8,,,561,0.23076923076923078
bgs_topk_jaccard,0.125,8,,,562,0.0
bgs_topk_jaccard,0.125,8,,,563,0.06666666666666667
bgs_topk_jaccard,0.125,8,,,564,0.0
bgs_topk_jaccard,0.125,8,,,565,0.06666666666666667
bgs_topk_jaccard,0.125,8,,,566,0.0
bgs_topk_jaccard,0.125,8,,,567,0.0
bgs_topk_jaccard,0.125,8,,,568,0.14285714285714285
bgs_topk_jaccard,0.125,8,,,569,0.06666666666666667
bgs_topk_jaccard,0.125,8,,,570,0.06666666666666667
bgs_topk_jaccard,0.125,8,,,571,0.0
bgs_topk_jaccard,0.125,8,,,572,0.0
bgs_topk_jaccard,0.125,8,,,573,0.0
bgs_topk_jaccard,0.125,8,,,574,0.14285714285714285
bgs_topk_jaccard,0.125,8,,,575,0.14285714285714285
bgs_topk_jaccard,0.125,8,,,576,0.0
bgs_topk_jaccard,0.125,8,,,577,0.14285714285714285
bgs_topk_jaccard,0.125,8,,,578,0.06666666666666667
bgs_topk_jaccard,0.125,8,,,579,0.0
bgs_topk_jaccard,0.125,8,,,580,0.0
bgs_topk_jaccard,0.125,8,,,581,0.06666666666666667
bgs_topk_jaccard,0.125,8,,,582,0.14285714285714285
bgs_topk_jaccard,0.125,8,,,583,0.0
bgs_topk_jaccard,0.125,8,,,584,0.06666666666666667
bgs_topk_jaccard,0.125,8,,,585,0.0
bgs_topk_jaccard,0.125,8,,,586,0.06666666666666667
bgs_topk_jaccard,0.125,8,,,587,0.0
bgs_topk_jaccard,0.125,8,,,588,0.06666666666666667
bgs_topk_jaccard,0.125,8,,,589,0.0
bgs_topk_jaccard,0.125,8,,,590,0.06666666666666667
bgs_topk_jaccard,0.125,8,,,591,0.14285714285714285
bgs_topk_jaccard,0.125,8,,,592,0.06666666666666667
bgs_topk_jaccard,0.125,8,,,593,0.0
bgs_topk_jaccard,0.125,8,,,594,0.14285714285714285
bgs_topk_jaccard,0.125,8,,,595,0.0
bgs_topk_jaccard,0.125,8,,,596,0.0
bgs_topk_jaccard,0.125,8,,,597,0.23076923076923078
bgs_topk_jaccard,0.125,8,,,598,0.0
bgs_topk_jaccard,0.125,8,,,599,0.0
bgs_topk_jaccard,0.125,8,,,600,0.14285714285714285
bgs_topk_jaccard,0.125,8,,,601,0.0
bgs_topk_jaccard,0.125,8,,,602,0.06666666666666667
bgs_topk_jaccard,0.125,8,,,603,0.0
bgs_topk_jaccard,0.125,8,,,604,0.0
bgs_topk_jaccard,0.125,8,,,605,0.0
bgs_topk_jaccard,0.125,8,,,606,0.06666666666666667
bgs_topk_jaccard,0.125,8,,,607,0.06666666666666667
bgs_topk_jaccard,0.125,8,,,608,0.06666666666666667
bgs_topk_jaccard,0.125,8,,,609,0.14285714285714285
bgs_topk_jaccard,0.125,8,,,610,0.06666666666666667
bgs_topk_jaccard,0.125,8,,,611,0.23076923076923078
bgs_topk_jaccard,0.125,8,,,612,0.0
bgs_topk_jaccard,0.125,8,,,613,0.14285714285714285
bgs_topk_jaccard,0.125,8,,,614,0.0
bgs_topk_jaccard,0.125,8,,,615,0.23076923076923078
bgs_topk_jaccard,0.125,8,,,616,0.06666666666666667
bgs_topk_jaccard,0.125,8,,,617,0.0
bgs_topk_jaccard,0.125,8,,,618,0.14285714285714285
bgs_topk_jaccard,0.125,8,,,619,0.23076923076923078
bgs_topk_jaccard,0.125,8,,,620,0.0
bgs_topk_jaccard,0.125,8,,,621,0.14285714285714285
bgs_topk_jaccard,0.125,8,,,622,0.0
bgs_topk_jaccard,0.125,8,,,623,0.06666666666666667
bgs_topk_jaccard,0.125,8,,,624,0.06666666666666667
bgs_topk_jaccard,0.125,8,,,625,0.0
bgs_topk_jaccard,0.125,8,,,626,0.06666666666666667
bgs_topk_jaccard,0.125,8,,,627,0.0
bgs_topk_jaccard,0.125,8,,,628,0.14285714285714285
bgs_topk_jaccard,0.125,8,,,629,0.14285714285714285
bgs_topk_jaccard,0.125,8,,,630,0.23076923076923078
bgs_topk_jaccard,0.125,8,,,631,0.06666666666666667
bgs_topk_jaccard,0.125,8,,,632,0.14285714285714285
bgs_topk_jaccard,0.125,8,,,633,0.0
bgs_topk_jaccard,0.125,8,,,634,0.06666666666666667
bgs_topk_jaccard,0.125,8,,,635,0.0
bgs_topk_jaccard,0.125,8,,,636,0.0
bgs_topk_jaccard,0.125,8,,,637,0.06666666666666667
bgs_topk_jaccard,0.125,8,,,638,0.0
bgs_topk_jaccard,0.125,8,,,639,0.14285714285714285
bgs_topk_jaccard,0.125,8,,,640,0.06666666666666667
bgs_topk_jaccard,0.125,8,,,641,0.0
bgs_topk_jaccard,0.125,8,,,642,0.06666666666666667
bgs_topk_jaccard,0.125,8,,,643,0.0
bgs_topk_jaccard,0.125,8,,,644,0.14285714285714285
bgs_topk_jaccard,0.125,8,,,645,0.06666666666666667
bgs_topk_jaccard,0.125,8,,,646,0.0
bgs_topk_jaccard,0.125,8,,,647,0.23076923076923078
bgs_topk_jaccard,0.125,8,,,648,0.14285714285714285
bgs_topk_jaccard,0.125,8,,,649,0.23076923076923078
bgs_topk_jaccard,0.125,8,,,650,0.0
bgs_topk_jaccard,0.125,8,,,651,0.14285714285714285
bgs_topk_jaccard,0.125,8,,,652,0.0
bgs_topk_jaccard,0.125,8,,,653,0.0
bgs_topk_jaccard,0.125,8,,,654,0.06666666666666667
bgs_topk_jaccard,0.125,8,,,655,0.06666666666666667
bgs_topk_jaccard,0.125,8,,,656,0.0
bgs_topk_jaccard,0.125,8,,,657,0.0
bgs_topk_jaccard,0.125,8,,,658,0.06666666666666667
bgs_topk_jaccard,0.125,8,,,659,0.06666666666666667
bgs_topk_jaccard,0.125,8,,,660,0.06666666666666667
bgs_topk_jaccard,0.125,8,,,661,0.06666666666666667
bgs_topk_jaccard,0.125,8,,,662,0.0
bgs_topk_jaccard,0.125,8,,,663,0.0
bgs_topk_jaccard,0.125,8,,,664,0.14285714285714285
bgs_topk_jaccard,0.125,8,,,665,0.06666666666666667
bgs_topk_jaccard,0.125,8,,,666,0.14285714285714285
bgs_topk_jaccard,0.125,8,,,667,0.0
bgs_topk_jaccard,0.125,8,,,668,0.06666666666666667
bgs_topk_jaccard,0.125,8,,,669,0.06666666666666667
bgs_topk_jaccard,0.125,8,,,670,0.0
bgs_topk_jaccard,0.125,8,,,671,0.14285714285714285
bgs_topk_jaccard,0.125,8,,,672,0.06666666666666667
bgs_topk_jaccard,0.125,8,,,673,0.0
bgs_topk_jaccard,0.125,8,,,674,0.14285714285714285
bgs_topk_jaccard,0.125,8,,,675,0.0
bgs_topk_jaccard,0.125,8,,,676,0.14285714285714285
bgs_topk_jaccard,0.125,8,,,677,0.06666666666666667
bgs_topk_jaccard,0.125,8,,,678,0.0
bgs_topk_jaccard,0.125,8,,,679,0.06666666666666667
bgs_topk_jaccard,0.125,8,,,680,0.06666666666666667
bgs_topk_jaccard,0.125,8,,,681,0.06666666666666667
bgs_topk_jaccard,0.125,8,,,682,0.0
bgs_topk_jaccard,0.125,8,,,683,0.06666666666666667
bgs_topk_jaccard,0.125,8,,,684,0.06666666666666667
bgs_topk_jaccard,0.125,8,,,685,0.06666666666666667
bgs_topk_jaccard,0.125,8,,,686,0.0
bgs_topk_jaccard,0.125,8,,,687,0.14285714285714285
bgs_topk_jaccard,0.125,8,,,688,0.06666666666666667
bgs_topk_jaccard,0.125,8,,,689,0.06666666666666667
bgs_topk_jaccard,0.125,8,,,690,0.06666666666666667
bgs_topk_jaccard,0.125,8,,,691,0.0
bgs_topk_jaccard,0.125,8,,,692,0.0
bgs_topk_jaccard,0.125,8,,,693,0.06666666666666667
bgs_topk_jaccard,0.125,8,,,694,0.06666666666666667
bgs_topk_jaccard,0.125,8,,,695,0.14285714285714285
bgs_topk_jaccard,0.125,8,,,696,0.14285714285714285
bgs_topk_jaccard,0.125,8,,,697,0.14285714285714285
bgs_topk_jaccard,0.125,8,,,698,0.0
bgs_topk_jaccard,0.125,8,,,699,0.06666666666666667
bgs_topk_jaccard,0.125,8,,,700,0.06666666666666667
bgs_topk_jaccard,0.125,8,,,701,0.14285714285714285
bgs_topk_jaccard,0.125,8,,,702,0.14285714285714285
bgs_topk_jaccard,0.125,8,,,703,0.0
bgs_topk_jaccard,0.125,8,,,704,0.06666666666666667
bgs_topk_jaccard,0.125,8,,,705,0.06666666666666667
bgs_topk_jaccard,0.125,8,,,706,0.0
bgs_topk_jaccard,0.125,8,,,707,0.14285714285714285
bgs_topk_jaccard,0.125,8,,,708,0.06666666666666667
bgs_topk_jaccard,0.125,8,,,709,0.14285714285714285
bgs_topk_jaccard,0.125,8,,,710,0.0
bgs_topk_jaccard,0.125,8,,,711,0.0
bgs_topk_jaccard,0.125,8,,,712,0.0
bgs_topk_jaccard,0.125,8,,,713,0.06666666666666667
bgs_topk_jaccard,0.125,8,,,714,0.06666666666666667
bgs_topk_jaccard,0.125,8,,,715,0.23076923076923078
bgs_topk_jaccard,0.125,8,,,716,0.06666666666666667
bgs_topk_jaccard,0.125,8,,,717,0.0
bgs_topk_jaccard,0.125,8,,,718,0.06666666666666667
bgs_topk_jaccard,0.125,8,,,719,0.06666666666666667
bgs_topk_jaccard,0.125,8,,,720,0.0
bgs_topk_jaccard,0.125,8,,,721,0.0
bgs_topk_jaccard,0.125,8,,,722,0.14285714285714285
bgs_topk_jaccard,0.125,8,,,723,0.06666666666666667
bgs_topk_jaccard,0.125,8,,,724,0.06666666666666667
bgs_topk_jaccard,0.125,8,,,725,0.14285714285714285
bgs_topk_jaccard,0.125,8,,,726,0.06666666666666667
bgs_topk_jaccard,0.125,8,,,727,0.06666666666666667
bgs_topk_jaccard,0.125,8,,,728,0.0
bgs_topk_jaccard,0.125,8,,,729,0.23076923076923078
bgs_topk_jaccard,0.125,8,,,730,0.14285714285714285
bgs_topk_jaccard,0.125,8,,,731,0.0
bgs_topk_jaccard,0.125,8,,,732,0.14285714285714285
bgs_topk_jaccard,0.125,8,,,733,0.06666666666666667
bgs_topk_jaccard,0.125,8,,,734,0.06666666666666667
bgs_topk_jaccard,0.125,8,,,735,0.0
bgs_topk_jaccard,0.125,8,,,736,0.06666666666666667
bgs_topk_jaccard,0.125,8,,,737,0.0
bgs_topk_jaccard,0.125,8,,,738,0.06666666666666667
bgs_topk_jaccard,0.125,8,,,739,0.06666666666666667
bgs_topk_jaccard,0.125,8,,,740,0.06666666666666667
bgs_topk_jaccard,0.125,8,,,741,0.06666666666666667
bgs_topk_jaccard,0.125,8,,,742,0.06666666666666667
bgs_topk_jaccard,0.125,8,,,743,0.14285714285714285
bgs_topk_jaccard,0.125,8,,,744,0.14285714285714285
bgs_topk_jaccard,0.125,8,,,745,0.14285714285714285
bgs_topk_jaccard,0.125,8,,,746,0.0
bgs_topk_jaccard,0.125,8,,,747,0.23076923076923078
bgs_topk_jaccard,0.125,8,,,748,0.0
bgs_topk_jaccard,0.125,8,,,749,0.06666666666666667
bgs_topk_jaccard,0.125,8,,,750,0.14285714285714285
bgs_topk_jaccard,0.125,8,,,751,0.0
bgs_topk_jaccard,0.125,8,,,752,0.14285714285714285
bgs_topk_jaccard,0.125,8,,,753,0.06666666666666667
bgs_topk_jaccard,0.125,8,,,754,0.06666666666666667
bgs_topk_jaccard,0.125,8,,,755,0.06666666666666667
bgs_topk_jaccard,0.125,8,,,756,0.06666666666666667
bgs_topk_jaccard,0.125,8,,,757,0.0
bgs_topk_jaccard,0.125,8,,,758,0.0
bgs_topk_jaccard,0.125,8,,,759,0.14285714285714285
bgs_topk_jaccard,0.125,8,,,760,0.14285714285714285
bgs_topk_jaccard,0.125,8,,,761,0.06666666666666667
bgs_topk_jaccard,0.125,8,,,762,0.06666666666666667
bgs_topk_jaccard,0.125,8,,,763,0.0
bgs_topk_jaccard,0.125,8,,,764,0.14285714285714285
bgs_topk_jaccard,0.125,8,,,765,0.06666666666666667
bgs_topk_jaccard,0.125,8,,,766,0.14285714285714285
bgs_topk_jaccard,0.125,8,,,767,0.0
bgs_topk_jaccard,0.125,8,,,768,0.06666666666666667
bgs_topk_jaccard,0.125,8,,,769,0.0
bgs_topk_jaccard,0.125,8,,,770,0.14285714285714285
bgs_topk_jaccard,0.125,8,,,771,0.06666666666666667
bgs_topk_jaccard,0.125,8,,,772,0.06666666666666667
bgs_topk_jaccard,0.125,8,,,773,0.0
bgs_topk_jaccard,0.125,8,,,774,0.06666666666666667
bgs_topk_jaccard,0.125,8,,,775,0.06666666666666667
bgs_topk_jaccard,0.125,8,,,776,0.06666666666666667
bgs_topk_jaccard,0.125,8,,,777,0.14285714285714285
bgs_topk_jaccard,0.125,8,,,778,0.0
bgs_topk_jaccard,0.125,8,,,779,0.06666666666666667
bgs_topk_jaccard,0.125,8,,,780,0.0
bgs_topk_jaccard,0.125,8,,,781,0.0
bgs_topk_jaccard,0.125,8,,,782,0.06666666666666667
bgs_topk_jaccard,0.125,8,,,783,0.14285714285714285
bgs_topk_jaccard,0.125,8,,,784,0.23076923076923078
bgs_topk_jaccard,0.125,8,,,785,0.14285714285714285
bgs_topk_jaccard,0.125,8,,,786,0.06666666666666667
bgs_topk_jaccard,0.125,8,,,787,0.06666666666666667
bgs_topk_jaccard,0.125,8,,,788,0.14285714285714285
bgs_topk_jaccard,0.125,8,,,789,0.14285714285714285
bgs_topk_jaccard,0.125,8,,,790,0.14285714285714285
bgs_topk_jaccard,0.125,8,,,791,0.06666666666666667
bgs_topk_jaccard,0.125,8,,,792,0.06666666666666667
bgs_topk_jaccard,0.125,8,,,793,0.06666666666666667
bgs_topk_jaccard,0.125,8,,,794,0.06666666666666667
bgs_topk_jaccard,0.125,8,,,795,0.06666666666666667
bgs_topk_jaccard,0.125,8,,,796,0.0
bgs_topk_jaccard,0.125,8,,,797,0.0
bgs_topk_jaccard,0.125,8,,,798,0.23076923076923078
bgs_topk_jaccard,0.125,8,,,799,0.06666666666666667
bgs_topk_jaccard,0.125,8,,,800,0.14285714285714285
bgs_topk_jaccard,0.125,8,,,801,0.06666666666666667
bgs_topk_jaccard,0.125,8,,,802,0.06666666666666667
bgs_topk_jaccard,0.125,8,,,803,0.14285714285714285
bgs_topk_jaccard,0.125,8,,,804,0.0
bgs_topk_jaccard,0.125,8,,,805,0.0
bgs_topk_jaccard,0.125,8,,,806,0.06666666666666667
bgs_topk_jaccard,0.125,8,,,807,0.0
bgs_topk_jaccard,0.125,8,,,808,0.0
bgs_topk_jaccard,0.125,8,,,809,0.14285714285714285
bgs_topk_jaccard,0.125,8,,,810,0.0
bgs_topk_jaccard,0.125,8,,,811,0.0
bgs_topk_jaccard,0.125,8,,,812,0.0
bgs_topk_jaccard,0.125,8,,,813,0.14285714285714285
bgs_topk_jaccard,0.125,8,,,814,0.0
bgs_topk_jaccard,0.125,8,,,815,0.06666666666666667
bgs_topk_jaccard,0.125,8,,,816,0.23076923076923078
bgs_topk_jaccard,0.125,8,,,817,0.0
bgs_topk_jaccard,0.125,8,,,818,0.0
bgs_topk_jaccard,0.125,8,,,819,0.06666666666666667
bgs_topk_jaccard,0.125,8,,,820,0.06666666666666667
bgs_topk_jaccard,0.125,8,,,821,0.23076923076923078
bgs_topk_jaccard,0.125,8,,,822,0.14285714285714285
bgs_topk_jaccard,0.125,8,,,823,0.0
bgs_topk_jaccard,0.125,8,,,824,0.06666666666666667
bgs_topk_jaccard,0.125,8,,,825,0.14285714285714285
bgs_topk_jaccard,0.125,8,,,826,0.0
bgs_topk_jaccard,0.125,8,,,827,0.0
bgs_topk_jaccard,0.125,8,,,828,0.06666666666666667
bgs_topk_jaccard,0.125,8,,,829,0.0
bgs_topk_jaccard,0.125,8,,,830,0.06666666666666667
bgs_topk_jaccard,0.125,8,,,831,0.06666666666666667
bgs_topk_jaccard,0.125,8,,,832,0.14285714285714285
bgs_topk_jaccard,0.125,8,,,833,0.14285714285714285
bgs_topk_jaccard,0.125,8,,,834,0.06666666666666667
bgs_topk_jaccard,0.125,8,,,835,0.06666666666666667
bgs_topk_jaccard,0.125,8,,,836,0.14285714285714285
bgs_topk_jaccard,0.125,8,,,837,0.0
bgs_topk_jaccard,0.125,8,,,838,0.0
bgs_topk_jaccard,0.125,8,,,839,0.0
bgs_topk_jaccard,0.125,8,,,840,0.14285714285714285
bgs_topk_jaccard,0.125,8,,,841,0.06666666666666667
bgs_topk_jaccard,0.125,8,,,842,0.23076923076923078
bgs_topk_jaccard,0.125,8,,,843,0.06666666666666667
bgs_topk_jaccard,0.125,8,,,844,0.0
bgs_topk_jaccard,0.125,8,,,845,0.14285714285714285
bgs_topk_jaccard,0.125,8,,,846,0.06666666666666667
bgs_topk_jaccard,0.125,8,,,847,0.06666666666666667
bgs_topk_jaccard,0.125,8,,,848,0.06666666666666667
bgs_topk_jaccard,0.125,8,,,849,0.06666666666666667
bgs_topk_jaccard,0.125,8,,,850,0.0
bgs_topk_jaccard,0.125,8,,,851,0.14285714285714285
bgs_topk_jaccard,0.125,8,,,852,0.0
bgs_topk_jaccard,0.125,8,,,853,0.0
bgs_topk_jaccard,0.125,8,,,854,0.06666666666666667
bgs_topk_jaccard,0.125,8,,,855,0.06666666666666667
bgs_topk_jaccard,0.125,8,,,856,0.06666666666666667
bgs_topk_jaccard,0.125,8,,,857,0.06666666666666667
bgs_topk_jaccard,0.125,8,,,858,0.0
bgs_topk_jaccard,0.125,8,,,859,0.06666666666666667
bgs_topk_jaccard,0.125,8,,,860,0.0
bgs_topk_jaccard,0.125,8,,,861,0.06666666666666667
bgs_topk_jaccard,0.125,8,,,862,0.06666666666666667
bgs_topk_jaccard,0.125,8,,,863,0.06666666666666667
bgs_topk_jaccard,0.125,8,,,864,0.0
bgs_topk_jaccard,0.125,8,,,865,0.06666666666666667
bgs_topk_jaccard,0.125,8,,,866,0.06666666666666667
bgs_topk_jaccard,0.125,8,,,867,0.06666666666666667
bgs_topk_jaccard,0.125,8,,,868,0.0
bgs_topk_jaccard,0.125,8,,,869,0.06666666666666667
bgs_topk_jaccard,0.125,8,,,870,0.06666666666666667
bgs_topk_jaccard,0.125,8,,,871,0.14285714285714285
bgs_topk_jaccard,0.125,8,,,872,0.06666666666666667
bgs_topk_jaccard,0.125,8,,,873,0.0
bgs_topk_jaccard,0.125,8,,,874,0.06666666666666667
bgs_topk_jaccard,0.125,8,,,875,0.06666666666666667
bgs_topk_jaccard,0.125,8,,,876,0.06666666666666667
bgs_topk_jaccard,0.125,8,,,877,0.14285714285714285
bgs_topk_jaccard,0.125,8,,,878,0.0
bgs_topk_jaccard,0.125,8,,,879,0.14285714285714285
bgs_topk_jaccard,0.125,8,,,880,0.06666666666666667
bgs_topk_jaccard,0.125,8,,,881,0.14285714285714285
bgs_topk_jaccard,0.125,8,,,882,0.06666666666666667
bgs_topk_jaccard,0.125,8,,,883,0.06666666666666667
bgs_topk_jaccard,0.125,8,,,884,0.06666666666666667
bgs_topk_jaccard,0.125,8,,,885,0.0
bgs_topk_jaccard,0.125,8,,,886,0.14285714285714285
bgs_topk_jaccard,0.125,8,,,887,0.06666666666666667
bgs_topk_jaccard,0.125,8,,,888,0.0
bgs_topk_jaccard,0.125,8,,,889,0.0
bgs_topk_jaccard,0.125,8,,,890,0.06666666666666667
bgs_topk_jaccard,0.125,8,,,891,0.06666666666666667
bgs_topk_jaccard,0.125,8,,,892,0.06666666666666667
bgs_topk_jaccard,0.125,8,,,893,0.0
bgs_topk_jaccard,0.125,8,,,894,0.0
bgs_topk_jaccard,0.125,8,,,895,0.0
bgs_topk_jaccard,0.125,8,,,896,0.3333333333333333
bgs_topk_jaccard,0.125,8,,,897,0.23076923076923078
bgs_topk_jaccard,0.125,8,,,898,0.0
bgs_topk_jaccard,0.125,8,,,899,0.06666666666666667
bgs_topk_jaccard,0.125,8,,,900,0.06666666666666667
bgs_topk_jaccard,0.125,8,,,901,0.14285714285714285
bgs_topk_jaccard,0.125,8,,,902,0.0
bgs_topk_jaccard,0.125,8,,,903,0.0
bgs_topk_jaccard,0.125,8,,,904,0.0
bgs_topk_jaccard,0.125,8,,,905,0.0
bgs_topk_jaccard,0.125,8,,,906,0.06666666666666667
bgs_topk_jaccard,0.125,8,,,907,0.14285714285714285
bgs_topk_jaccard,0.125,8,,,908,0.06666666666666667
bgs_topk_jaccard,0.125,8,,,909,0.06666666666666667
bgs_topk_jaccard,0.125,8,,,910,0.06666666666666667
bgs_topk_jaccard,0.125,8,,,911,0.0
bgs_topk_jaccard,0.125,8,,,912,0.0
bgs_topk_jaccard,0.125,8,,,913,0.06666666666666667
bgs_topk_jaccard,0.125,8,,,914,0.06666666666666667
bgs_topk_jaccard,0.125,8,,,915,0.06666666666666667
bgs_topk_jaccard,0.125,8,,,916,0.14285714285714285
bgs_topk_jaccard,0.125,8,,,917,0.14285714285714285
bgs_topk_jaccard,0.125,8,,,918,0.06666666666666667
bgs_topk_jaccard,0.125,8,,,919,0.0
bgs_topk_jaccard,0.125,8,,,920,0.06666666666666667
bgs_topk_jaccard,0.125,8,,,921,0.06666666666666667
bgs_topk_jaccard,0.125,8,,,922,0.0
bgs_topk_jaccard,0.125,8,,,923,0.0
bgs_topk_jaccard,0.125,8,,,924,0.0
bgs_topk_jaccard,0.125,8,,,925,0.06666666666666667
bgs_topk_jaccard,0.125,8,,,926,0.14285714285714285
bgs_topk_jaccard,0.125,8,,,927,0.06666666666666667
bgs_topk_jaccard,0.125,8,,,928,0.14285714285714285
bgs_topk_jaccard,0.125,8,,,929,0.06666666666666667
bgs_topk_jaccard,0.125,8,,,930,0.06666666666666667
bgs_topk_jaccard,0.125,8,,,931,0.14285714285714285
bgs_topk_jaccard,0.125,8,,,932,0.0
bgs_topk_jaccard,0.125,8,,,933,0.0
bgs_topk_jaccard,0.125,8,,,934,0.0
bgs_topk_jaccard,0.125,8,,,935,0.06666666666666667
bgs_topk_jaccard,0.125,8,,,936,0.0
bgs_topk_jaccard,0.125,8,,,937,0.0
bgs_topk_jaccard,0.125,8,,,938,0.14285714285714285
bgs_topk_jaccard,0.125,8,,,939,0.06666666666666667
bgs_topk_jaccard,0.125,8,,,940,0.06666666666666667
bgs_topk_jaccard,0.125,8,,,941,0.06666666666666667
bgs_topk_jaccard,0.125,8,,,942,0.14285714285714285
bgs_topk_jaccard,0.125,8,,,943,0.06666666666666667
bgs_topk_jaccard,0.125,8,,,944,0.06666666666666667
bgs_topk_jaccard,0.125,8,,,945,0.14285714285714285
bgs_topk_jaccard,0.125,8,,,946,0.06666666666666667
bgs_topk_jaccard,0.125,8,,,947,0.0
bgs_topk_jaccard,0.125,8,,,948,0.06666666666666667
bgs_topk_jaccard,0.125,8,,,949,0.0
bgs_topk_jaccard,0.125,8,,,950,0.0
bgs_topk_jaccard,0.125,8,,,951,0.06666666666666667
bgs_topk_jaccard,0.125,8,,,952,0.14285714285714285
bgs_topk_jaccard,0.125,8,,,953,0.0
bgs_topk_jaccard,0.125,8,,,954,0.0
bgs_topk_jaccard,0.125,8,,,955,0.0
bgs_topk_jaccard,0.125,8,,,956,0.23076923076923078
bgs_topk_jaccard,0.125,8,,,957,0.06666666666666667
bgs_topk_jaccard,0.125,8,,,958,0.06666666666666667
bgs_topk_jaccard,0.125,8,,,959,0.0
bgs_topk_jaccard,0.125,8,,,960,0.06666666666666667
bgs_topk_jaccard,0.125,8,,,961,0.14285714285714285
bgs_topk_jaccard,0.125,8,,,962,0.06666666666666667
bgs_topk_jaccard,0.125,8,,,963,0.0
bgs_topk_jaccard,0.125,8,,,964,0.06666666666666667
bgs_topk_jaccard,0.125,8,,,965,0.0
bgs_topk_jaccard,0.125,8,,,966,0.0
bgs_topk_jaccard,0.125,8,,,967,0.0
bgs_topk_jaccard,0.125,8,,,968,0.14285714285714285
bgs_topk_jaccard,0.125,8,,,969,0.06666666666666667
bgs_topk_jaccard,0.125,8,,,970,0.06666666666666667
bgs_topk_jaccard,0.125,8,,,971,0.0
bgs_topk_jaccard,0.125,8,,,972,0.06666666666666667
bgs_topk_jaccard,0.125,8,,,973,0.06666666666666667
bgs_topk_jaccard,0.125,8,,,974,0.06666666666666667
bgs_topk_jaccard,0.125,8,,,975,0.0
bgs_topk_jaccard,0.125,8,,,976,0.06666666666666667
bgs_topk_jaccard,0.125,8,,,977,0.0
bgs_topk_jaccard,0.125,8,,,978,0.06666666666666667
bgs_topk_jaccard,0.125,8,,,979,0.06666666666666667
bgs_topk_jaccard,0.125,8,,,980,0.14285714285714285
bgs_topk_jaccard,0.125,8,,,981,0.06666666666666667
bgs_topk_jaccard,0.125,8,,,982,0.0
bgs_topk_jaccard,0.125,8,,,983,0.06666666666666667
bgs_topk_jaccard,0.125,8,,,984,0.0
bgs_topk_jaccard,0.125,8,,,985,0.06666666666666667
bgs_topk_jaccard,0.125,8,,,986,0.0
bgs_topk_jaccard,0.125,8,,,987,0.0
bgs_topk_jaccard,0.125,8,,,988,0.0
bgs_topk_jaccard,0.125,8,,,989,0.06666666666666667
bgs_topk_jaccard,0.125,8,,,990,0.14285714285714285
bgs_topk_jaccard,0.125,8,,,991,0.06666666666666667
bgs_topk_jaccard,0.125,8,,,992,0.14285714285714285
bgs_topk_jaccard,0.125,8,,,993,0.06666666666666667
bgs_topk_jaccard,0.125,8,,,994,0.06666666666666667
bgs_topk_jaccard,0.125,8,,,995,0.06666666666666667
bgs_topk_jaccard,0.125,8,,,996,0.06666666666666667
bgs_topk_jaccard,0.125,8,,,997,0.0
bgs_topk_jaccard,0.125,8,,,998,0.06666666666666667
bgs_topk_jaccard,0.125,8,,,999,0.0
bgs_topk_jaccard,0.125,8,,,1000,0.0
bgs_topk_jaccard,0.125,8,,,1001,0.0
bgs_topk_jaccard,0.125,8,,,1002,0.06666666666666667
bgs_topk_jaccard,0.125,8,,,1003,0.0
bgs_topk_jaccard,0.125,8,,,1004,0.0
bgs_topk_jaccard,0.125,8,,,1005,0.06666666666666667
bgs_topk_jaccard,0.125,8,,,1006,0.06666666666666667
bgs_topk_jaccard,0.125,8,,,1007,0.0
bgs_topk_jaccard,0.125,8,,,1008,0.0
bgs_topk_jaccard,0.125,8,,,1009,0.06666666666666667
bgs_topk_jaccard,0.125,8,,,1010,0.14285714285714285
bgs_topk_jaccard,0.125,8,,,1011,0.0
bgs_topk_jaccard,0.125,8,,,1012,0.06666666666666667
bgs_topk_jaccard,0.125,8,,,1013,0.0
bgs_topk_jaccard,0.125,8,,,1014,0.14285714285714285
bgs_topk_jaccard,0.125,8,,,1015,0.06666666666666667
bgs_topk_jaccard,0.125,8,,,1016,0.06666666666666667
bgs_topk_jaccard,0.125,8,,,1017,0.06666666666666667
bgs_topk_jaccard,0.125,8,,,1018,0.06666666666666667
bgs_topk_jaccard,0.125,8,,,1019,0.06666666666666667
bgs_topk_jaccard,0.125,8,,,1020,0.06666666666666667
bgs_topk_jaccard,0.125,8,,,1021,0.0
bgs_topk_jaccard,0.125,8,,,1022,0.06666666666666667
bgs_topk_jaccard,0.125,8,,,1023,0.14285714285714285
bgs_topk_jaccard,0.125,8,,,1024,0.0
bgs_topk_jaccard,0.125,8,,,1025,0.0
bgs_topk_jaccard,0.125,8,,,1026,0.14285714285714285
bgs_topk_jaccard,0.125,8,,,1027,0.14285714285714285
bgs_topk_jaccard,0.125,8,,,1028,0.06666666666666667
bgs_topk_jaccard,0.125,8,,,1029,0.14285714285714285
bgs_topk_jaccard,0.125,8,,,1030,0.0
bgs_topk_jaccard,0.125,8,,,1031,0.0
bgs_topk_jaccard,0.125,8,,,1032,0.0
bgs_topk_jaccard,0.125,8,,,1033,0.06666666666666667
bgs_topk_jaccard,0.125,8,,,1034,0.0
bgs_topk_jaccard,0.125,8,,,1035,0.06666666666666667
bgs_topk_jaccard,0.125,8,,,1036,0.06666666666666667
bgs_topk_jaccard,0.125,8,,,1037,0.06666666666666667
bgs_topk_jaccard,0.125,8,,,1038,0.06666666666666667
bgs_topk_jaccard,0.125,8,,,1039,0.0
bgs_topk_jaccard,0.125,8,,,1040,0.06666666666666667
bgs_topk_jaccard,0.125,8,,,1041,0.23076923076923078
bgs_topk_jaccard,0.125,8,,,1042,0.06666666666666667
bgs_topk_jaccard,0.125,8,,,1043,0.06666666666666667
bgs_topk_jaccard,0.125,8,,,1044,0.06666666666666667
bgs_topk_jaccard,0.125,8,,,1045,0.0
bgs_topk_jaccard,0.125,8,,,1046,0.06666666666666667
bgs_topk_jaccard,0.125,8,,,1047,0.06666666666666667
bgs_topk_jaccard,0.125,8,,,1048,0.0
bgs_topk_jaccard,0.125,8,,,1049,0.0
bgs_topk_jaccard,0.125,8,,,1050,0.06666666666666667
bgs_topk_jaccard,0.125,8,,,1051,0.14285714285714285
bgs_topk_jaccard,0.125,8,,,1052,0.0
bgs_topk_jaccard,0.125,8,,,1053,0.23076923076923078
bgs_topk_jaccard,0.125,8,,,1054,0.06666666666666667
bgs_topk_jaccard,0.125,8,,,1055,0.06666666666666667
bgs_topk_jaccard,0.125,8,,,1056,0.0
bgs_topk_jaccard,0.125,8,,,1057,0.0
bgs_topk_jaccard,0.125,8,,,1058,0.14285714285714285
bgs_topk_jaccard,0.125,8,,,1059,0.06666666666666667
bgs_topk_jaccard,0.125,8,,,1060,0.06666666666666667
bgs_topk_jaccard,0.125,8,,,1061,0.0
bgs_topk_jaccard,0.125,8,,,1062,0.06666666666666667
bgs_topk_jaccard,0.125,8,,,1063,0.06666666666666667
bgs_topk_jaccard,0.125,8,,,1064,0.06666666666666667
bgs_topk_jaccard,0.125,8,,,1065,0.14285714285714285
bgs_topk_jaccard,0.125,8,,,1066,0.06666666666666667
bgs_topk_jaccard,0.125,8,,,1067,0.06666666666666667
bgs_topk_jaccard,0.125,8,,,1068,0.0
bgs_topk_jaccard,0.125,8,,,1069,0.14285714285714285
bgs_topk_jaccard,0.125,8,,,1070,0.0
bgs_topk_jaccard,0.125,8,,,1071,0.0
bgs_topk_jaccard,0.125,8,,,1072,0.0
bgs_topk_jaccard,0.125,8,,,1073,0.0
bgs_topk_jaccard,0.125,8,,,1074,0.06666666666666667
bgs_topk_jaccard,0.125,8,,,1075,0.06666666666666667
bgs_topk_jaccard,0.125,8,,,1076,0.0
bgs_topk_jaccard,0.125,8,,,1077,0.06666666666666667
bgs_topk_jaccard,0.125,8,,,1078,0.0
bgs_topk_jaccard,0.125,8,,,1079,0.14285714285714285
bgs_topk_jaccard,0.125,8,,,1080,0.14285714285714285
bgs_topk_jaccard,0.125,8,,,1081,0.0
bgs_topk_jaccard,0.125,8,,,1082,0.06666666666666667
bgs_topk_jaccard,0.125,8,,,1083,0.0
bgs_topk_jaccard,0.125,8,,,1084,0.0
bgs_topk_jaccard,0.125,8,,,1085,0.0
bgs_topk_jaccard,0.125,8,,,1086,0.14285714285714285
bgs_topk_jaccard,0.125,8,,,1087,0.06666666666666667
bgs_topk_jaccard,0.125,8,,,1088,0.0
bgs_topk_jaccard,0.125,8,,,1089,0.06666666666666667
bgs_topk_jaccard,0.125,8,,,1090,0.06666666666666667
bgs_topk_jaccard,0.125,8,,,1091,0.0
bgs_topk_jaccard,0.125,8,,,1092,0.14285714285714285
bgs_topk_jaccard,0.125,8,,,1093,0.23076923076923078
bgs_topk_jaccard,0.125,8,,,1094,0.06666666666666667
bgs_topk_jaccard,0.125,8,,,1095,0.0
bgs_topk_jaccard,0.125,8,,,1096,0.06666666666666667
bgs_topk_jaccard,0.125,8,,,1097,0.23076923076923078
bgs_topk_jaccard,0.125,8,,,1098,0.14285714285714285
bgs_topk_jaccard,0.125,8,,,1099,0.0
bgs_topk_jaccard,0.125,8,,,1100,0.06666666666666667
bgs_topk_jaccard,0.125,8,,,1101,0.14285714285714285
bgs_topk_jaccard,0.125,8,,,1102,0.06666666666666667
bgs_topk_jaccard,0.125,8,,,1103,0.06666666666666667
bgs_topk_jaccard,0.125,8,,,1104,0.06666666666666667
bgs_topk_jaccard,0.125,8,,,1105,0.3333333333333333
bgs_topk_jaccard,0.125,8,,,1106,0.06666666666666667
bgs_topk_jaccard,0.125,8,,,1107,0.06666666666666667
bgs_topk_jaccard,0.125,8,,,1108,0.06666666666666667
bgs_topk_jaccard,0.125,8,,,1109,0.23076923076923078
bgs_topk_jaccard,0.125,8,,,1110,0.14285714285714285
bgs_topk_jaccard,0.125,8,,,1111,0.06666666666666667
bgs_topk_jaccard,0.125,8,,,1112,0.06666666666666667
bgs_topk_jaccard,0.125,8,,,1113,0.06666666666666667
bgs_topk_jaccard,0.125,8,,,1114,0.0
bgs_topk_jaccard,0.125,8,,,1115,0.0
bgs_topk_jaccard,0.125,8,,,1116,0.06666666666666667
bgs_topk_jaccard,0.125,8,,,1117,0.0
bgs_topk_jaccard,0.125,8,,,1118,0.06666666666666667
bgs_topk_jaccard,0.125,8,,,1119,0.06666666666666667
bgs_topk_jaccard,0.125,8,,,1120,0.0
bgs_topk_jaccard,0.125,8,,,1121,0.23076923076923078
bgs_topk_jaccard,0.125,8,,,1122,0.0
bgs_topk_jaccard,0.125,8,,,1123,0.06666666666666667
bgs_topk_jaccard,0.125,8,,,1124,0.14285714285714285
bgs_topk_jaccard,0.125,8,,,1125,0.0
bgs_topk_jaccard,0.125,8,,,1126,0.06666666666666667
bgs_topk_jaccard,0.125,8,,,1127,0.23076923076923078
bgs_topk_jaccard,0.125,8,,,1128,0.14285714285714285
bgs_topk_jaccard,0.125,8,,,1129,0.06666666666666667
bgs_topk_jaccard,0.125,8,,,1130,0.06666666666666667
bgs_topk_jaccard,0.125,8,,,1131,0.0
bgs_topk_jaccard,0.125,8,,,1132,0.23076923076923078
bgs_topk_jaccard,0.125,8,,,1133,0.06666666666666667
bgs_topk_jaccard,0.125,8,,,1134,0.06666666666666667
bgs_topk_jaccard,0.125,8,,,1135,0.0
bgs_topk_jaccard,0.125,8,,,1136,0.14285714285714285
bgs_topk_jaccard,0.125,8,,,1137,0.0
bgs_topk_jaccard,0.125,8,,,1138,0.06666666666666667
bgs_topk_jaccard,0.125,8,,,1139,0.0
bgs_topk_jaccard,0.125,8,,,1140,0.14285714285714285
bgs_topk_jaccard,0.125,8,,,1141,0.0
bgs_topk_jaccard,0.125,8,,,1142,0.14285714285714285
bgs_topk_jaccard,0.125,8,,,1143,0.0
bgs_topk_jaccard,0.125,8,,,1144,0.0
bgs_topk_jaccard,0.125,8,,,1145,0.06666666666666667
bgs_topk_jaccard,0.125,8,,,1146,0.14285714285714285
bgs_topk_jaccard,0.125,8,,,1147,0.06666666666666667
bgs_topk_jaccard,0.125,8,,,1148,0.0
bgs_topk_jaccard,0.125,8,,,1149,0.06666666666666667
bgs_topk_jaccard,0.125,8,,,1150,0.14285714285714285
bgs_topk_jaccard,0.125,8,,,1151,0.0
bgs_topk_jaccard,0.125,8,,,1152,0.23076923076923078
bgs_topk_jaccard,0.125,8,,,1153,0.06666666666666667
bgs_topk_jaccard,0.125,8,,,1154,0.06666666666666667
bgs_topk_jaccard,0.125,8,,,1155,0.06666666666666667
bgs_topk_jaccard,0.125,8,,,1156,0.06666666666666667
bgs_topk_jaccard,0.125,8,,,1157,0.06666666666666667
bgs_topk_jaccard,0.125,8,,,1158,0.06666666666666667
bgs_topk_jaccard,0.125,8,,,1159,0.0
bgs_topk_jaccard,0.125,8,,,1160,0.0
bgs_topk_jaccard,0.125,8,,,1161,0.0
bgs_topk_jaccard,0.125,8,,,1162,0.0
bgs_topk_jaccard,0.125,8,,,1163,0.06666666666666667
bgs_topk_jaccard,0.125,8,,,1164,0.06666666666666667
bgs_topk_jaccard,0.125,8,,,1165,0.0
bgs_topk_jaccard,0.125,8,,,1166,0.14285714285714285
bgs_topk_jaccard,0.125,8,,,1167,0.06666666666666667
bgs_topk_jaccard,0.125,8,,,1168,0.06666666666666667
bgs_topk_jaccard,0.125,8,,,1169,0.06666666666666667
bgs_topk_jaccard,0.125,8,,,1170,0.06666666666666667
bgs_topk_jaccard,0.125,8,,,1171,0.06666666666666667
bgs_topk_jaccard,0.125,8,,,1172,0.14285714285714285
bgs_topk_jaccard,0.125,8,,,1173,0.0
bgs_topk_jaccard,0.125,8,,,1174,0.06666666666666667
bgs_topk_jaccard,0.125,8,,,1175,0.06666666666666667
bgs_topk_jaccard,0.125,8,,,1176,0.06666666666666667
bgs_topk_jaccard,0.125,8,,,1177,0.0
bgs_topk_jaccard,0.125,8,,,1178,0.14285714285714285
bgs_topk_jaccard,0.125,8,,,1179,0.0
bgs_topk_jaccard,0.125,8,,,1180,0.06666666666666667
bgs_topk_jaccard,0.125,8,,,1181,0.0
bgs_topk_jaccard,0.125,8,,,1182,0.0
bgs_topk_jaccard,0.125,8,,,1183,0.0
bgs_topk_jaccard,0.125,8,,,1184,0.06666666666666667
bgs_topk_jaccard,0.125,8,,,1185,0.0
bgs_topk_jaccard,0.125,8,,,1186,0.0
bgs_topk_jaccard,0.125,8,,,1187,0.0
bgs_topk_jaccard,0.125,8,,,1188,0.0
bgs_topk_jaccard,0.125,8,,,1189,0.06666666666666667
bgs_topk_jaccard,0.125,8,,,1190,0.06666666666666667
bgs_topk_jaccard,0.125,8,,,1191,0.06666666666666667
bgs_topk_jaccard,0.125,8,,,1192,0.14285714285714285
bgs_topk_jaccard,0.125,8,,,1193,0.06666666666666667
bgs_topk_jaccard,0.125,8,,,1194,0.14285714285714285
bgs_topk_jaccard,0.125,8,,,1195,0.0
bgs_topk_jaccard,0.125,8,,,1196,0.14285714285714285
bgs_topk_jaccard,0.125,8,,,1197,0.06666666666666667
bgs_topk_jaccard,0.125,8,,,1198,0.14285714285714285
bgs_topk_jaccard,0.125,8,,,1199,0.0
bgs_topk_jaccard,0.125,8,,,1200,0.06666666666666667
bgs_topk_jaccard,0.125,8,,,1201,0.06666666666666667
bgs_topk_jaccard,0.125,8,,,1202,0.0
bgs_topk_jaccard,0.125,8,,,1203,0.23076923076923078
bgs_topk_jaccard,0.125,8,,,1204,0.14285714285714285
bgs_topk_jaccard,0.125,8,,,1205,0.0
bgs_topk_jaccard,0.125,8,,,1206,0.06666666666666667
bgs_topk_jaccard,0.125,8,,,1207,0.0
bgs_topk_jaccard,0.125,8,,,1208,0.0
bgs_topk_jaccard,0.125,8,,,1209,0.06666666666666667
bgs_topk_jaccard,0.125,8,,,1210,0.0
bgs_topk_jaccard,0.125,8,,,1211,0.0
bgs_topk_jaccard,0.125,8,,,1212,0.0
bgs_topk_jaccard,0.125,8,,,1213,0.06666666666666667
bgs_topk_jaccard,0.125,8,,,1214,0.06666666666666667
bgs_topk_jaccard,0.125,8,,,1215,0.0
bgs_topk_jaccard,0.125,8,,,1216,0.0
bgs_topk_jaccard,0.125,8,,,1217,0.14285714285714285
bgs_topk_jaccard,0.125,8,,,1218,0.0
bgs_topk_jaccard,0.125,8,,,1219,0.14285714285714285
bgs_topk_jaccard,0.125,8,,,1220,0.06666666666666667
bgs_topk_jaccard,0.125,8,,,1221,0.06666666666666667
bgs_topk_jaccard,0.125,8,,,1222,0.06666666666666667
bgs_topk_jaccard,0.125,8,,,1223,0.0
bgs_topk_jaccard,0.125,8,,,1224,0.06666666666666667
bgs_topk_jaccard,0.125,8,,,1225,0.06666666666666667
bgs_topk_jaccard,0.125,8,,,1226,0.23076923076923078
bgs_topk_jaccard,0.125,8,,,1227,0.06666666666666667
bgs_topk_jaccard,0.125,8,,,1228,0.06666666666666667
bgs_topk_jaccard,0.125,8,,,1229,0.06666666666666667
bgs_topk_jaccard,0.125,8,,,1230,0.0
bgs_topk_jaccard,0.125,8,,,1231,0.06666666666666667
bgs_topk_jaccard,0.125,8,,,1232,0.06666666666666667
bgs_topk_jaccard,0.125,8,,,1233,0.23076923076923078
bgs_topk_jaccard,0.125,8,,,1234,0.0
bgs_topk_jaccard,0.125,8,,,1235,0.0
bgs_topk_jaccard,0.125,8,,,1236,0.06666666666666667
bgs_topk_jaccard,0.125,8,,,1237,0.06666666666666667
bgs_topk_jaccard,0.125,8,,,1238,0.0
bgs_topk_jaccard,0.125,8,,,1239,0.06666666666666667
bgs_topk_jaccard,0.125,8,,,1240,0.06666666666666667
bgs_topk_jaccard,0.125,8,,,1241,0.06666666666666667
bgs_topk_jaccard,0.125,8,,,1242,0.0
bgs_topk_jaccard,0.125,8,,,1243,0.06666666666666667
bgs_topk_jaccard,0.125,8,,,1244,0.0
bgs_topk_jaccard,0.125,8,,,1245,0.0
bgs_topk_jaccard,0.125,8,,,1246,0.23076923076923078
bgs_topk_jaccard,0.125,8,,,1247,0.06666666666666667
bgs_topk_jaccard,0.125,8,,,1248,0.06666666666666667
bgs_topk_jaccard,0.125,8,,,1249,0.06666666666666667
bgs_topk_jaccard,0.125,8,,,1250,0.06666666666666667
bgs_topk_jaccard,0.125,8,,,1251,0.06666666666666667
bgs_topk_jaccard,0.125,8,,,1252,0.06666666666666667
bgs_topk_jaccard,0.125,8,,,1253,0.14285714285714285
bgs_topk_jaccard,0.125,8,,,1254,0.06666666666666667
bgs_topk_jaccard,0.125,8,,,1255,0.23076923076923078
bgs_topk_jaccard,0.125,8,,,1256,0.06666666666666667
bgs_topk_jaccard,0.125,8,,,1257,0.14285714285714285
bgs_topk_jaccard,0.125,8,,,1258,0.0
bgs_topk_jaccard,0.125,8,,,1259,0.06666666666666667
bgs_topk_jaccard,0.125,8,,,1260,0.23076923076923078
bgs_topk_jaccard,0.125,8,,,1261,0.06666666666666667
bgs_topk_jaccard,0.125,8,,,1262,0.0
bgs_topk_jaccard,0.125,8,,,1263,0.06666666666666667
bgs_topk_jaccard,0.125,8,,,1264,0.0
bgs_topk_jaccard,0.125,8,,,1265,0.06666666666666667
bgs_topk_jaccard,0.125,8,,,1266,0.23076923076923078
bgs_topk_jaccard,0.125,8,,,1267,0.0
bgs_topk_jaccard,0.125,8,,,1268,0.14285714285714285
bgs_topk_jaccard,0.125,8,,,1269,0.06666666666666667
bgs_topk_jaccard,0.125,8,,,1270,0.0
bgs_topk_jaccard,0.125,8,,,1271,0.0
bgs_topk_jaccard,0.125,8,,,1272,0.06666666666666667
bgs_topk_jaccard,0.125,8,,,1273,0.06666666666666667
bgs_topk_jaccard,0.125,8,,,1274,0.14285714285714285
bgs_topk_jaccard,0.125,8,,,1275,0.0
bgs_topk_jaccard,0.125,8,,,1276,0.06666666666666667
bgs_topk_jaccard,0.125,8,,,1277,0.06666666666666667
bgs_topk_jaccard,0.125,8,,,1278,0.23076923076923078
bgs_topk_jaccard,0.125,8,,,1279,0.06666666666666667
bgs_topk_jaccard,0.125,8,,,1280,0.06666666666666667
bgs_topk_jaccard,0.125,8,,,1281,0.14285714285714285
bgs_topk_jaccard,0.125,8,,,1282,0.0
bgs_topk_jaccard,0.125,8,,,1283,0.23076923076923078
bgs_topk_jaccard,0.125,8,,,1284,0.0
bgs_topk_jaccard,0.125,8,,,1285,0.06666666666666667
bgs_topk_jaccard,0.125,8,,,1286,0.0
bgs_topk_jaccard,0.125,8,,,1287,0.14285714285714285
bgs_topk_jaccard,0.125,8,,,1288,0.06666666666666667
bgs_topk_jaccard,0.125,8,,,1289,0.0
bgs_topk_jaccard,0.125,8,,,1290,0.06666666666666667
bgs_topk_jaccard,0.125,8,,,1291,0.06666666666666667
bgs_topk_jaccard,0.125,8,,,1292,0.14285714285714285
bgs_topk_jaccard,0.125,8,,,1293,0.0
bgs_topk_jaccard,0.125,8,,,1294,0.06666666666666667
bgs_topk_jaccard,0.125,8,,,1295,0.06666666666666667
bgs_topk_jaccard,0.125,8,,,1296,0.0
bgs_topk_jaccard,0.125,8,,,1297,0.14285714285714285
bgs_topk_jaccard,0.125,8,,,1298,0.06666666666666667
bgs_topk_jaccard,0.125,8,,,1299,0.14285714285714285
bgs_topk_jaccard,0.125,8,,,1300,0.0
bgs_topk_jaccard,0.125,8,,,1301,0.0
bgs_topk_jaccard,0.125,8,,,1302,0.0
bgs_topk_jaccard,0.125,8,,,1303,0.23076923076923078
bgs_topk_jaccard,0.125,8,,,1304,0.06666666666666667
bgs_topk_jaccard,0.125,8,,,1305,0.45454545454545453
bgs_topk_jaccard,0.125,8,,,1306,0.14285714285714285
bgs_topk_jaccard,0.125,8,,,1307,0.23076923076923078
bgs_topk_jaccard,0.125,8,,,1308,0.14285714285714285
bgs_topk_jaccard,0.125,8,,,1309,0.0
bgs_topk_jaccard,0.125,8,,,1310,0.06666666666666667
bgs_topk_jaccard,0.125,8,,,1311,0.06666666666666667
bgs_topk_jaccard,0.125,8,,,1312,0.14285714285714285
bgs_topk_jaccard,0.125,8,,,1313,0.06666666666666667
bgs_topk_jaccard,0.125,8,,,1314,0.0
bgs_topk_jaccard,0.125,8,,,1315,0.14285714285714285
bgs_topk_jaccard,0.125,8,,,1316,0.06666666666666667
bgs_topk_jaccard,0.125,8,,,1317,0.0
bgs_topk_jaccard,0.125,8,,,1318,0.06666666666666667
bgs_topk_jaccard,0.125,8,,,1319,0.0
bgs_topk_jaccard,0.125,8,,,1320,0.23076923076923078
bgs_topk_jaccard,0.125,8,,,1321,0.0
bgs_topk_jaccard,0.125,8,,,1322,0.06666666666666667
bgs_topk_jaccard,0.125,8,,,1323,0.06666666666666667
bgs_topk_jaccard,0.125,8,,,1324,0.14285714285714285
bgs_topk_jaccard,0.125,8,,,1325,0.0
bgs_topk_jaccard,0.125,8,,,1326,0.0
bgs_topk_jaccard,0.125,8,,,1327,0.06666666666666667
bgs_topk_jaccard,0.125,8,,,1328,0.14285714285714285
bgs_topk_jaccard,0.125,8,,,1329,0.0
bgs_topk_jaccard,0.125,8,,,1330,0.06666666666666667
bgs_topk_jaccard,0.125,8,,,1331,0.0
bgs_topk_jaccard,0.125,8,,,1332,0.0
bgs_topk_jaccard,0.125,8,,,1333,0.0
bgs_topk_jaccard,0.125,8,,,1334,0.06666666666666667
bgs_topk_jaccard,0.125,8,,,1335,0.23076923076923078
bgs_topk_jaccard,0.125,8,,,1336,0.06666666666666667
bgs_topk_jaccard,0.125,8,,,1337,0.0
bgs_topk_jaccard,0.125,8,,,1338,0.06666666666666667
bgs_topk_jaccard,0.125,8,,,1339,0.0
bgs_topk_jaccard,0.125,8,,,1340,0.14285714285714285
bgs_topk_jaccard,0.125,8,,,1341,0.06666666666666667
bgs_topk_jaccard,0.125,8,,,1342,0.06666666666666667
bgs_topk_jaccard,0.125,8,,,1343,0.0
bgs_topk_jaccard,0.125,8,,,1344,0.06666666666666667
bgs_topk_jaccard,0.125,8,,,1345,0.0
bgs_topk_jaccard,0.125,8,,,1346,0.06666666666666667
bgs_topk_jaccard,0.125,8,,,1347,0.14285714285714285
bgs_topk_jaccard,0.125,8,,,1348,0.0
bgs_topk_jaccard,0.125,8,,,1349,0.06666666666666667
bgs_topk_jaccard,0.125,8,,,1350,0.0
bgs_topk_jaccard,0.125,8,,,1351,0.06666666666666667
bgs_topk_jaccard,0.125,8,,,1352,0.06666666666666667
bgs_topk_jaccard,0.125,8,,,1353,0.14285714285714285
bgs_topk_jaccard,0.125,8,,,1354,0.14285714285714285
bgs_topk_jaccard,0.125,8,,,1355,0.06666666666666667
bgs_topk_jaccard,0.125,8,,,1356,0.23076923076923078
bgs_topk_jaccard,0.125,8,,,1357,0.06666666666666667
bgs_topk_jaccard,0.125,8,,,1358,0.0
bgs_topk_jaccard,0.125,8,,,1359,0.06666666666666667
bgs_topk_jaccard,0.125,8,,,1360,0.0
bgs_topk_jaccard,0.125,8,,,1361,0.06666666666666667
bgs_topk_jaccard,0.125,8,,,1362,0.06666666666666667
bgs_topk_jaccard,0.125,8,,,1363,0.06666666666666667
bgs_topk_jaccard,0.125,8,,,1364,0.14285714285714285
bgs_topk_jaccard,0.125,8,,,1365,0.0
bgs_topk_jaccard,0.125,8,,,1366,0.0
bgs_topk_jaccard,0.125,8,,,1367,0.06666666666666667
bgs_topk_jaccard,0.125,8,,,1368,0.06666666666666667
bgs_topk_jaccard,0.125,8,,,1369,0.06666666666666667
bgs_topk_jaccard,0.125,8,,,1370,0.0
bgs_topk_jaccard,0.125,8,,,1371,0.06666666666666667
bgs_topk_jaccard,0.125,8,,,1372,0.06666666666666667
bgs_topk_jaccard,0.125,8,,,1373,0.0
bgs_topk_jaccard,0.125,8,,,1374,0.06666666666666667
bgs_topk_jaccard,0.125,8,,,1375,0.06666666666666667
bgs_topk_jaccard,0.125,8,,,1376,0.06666666666666667
bgs_topk_jaccard,0.125,8,,,1377,0.0
bgs_topk_jaccard,0.125,8,,,1378,0.23076923076923078
bgs_topk_jaccard,0.125,8,,,1379,0.14285714285714285
bgs_topk_jaccard,0.125,8,,,1380,0.0
bgs_topk_jaccard,0.125,8,,,1381,0.14285714285714285
bgs_topk_jaccard,0.125,8,,,1382,0.06666666666666667
bgs_topk_jaccard,0.125,8,,,1383,0.14285714285714285
bgs_topk_jaccard,0.125,8,,,1384,0.23076923076923078
bgs_topk_jaccard,0.125,8,,,1385,0.06666666666666667
bgs_topk_jaccard,0.125,8,,,1386,0.14285714285714285
bgs_topk_jaccard,0.125,8,,,1387,0.23076923076923078
bgs_topk_jaccard,0.125,8,,,1388,0.0
bgs_topk_jaccard,0.125,8,,,1389,0.06666666666666667
bgs_topk_jaccard,0.125,8,,,1390,0.14285714285714285
bgs_topk_jaccard,0.125,8,,,1391,0.06666666666666667
bgs_topk_jaccard,0.125,8,,,1392,0.14285714285714285
bgs_topk_jaccard,0.125,8,,,1393,0.06666666666666667
bgs_topk_jaccard,0.125,8,,,1394,0.0
bgs_topk_jaccard,0.125,8,,,1395,0.0
bgs_topk_jaccard,0.125,8,,,1396,0.06666666666666667
bgs_topk_jaccard,0.125,8,,,1397,0.0
bgs_topk_jaccard,0.125,8,,,1398,0.0
bgs_topk_jaccard,0.125,8,,,1399,0.23076923076923078
bgs_topk_jaccard,0.125,8,,,1400,0.0
bgs_topk_jaccard,0.125,8,,,1401,0.06666666666666667
bgs_topk_jaccard,0.125,8,,,1402,0.3333333333333333
bgs_topk_jaccard,0.125,8,,,1403,0.06666666666666667
bgs_topk_jaccard,0.125,8,,,1404,0.0
bgs_topk_jaccard,0.125,8,,,1405,0.06666666666666667
bgs_topk_jaccard,0.125,8,,,1406,0.14285714285714285
bgs_topk_jaccard,0.125,8,,,1407,0.06666666666666667
bgs_topk_jaccard,0.125,8,,,1408,0.0
bgs_topk_jaccard,0.125,8,,,1409,0.0
bgs_topk_jaccard,0.125,8,,,1410,0.06666666666666667
bgs_topk_jaccard,0.125,8,,,1411,0.14285714285714285
bgs_topk_jaccard,0.125,8,,,1412,0.0
bgs_topk_jaccard,0.125,8,,,1413,0.0
bgs_topk_jaccard,0.125,8,,,1414,0.14285714285714285
bgs_topk_jaccard,0.125,8,,,1415,0.14285714285714285
bgs_topk_jaccard,0.125,8,,,1416,0.06666666666666667
bgs_topk_jaccard,0.125,8,,,1417,0.06666666666666667
bgs_topk_jaccard,0.125,8,,,1418,0.14285714285714285
bgs_topk_jaccard,0.125,8,,,1419,0.06666666666666667
bgs_topk_jaccard,0.125,8,,,1420,0.14285714285714285
bgs_topk_jaccard,0.125,8,,,1421,0.06666666666666667
bgs_topk_jaccard,0.125,8,,,1422,0.0
bgs_topk_jaccard,0.125,8,,,1423,0.14285714285714285
bgs_topk_jaccard,0.125,8,,,1424,0.14285714285714285
bgs_topk_jaccard,0.125,8,,,1425,0.06666666666666667
bgs_topk_jaccard,0.125,8,,,1426,0.0
bgs_topk_jaccard,0.125,8,,,1427,0.06666666666666667
bgs_topk_jaccard,0.125,8,,,1428,0.06666666666666667
bgs_topk_jaccard,0.125,8,,,1429,0.06666666666666667
bgs_topk_jaccard,0.125,8,,,1430,0.06666666666666667
bgs_topk_jaccard,0.125,8,,,1431,0.06666666666666667
bgs_topk_jaccard,0.125,8,,,1432,0.0
bgs_topk_jaccard,0.125,8,,,1433,0.0
bgs_topk_jaccard,0.125,8,,,1434,0.06666666666666667
bgs_topk_jaccard,0.125,8,,,1435,0.23076923076923078
bgs_topk_jaccard,0.125,8,,,1436,0.14285714285714285
bgs_topk_jaccard,0.125,8,,,1437,0.0
bgs_topk_jaccard,0.125,8,,,1438,0.0
bgs_topk_jaccard,0.125,8,,,1439,0.0
bgs_topk_jaccard,0.125,8,,,1440,0.06666666666666667
bgs_topk_jaccard,0.125,8,,,1441,0.06666666666666667
bgs_topk_jaccard,0.125,8,,,1442,0.14285714285714285
bgs_topk_jaccard,0.125,8,,,1443,0.0
bgs_topk_jaccard,0.125,8,,,1444,0.06666666666666667
bgs_topk_jaccard,0.125,8,,,1445,0.14285714285714285
bgs_topk_jaccard,0.125,8,,,1446,0.06666666666666667
bgs_topk_jaccard,0.125,8,,,1447,0.06666666666666667
bgs_topk_jaccard,0.125,8,,,1448,0.06666666666666667
bgs_topk_jaccard,0.125,8,,,1449,0.06666666666666667
bgs_topk_jaccard,0.125,8,,,1450,0.14285714285714285
bgs_topk_jaccard,0.125,8,,,1451,0.0
bgs_topk_jaccard,0.125,8,,,1452,0.06666666666666667
bgs_topk_jaccard,0.125,8,,,1453,0.06666666666666667
bgs_topk_jaccard,0.125,8,,,1454,0.14285714285714285
bgs_topk_jaccard,0.125,8,,,1455,0.14285714285714285
bgs_topk_jaccard,0.125,8,,,1456,0.0
bgs_topk_jaccard,0.125,8,,,1457,0.06666666666666667
bgs_topk_jaccard,0.125,8,,,1458,0.23076923076923078
bgs_topk_jaccard,0.125,8,,,1459,0.0
bgs_topk_jaccard,0.125,8,,,1460,0.0
bgs_topk_jaccard,0.125,8,,,1461,0.06666666666666667
bgs_topk_jaccard,0.125,8,,,1462,0.06666666666666667
bgs_topk_jaccard,0.125,8,,,1463,0.0
bgs_topk_jaccard,0.125,8,,,1464,0.23076923076923078
bgs_topk_jaccard,0.125,8,,,1465,0.06666666666666667
bgs_topk_jaccard,0.125,8,,,1466,0.14285714285714285
bgs_topk_jaccard,0.125,8,,,1467,0.14285714285714285
bgs_topk_jaccard,0.125,8,,,1468,0.06666666666666667
bgs_topk_jaccard,0.125,8,,,1469,0.14285714285714285
bgs_topk_jaccard,0.125,8,,,1470,0.0
bgs_topk_jaccard,0.125,8,,,1471,0.0
bgs_topk_jaccard,0.125,8,,,1472,0.0
bgs_topk_jaccard,0.125,8,,,1473,0.06666666666666667
bgs_topk_jaccard,0.125,8,,,1474,0.0
bgs_topk_jaccard,0.125,8,,,1475,0.06666666666666667
bgs_topk_jaccard,0.125,8,,,1476,0.06666666666666667
bgs_topk_jaccard,0.125,8,,,1477,0.0
bgs_topk_jaccard,0.125,8,,,1478,0.14285714285714285
bgs_topk_jaccard,0.125,8,,,1479,0.06666666666666667
bgs_topk_jaccard,0.125,8,,,1480,0.06666666666666667
bgs_topk_jaccard,0.125,8,,,1481,0.14285714285714285
bgs_topk_jaccard,0.125,8,,,1482,0.14285714285714285
bgs_topk_jaccard,0.125,8,,,1483,0.06666666666666667
bgs_topk_jaccard,0.125,8,,,1484,0.06666666666666667
bgs_topk_jaccard,0.125,8,,,1485,0.0
bgs_topk_jaccard,0.125,8,,,1486,0.06666666666666667
bgs_topk_jaccard,0.125,8,,,1487,0.0
bgs_topk_jaccard,0.125,8,,,1488,0.0
bgs_topk_jaccard,0.125,8,,,1489,0.06666666666666667
bgs_topk_jaccard,0.125,8,,,1490,0.06666666666666667
bgs_topk_jaccard,0.125,8,,,1491,0.0
bgs_topk_jaccard,0.125,8,,,1492,0.0
bgs_topk_jaccard,0.125,8,,,1493,0.0
bgs_topk_jaccard,0.125,8,,,1494,0.0
bgs_topk_jaccard,0.125,8,,,1495,0.0
bgs_topk_jaccard,0.125,8,,,1496,0.06666666666666667
bgs_topk_jaccard,0.125,8,,,1497,0.06666666666666667
bgs_topk_jaccard,0.125,8,,,1498,0.0
bgs_topk_jaccard,0.125,8,,,1499,0.06666666666666667
bgs_topk_jaccard,0.125,8,,,1500,0.06666666666666667
bgs_topk_jaccard,0.125,8,,,1501,0.06666666666666667
bgs_topk_jaccard,0.125,8,,,1502,0.06666666666666667
bgs_topk_jaccard,0.125,8,,,1503,0.0
bgs_topk_jaccard,0.125,8,,,1504,0.0
bgs_topk_jaccard,0.125,8,,,1505,0.14285714285714285
bgs_topk_jaccard,0.125,8,,,1506,0.0
bgs_topk_jaccard,0.125,8,,,1507,0.06666666666666667
bgs_topk_jaccard,0.125,8,,,1508,0.0
bgs_topk_jaccard,0.125,8,,,1509,0.14285714285714285
bgs_topk_jaccard,0.125,8,,,1510,0.14285714285714285
bgs_topk_jaccard,0.125,8,,,1511,0.06666666666666667
bgs_topk_jaccard,0.125,8,,,1512,0.06666666666666667
bgs_topk_jaccard,0.125,8,,,1513,0.06666666666666667
bgs_topk_jaccard,0.125,8,,,1514,0.06666666666666667
bgs_topk_jaccard,0.125,8,,,1515,0.06666666666666667
bgs_topk_jaccard,0.125,8,,,1516,0.06666666666666667
bgs_topk_jaccard,0.125,8,,,1517,0.14285714285714285
bgs_topk_jaccard,0.125,8,,,1518,0.06666666666666667
bgs_topk_jaccard,0.125,8,,,1519,0.0
bgs_topk_jaccard,0.125,8,,,1520,0.0
bgs_topk_jaccard,0.125,8,,,1521,0.06666666666666667
bgs_topk_jaccard,0.125,8,,,1522,0.14285714285714285
bgs_topk_jaccard,0.125,8,,,1523,0.14285714285714285
bgs_topk_jaccard,0.125,8,,,1524,0.06666666666666667
bgs_topk_jaccard,0.125,8,,,1525,0.0
bgs_topk_jaccard,0.125,8,,,1526,0.14285714285714285
bgs_topk_jaccard,0.125,8,,,1527,0.14285714285714285
bgs_topk_jaccard,0.125,8,,,1528,0.06666666666666667
bgs_topk_jaccard,0.125,8,,,1529,0.0
bgs_topk_jaccard,0.125,8,,,1530,0.0
bgs_topk_jaccard,0.125,8,,,1531,0.06666666666666667
bgs_topk_jaccard,0.125,8,,,1532,0.23076923076923078
bgs_topk_jaccard,0.125,8,,,1533,0.14285714285714285
bgs_topk_jaccard,0.125,8,,,1534,0.0
bgs_topk_jaccard,0.125,8,,,1535,0.3333333333333333
bgs_topk_jaccard,0.125,8,,,1536,0.06666666666666667
bgs_topk_jaccard,0.125,8,,,1537,0.23076923076923078
bgs_topk_jaccard,0.125,8,,,1538,0.0
bgs_topk_jaccard,0.125,8,,,1539,0.0
bgs_topk_jaccard,0.125,8,,,1540,0.06666666666666667
bgs_topk_jaccard,0.125,8,,,1541,0.0
bgs_topk_jaccard,0.125,8,,,1542,0.14285714285714285
bgs_topk_jaccard,0.125,8,,,1543,0.06666666666666667
bgs_topk_jaccard,0.125,8,,,1544,0.06666666666666667
bgs_topk_jaccard,0.125,8,,,1545,0.06666666666666667
bgs_topk_jaccard,0.125,8,,,1546,0.14285714285714285
bgs_topk_jaccard,0.125,8,,,1547,0.06666666666666667
bgs_topk_jaccard,0.125,8,,,1548,0.06666666666666667
bgs_topk_jaccard,0.125,8,,,1549,0.06666666666666667
bgs_topk_jaccard,0.125,8,,,1550,0.0
bgs_topk_jaccard,0.125,8,,,1551,0.06666666666666667
bgs_topk_jaccard,0.125,8,,,1552,0.06666666666666667
bgs_topk_jaccard,0.125,8,,,1553,0.14285714285714285
bgs_topk_jaccard,0.125,8,,,1554,0.06666666666666667
bgs_topk_jaccard,0.125,8,,,1555,0.0
bgs_topk_jaccard,0.125,8,,,1556,0.0
bgs_topk_jaccard,0.125,8,,,1557,0.14285714285714285
bgs_topk_jaccard,0.125,8,,,1558,0.06666666666666667
bgs_topk_jaccard,0.125,8,,,1559,0.06666666666666667
bgs_topk_jaccard,0.125,8,,,1560,0.06666666666666667
bgs_topk_jaccard,0.125,8,,,1561,0.0
bgs_topk_jaccard,0.125,8,,,1562,0.06666666666666667
bgs_topk_jaccard,0.125,8,,,1563,0.06666666666666667
bgs_topk_jaccard,0.125,8,,,1564,0.06666666666666667
bgs_topk_jaccard,0.125,8,,,1565,0.06666666666666667
bgs_topk_jaccard,0.125,8,,,1566,0.14285714285714285
bgs_topk_jaccard,0.125,8,,,1567,0.0
bgs_topk_jaccard,0.125,8,,,1568,0.14285714285714285
bgs_topk_jaccard,0.125,8,,,1569,0.0
bgs_topk_jaccard,0.125,8,,,1570,0.0
bgs_topk_jaccard,0.125,8,,,1571,0.14285714285714285
bgs_topk_jaccard,0.125,8,,,1572,0.06666666666666667
bgs_topk_jaccard,0.125,8,,,1573,0.14285714285714285
bgs_topk_jaccard,0.125,8,,,1574,0.0
bgs_topk_jaccard,0.125,8,,,1575,0.0
bgs_topk_jaccard,0.125,8,,,1576,0.0
bgs_topk_jaccard,0.125,8,,,1577,0.06666666666666667
bgs_topk_jaccard,0.125,8,,,1578,0.0
bgs_topk_jaccard,0.125,8,,,1579,0.14285714285714285
bgs_topk_jaccard,0.125,8,,,1580,0.0
bgs_topk_jaccard,0.125,8,,,1581,0.06666666666666667
bgs_topk_jaccard,0.125,8,,,1582,0.0
bgs_topk_jaccard,0.125,8,,,1583,0.14285714285714285
bgs_topk_jaccard,0.125,8,,,1584,0.06666666666666667
bgs_topk_jaccard,0.125,8,,,1585,0.06666666666666667
bgs_topk_jaccard,0.125,8,,,1586,0.06666666666666667
bgs_topk_jaccard,0.125,8,,,1587,0.0
bgs_topk_jaccard,0.125,8,,,1588,0.14285714285714285
bgs_topk_jaccard,0.125,8,,,1589,0.23076923076923078
bgs_topk_jaccard,0.125,8,,,1590,0.06666666666666667
bgs_topk_jaccard,0.125,8,,,1591,0.06666666666666667
bgs_topk_jaccard,0.125,8,,,1592,0.14285714285714285
bgs_topk_jaccard,0.125,8,,,1593,0.06666666666666667
bgs_topk_jaccard,0.125,8,,,1594,0.06666666666666667
bgs_topk_jaccard,0.125,8,,,1595,0.06666666666666667
bgs_topk_jaccard,0.125,8,,,1596,0.14285714285714285
bgs_topk_jaccard,0.125,8,,,1597,0.14285714285714285
bgs_topk_jaccard,0.125,8,,,1598,0.06666666666666667
bgs_topk_jaccard,0.125,8,,,1599,0.0
bgs_topk_jaccard,0.125,8,,,1600,0.06666666666666667
bgs_topk_jaccard,0.125,8,,,1601,0.14285714285714285
bgs_topk_jaccard,0.125,8,,,1602,0.0
bgs_topk_jaccard,0.125,8,,,1603,0.14285714285714285
bgs_topk_jaccard,0.125,8,,,1604,0.0
bgs_topk_jaccard,0.125,8,,,1605,0.0
bgs_topk_jaccard,0.125,8,,,1606,0.0
bgs_topk_jaccard,0.125,8,,,1607,0.06666666666666667
bgs_topk_jaccard,0.125,8,,,1608,0.0
bgs_topk_jaccard,0.125,8,,,1609,0.0
bgs_topk_jaccard,0.125,8,,,1610,0.0
bgs_topk_jaccard,0.125,8,,,1611,0.0
bgs_topk_jaccard,0.125,8,,,1612,0.06666666666666667
bgs_topk_jaccard,0.125,8,,,1613,0.06666666666666667
bgs_topk_jaccard,0.125,8,,,1614,0.06666666666666667
bgs_topk_jaccard,0.125,8,,,1615,0.0
bgs_topk_jaccard,0.125,8,,,1616,0.14285714285714285
bgs_topk_jaccard,0.125,8,,,1617,0.0
bgs_topk_jaccard,0.125,8,,,1618,0.0
bgs_topk_jaccard,0.125,8,,,1619,0.23076923076923078
bgs_topk_jaccard,0.125,8,,,1620,0.0
bgs_topk_jaccard,0.125,8,,,1621,0.06666666666666667
bgs_topk_jaccard,0.125,8,,,1622,0.0
bgs_topk_jaccard,0.125,8,,,1623,0.14285714285714285
bgs_topk_jaccard,0.125,8,,,1624,0.14285714285714285
bgs_topk_jaccard,0.125,8,,,1625,0.0
bgs_topk_jaccard,0.125,8,,,1626,0.14285714285714285
bgs_topk_jaccard,0.125,8,,,1627,0.06666666666666667
bgs_topk_jaccard,0.125,8,,,1628,0.23076923076923078
bgs_topk_jaccard,0.125,8,,,1629,0.0
bgs_topk_jaccard,0.125,8,,,1630,0.06666666666666667
bgs_topk_jaccard,0.125,8,,,1631,0.06666666666666667
bgs_topk_jaccard,0.125,8,,,1632,0.14285714285714285
bgs_topk_jaccard,0.125,8,,,1633,0.14285714285714285
bgs_topk_jaccard,0.125,8,,,1634,0.14285714285714285
bgs_topk_jaccard,0.125,8,,,1635,0.0
bgs_topk_jaccard,0.125,8,,,1636,0.14285714285714285
bgs_topk_jaccard,0.125,8,,,1637,0.23076923076923078
bgs_topk_jaccard,0.125,8,,,1638,0.0
bgs_topk_jaccard,0.125,8,,,1639,0.06666666666666667
bgs_topk_jaccard,0.125,8,,,1640,0.0
bgs_topk_jaccard,0.125,8,,,1641,0.06666666666666667
bgs_topk_jaccard,0.125,8,,,1642,0.0
bgs_topk_jaccard,0.125,8,,,1643,0.06666666666666667
bgs_topk_jaccard,0.125,8,,,1644,0.0
bgs_topk_jaccard,0.125,8,,,1645,0.14285714285714285
bgs_topk_jaccard,0.125,8,,,1646,0.06666666666666667
bgs_topk_jaccard,0.125,8,,,1647,0.0
bgs_topk_jaccard,0.125,8,,,1648,0.06666666666666667
bgs_topk_jaccard,0.125,8,,,1649,0.0
bgs_topk_jaccard,0.125,8,,,1650,0.0
bgs_topk_jaccard,0.125,8,,,1651,0.14285714285714285
bgs_topk_jaccard,0.125,8,,,1652,0.06666666666666667
bgs_topk_jaccard,0.125,8,,,1653,0.14285714285714285
bgs_topk_jaccard,0.125,8,,,1654,0.0
bgs_topk_jaccard,0.125,8,,,1655,0.06666666666666667
bgs_topk_jaccard,0.125,8,,,1656,0.06666666666666667
bgs_topk_jaccard,0.125,8,,,1657,0.0
bgs_topk_jaccard,0.125,8,,,1658,0.0
bgs_topk_jaccard,0.125,8,,,1659,0.0
bgs_topk_jaccard,0.125,8,,,1660,0.14285714285714285
bgs_topk_jaccard,0.125,8,,,1661,0.14285714285714285
bgs_topk_jaccard,0.125,8,,,1662,0.0
bgs_topk_jaccard,0.125,8,,,1663,0.06666666666666667
bgs_topk_jaccard,0.125,8,,,1664,0.14285714285714285
bgs_topk_jaccard,0.125,8,,,1665,0.0
bgs_topk_jaccard,0.125,8,,,1666,0.06666666666666667
bgs_topk_jaccard,0.125,8,,,1667,0.06666666666666667
bgs_topk_jaccard,0.125,8,,,1668,0.06666666666666667
bgs_topk_jaccard,0.125,8,,,1669,0.14285714285714285
bgs_topk_jaccard,0.125,8,,,1670,0.06666666666666667
bgs_topk_jaccard,0.125,8,,,1671,0.0
bgs_topk_jaccard,0.125,8,,,1672,0.14285714285714285
bgs_topk_jaccard,0.125,8,,,1673,0.0
bgs_topk_jaccard,0.125,8,,,1674,0.06666666666666667
bgs_topk_jaccard,0.125,8,,,1675,0.14285714285714285
bgs_topk_jaccard,0.125,8,,,1676,0.06666666666666667
bgs_topk_jaccard,0.125,8,,,1677,0.0
bgs_topk_jaccard,0.125,8,,,1678,0.06666666666666667
bgs_topk_jaccard,0.125,8,,,1679,0.14285714285714285
bgs_topk_jaccard,0.125,8,,,1680,0.23076923076923078
bgs_topk_jaccard,0.125,8,,,1681,0.14285714285714285
bgs_topk_jaccard,0.125,8,,,1682,0.14285714285714285
bgs_topk_jaccard,0.125,8,,,1683,0.06666666666666667
bgs_topk_jaccard,0.125,8,,,1684,0.14285714285714285
bgs_topk_jaccard,0.125,8,,,1685,0.14285714285714285
bgs_topk_jaccard,0.125,8,,,1686,0.06666666666666667
bgs_topk_jaccard,0.125,8,,,1687,0.06666666666666667
bgs_topk_jaccard,0.125,8,,,1688,0.06666666666666667
bgs_topk_jaccard,0.125,8,,,1689,0.14285714285714285
bgs_topk_jaccard,0.125,8,,,1690,0.06666666666666667
bgs_topk_jaccard,0.125,8,,,1691,0.06666666666666667
bgs_topk_jaccard,0.125,8,,,1692,0.0
bgs_topk_jaccard,0.125,8,,,1693,0.0
bgs_topk_jaccard,0.125,8,,,1694,0.06666666666666667
bgs_topk_jaccard,0.125,8,,,1695,0.0
bgs_topk_jaccard,0.125,8,,,1696,0.14285714285714285
bgs_topk_jaccard,0.125,8,,,1697,0.06666666666666667
bgs_topk_jaccard,0.125,8,,,1698,0.14285714285714285
bgs_topk_jaccard,0.125,8,,,1699,0.14285714285714285
bgs_topk_jaccard,0.125,8,,,1700,0.06666666666666667
bgs_topk_jaccard,0.125,8,,,1701,0.0
bgs_topk_jaccard,0.125,8,,,1702,0.14285714285714285
bgs_topk_jaccard,0.125,8,,,1703,0.0
bgs_topk_jaccard,0.125,8,,,1704,0.06666666666666667
bgs_topk_jaccard,0.125,8,,,1705,0.06666666666666667
bgs_topk_jaccard,0.125,8,,,1706,0.06666666666666667
bgs_topk_jaccard,0.125,8,,,1707,0.06666666666666667
bgs_topk_jaccard,0.125,8,,,1708,0.0
bgs_topk_jaccard,0.125,8,,,1709,0.23076923076923078
bgs_topk_jaccard,0.125,8,,,1710,0.14285714285714285
bgs_topk_jaccard,0.125,8,,,1711,0.0
bgs_topk_jaccard,0.125,8,,,1712,0.14285714285714285
bgs_topk_jaccard,0.125,8,,,1713,0.06666666666666667
bgs_topk_jaccard,0.125,8,,,1714,0.0
bgs_topk_jaccard,0.125,8,,,1715,0.06666666666666667
bgs_topk_jaccard,0.125,8,,,1716,0.0
bgs_topk_jaccard,0.125,8,,,1717,0.0
bgs_topk_jaccard,0.125,8,,,1718,0.0
bgs_topk_jaccard,0.125,8,,,1719,0.0
bgs_topk_jaccard,0.125,8,,,1720,0.0
bgs_topk_jaccard,0.125,8,,,1721,0.0
bgs_topk_jaccard,0.125,8,,,1722,0.06666666666666667
bgs_topk_jaccard,0.125,8,,,1723,0.0
bgs_topk_jaccard,0.125,8,,,1724,0.14285714285714285
bgs_topk_jaccard,0.125,8,,,1725,0.0
bgs_topk_jaccard,0.125,8,,,1726,0.0
bgs_topk_jaccard,0.125,8,,,1727,0.0
bgs_topk_jaccard,0.125,8,,,1728,0.14285714285714285
bgs_topk_jaccard,0.125,8,,,1729,0.06666666666666667
bgs_topk_jaccard,0.125,8,,,1730,0.06666666666666667
bgs_topk_jaccard,0.125,8,,,1731,0.0
bgs_topk_jaccard,0.125,8,,,1732,0.14285714285714285
bgs_topk_jaccard,0.125,8,,,1733,0.0
bgs_topk_jaccard,0.125,8,,,1734,0.23076923076923078
bgs_topk_jaccard,0.125,8,,,1735,0.06666666666666667
bgs_topk_jaccard,0.125,8,,,1736,0.0
bgs_topk_jaccard,0.125,8,,,1737,0.06666666666666667
bgs_topk_jaccard,0.125,8,,,1738,0.06666666666666667
bgs_topk_jaccard,0.125,8,,,1739,0.06666666666666667
bgs_topk_jaccard,0.125,8,,,1740,0.0
bgs_topk_jaccard,0.125,8,,,1741,0.06666666666666667
bgs_topk_jaccard,0.125,8,,,1742,0.06666666666666667
bgs_topk_jaccard,0.125,8,,,1743,0.06666666666666667
bgs_topk_jaccard,0.125,8,,,1744,0.14285714285714285
bgs_topk_jaccard,0.125,8,,,1745,0.06666666666666667
bgs_topk_jaccard,0.125,8,,,1746,0.14285714285714285
bgs_topk_jaccard,0.125,8,,,1747,0.14285714285714285
bgs_topk_jaccard,0.125,8,,,1748,0.06666666666666667
bgs_topk_jaccard,0.125,8,,,1749,0.06666666666666667
bgs_topk_jaccard,0.125,8,,,1750,0.14285714285714285
bgs_topk_jaccard,0.125,8,,,1751,0.06666666666666667
bgs_topk_jaccard,0.125,8,,,1752,0.06666666666666667
bgs_topk_jaccard,0.125,8,,,1753,0.06666666666666667
bgs_topk_jaccard,0.125,8,,,1754,0.14285714285714285
bgs_topk_jaccard,0.125,8,,,1755,0.0
bgs_topk_jaccard,0.125,8,,,1756,0.06666666666666667
bgs_topk_jaccard,0.125,8,,,1757,0.06666666666666667
bgs_topk_jaccard,0.125,8,,,1758,0.06666666666666667
bgs_topk_jaccard,0.125,8,,,1759,0.06666666666666667
bgs_topk_jaccard,0.125,8,,,1760,0.06666666666666667
bgs_topk_jaccard,0.125,8,,,1761,0.06666666666666667
bgs_topk_jaccard,0.125,8,,,1762,0.06666666666666667
bgs_topk_jaccard,0.125,8,,,1763,0.23076923076923078
bgs_topk_jaccard,0.125,8,,,1764,0.14285714285714285
bgs_topk_jaccard,0.125,8,,,1765,0.14285714285714285
bgs_topk_jaccard,0.125,8,,,1766,0.06666666666666667
bgs_topk_jaccard,0.125,8,,,1767,0.0
bgs_topk_jaccard,0.125,8,,,1768,0.06666666666666667
bgs_topk_jaccard,0.125,8,,,1769,0.06666666666666667
bgs_topk_jaccard,0.125,8,,,1770,0.06666666666666667
bgs_topk_jaccard,0.125,8,,,1771,0.14285714285714285
bgs_topk_jaccard,0.125,8,,,1772,0.06666666666666667
bgs_topk_jaccard,0.125,8,,,1773,0.14285714285714285
bgs_topk_jaccard,0.125,8,,,1774,0.0
bgs_topk_jaccard,0.125,8,,,1775,0.0
bgs_topk_jaccard,0.125,8,,,1776,0.06666666666666667
bgs_topk_jaccard,0.125,8,,,1777,0.14285714285714285
bgs_topk_jaccard,0.125,8,,,1778,0.0
bgs_topk_jaccard,0.125,8,,,1779,0.0
bgs_topk_jaccard,0.125,8,,,1780,0.06666666666666667
bgs_topk_jaccard,0.125,8,,,1781,0.14285714285714285
bgs_topk_jaccard,0.125,8,,,1782,0.06666666666666667
bgs_topk_jaccard,0.125,8,,,1783,0.0
bgs_topk_jaccard,0.125,8,,,1784,0.0
bgs_topk_jaccard,0.125,8,,,1785,0.0
bgs_topk_jaccard,0.125,8,,,1786,0.06666666666666667
bgs_topk_jaccard,0.125,8,,,1787,0.0
bgs_topk_jaccard,0.125,8,,,1788,0.23076923076923078
bgs_topk_jaccard,0.125,8,,,1789,0.14285714285714285
bgs_topk_jaccard,0.125,8,,,1790,0.14285714285714285
bgs_topk_jaccard,0.125,8,,,1791,0.06666666666666667
bgs_topk_jaccard,0.125,8,,,1792,0.14285714285714285
bgs_topk_jaccard,0.125,8,,,1793,0.14285714285714285
bgs_topk_jaccard,0.125,8,,,1794,0.0
bgs_topk_jaccard,0.125,8,,,1795,0.06666666666666667
bgs_topk_jaccard,0.125,8,,,1796,0.06666666666666667
bgs_topk_jaccard,0.125,8,,,1797,0.06666666666666667
bgs_topk_jaccard,0.125,8,,,1798,0.06666666666666667
bgs_topk_jaccard,0.125,8,,,1799,0.0
bgs_topk_jaccard,0.125,8,,,1800,0.14285714285714285
bgs_topk_jaccard,0.125,8,,,1801,0.14285714285714285
bgs_topk_jaccard,0.125,8,,,1802,0.06666666666666667
bgs_topk_jaccard,0.125,8,,,1803,0.06666666666666667
bgs_topk_jaccard,0.125,8,,,1804,0.06666666666666667
bgs_topk_jaccard,0.125,8,,,1805,0.14285714285714285
bgs_topk_jaccard,0.125,8,,,1806,0.14285714285714285
bgs_topk_jaccard,0.125,8,,,1807,0.0
bgs_topk_jaccard,0.125,8,,,1808,0.0
bgs_topk_jaccard,0.125,8,,,1809,0.14285714285714285
bgs_topk_jaccard,0.125,8,,,1810,0.3333333333333333
bgs_topk_jaccard,0.125,8,,,1811,0.0
bgs_topk_jaccard,0.125,8,,,1812,0.06666666666666667
bgs_topk_jaccard,0.125,8,,,1813,0.06666666666666667
bgs_topk_jaccard,0.125,8,,,1814,0.06666666666666667
bgs_topk_jaccard,0.125,8,,,1815,0.14285714285714285
bgs_topk_jaccard,0.125,8,,,1816,0.06666666666666667
bgs_topk_jaccard,0.125,8,,,1817,0.06666666666666667
bgs_topk_jaccard,0.125,8,,,1818,0.0
bgs_topk_jaccard,0.125,8,,,1819,0.0
bgs_topk_jaccard,0.125,8,,,1820,0.0
bgs_topk_jaccard,0.125,8,,,1821,0.06666666666666667
bgs_topk_jaccard,0.125,8,,,1822,0.06666666666666667
bgs_topk_jaccard,0.125,8,,,1823,0.06666666666666667
bgs_topk_jaccard,0.125,8,,,1824,0.06666666666666667
bgs_topk_jaccard,0.125,8,,,1825,0.14285714285714285
bgs_topk_jaccard,0.125,8,,,1826,0.06666666666666667
bgs_topk_jaccard,0.125,8,,,1827,0.0
bgs_topk_jaccard,0.125,8,,,1828,0.06666666666666667
bgs_topk_jaccard,0.125,8,,,1829,0.06666666666666667
bgs_topk_jaccard,0.125,8,,,1830,0.06666666666666667
bgs_topk_jaccard,0.125,8,,,1831,0.14285714285714285
bgs_topk_jaccard,0.125,8,,,1832,0.06666666666666667
bgs_topk_jaccard,0.125,8,,,1833,0.06666666666666667
bgs_topk_jaccard,0.125,8,,,1834,0.14285714285714285
bgs_topk_jaccard,0.125,8,,,1835,0.06666666666666667
bgs_topk_jaccard,0.125,8,,,1836,0.14285714285714285
bgs_topk_jaccard,0.125,8,,,1837,0.0
bgs_topk_jaccard,0.125,8,,,1838,0.0
bgs_topk_jaccard,0.125,8,,,1839,0.0
bgs_topk_jaccard,0.125,8,,,1840,0.0
bgs_topk_jaccard,0.125,8,,,1841,0.0
bgs_topk_jaccard,0.125,8,,,1842,0.14285714285714285
bgs_topk_jaccard,0.125,8,,,1843,0.0
bgs_topk_jaccard,0.125,8,,,1844,0.06666666666666667
bgs_topk_jaccard,0.125,8,,,1845,0.14285714285714285
bgs_topk_jaccard,0.125,8,,,1846,0.0
bgs_topk_jaccard,0.125,8,,,1847,0.06666666666666667
bgs_topk_jaccard,0.125,8,,,1848,0.14285714285714285
bgs_topk_jaccard,0.125,8,,,1849,0.23076923076923078
bgs_topk_jaccard,0.125,8,,,1850,0.06666666666666667
bgs_topk_jaccard,0.125,8,,,1851,0.0
bgs_topk_jaccard,0.125,8,,,1852,0.23076923076923078
bgs_topk_jaccard,0.125,8,,,1853,0.14285714285714285
bgs_topk_jaccard,0.125,8,,,1854,0.14285714285714285
bgs_topk_jaccard,0.125,8,,,1855,0.0
bgs_topk_jaccard,0.125,8,,,1856,0.14285714285714285
bgs_topk_jaccard,0.125,8,,,1857,0.0
bgs_topk_jaccard,0.125,8,,,1858,0.06666666666666667
bgs_topk_jaccard,0.125,8,,,1859,0.0
bgs_topk_jaccard,0.125,8,,,1860,0.3333333333333333
bgs_topk_jaccard,0.125,8,,,1861,0.0
bgs_topk_jaccard,0.125,8,,,1862,0.14285714285714285
bgs_topk_jaccard,0.125,8,,,1863,0.23076923076923078
bgs_topk_jaccard,0.125,8,,,1864,0.0
bgs_topk_jaccard,0.125,8,,,1865,0.23076923076923078
bgs_topk_jaccard,0.125,8,,,1866,0.06666666666666667
bgs_topk_jaccard,0.125,8,,,1867,0.0
bgs_topk_jaccard,0.125,8,,,1868,0.0
bgs_topk_jaccard,0.125,8,,,1869,0.06666666666666667
bgs_topk_jaccard,0.125,8,,,1870,0.0
bgs_topk_jaccard,0.125,8,,,1871,0.06666666666666667
bgs_topk_jaccard,0.125,8,,,1872,0.14285714285714285
bgs_topk_jaccard,0.125,8,,,1873,0.0
bgs_topk_jaccard,0.125,8,,,1874,0.0
bgs_topk_jaccard,0.125,8,,,1875,0.06666666666666667
bgs_topk_jaccard,0.125,8,,,1876,0.06666666666666667
bgs_topk_jaccard,0.125,8,,,1877,0.06666666666666667
bgs_topk_jaccard,0.125,8,,,1878,0.06666666666666667
bgs_topk_jaccard,0.125,8,,,1879,0.0
bgs_topk_jaccard,0.125,8,,,1880,0.06666666666666667
bgs_topk_jaccard,0.125,8,,,1881,0.06666666666666667
bgs_topk_jaccard,0.125,8,,,1882,0.0
bgs_topk_jaccard,0.125,8,,,1883,0.06666666666666667
bgs_topk_jaccard,0.125,8,,,1884,0.0
bgs_topk_jaccard,0.125,8,,,1885,0.0
bgs_topk_jaccard,0.125,8,,,1886,0.14285714285714285
bgs_topk_jaccard,0.125,8,,,1887,0.14285714285714285
bgs_topk_jaccard,0.125,8,,,1888,0.06666666666666667
bgs_topk_jaccard,0.125,8,,,1889,0.0
bgs_topk_jaccard,0.125,8,,,1890,0.0
bgs_topk_jaccard,0.125,8,,,1891,0.06666666666666667
bgs_topk_jaccard,0.125,8,,,1892,0.0
bgs_topk_jaccard,0.125,8,,,1893,0.06666666666666667
bgs_topk_jaccard,0.125,8,,,1894,0.06666666666666667
bgs_topk_jaccard,0.125,8,,,1895,0.0
bgs_topk_jaccard,0.125,8,,,1896,0.06666666666666667
bgs_topk_jaccard,0.125,8,,,1897,0.14285714285714285
bgs_topk_jaccard,0.125,8,,,1898,0.06666666666666667
bgs_topk_jaccard,0.125,8,,,1899,0.06666666666666667
bgs_topk_jaccard,0.125,8,,,1900,0.0
bgs_topk_jaccard,0.125,8,,,1901,0.0
bgs_topk_jaccard,0.125,8,,,1902,0.14285714285714285
bgs_topk_jaccard,0.125,8,,,1903,0.23076923076923078
bgs_topk_jaccard,0.125,8,,,1904,0.0
bgs_topk_jaccard,0.125,8,,,1905,0.14285714285714285
bgs_topk_jaccard,0.125,8,,,1906,0.06666666666666667
bgs_topk_jaccard,0.125,8,,,1907,0.0
bgs_topk_jaccard,0.125,8,,,1908,0.0
bgs_topk_jaccard,0.125,8,,,1909,0.23076923076923078
bgs_topk_jaccard,0.125,8,,,1910,0.0
bgs_topk_jaccard,0.125,8,,,1911,0.0
bgs_topk_jaccard,0.125,8,,,1912,0.06666666666666667
bgs_topk_jaccard,0.125,8,,,1913,0.06666666666666667
bgs_topk_jaccard,0.125,8,,,1914,0.06666666666666667
bgs_topk_jaccard,0.125,8,,,1915,0.14285714285714285
bgs_topk_jaccard,0.125,8,,,1916,0.06666666666666667
bgs_topk_jaccard,0.125,8,,,1917,0.23076923076923078
bgs_topk_jaccard,0.125,8,,,1918,0.0
bgs_topk_jaccard,0.125,8,,,1919,0.0
bgs_topk_jaccard,0.125,8,,,1920,0.06666666666666667
bgs_topk_jaccard,0.125,8,,,1921,0.0
bgs_topk_jaccard,0.125,8,,,1922,0.23076923076923078
bgs_topk_jaccard,0.125,8,,,1923,0.23076923076923078
bgs_topk_jaccard,0.125,8,,,1924,0.06666666666666667
bgs_topk_jaccard,0.125,8,,,1925,0.06666666666666667
bgs_topk_jaccard,0.125,8,,,1926,0.14285714285714285
bgs_topk_jaccard,0.125,8,,,1927,0.0
bgs_topk_jaccard,0.125,8,,,1928,0.06666666666666667
bgs_topk_jaccard,0.125,8,,,1929,0.0
bgs_topk_jaccard,0.125,8,,,1930,0.0
bgs_topk_jaccard,0.125,8,,,1931,0.14285714285714285
bgs_topk_jaccard,0.125,8,,,1932,0.14285714285714285
bgs_topk_jaccard,0.125,8,,,1933,0.06666666666666667
bgs_topk_jaccard,0.125,8,,,1934,0.14285714285714285
bgs_topk_jaccard,0.125,8,,,1935,0.14285714285714285
bgs_topk_jaccard,0.125,8,,,1936,0.0
bgs_topk_jaccard,0.125,8,,,1937,0.06666666666666667
bgs_topk_jaccard,0.125,8,,,1938,0.0
bgs_topk_jaccard,0.125,8,,,1939,0.06666666666666667
bgs_topk_jaccard,0.125,8,,,1940,0.06666666666666667
bgs_topk_jaccard,0.125,8,,,1941,0.06666666666666667
bgs_topk_jaccard,0.125,8,,,1942,0.06666666666666667
bgs_topk_jaccard,0.125,8,,,1943,0.14285714285714285
bgs_topk_jaccard,0.125,8,,,1944,0.06666666666666667
bgs_topk_jaccard,0.125,8,,,1945,0.14285714285714285
bgs_topk_jaccard,0.125,8,,,1946,0.06666666666666667
bgs_topk_jaccard,0.125,8,,,1947,0.0
bgs_topk_jaccard,0.125,8,,,1948,0.0
bgs_topk_jaccard,0.125,8,,,1949,0.06666666666666667
bgs_topk_jaccard,0.125,8,,,1950,0.14285714285714285
bgs_topk_jaccard,0.125,8,,,1951,0.0
bgs_topk_jaccard,0.125,8,,,1952,0.0
bgs_topk_jaccard,0.125,8,,,1953,0.0
bgs_topk_jaccard,0.125,8,,,1954,0.14285714285714285
bgs_topk_jaccard,0.125,8,,,1955,0.0
bgs_topk_jaccard,0.125,8,,,1956,0.06666666666666667
bgs_topk_jaccard,0.125,8,,,1957,0.06666666666666667
bgs_topk_jaccard,0.125,8,,,1958,0.06666666666666667
bgs_topk_jaccard,0.125,8,,,1959,0.14285714285714285
bgs_topk_jaccard,0.125,8,,,1960,0.14285714285714285
bgs_topk_jaccard,0.125,8,,,1961,0.14285714285714285
bgs_topk_jaccard,0.125,8,,,1962,0.0
bgs_topk_jaccard,0.125,8,,,1963,0.06666666666666667
bgs_topk_jaccard,0.125,8,,,1964,0.14285714285714285
bgs_topk_jaccard,0.125,8,,,1965,0.06666666666666667
bgs_topk_jaccard,0.125,8,,,1966,0.0
bgs_topk_jaccard,0.125,8,,,1967,0.0
bgs_topk_jaccard,0.125,8,,,1968,0.06666666666666667
bgs_topk_jaccard,0.125,8,,,1969,0.0
bgs_topk_jaccard,0.125,8,,,1970,0.14285714285714285
bgs_topk_jaccard,0.125,8,,,1971,0.06666666666666667
bgs_topk_jaccard,0.125,8,,,1972,0.06666666666666667
bgs_topk_jaccard,0.125,8,,,1973,0.06666666666666667
bgs_topk_jaccard,0.125,8,,,1974,0.06666666666666667
bgs_topk_jaccard,0.125,8,,,1975,0.0
bgs_topk_jaccard,0.125,8,,,1976,0.06666666666666667
bgs_topk_jaccard,0.125,8,,,1977,0.14285714285714285
bgs_topk_jaccard,0.125,8,,,1978,0.06666666666666667
bgs_topk_jaccard,0.125,8,,,1979,0.0
bgs_topk_jaccard,0.125,8,,,1980,0.0
bgs_topk_jaccard,0.125,8,,,1981,0.0
bgs_topk_jaccard,0.125,8,,,1982,0.14285714285714285
bgs_topk_jaccard,0.125,8,,,1983,0.06666666666666667
bgs_topk_jaccard,0.125,8,,,1984,0.06666666666666667
bgs_topk_jaccard,0.125,8,,,1985,0.14285714285714285
bgs_topk_jaccard,0.125,8,,,1986,0.23076923076923078
bgs_topk_jaccard,0.125,8,,,1987,0.0
bgs_topk_jaccard,0.125,8,,,1988,0.14285714285714285
bgs_topk_jaccard,0.125,8,,,1989,0.06666666666666667
bgs_topk_jaccard,0.125,8,,,1990,0.0
bgs_topk_jaccard,0.125,8,,,1991,0.14285714285714285
bgs_topk_jaccard,0.125,8,,,1992,0.0
bgs_topk_jaccard,0.125,8,,,1993,0.14285714285714285
bgs_topk_jaccard,0.125,8,,,1994,0.0
bgs_topk_jaccard,0.125,8,,,1995,0.06666666666666667
bgs_topk_jaccard,0.125,8,,,1996,0.0
bgs_topk_jaccard,0.125,8,,,1997,0.0
bgs_topk_jaccard,0.125,8,,,1998,0.06666666666666667
bgs_topk_jaccard,0.125,8,,,1999,0.14285714285714285
bgs_topk_jaccard,0.125,8,,,2000,0.06666666666666667
bgs_topk_jaccard,0.125,8,,,2001,0.06666666666666667
bgs_topk_jaccard,0.125,8,,,2002,0.0
bgs_topk_jaccard,0.125,8,,,2003,0.0
bgs_topk_jaccard,0.125,8,,,2004,0.06666666666666667
bgs_topk_jaccard,0.125,8,,,2005,0.0
bgs_topk_jaccard,0.125,8,,,2006,0.14285714285714285
bgs_topk_jaccard,0.125,8,,,2007,0.06666666666666667
bgs_topk_jaccard,0.125,8,,,2008,0.14285714285714285
bgs_topk_jaccard,0.125,8,,,2009,0.0
bgs_topk_jaccard,0.125,8,,,2010,0.0
bgs_topk_jaccard,0.125,8,,,2011,0.06666666666666667
bgs_topk_jaccard,0.125,8,,,2012,0.23076923076923078
bgs_topk_jaccard,0.125,8,,,2013,0.06666666666666667
bgs_topk_jaccard,0.125,8,,,2014,0.06666666666666667
bgs_topk_jaccard,0.125,8,,,2015,0.14285714285714285
bgs_topk_jaccard,0.125,8,,,2016,0.0
bgs_topk_jaccard,0.125,8,,,2017,0.06666666666666667
bgs_topk_jaccard,0.125,8,,,2018,0.06666666666666667
bgs_topk_jaccard,0.125,8,,,2019,0.0
bgs_topk_jaccard,0.125,8,,,2020,0.06666666666666667
bgs_topk_jaccard,0.125,8,,,2021,0.06666666666666667
bgs_topk_jaccard,0.125,8,,,2022,0.0
bgs_topk_jaccard,0.125,8,,,2023,0.06666666666666667
bgs_topk_jaccard,0.125,8,,,2024,0.14285714285714285
bgs_topk_jaccard,0.125,8,,,2025,0.14285714285714285
bgs_topk_jaccard,0.125,8,,,2026,0.0
bgs_topk_jaccard,0.125,8,,,2027,0.06666666666666667
bgs_topk_jaccard,0.125,8,,,2028,0.06666666666666667
bgs_topk_jaccard,0.125,8,,,2029,0.14285714285714285
bgs_topk_jaccard,0.125,8,,,2030,0.14285714285714285
bgs_topk_jaccard,0.125,8,,,2031,0.0
bgs_topk_jaccard,0.125,8,,,2032,0.3333333333333333
bgs_topk_jaccard,0.125,8,,,2033,0.0
bgs_topk_jaccard,0.125,8,,,2034,0.3333333333333333
bgs_topk_jaccard,0.125,8,,,2035,0.14285714285714285
bgs_topk_jaccard,0.125,8,,,2036,0.0
bgs_topk_jaccard,0.125,8,,,2037,0.14285714285714285
bgs_topk_jaccard,0.125,8,,,2038,0.23076923076923078
bgs_topk_jaccard,0.125,8,,,2039,0.0
bgs_topk_jaccard,0.125,8,,,2040,0.14285714285714285
bgs_topk_jaccard,0.125,8,,,2041,0.14285714285714285
bgs_topk_jaccard,0.125,8,,,2042,0.0
bgs_topk_jaccard,0.125,8,,,2043,0.06666666666666667
bgs_topk_jaccard,0.125,8,,,2044,0.23076923076923078
bgs_topk_jaccard,0.125,8,,,2045,0.06666666666666667
bgs_topk_jaccard,0.125,8,,,2046,0.14285714285714285
bgs_topk_jaccard,0.125,8,,,2047,0.06666666666666667
bgs_topk_jaccard,0.125,8,,,2048,0.06666666666666667
bgs_topk_jaccard,0.125,8,,,2049,0.06666666666666667
bgs_topk_jaccard,0.125,8,,,2050,0.0
bgs_topk_jaccard,0.125,8,,,2051,0.06666666666666667
bgs_topk_jaccard,0.125,8,,,2052,0.0
bgs_topk_jaccard,0.125,8,,,2053,0.06666666666666667
bgs_topk_jaccard,0.125,8,,,2054,0.14285714285714285
bgs_topk_jaccard,0.125,8,,,2055,0.06666666666666667
bgs_topk_jaccard,0.125,8,,,2056,0.0
bgs_topk_jaccard,0.125,8,,,2057,0.06666666666666667
bgs_topk_jaccard,0.125,8,,,2058,0.06666666666666667
bgs_topk_jaccard,0.125,8,,,2059,0.06666666666666667
bgs_topk_jaccard,0.125,8,,,2060,0.0
bgs_topk_jaccard,0.125,8,,,2061,0.14285714285714285
bgs_topk_jaccard,0.125,8,,,2062,0.06666666666666667
bgs_topk_jaccard,0.125,8,,,2063,0.06666666666666667
bgs_topk_jaccard,0.125,8,,,2064,0.14285714285714285
bgs_topk_jaccard,0.125,8,,,2065,0.0
bgs_topk_jaccard,0.125,8,,,2066,0.14285714285714285
bgs_topk_jaccard,0.125,8,,,2067,0.06666666666666667
bgs_topk_jaccard,0.125,8,,,2068,0.14285714285714285
bgs_topk_jaccard,0.125,8,,,2069,0.06666666666666667
bgs_topk_jaccard,0.125,8,,,2070,0.06666666666666667
bgs_topk_jaccard,0.125,8,,,2071,0.14285714285714285
bgs_topk_jaccard,0.125,8,,,2072,0.0
bgs_topk_jaccard,0.125,8,,,2073,0.14285714285714285
bgs_topk_jaccard,0.125,8,,,2074,0.14285714285714285
bgs_topk_jaccard,0.125,8,,,2075,0.0
bgs_topk_jaccard,0.125,8,,,2076,0.06666666666666667
bgs_topk_jaccard,0.125,8,,,2077,0.06666666666666667
bgs_topk_jaccard,0.125,8,,,2078,0.06666666666666667
bgs_topk_jaccard,0.125,8,,,2079,0.06666666666666667
bgs_topk_jaccard,0.125,8,,,2080,0.23076923076923078
bgs_topk_jaccard,0.125,8,,,2081,0.06666666666666667
bgs_topk_jaccard,0.125,8,,,2082,0.06666666666666667
bgs_topk_jaccard,0.125,8,,,2083,0.14285714285714285
bgs_topk_jaccard,0.125,8,,,2084,0.06666666666666667
bgs_topk_jaccard,0.125,8,,,2085,0.0
bgs_topk_jaccard,0.125,8,,,2086,0.06666666666666667
bgs_topk_jaccard,0.125,8,,,2087,0.0
bgs_topk_jaccard,0.125,8,,,2088,0.0
bgs_topk_jaccard,0.125,8,,,2089,0.14285714285714285
bgs_topk_jaccard,0.125,8,,,2090,0.0
bgs_topk_jaccard,0.125,8,,,2091,0.06666666666666667
bgs_topk_jaccard,0.125,8,,,2092,0.0
bgs_topk_jaccard,0.125,8,,,2093,0.06666666666666667
bgs_topk_jaccard,0.125,8,,,2094,0.0
bgs_topk_jaccard,0.125,8,,,2095,0.0
bgs_topk_jaccard,0.125,8,,,2096,0.06666666666666667
bgs_topk_jaccard,0.125,8,,,2097,0.0
bgs_topk_jaccard,0.125,8,,,2098,0.14285714285714285
bgs_topk_jaccard,0.125,8,,,2099,0.0
bgs_topk_jaccard,0.125,8,,,2100,0.14285714285714285
bgs_topk_jaccard,0.125,8,,,2101,0.06666666666666667
bgs_topk_jaccard,0.125,8,,,2102,0.06666666666666667
bgs_topk_jaccard,0.125,8,,,2103,0.14285714285714285
bgs_topk_jaccard,0.125,8,,,2104,0.0
bgs_topk_jaccard,0.125,8,,,2105,0.0
bgs_topk_jaccard,0.125,8,,,2106,0.06666666666666667
bgs_topk_jaccard,0.125,8,,,2107,0.0
bgs_topk_jaccard,0.125,8,,,2108,0.06666666666666667
bgs_topk_jaccard,0.125,8,,,2109,0.06666666666666667
bgs_topk_jaccard,0.125,8,,,2110,0.06666666666666667
bgs_topk_jaccard,0.125,8,,,2111,0.06666666666666667
bgs_topk_jaccard,0.125,8,,,2112,0.0
bgs_topk_jaccard,0.125,8,,,2113,0.06666666666666667
bgs_topk_jaccard,0.125,8,,,2114,0.0
bgs_topk_jaccard,0.125,8,,,2115,0.06666666666666667
bgs_topk_jaccard,0.125,8,,,2116,0.06666666666666667
bgs_topk_jaccard,0.125,8,,,2117,0.0
bgs_topk_jaccard,0.125,8,,,2118,0.14285714285714285
bgs_topk_jaccard,0.125,8,,,2119,0.0
bgs_topk_jaccard,0.125,8,,,2120,0.06666666666666667
bgs_topk_jaccard,0.125,8,,,2121,0.14285714285714285
bgs_topk_jaccard,0.125,8,,,2122,0.0
bgs_topk_jaccard,0.125,8,,,2123,0.0
bgs_topk_jaccard,0.125,8,,,2124,0.0
bgs_topk_jaccard,0.125,8,,,2125,0.14285714285714285
bgs_topk_jaccard,0.125,8,,,2126,0.0
bgs_topk_jaccard,0.125,8,,,2127,0.06666666666666667
bgs_topk_jaccard,0.125,8,,,2128,0.06666666666666667
bgs_topk_jaccard,0.125,8,,,2129,0.06666666666666667
bgs_topk_jaccard,0.125,8,,,2130,0.14285714285714285
bgs_topk_jaccard,0.125,8,,,2131,0.0
bgs_topk_jaccard,0.125,8,,,2132,0.06666666666666667
bgs_topk_jaccard,0.125,8,,,2133,0.06666666666666667
bgs_topk_jaccard,0.125,8,,,2134,0.06666666666666667
bgs_topk_jaccard,0.125,8,,,2135,0.0
bgs_topk_jaccard,0.125,8,,,2136,0.06666666666666667
bgs_topk_jaccard,0.125,8,,,2137,0.14285714285714285
bgs_topk_jaccard,0.125,8,,,2138,0.0
bgs_topk_jaccard,0.125,8,,,2139,0.06666666666666667
bgs_topk_jaccard,0.125,8,,,2140,0.06666666666666667
bgs_topk_jaccard,0.125,8,,,2141,0.06666666666666667
bgs_topk_jaccard,0.125,8,,,2142,0.06666666666666667
bgs_topk_jaccard,0.125,8,,,2143,0.06666666666666667
bgs_topk_jaccard,0.125,8,,,2144,0.14285714285714285
bgs_topk_jaccard,0.125,8,,,2145,0.0
bgs_topk_jaccard,0.125,8,,,2146,0.06666666666666667
bgs_topk_jaccard,0.125,8,,,2147,0.14285714285714285
bgs_topk_jaccard,0.125,8,,,2148,0.14285714285714285
bgs_topk_jaccard,0.125,8,,,2149,0.0
bgs_topk_jaccard,0.125,8,,,2150,0.06666666666666667
bgs_topk_jaccard,0.125,8,,,2151,0.14285714285714285
bgs_topk_jaccard,0.125,8,,,2152,0.06666666666666667
bgs_topk_jaccard,0.125,8,,,2153,0.06666666666666667
bgs_topk_jaccard,0.125,8,,,2154,0.14285714285714285
bgs_topk_jaccard,0.125,8,,,2155,0.0
bgs_topk_jaccard,0.125,8,,,2156,0.14285714285714285
bgs_topk_jaccard,0.125,8,,,2157,0.06666666666666667
bgs_topk_jaccard,0.125,8,,,2158,0.06666666666666667
bgs_topk_jaccard,0.125,8,,,2159,0.06666666666666667
bgs_topk_jaccard,0.125,8,,,2160,0.06666666666666667
bgs_topk_jaccard,0.125,8,,,2161,0.14285714285714285
bgs_topk_jaccard,0.125,8,,,2162,0.0
bgs_topk_jaccard,0.125,8,,,2163,0.14285714285714285
bgs_topk_jaccard,0.125,8,,,2164,0.14285714285714285
bgs_topk_jaccard,0.125,8,,,2165,0.14285714285714285
bgs_topk_jaccard,0.125,8,,,2166,0.06666666666666667
bgs_topk_jaccard,0.125,8,,,2167,0.0
bgs_topk_jaccard,0.125,8,,,2168,0.0
bgs_topk_jaccard,0.125,8,,,2169,0.14285714285714285
bgs_topk_jaccard,0.125,8,,,2170,0.0
bgs_topk_jaccard,0.125,8,,,2171,0.06666666666666667
bgs_topk_jaccard,0.125,8,,,2172,0.0
bgs_topk_jaccard,0.125,8,,,2173,0.06666666666666667
bgs_topk_jaccard,0.125,8,,,2174,0.0
bgs_topk_jaccard,0.125,8,,,2175,0.0
bgs_topk_jaccard,0.125,8,,,2176,0.0
bgs_topk_jaccard,0.125,8,,,2177,0.06666666666666667
bgs_topk_jaccard,0.125,8,,,2178,0.0
bgs_topk_jaccard,0.125,8,,,2179,0.14285714285714285
bgs_topk_jaccard,0.125,8,,,2180,0.14285714285714285
bgs_topk_jaccard,0.125,8,,,2181,0.06666666666666667
bgs_topk_jaccard,0.125,8,,,2182,0.0
bgs_topk_jaccard,0.125,8,,,2183,0.06666666666666667
bgs_topk_jaccard,0.125,8,,,2184,0.23076923076923078
bgs_topk_jaccard,0.125,8,,,2185,0.0
bgs_topk_jaccard,0.125,8,,,2186,0.06666666666666667
bgs_topk_jaccard,0.125,8,,,2187,0.06666666666666667
bgs_topk_jaccard,0.125,8,,,2188,0.06666666666666667
bgs_topk_jaccard,0.125,8,,,2189,0.06666666666666667
bgs_topk_jaccard,0.125,8,,,2190,0.06666666666666667
bgs_topk_jaccard,0.125,8,,,2191,0.0
bgs_topk_jaccard,0.125,8,,,2192,0.0
bgs_topk_jaccard,0.125,8,,,2193,0.0
bgs_topk_jaccard,0.125,8,,,2194,0.06666666666666667
bgs_topk_jaccard,0.125,8,,,2195,0.06666666666666667
bgs_topk_jaccard,0.125,8,,,2196,0.0
bgs_topk_jaccard,0.125,8,,,2197,0.14285714285714285
bgs_topk_jaccard,0.125,8,,,2198,0.06666666666666667
bgs_topk_jaccard,0.125,8,,,2199,0.23076923076923078
bgs_topk_jaccard,0.125,8,,,2200,0.14285714285714285
bgs_topk_jaccard,0.125,8,,,2201,0.0
bgs_topk_jaccard,0.125,8,,,2202,0.06666666666666667
bgs_topk_jaccard,0.125,8,,,2203,0.0
bgs_topk_jaccard,0.125,8,,,2204,0.0
bgs_topk_jaccard,0.125,8,,,2205,0.14285714285714285
bgs_topk_jaccard,0.125,8,,,2206,0.14285714285714285
bgs_topk_jaccard,0.125,8,,,2207,0.06666666666666667
bgs_topk_jaccard,0.125,8,,,2208,0.0
bgs_topk_jaccard,0.125,8,,,2209,0.0
bgs_topk_jaccard,0.125,8,,,2210,0.0
bgs_topk_jaccard,0.125,8,,,2211,0.06666666666666667
bgs_topk_jaccard,0.125,8,,,2212,0.06666666666666667
bgs_topk_jaccard,0.125,8,,,2213,0.14285714285714285
bgs_topk_jaccard,0.125,8,,,2214,0.06666666666666667
bgs_topk_jaccard,0.125,8,,,2215,0.0
bgs_topk_jaccard,0.125,8,,,2216,0.14285714285714285
bgs_topk_jaccard,0.125,8,,,2217,0.06666666666666667
bgs_topk_jaccard,0.125,8,,,2218,0.14285714285714285
bgs_topk_jaccard,0.125,8,,,2219,0.06666666666666667
bgs_topk_jaccard,0.125,8,,,2220,0.0
bgs_topk_jaccard,0.125,8,,,2221,0.06666666666666667
bgs_topk_jaccard,0.125,8,,,2222,0.06666666666666667
bgs_topk_jaccard,0.125,8,,,2223,0.14285714285714285
bgs_topk_jaccard,0.125,8,,,2224,0.14285714285714285
bgs_topk_jaccard,0.125,8,,,2225,0.14285714285714285
bgs_topk_jaccard,0.125,8,,,2226,0.14285714285714285
bgs_topk_jaccard,0.125,8,,,2227,0.06666666666666667
bgs_topk_jaccard,0.125,8,,,2228,0.0
bgs_topk_jaccard,0.125,8,,,2229,0.06666666666666667
bgs_topk_jaccard,0.125,8,,,2230,0.0
bgs_topk_jaccard,0.125,8,,,2231,0.0
bgs_topk_jaccard,0.125,8,,,2232,0.14285714285714285
bgs_topk_jaccard,0.125,8,,,2233,0.0
bgs_topk_jaccard,0.125,8,,,2234,0.0
bgs_topk_jaccard,0.125,8,,,2235,0.0
bgs_topk_jaccard,0.125,8,,,2236,0.06666666666666667
bgs_topk_jaccard,0.125,8,,,2237,0.0
bgs_topk_jaccard,0.125,8,,,2238,0.0
bgs_topk_jaccard,0.125,8,,,2239,0.0
bgs_topk_jaccard,0.125,8,,,2240,0.06666666666666667
bgs_topk_jaccard,0.125,8,,,2241,0.06666666666666667
bgs_topk_jaccard,0.125,8,,,2242,0.0
bgs_topk_jaccard,0.125,8,,,2243,0.0
bgs_topk_jaccard,0.125,8,,,2244,0.06666666666666667
bgs_topk_jaccard,0.125,8,,,2245,0.06666666666666667
bgs_topk_jaccard,0.125,8,,,2246,0.14285714285714285
bgs_topk_jaccard,0.125,8,,,2247,0.06666666666666667
bgs_topk_jaccard,0.125,8,,,2248,0.0
bgs_topk_jaccard,0.125,8,,,2249,0.14285714285714285
bgs_topk_jaccard,0.125,8,,,2250,0.06666666666666667
bgs_topk_jaccard,0.125,8,,,2251,0.06666666666666667
bgs_topk_jaccard,0.125,8,,,2252,0.06666666666666667
bgs_topk_jaccard,0.125,8,,,2253,0.06666666666666667
bgs_topk_jaccard,0.125,8,,,2254,0.0
bgs_topk_jaccard,0.125,8,,,2255,0.14285714285714285
bgs_topk_jaccard,0.125,8,,,2256,0.14285714285714285
bgs_topk_jaccard,0.125,8,,,2257,0.14285714285714285
bgs_topk_jaccard,0.125,8,,,2258,0.06666666666666667
bgs_topk_jaccard,0.125,8,,,2259,0.14285714285714285
bgs_topk_jaccard,0.125,8,,,2260,0.06666666666666667
bgs_topk_jaccard,0.125,8,,,2261,0.14285714285714285
bgs_topk_jaccard,0.125,8,,,2262,0.0
bgs_topk_jaccard,0.125,8,,,2263,0.14285714285714285
bgs_topk_jaccard,0.125,8,,,2264,0.0
bgs_topk_jaccard,0.125,8,,,2265,0.0
bgs_topk_jaccard,0.125,8,,,2266,0.14285714285714285
bgs_topk_jaccard,0.125,8,,,2267,0.0
bgs_topk_jaccard,0.125,8,,,2268,0.0
bgs_topk_jaccard,0.125,8,,,2269,0.06666666666666667
bgs_topk_jaccard,0.125,8,,,2270,0.06666666666666667
bgs_topk_jaccard,0.125,8,,,2271,0.14285714285714285
bgs_topk_jaccard,0.125,8,,,2272,0.06666666666666667
bgs_topk_jaccard,0.125,8,,,2273,0.14285714285714285
bgs_topk_jaccard,0.125,8,,,2274,0.14285714285714285
bgs_topk_jaccard,0.125,8,,,2275,0.14285714285714285
bgs_topk_jaccard,0.125,8,,,2276,0.0
bgs_topk_jaccard,0.125,8,,,2277,0.0
bgs_topk_jaccard,0.125,8,,,2278,0.0
bgs_topk_jaccard,0.125,8,,,2279,0.06666666666666667
bgs_topk_jaccard,0.125,8,,,2280,0.14285714285714285
bgs_topk_jaccard,0.125,8,,,2281,0.14285714285714285
bgs_topk_jaccard,0.125,8,,,2282,0.0
bgs_topk_jaccard,0.125,8,,,2283,0.0
bgs_topk_jaccard,0.125,8,,,2284,0.0
bgs_topk_jaccard,0.125,8,,,2285,0.06666666666666667
bgs_topk_jaccard,0.125,8,,,2286,0.14285714285714285
bgs_topk_jaccard,0.125,8,,,2287,0.0
bgs_topk_jaccard,0.125,8,,,2288,0.06666666666666667
bgs_topk_jaccard,0.125,8,,,2289,0.14285714285714285
bgs_topk_jaccard,0.125,8,,,2290,0.14285714285714285
bgs_topk_jaccard,0.125,8,,,2291,0.06666666666666667
bgs_topk_jaccard,0.125,8,,,2292,0.06666666666666667
bgs_topk_jaccard,0.125,8,,,2293,0.06666666666666667
bgs_topk_jaccard,0.125,8,,,2294,0.23076923076923078
bgs_topk_jaccard,0.125,8,,,2295,0.06666666666666667
bgs_topk_jaccard,0.125,8,,,2296,0.0
bgs_topk_jaccard,0.125,8,,,2297,0.0
bgs_topk_jaccard,0.125,8,,,2298,0.06666666666666667
bgs_topk_jaccard,0.125,8,,,2299,0.0
bgs_topk_jaccard,0.125,8,,,2300,0.06666666666666667
bgs_topk_jaccard,0.125,8,,,2301,0.06666666666666667
bgs_topk_jaccard,0.125,8,,,2302,0.14285714285714285
bgs_topk_jaccard,0.125,8,,,2303,0.0
bgs_topk_jaccard,0.125,8,,,2304,0.06666666666666667
bgs_topk_jaccard,0.125,8,,,2305,0.06666666666666667
bgs_topk_jaccard,0.125,8,,,2306,0.23076923076923078
bgs_topk_jaccard,0.125,8,,,2307,0.0
bgs_topk_jaccard,0.125,8,,,2308,0.0
bgs_topk_jaccard,0.125,8,,,2309,0.0
bgs_topk_jaccard,0.125,8,,,2310,0.0
bgs_topk_jaccard,0.125,8,,,2311,0.0
bgs_topk_jaccard,0.125,8,,,2312,0.0
bgs_topk_jaccard,0.125,8,,,2313,0.0
bgs_topk_jaccard,0.125,8,,,2314,0.0
bgs_topk_jaccard,0.125,8,,,2315,0.0
bgs_topk_jaccard,0.125,8,,,2316,0.06666666666666667
bgs_topk_jaccard,0.125,8,,,2317,0.14285714285714285
bgs_topk_jaccard,0.125,8,,,2318,0.06666666666666667
bgs_topk_jaccard,0.125,8,,,2319,0.06666666666666667
bgs_topk_jaccard,0.125,8,,,2320,0.14285714285714285
bgs_topk_jaccard,0.125,8,,,2321,0.06666666666666667
bgs_topk_jaccard,0.125,8,,,2322,0.06666666666666667
bgs_topk_jaccard,0.125,8,,,2323,0.06666666666666667
bgs_topk_jaccard,0.125,8,,,2324,0.0
bgs_topk_jaccard,0.125,8,,,2325,0.06666666666666667
bgs_topk_jaccard,0.125,8,,,2326,0.06666666666666667
bgs_topk_jaccard,0.125,8,,,2327,0.0
bgs_topk_jaccard,0.125,8,,,2328,0.06666666666666667
bgs_topk_jaccard,0.125,8,,,2329,0.14285714285714285
bgs_topk_jaccard,0.125,8,,,2330,0.06666666666666667
bgs_topk_jaccard,0.125,8,,,2331,0.0
bgs_topk_jaccard,0.125,8,,,2332,0.06666666666666667
bgs_topk_jaccard,0.125,8,,,2333,0.06666666666666667
bgs_topk_jaccard,0.125,8,,,2334,0.06666666666666667
bgs_topk_jaccard,0.125,8,,,2335,0.23076923076923078
bgs_topk_jaccard,0.125,8,,,2336,0.06666666666666667
bgs_topk_jaccard,0.125,8,,,2337,0.0
bgs_topk_jaccard,0.125,8,,,2338,0.06666666666666667
bgs_topk_jaccard,0.125,8,,,2339,0.06666666666666667
bgs_topk_jaccard,0.125,8,,,2340,0.0
bgs_topk_jaccard,0.125,8,,,2341,0.06666666666666667
bgs_topk_jaccard,0.125,8,,,2342,0.14285714285714285
bgs_topk_jaccard,0.125,8,,,2343,0.06666666666666667
bgs_topk_jaccard,0.125,8,,,2344,0.14285714285714285
bgs_topk_jaccard,0.125,8,,,2345,0.06666666666666667
bgs_topk_jaccard,0.125,8,,,2346,0.23076923076923078
bgs_topk_jaccard,0.125,8,,,2347,0.06666666666666667
bgs_topk_jaccard,0.125,8,,,2348,0.06666666666666667
bgs_topk_jaccard,0.125,8,,,2349,0.0
bgs_topk_jaccard,0.125,8,,,2350,0.0
bgs_topk_jaccard,0.125,8,,,2351,0.06666666666666667
bgs_topk_jaccard,0.125,8,,,2352,0.06666666666666667
bgs_topk_jaccard,0.125,8,,,2353,0.06666666666666667
bgs_topk_jaccard,0.125,8,,,2354,0.0
bgs_topk_jaccard,0.125,8,,,2355,0.14285714285714285
bgs_topk_jaccard,0.125,8,,,2356,0.14285714285714285
bgs_topk_jaccard,0.125,8,,,2357,0.0
bgs_topk_jaccard,0.125,8,,,2358,0.0
bgs_topk_jaccard,0.125,8,,,2359,0.23076923076923078
bgs_topk_jaccard,0.125,8,,,2360,0.0
bgs_topk_jaccard,0.125,8,,,2361,0.06666666666666667
bgs_topk_jaccard,0.125,8,,,2362,0.06666666666666667
bgs_topk_jaccard,0.125,8,,,2363,0.06666666666666667
bgs_topk_jaccard,0.125,8,,,2364,0.06666666666666667
bgs_topk_jaccard,0.125,8,,,2365,0.06666666666666667
bgs_topk_jaccard,0.125,8,,,2366,0.0
bgs_topk_jaccard,0.125,8,,,2367,0.0
bgs_topk_jaccard,0.125,8,,,2368,0.06666666666666667
bgs_topk_jaccard,0.125,8,,,2369,0.06666666666666667
bgs_topk_jaccard,0.125,8,,,2370,0.06666666666666667
bgs_topk_jaccard,0.125,8,,,2371,0.14285714285714285
bgs_topk_jaccard,0.125,8,,,2372,0.06666666666666667
bgs_topk_jaccard,0.125,8,,,2373,0.23076923076923078
bgs_topk_jaccard,0.125,8,,,2374,0.0
bgs_topk_jaccard,0.125,8,,,2375,0.14285714285714285
bgs_topk_jaccard,0.125,8,,,2376,0.06666666666666667
bgs_topk_jaccard,0.125,8,,,2377,0.14285714285714285
bgs_topk_jaccard,0.125,8,,,2378,0.14285714285714285
bgs_topk_jaccard,0.125,8,,,2379,0.3333333333333333
bgs_topk_jaccard,0.125,8,,,2380,0.06666666666666667
bgs_topk_jaccard,0.125,8,,,2381,0.14285714285714285
bgs_topk_jaccard,0.125,8,,,2382,0.0
bgs_topk_jaccard,0.125,8,,,2383,0.0
bgs_topk_jaccard,0.125,8,,,2384,0.06666666666666667
bgs_topk_jaccard,0.125,8,,,2385,0.14285714285714285
bgs_topk_jaccard,0.125,8,,,2386,0.23076923076923078
bgs_topk_jaccard,0.125,8,,,2387,0.06666666666666667
bgs_topk_jaccard,0.125,8,,,2388,0.14285714285714285
bgs_topk_jaccard,0.125,8,,,2389,0.06666666666666667
bgs_topk_jaccard,0.125,8,,,2390,0.14285714285714285
bgs_topk_jaccard,0.125,8,,,2391,0.14285714285714285
bgs_topk_jaccard,0.125,8,,,2392,0.14285714285714285
bgs_topk_jaccard,0.125,8,,,2393,0.0
bgs_topk_jaccard,0.125,8,,,2394,0.14285714285714285
bgs_topk_jaccard,0.125,8,,,2395,0.06666666666666667
bgs_topk_jaccard,0.125,8,,,2396,0.14285714285714285
bgs_topk_jaccard,0.125,8,,,2397,0.23076923076923078
bgs_topk_jaccard,0.125,8,,,2398,0.3333333333333333
bgs_topk_jaccard,0.125,8,,,2399,0.0
bgs_topk_jaccard,0.125,8,,,2400,0.0
bgs_topk_jaccard,0.125,8,,,2401,0.0
bgs_topk_jaccard,0.125,8,,,2402,0.0
bgs_topk_jaccard,0.125,8,,,2403,0.14285714285714285
bgs_topk_jaccard,0.125,8,,,2404,0.14285714285714285
bgs_topk_jaccard,0.125,8,,,2405,0.0
bgs_topk_jaccard,0.125,8,,,2406,0.06666666666666667
bgs_topk_jaccard,0.125,8,,,2407,0.06666666666666667
bgs_topk_jaccard,0.125,8,,,2408,0.0
bgs_topk_jaccard,0.125,8,,,2409,0.0
bgs_topk_jaccard,0.125,8,,,2410,0.23076923076923078
bgs_topk_jaccard,0.125,8,,,2411,0.14285714285714285
bgs_topk_jaccard,0.125,8,,,2412,0.0
bgs_topk_jaccard,0.125,8,,,2413,0.14285714285714285
bgs_topk_jaccard,0.125,8,,,2414,0.0
bgs_topk_jaccard,0.125,8,,,2415,0.23076923076923078
bgs_topk_jaccard,0.125,8,,,2416,0.06666666666666667
bgs_topk_jaccard,0.125,8,,,2417,0.14285714285714285
bgs_topk_jaccard,0.125,8,,,2418,0.06666666666666667
bgs_topk_jaccard,0.125,8,,,2419,0.0
bgs_topk_jaccard,0.125,8,,,2420,0.06666666666666667
bgs_topk_jaccard,0.125,8,,,2421,0.0
bgs_topk_jaccard,0.125,8,,,2422,0.06666666666666667
bgs_topk_jaccard,0.125,8,,,2423,0.0
bgs_topk_jaccard,0.125,8,,,2424,0.06666666666666667
bgs_topk_jaccard,0.125,8,,,2425,0.06666666666666667
bgs_topk_jaccard,0.125,8,,,2426,0.14285714285714285
bgs_topk_jaccard,0.125,8,,,2427,0.23076923076923078
bgs_topk_jaccard,0.125,8,,,2428,0.0
bgs_topk_jaccard,0.125,8,,,2429,0.06666666666666667
bgs_topk_jaccard,0.125,8,,,2430,0.0
bgs_topk_jaccard,0.125,8,,,2431,0.14285714285714285
bgs_topk_jaccard,0.125,8,,,2432,0.14285714285714285
bgs_topk_jaccard,0.125,8,,,2433,0.0
bgs_topk_jaccard,0.125,8,,,2434,0.06666666666666667
bgs_topk_jaccard,0.125,8,,,2435,0.0
bgs_topk_jaccard,0.125,8,,,2436,0.0
bgs_topk_jaccard,0.125,8,,,2437,0.0
bgs_topk_jaccard,0.125,8,,,2438,0.06666666666666667
bgs_topk_jaccard,0.125,8,,,2439,0.06666666666666667
bgs_topk_jaccard,0.125,8,,,2440,0.06666666666666667
bgs_topk_jaccard,0.125,8,,,2441,0.0
bgs_topk_jaccard,0.125,8,,,2442,0.06666666666666667
bgs_topk_jaccard,0.125,8,,,2443,0.14285714285714285
bgs_topk_jaccard,0.125,8,,,2444,0.0
bgs_topk_jaccard,0.125,8,,,2445,0.06666666666666667
bgs_topk_jaccard,0.125,8,,,2446,0.14285714285714285
bgs_topk_jaccard,0.125,8,,,2447,0.06666666666666667
bgs_topk_jaccard,0.125,8,,,2448,0.06666666666666667
bgs_topk_jaccard,0.125,8,,,2449,0.06666666666666667
bgs_topk_jaccard,0.125,8,,,2450,0.0
bgs_topk_jaccard,0.125,8,,,2451,0.06666666666666667
bgs_topk_jaccard,0.125,8,,,2452,0.0
bgs_topk_jaccard,0.125,8,,,2453,0.14285714285714285
bgs_topk_jaccard,0.125,8,,,2454,0.0
bgs_topk_jaccard,0.125,8,,,2455,0.0
bgs_topk_jaccard,0.125,8,,,2456,0.0
bgs_topk_jaccard,0.125,8,,,2457,0.14285714285714285
bgs_topk_jaccard,0.125,8,,,2458,0.14285714285714285
bgs_topk_jaccard,0.125,8,,,2459,0.14285714285714285
bgs_topk_jaccard,0.125,8,,,2460,0.06666666666666667
bgs_topk_jaccard,0.125,8,,,2461,0.14285714285714285
bgs_topk_jaccard,0.125,8,,,2462,0.0
bgs_topk_jaccard,0.125,8,,,2463,0.06666666666666667
bgs_topk_jaccard,0.125,8,,,2464,0.14285714285714285
bgs_topk_jaccard,0.125,8,,,2465,0.06666666666666667
bgs_topk_jaccard,0.125,8,,,2466,0.06666666666666667
bgs_topk_jaccard,0.125,8,,,2467,0.06666666666666667
bgs_topk_jaccard,0.125,8,,,2468,0.0
bgs_topk_jaccard,0.125,8,,,2469,0.06666666666666667
bgs_topk_jaccard,0.125,8,,,2470,0.23076923076923078
bgs_topk_jaccard,0.125,8,,,2471,0.0
bgs_topk_jaccard,0.125,8,,,2472,0.0
bgs_topk_jaccard,0.125,8,,,2473,0.14285714285714285
bgs_topk_jaccard,0.125,8,,,2474,0.06666666666666667
bgs_topk_jaccard,0.125,8,,,2475,0.06666666666666667
bgs_topk_jaccard,0.125,8,,,2476,0.06666666666666667
bgs_topk_jaccard,0.125,8,,,2477,0.0
bgs_topk_jaccard,0.125,8,,,2478,0.0
bgs_topk_jaccard,0.125,8,,,2479,0.14285714285714285
bgs_topk_jaccard,0.125,8,,,2480,0.06666666666666667
bgs_topk_jaccard,0.125,8,,,2481,0.14285714285714285
bgs_topk_jaccard,0.125,8,,,2482,0.0
bgs_topk_jaccard,0.125,8,,,2483,0.06666666666666667
bgs_topk_jaccard,0.125,8,,,2484,0.0
bgs_topk_jaccard,0.125,8,,,2485,0.0
bgs_topk_jaccard,0.125,8,,,2486,0.14285714285714285
bgs_topk_jaccard,0.125,8,,,2487,0.06666666666666667
bgs_topk_jaccard,0.125,8,,,2488,0.0
bgs_topk_jaccard,0.125,8,,,2489,0.06666666666666667
bgs_topk_jaccard,0.125,8,,,2490,0.23076923076923078
bgs_topk_jaccard,0.125,8,,,2491,0.06666666666666667
bgs_topk_jaccard,0.125,8,,,2492,0.0
bgs_topk_jaccard,0.125,8,,,2493,0.06666666666666667
bgs_topk_jaccard,0.125,8,,,2494,0.0
bgs_topk_jaccard,0.125,8,,,2495,0.14285714285714285
bgs_topk_jaccard,0.125,8,,,2496,0.06666666666666667
bgs_topk_jaccard,0.125,8,,,2497,0.14285714285714285
bgs_topk_jaccard,0.125,8,,,2498,0.06666666666666667
bgs_topk_jaccard,0.125,8,,,2499,0.06666666666666667
bgs_topk_jaccard,0.125,8,,,2500,0.14285714285714285
bgs_topk_jaccard,0.125,8,,,2501,0.0
bgs_topk_jaccard,0.125,8,,,2502,0.0
bgs_topk_jaccard,0.125,8,,,2503,0.06666666666666667
bgs_topk_jaccard,0.125,8,,,2504,0.0
bgs_topk_jaccard,0.125,8,,,2505,0.14285714285714285
bgs_topk_jaccard,0.125,8,,,2506,0.14285714285714285
bgs_topk_jaccard,0.125,8,,,2507,0.0
bgs_topk_jaccard,0.125,8,,,2508,0.06666666666666667
bgs_topk_jaccard,0.125,8,,,2509,0.23076923076923078
bgs_topk_jaccard,0.125,8,,,2510,0.06666666666666667
bgs_topk_jaccard,0.125,8,,,2511,0.0
bgs_topk_jaccard,0.125,8,,,2512,0.23076923076923078
bgs_topk_jaccard,0.125,8,,,2513,0.23076923076923078
bgs_topk_jaccard,0.125,8,,,2514,0.0
bgs_topk_jaccard,0.125,8,,,2515,0.06666666666666667
bgs_topk_jaccard,0.125,8,,,2516,0.0
bgs_topk_jaccard,0.125,8,,,2517,0.14285714285714285
bgs_topk_jaccard,0.125,8,,,2518,0.0
bgs_topk_jaccard,0.125,8,,,2519,0.06666666666666667
bgs_topk_jaccard,0.125,8,,,2520,0.14285714285714285
bgs_topk_jaccard,0.125,8,,,2521,0.06666666666666667
bgs_topk_jaccard,0.125,8,,,2522,0.0
bgs_topk_jaccard,0.125,8,,,2523,0.06666666666666667
bgs_topk_jaccard,0.125,8,,,2524,0.0
bgs_topk_jaccard,0.125,8,,,2525,0.06666666666666667
bgs_topk_jaccard,0.125,8,,,2526,0.06666666666666667
bgs_topk_jaccard,0.125,8,,,2527,0.0
bgs_topk_jaccard,0.125,8,,,2528,0.06666666666666667
bgs_topk_jaccard,0.125,8,,,2529,0.14285714285714285
bgs_topk_jaccard,0.125,8,,,2530,0.0
bgs_topk_jaccard,0.125,8,,,2531,0.06666666666666667
bgs_topk_jaccard,0.125,8,,,2532,0.06666666666666667
bgs_topk_jaccard,0.125,8,,,2533,0.06666666666666667
bgs_topk_jaccard,0.125,8,,,2534,0.0
bgs_topk_jaccard,0.125,8,,,2535,0.06666666666666667
bgs_topk_jaccard,0.125,8,,,2536,0.14285714285714285
bgs_topk_jaccard,0.125,8,,,2537,0.0
bgs_topk_jaccard,0.125,8,,,2538,0.14285714285714285
bgs_topk_jaccard,0.125,8,,,2539,0.06666666666666667
bgs_topk_jaccard,0.125,8,,,2540,0.0
bgs_topk_jaccard,0.125,8,,,2541,0.0
bgs_topk_jaccard,0.125,8,,,2542,0.06666666666666667
bgs_topk_jaccard,0.125,8,,,2543,0.14285714285714285
bgs_topk_jaccard,0.125,8,,,2544,0.0
bgs_topk_jaccard,0.125,8,,,2545,0.0
bgs_topk_jaccard,0.125,8,,,2546,0.06666666666666667
bgs_topk_jaccard,0.125,8,,,2547,0.06666666666666667
bgs_topk_jaccard,0.125,8,,,2548,0.06666666666666667
bgs_topk_jaccard,0.125,8,,,2549,0.0
bgs_topk_jaccard,0.125,8,,,2550,0.06666666666666667
bgs_topk_jaccard,0.125,8,,,2551,0.06666666666666667
bgs_topk_jaccard,0.125,8,,,2552,0.06666666666666667
bgs_topk_jaccard,0.125,8,,,2553,0.14285714285714285
bgs_topk_jaccard,0.125,8,,,2554,0.06666666666666667
bgs_topk_jaccard,0.125,8,,,2555,0.06666666666666667
bgs_topk_jaccard,0.125,8,,,2556,0.3333333333333333
bgs_topk_jaccard,0.125,8,,,2557,0.06666666666666667
bgs_topk_jaccard,0.125,8,,,2558,0.06666666666666667
bgs_topk_jaccard,0.125,8,,,2559,0.06666666666666667
bgs_topk_jaccard,0.125,8,,,2560,0.14285714285714285
bgs_topk_jaccard,0.125,8,,,2561,0.0
bgs_topk_jaccard,0.125,8,,,2562,0.14285714285714285
bgs_topk_jaccard,0.125,8,,,2563,0.0
bgs_topk_jaccard,0.125,8,,,2564,0.0
bgs_topk_jaccard,0.125,8,,,2565,0.0
bgs_topk_jaccard,0.125,8,,,2566,0.06666666666666667
bgs_topk_jaccard,0.125,8,,,2567,0.06666666666666667
bgs_topk_jaccard,0.125,8,,,2568,0.14285714285714285
bgs_topk_jaccard,0.125,8,,,2569,0.06666666666666667
bgs_topk_jaccard,0.125,8,,,2570,0.0
bgs_topk_jaccard,0.125,8,,,2571,0.06666666666666667
bgs_topk_jaccard,0.125,8,,,2572,0.06666666666666667
bgs_topk_jaccard,0.125,8,,,2573,0.0
bgs_topk_jaccard,0.125,8,,,2574,0.06666666666666667
bgs_topk_jaccard,0.125,8,,,2575,0.0
bgs_topk_jaccard,0.125,8,,,2576,0.0
bgs_topk_jaccard,0.125,8,,,2577,0.06666666666666667
bgs_topk_jaccard,0.125,8,,,2578,0.06666666666666667
bgs_topk_jaccard,0.125,8,,,2579,0.06666666666666667
bgs_topk_jaccard,0.125,8,,,2580,0.0
bgs_topk_jaccard,0.125,8,,,2581,0.14285714285714285
bgs_topk_jaccard,0.125,8,,,2582,0.0
bgs_topk_jaccard,0.125,8,,,2583,0.0
bgs_topk_jaccard,0.125,8,,,2584,0.06666666666666667
bgs_topk_jaccard,0.125,8,,,2585,0.14285714285714285
bgs_topk_jaccard,0.125,8,,,2586,0.06666666666666667
bgs_topk_jaccard,0.125,8,,,2587,0.14285714285714285
bgs_topk_jaccard,0.125,8,,,2588,0.06666666666666667
bgs_topk_jaccard,0.125,8,,,2589,0.06666666666666667
bgs_topk_jaccard,0.125,8,,,2590,0.06666666666666667
bgs_topk_jaccard,0.125,8,,,2591,0.14285714285714285
bgs_topk_jaccard,0.125,8,,,2592,0.06666666666666667
bgs_topk_jaccard,0.125,8,,,2593,0.0
bgs_topk_jaccard,0.125,8,,,2594,0.0
bgs_topk_jaccard,0.125,8,,,2595,0.14285714285714285
bgs_topk_jaccard,0.125,8,,,2596,0.06666666666666667
bgs_topk_jaccard,0.125,8,,,2597,0.0
bgs_topk_jaccard,0.125,8,,,2598,0.06666666666666667
bgs_topk_jaccard,0.125,8,,,2599,0.0
bgs_topk_jaccard,0.125,8,,,2600,0.06666666666666667
bgs_topk_jaccard,0.125,8,,,2601,0.0
bgs_topk_jaccard,0.125,8,,,2602,0.14285714285714285
bgs_topk_jaccard,0.125,8,,,2603,0.0
bgs_topk_jaccard,0.125,8,,,2604,0.23076923076923078
bgs_topk_jaccard,0.125,8,,,2605,0.06666666666666667
bgs_topk_jaccard,0.125,8,,,2606,0.0
bgs_topk_jaccard,0.125,8,,,2607,0.0
bgs_topk_jaccard,0.125,8,,,2608,0.0
bgs_topk_jaccard,0.125,8,,,2609,0.06666666666666667
bgs_topk_jaccard,0.125,8,,,2610,0.06666666666666667
bgs_topk_jaccard,0.125,8,,,2611,0.06666666666666667
bgs_topk_jaccard,0.125,8,,,2612,0.06666666666666667
bgs_topk_jaccard,0.125,8,,,2613,0.0
bgs_topk_jaccard,0.125,8,,,2614,0.06666666666666667
bgs_topk_jaccard,0.125,8,,,2615,0.06666666666666667
bgs_topk_jaccard,0.125,8,,,2616,0.14285714285714285
bgs_topk_jaccard,0.125,8,,,2617,0.06666666666666667
bgs_topk_jaccard,0.125,8,,,2618,0.0
bgs_topk_jaccard,0.125,8,,,2619,0.23076923076923078
bgs_topk_jaccard,0.125,8,,,2620,0.06666666666666667
bgs_topk_jaccard,0.125,8,,,2621,0.14285714285714285
bgs_topk_jaccard,0.125,8,,,2622,0.06666666666666667
bgs_topk_jaccard,0.125,8,,,2623,0.06666666666666667
bgs_topk_jaccard,0.125,8,,,2624,0.06666666666666667
bgs_topk_jaccard,0.125,8,,,2625,0.0
bgs_topk_jaccard,0.125,8,,,2626,0.06666666666666667
bgs_topk_jaccard,0.125,8,,,2627,0.06666666666666667
bgs_topk_jaccard,0.125,8,,,2628,0.23076923076923078
bgs_topk_jaccard,0.125,8,,,2629,0.06666666666666667
bgs_topk_jaccard,0.125,8,,,2630,0.06666666666666667
bgs_topk_jaccard,0.125,8,,,2631,0.14285714285714285
bgs_topk_jaccard,0.125,8,,,2632,0.0
bgs_topk_jaccard,0.125,8,,,2633,0.06666666666666667
bgs_topk_jaccard,0.125,8,,,2634,0.0
bgs_topk_jaccard,0.125,8,,,2635,0.0
bgs_topk_jaccard,0.125,8,,,2636,0.0
bgs_topk_jaccard,0.125,8,,,2637,0.14285714285714285
bgs_topk_jaccard,0.125,8,,,2638,0.0
bgs_topk_jaccard,0.125,8,,,2639,0.06666666666666667
bgs_topk_jaccard,0.125,8,,,2640,0.0
bgs_topk_jaccard,0.125,8,,,2641,0.06666666666666667
bgs_topk_jaccard,0.125,8,,,2642,0.0
bgs_topk_jaccard,0.125,8,,,2643,0.14285714285714285
bgs_topk_jaccard,0.125,8,,,2644,0.06666666666666667
bgs_topk_jaccard,0.125,8,,,2645,0.0
bgs_topk_jaccard,0.125,8,,,2646,0.06666666666666667
bgs_topk_jaccard,0.125,8,,,2647,0.06666666666666667
bgs_topk_jaccard,0.125,8,,,2648,0.06666666666666667
bgs_topk_jaccard,0.125,8,,,2649,0.06666666666666667
bgs_topk_jaccard,0.125,8,,,2650,0.14285714285714285
bgs_topk_jaccard,0.125,8,,,2651,0.06666666666666667
bgs_topk_jaccard,0.125,8,,,2652,0.14285714285714285
bgs_topk_jaccard,0.125,8,,,2653,0.06666666666666667
bgs_topk_jaccard,0.125,8,,,2654,0.0
bgs_topk_jaccard,0.125,8,,,2655,0.06666666666666667
bgs_topk_jaccard,0.125,8,,,2656,0.06666666666666667
bgs_topk_jaccard,0.125,8,,,2657,0.14285714285714285
bgs_topk_jaccard,0.125,8,,,2658,0.0
bgs_topk_jaccard,0.125,8,,,2659,0.14285714285714285
bgs_topk_jaccard,0.125,8,,,2660,0.06666666666666667
bgs_topk_jaccard,0.125,8,,,2661,0.06666666666666667
bgs_topk_jaccard,0.125,8,,,2662,0.14285714285714285
bgs_topk_jaccard,0.125,8,,,2663,0.14285714285714285
bgs_topk_jaccard,0.125,8,,,2664,0.14285714285714285
bgs_topk_jaccard,0.125,8,,,2665,0.0
bgs_topk_jaccard,0.125,8,,,2666,0.06666666666666667
bgs_topk_jaccard,0.125,8,,,2667,0.0
bgs_topk_jaccard,0.125,8,,,2668,0.06666666666666667
bgs_topk_jaccard,0.125,8,,,2669,0.06666666666666667
bgs_topk_jaccard,0.125,8,,,2670,0.06666666666666667
bgs_topk_jaccard,0.125,8,,,2671,0.06666666666666667
bgs_topk_jaccard,0.125,8,,,2672,0.06666666666666667
bgs_topk_jaccard,0.125,8,,,2673,0.06666666666666667
bgs_topk_jaccard,0.125,8,,,2674,0.06666666666666667
bgs_topk_jaccard,0.125,8,,,2675,0.06666666666666667
bgs_topk_jaccard,0.125,8,,,2676,0.0
bgs_topk_jaccard,0.125,8,,,2677,0.0
bgs_topk_jaccard,0.125,8,,,2678,0.23076923076923078
bgs_topk_jaccard,0.125,8,,,2679,0.0
bgs_topk_jaccard,0.125,8,,,2680,0.06666666666666667
bgs_topk_jaccard,0.125,8,,,2681,0.06666666666666667
bgs_topk_jaccard,0.125,8,,,2682,0.06666666666666667
bgs_topk_jaccard,0.125,8,,,2683,0.06666666666666667
bgs_topk_jaccard,0.125,8,,,2684,0.23076923076923078
bgs_topk_jaccard,0.125,8,,,2685,0.06666666666666667
bgs_topk_jaccard,0.125,8,,,2686,0.06666666666666667
bgs_topk_jaccard,0.125,8,,,2687,0.06666666666666667
bgs_topk_jaccard,0.125,8,,,2688,0.14285714285714285
bgs_topk_jaccard,0.125,8,,,2689,0.06666666666666667
bgs_topk_jaccard,0.125,8,,,2690,0.0
bgs_topk_jaccard,0.125,8,,,2691,0.0
bgs_topk_jaccard,0.125,8,,,2692,0.0
bgs_topk_jaccard,0.125,8,,,2693,0.0
bgs_topk_jaccard,0.125,8,,,2694,0.0
bgs_topk_jaccard,0.125,8,,,2695,0.06666666666666667
bgs_topk_jaccard,0.125,8,,,2696,0.14285714285714285
bgs_topk_jaccard,0.125,8,,,2697,0.14285714285714285
bgs_topk_jaccard,0.125,8,,,2698,0.06666666666666667
bgs_topk_jaccard,0.125,8,,,2699,0.06666666666666667
bgs_topk_jaccard,0.125,8,,,2700,0.0
bgs_topk_jaccard,0.125,8,,,2701,0.06666666666666667
bgs_topk_jaccard,0.125,8,,,2702,0.14285714285714285
bgs_topk_jaccard,0.125,8,,,2703,0.06666666666666667
bgs_topk_jaccard,0.125,8,,,2704,0.0
bgs_topk_jaccard,0.125,8,,,2705,0.06666666666666667
bgs_topk_jaccard,0.125,8,,,2706,0.06666666666666667
bgs_topk_jaccard,0.125,8,,,2707,0.23076923076923078
bgs_topk_jaccard,0.125,8,,,2708,0.14285714285714285
bgs_topk_jaccard,0.125,8,,,2709,0.0
bgs_topk_jaccard,0.125,8,,,2710,0.06666666666666667
bgs_topk_jaccard,0.125,8,,,2711,0.06666666666666667
bgs_topk_jaccard,0.125,8,,,2712,0.06666666666666667
bgs_topk_jaccard,0.125,8,,,2713,0.14285714285714285
bgs_topk_jaccard,0.125,8,,,2714,0.06666666666666667
bgs_topk_jaccard,0.125,8,,,2715,0.06666666666666667
bgs_topk_jaccard,0.125,8,,,2716,0.3333333333333333
bgs_topk_jaccard,0.125,8,,,2717,0.14285714285714285
bgs_topk_jaccard,0.125,8,,,2718,0.0
bgs_topk_jaccard,0.125,8,,,2719,0.0
bgs_topk_jaccard,0.125,8,,,2720,0.0
bgs_topk_jaccard,0.125,8,,,2721,0.0
bgs_topk_jaccard,0.125,8,,,2722,0.06666666666666667
bgs_topk_jaccard,0.125,8,,,2723,0.0
bgs_topk_jaccard,0.125,8,,,2724,0.06666666666666667
bgs_topk_jaccard,0.125,8,,,2725,0.06666666666666667
bgs_topk_jaccard,0.125,8,,,2726,0.0
bgs_topk_jaccard,0.125,8,,,2727,0.06666666666666667
bgs_topk_jaccard,0.125,8,,,2728,0.0
bgs_topk_jaccard,0.125,8,,,2729,0.14285714285714285
bgs_topk_jaccard,0.125,8,,,2730,0.14285714285714285
bgs_topk_jaccard,0.125,8,,,2731,0.06666666666666667
bgs_topk_jaccard,0.125,8,,,2732,0.14285714285714285
bgs_topk_jaccard,0.125,8,,,2733,0.0
bgs_topk_jaccard,0.125,8,,,2734,0.14285714285714285
bgs_topk_jaccard,0.125,8,,,2735,0.0
bgs_topk_jaccard,0.125,8,,,2736,0.14285714285714285
bgs_topk_jaccard,0.125,8,,,2737,0.14285714285714285
bgs_topk_jaccard,0.125,8,,,2738,0.23076923076923078
bgs_topk_jaccard,0.125,8,,,2739,0.06666666666666667
bgs_topk_jaccard,0.125,8,,,2740,0.06666666666666667
bgs_topk_jaccard,0.125,8,,,2741,0.0
bgs_topk_jaccard,0.125,8,,,2742,0.06666666666666667
bgs_topk_jaccard,0.125,8,,,2743,0.06666666666666667
bgs_topk_jaccard,0.125,8,,,2744,0.06666666666666667
bgs_topk_jaccard,0.125,8,,,2745,0.0
bgs_topk_jaccard,0.125,8,,,2746,0.06666666666666667
bgs_topk_jaccard,0.125,8,,,2747,0.06666666666666667
bgs_topk_jaccard,0.125,8,,,2748,0.23076923076923078
bgs_topk_jaccard,0.125,8,,,2749,0.0
bgs_topk_jaccard,0.125,8,,,2750,0.06666666666666667
bgs_topk_jaccard,0.125,8,,,2751,0.06666666666666667
bgs_topk_jaccard,0.125,8,,,2752,0.14285714285714285
bgs_topk_jaccard,0.125,8,,,2753,0.14285714285714285
bgs_topk_jaccard,0.125,8,,,2754,0.06666666666666667
bgs_topk_jaccard,0.125,8,,,2755,0.0
bgs_topk_jaccard,0.125,8,,,2756,0.3333333333333333
bgs_topk_jaccard,0.125,8,,,2757,0.14285714285714285
bgs_topk_jaccard,0.125,8,,,2758,0.0
bgs_topk_jaccard,0.125,8,,,2759,0.06666666666666667
bgs_topk_jaccard,0.125,8,,,2760,0.0
bgs_topk_jaccard,0.125,8,,,2761,0.06666666666666667
bgs_topk_jaccard,0.125,8,,,2762,0.06666666666666667
bgs_topk_jaccard,0.125,8,,,2763,0.06666666666666667
bgs_topk_jaccard,0.125,8,,,2764,0.23076923076923078
bgs_topk_jaccard,0.125,8,,,2765,0.0
bgs_topk_jaccard,0.125,8,,,2766,0.14285714285714285
bgs_topk_jaccard,0.125,8,,,2767,0.0
bgs_topk_jaccard,0.125,8,,,2768,0.0
bgs_topk_jaccard,0.125,8,,,2769,0.0
bgs_topk_jaccard,0.125,8,,,2770,0.0
bgs_topk_jaccard,0.125,8,,,2771,0.0
bgs_topk_jaccard,0.125,8,,,2772,0.14285714285714285
bgs_topk_jaccard,0.125,8,,,2773,0.06666666666666667
bgs_topk_jaccard,0.125,8,,,2774,0.06666666666666667
bgs_topk_jaccard,0.125,8,,,2775,0.0
bgs_topk_jaccard,0.125,8,,,2776,0.06666666666666667
bgs_topk_jaccard,0.125,8,,,2777,0.06666666666666667
bgs_topk_jaccard,0.125,8,,,2778,0.0
bgs_topk_jaccard,0.125,8,,,2779,0.06666666666666667
bgs_topk_jaccard,0.125,8,,,2780,0.0
bgs_topk_jaccard,0.125,8,,,2781,0.06666666666666667
bgs_topk_jaccard,0.125,8,,,2782,0.06666666666666667
bgs_topk_jaccard,0.125,8,,,2783,0.23076923076923078
bgs_topk_jaccard,0.125,8,,,2784,0.14285714285714285
bgs_topk_jaccard,0.125,8,,,2785,0.06666666666666667
bgs_topk_jaccard,0.125,8,,,2786,0.14285714285714285
bgs_topk_jaccard,0.125,8,,,2787,0.06666666666666667
bgs_topk_jaccard,0.125,8,,,2788,0.23076923076923078
bgs_topk_jaccard,0.125,8,,,2789,0.14285714285714285
bgs_topk_jaccard,0.125,8,,,2790,0.06666666666666667
bgs_topk_jaccard,0.125,8,,,2791,0.0
bgs_topk_jaccard,0.125,8,,,2792,0.14285714285714285
bgs_topk_jaccard,0.125,8,,,2793,0.23076923076923078
bgs_topk_jaccard,0.125,8,,,2794,0.06666666666666667
bgs_topk_jaccard,0.125,8,,,2795,0.06666666666666667
bgs_topk_jaccard,0.125,8,,,2796,0.06666666666666667
bgs_topk_jaccard,0.125,8,,,2797,0.0
bgs_topk_jaccard,0.125,8,,,2798,0.06666666666666667
bgs_topk_jaccard,0.125,8,,,2799,0.06666666666666667
bgs_topk_jaccard,0.125,8,,,2800,0.0
bgs_topk_jaccard,0.125,8,,,2801,0.0
bgs_topk_jaccard,0.125,8,,,2802,0.14285714285714285
bgs_topk_jaccard,0.125,8,,,2803,0.06666666666666667
bgs_topk_jaccard,0.125,8,,,2804,0.0
bgs_topk_jaccard,0.125,8,,,2805,0.0
bgs_topk_jaccard,0.125,8,,,2806,0.06666666666666667
bgs_topk_jaccard,0.125,8,,,2807,0.06666666666666667
bgs_topk_jaccard,0.125,8,,,2808,0.0
bgs_topk_jaccard,0.125,8,,,2809,0.06666666666666667
bgs_topk_jaccard,0.125,8,,,2810,0.14285714285714285
bgs_topk_jaccard,0.125,8,,,2811,0.0
bgs_topk_jaccard,0.125,8,,,2812,0.23076923076923078
bgs_topk_jaccard,0.125,8,,,2813,0.0
bgs_topk_jaccard,0.125,8,,,2814,0.06666666666666667
bgs_topk_jaccard,0.125,8,,,2815,0.06666666666666667
bgs_topk_jaccard,0.125,8,,,2816,0.0
bgs_topk_jaccard,0.125,8,,,2817,0.23076923076923078
bgs_topk_jaccard,0.125,8,,,2818,0.06666666666666667
bgs_topk_jaccard,0.125,8,,,2819,0.06666666666666667
bgs_topk_jaccard,0.125,8,,,2820,0.06666666666666667
bgs_topk_jaccard,0.125,8,,,2821,0.0
bgs_topk_jaccard,0.125,8,,,2822,0.14285714285714285
bgs_topk_jaccard,0.125,8,,,2823,0.23076923076923078
bgs_topk_jaccard,0.125,8,,,2824,0.14285714285714285
bgs_topk_jaccard,0.125,8,,,2825,0.06666666666666667
bgs_topk_jaccard,0.125,8,,,2826,0.0
bgs_topk_jaccard,0.125,8,,,2827,0.06666666666666667
bgs_topk_jaccard,0.125,8,,,2828,0.06666666666666667
bgs_topk_jaccard,0.125,8,,,2829,0.0
bgs_topk_jaccard,0.125,8,,,2830,0.0
bgs_topk_jaccard,0.125,8,,,2831,0.06666666666666667
bgs_topk_jaccard,0.125,8,,,2832,0.06666666666666667
bgs_topk_jaccard,0.125,8,,,2833,0.0
bgs_topk_jaccard,0.125,8,,,2834,0.06666666666666667
bgs_topk_jaccard,0.125,8,,,2835,0.06666666666666667
bgs_topk_jaccard,0.125,8,,,2836,0.06666666666666667
bgs_topk_jaccard,0.125,8,,,2837,0.23076923076923078
bgs_topk_jaccard,0.125,8,,,2838,0.23076923076923078
bgs_topk_jaccard,0.125,8,,,2839,0.0
bgs_topk_jaccard,0.125,8,,,2840,0.14285714285714285
bgs_topk_jaccard,0.125,8,,,2841,0.14285714285714285
bgs_topk_jaccard,0.125,8,,,2842,0.23076923076923078
bgs_topk_jaccard,0.125,8,,,2843,0.06666666666666667
bgs_topk_jaccard,0.125,8,,,2844,0.06666666666666667
bgs_topk_jaccard,0.125,8,,,2845,0.14285714285714285
bgs_topk_jaccard,0.125,8,,,2846,0.0
bgs_topk_jaccard,0.125,8,,,2847,0.06666666666666667
bgs_topk_jaccard,0.125,8,,,2848,0.06666666666666667
bgs_topk_jaccard,0.125,8,,,2849,0.23076923076923078
bgs_topk_jaccard,0.125,8,,,2850,0.06666666666666667
bgs_topk_jaccard,0.125,8,,,2851,0.14285714285714285
bgs_topk_jaccard,0.125,8,,,2852,0.06666666666666667
bgs_topk_jaccard,0.125,8,,,2853,0.0
bgs_topk_jaccard,0.125,8,,,2854,0.14285714285714285
bgs_topk_jaccard,0.125,8,,,2855,0.14285714285714285
bgs_topk_jaccard,0.125,8,,,2856,0.06666666666666667
bgs_topk_jaccard,0.125,8,,,2857,0.14285714285714285
bgs_topk_jaccard,0.125,8,,,2858,0.14285714285714285
bgs_topk_jaccard,0.125,8,,,2859,0.06666666666666667
bgs_topk_jaccard,0.125,8,,,2860,0.14285714285714285
bgs_topk_jaccard,0.125,8,,,2861,0.14285714285714285
bgs_topk_jaccard,0.125,8,,,2862,0.06666666666666667
bgs_topk_jaccard,0.125,8,,,2863,0.06666666666666667
bgs_topk_jaccard,0.125,8,,,2864,0.14285714285714285
bgs_topk_jaccard,0.125,8,,,2865,0.06666666666666667
bgs_topk_jaccard,0.125,8,,,2866,0.06666666666666667
bgs_topk_jaccard,0.125,8,,,2867,0.0
bgs_topk_jaccard,0.125,8,,,2868,0.06666666666666667
bgs_topk_jaccard,0.125,8,,,2869,0.06666666666666667
bgs_topk_jaccard,0.125,8,,,2870,0.23076923076923078
bgs_topk_jaccard,0.125,8,,,2871,0.06666666666666667
bgs_topk_jaccard,0.125,8,,,2872,0.06666666666666667
bgs_topk_jaccard,0.125,8,,,2873,0.06666666666666667
bgs_topk_jaccard,0.125,8,,,2874,0.0
bgs_topk_jaccard,0.125,8,,,2875,0.06666666666666667
bgs_topk_jaccard,0.125,8,,,2876,0.06666666666666667
bgs_topk_jaccard,0.125,8,,,2877,0.0
bgs_topk_jaccard,0.125,8,,,2878,0.06666666666666667
bgs_topk_jaccard,0.125,8,,,2879,0.14285714285714285
bgs_topk_jaccard,0.125,8,,,2880,0.0
bgs_topk_jaccard,0.125,8,,,2881,0.14285714285714285
bgs_topk_jaccard,0.125,8,,,2882,0.14285714285714285
bgs_topk_jaccard,0.125,8,,,2883,0.0
bgs_topk_jaccard,0.125,8,,,2884,0.0
bgs_topk_jaccard,0.125,8,,,2885,0.0
bgs_topk_jaccard,0.125,8,,,2886,0.06666666666666667
bgs_topk_jaccard,0.125,8,,,2887,0.06666666666666667
bgs_topk_jaccard,0.125,8,,,2888,0.06666666666666667
bgs_topk_jaccard,0.125,8,,,2889,0.06666666666666667
bgs_topk_jaccard,0.125,8,,,2890,0.0
bgs_topk_jaccard,0.125,8,,,2891,0.0
bgs_topk_jaccard,0.125,8,,,2892,0.0
bgs_topk_jaccard,0.125,8,,,2893,0.06666666666666667
bgs_topk_jaccard,0.125,8,,,2894,0.06666666666666667
bgs_topk_jaccard,0.125,8,,,2895,0.14285714285714285
bgs_topk_jaccard,0.125,8,,,2896,0.0
bgs_topk_jaccard,0.125,8,,,2897,0.06666666666666667
bgs_topk_jaccard,0.125,8,,,2898,0.06666666666666667
bgs_topk_jaccard,0.125,8,,,2899,0.06666666666666667
bgs_topk_jaccard,0.125,8,,,2900,0.0
bgs_topk_jaccard,0.125,8,,,2901,0.14285714285714285
bgs_topk_jaccard,0.125,8,,,2902,0.14285714285714285
bgs_topk_jaccard,0.125,8,,,2903,0.0
bgs_topk_jaccard,0.125,8,,,2904,0.06666666666666667
bgs_topk_jaccard,0.125,8,,,2905,0.06666666666666667
bgs_topk_jaccard,0.125,8,,,2906,0.06666666666666667
bgs_topk_jaccard,0.125,8,,,2907,0.06666666666666667
bgs_topk_jaccard,0.125,8,,,2908,0.06666666666666667
bgs_topk_jaccard,0.125,8,,,2909,0.06666666666666667
bgs_topk_jaccard,0.125,8,,,2910,0.06666666666666667
bgs_topk_jaccard,0.125,8,,,2911,0.0
bgs_topk_jaccard,0.125,8,,,2912,0.06666666666666667
bgs_topk_jaccard,0.125,8,,,2913,0.06666666666666667
bgs_topk_jaccard,0.125,8,,,2914,0.14285714285714285
bgs_topk_jaccard,0.125,8,,,2915,0.14285714285714285
bgs_topk_jaccard,0.125,8,,,2916,0.06666666666666667
bgs_topk_jaccard,0.125,8,,,2917,0.3333333333333333
bgs_topk_jaccard,0.125,8,,,2918,0.06666666666666667
bgs_topk_jaccard,0.125,8,,,2919,0.0
bgs_topk_jaccard,0.125,8,,,2920,0.06666666666666667
bgs_topk_jaccard,0.125,8,,,2921,0.14285714285714285
bgs_topk_jaccard,0.125,8,,,2922,0.0
bgs_topk_jaccard,0.125,8,,,2923,0.06666666666666667
bgs_topk_jaccard,0.125,8,,,2924,0.0
bgs_topk_jaccard,0.125,8,,,2925,0.06666666666666667
bgs_topk_jaccard,0.125,8,,,2926,0.06666666666666667
bgs_topk_jaccard,0.125,8,,,2927,0.06666666666666667
bgs_topk_jaccard,0.125,8,,,2928,0.06666666666666667
bgs_topk_jaccard,0.125,8,,,2929,0.06666666666666667
bgs_topk_jaccard,0.125,8,,,2930,0.06666666666666667
bgs_topk_jaccard,0.125,8,,,2931,0.14285714285714285
bgs_topk_jaccard,0.125,8,,,2932,0.3333333333333333
bgs_topk_jaccard,0.125,8,,,2933,0.14285714285714285
bgs_topk_jaccard,0.125,8,,,2934,0.0
bgs_topk_jaccard,0.125,8,,,2935,0.0
bgs_topk_jaccard,0.125,8,,,2936,0.06666666666666667
bgs_topk_jaccard,0.125,8,,,2937,0.14285714285714285
bgs_topk_jaccard,0.125,8,,,2938,0.0
bgs_topk_jaccard,0.125,8,,,2939,0.06666666666666667
bgs_topk_jaccard,0.125,8,,,2940,0.06666666666666667
bgs_topk_jaccard,0.125,8,,,2941,0.0
bgs_topk_jaccard,0.125,8,,,2942,0.14285714285714285
bgs_topk_jaccard,0.125,8,,,2943,0.14285714285714285
bgs_topk_jaccard,0.125,8,,,2944,0.0
bgs_topk_jaccard,0.125,8,,,2945,0.14285714285714285
bgs_topk_jaccard,0.125,8,,,2946,0.14285714285714285
bgs_topk_jaccard,0.125,8,,,2947,0.14285714285714285
bgs_topk_jaccard,0.125,8,,,2948,0.06666666666666667
bgs_topk_jaccard,0.125,8,,,2949,0.06666666666666667
bgs_topk_jaccard,0.125,8,,,2950,0.06666666666666667
bgs_topk_jaccard,0.125,8,,,2951,0.0
bgs_topk_jaccard,0.125,8,,,2952,0.14285714285714285
bgs_topk_jaccard,0.125,8,,,2953,0.06666666666666667
bgs_topk_jaccard,0.125,8,,,2954,0.14285714285714285
bgs_topk_jaccard,0.125,8,,,2955,0.23076923076923078
bgs_topk_jaccard,0.125,8,,,2956,0.0
bgs_topk_jaccard,0.125,8,,,2957,0.06666666666666667
bgs_topk_jaccard,0.125,8,,,2958,0.0
bgs_topk_jaccard,0.125,8,,,2959,0.0
bgs_topk_jaccard,0.125,8,,,2960,0.06666666666666667
bgs_topk_jaccard,0.125,8,,,2961,0.14285714285714285
bgs_topk_jaccard,0.125,8,,,2962,0.14285714285714285
bgs_topk_jaccard,0.125,8,,,2963,0.0
bgs_topk_jaccard,0.125,8,,,2964,0.06666666666666667
bgs_topk_jaccard,0.125,8,,,2965,0.06666666666666667
bgs_topk_jaccard,0.125,8,,,2966,0.06666666666666667
bgs_topk_jaccard,0.125,8,,,2967,0.06666666666666667
bgs_topk_jaccard,0.125,8,,,2968,0.06666666666666667
bgs_topk_jaccard,0.125,8,,,2969,0.06666666666666667
bgs_topk_jaccard,0.125,8,,,2970,0.23076923076923078
bgs_topk_jaccard,0.125,8,,,2971,0.06666666666666667
bgs_topk_jaccard,0.125,8,,,2972,0.06666666666666667
bgs_topk_jaccard,0.125,8,,,2973,0.0
bgs_topk_jaccard,0.125,8,,,2974,0.06666666666666667
bgs_topk_jaccard,0.125,8,,,2975,0.14285714285714285
bgs_topk_jaccard,0.125,8,,,2976,0.0
bgs_topk_jaccard,0.125,8,,,2977,0.14285714285714285
bgs_topk_jaccard,0.125,8,,,2978,0.06666666666666667
bgs_topk_jaccard,0.125,8,,,2979,0.0
bgs_topk_jaccard,0.125,8,,,2980,0.0
bgs_topk_jaccard,0.125,8,,,2981,0.06666666666666667
bgs_topk_jaccard,0.125,8,,,2982,0.06666666666666667
bgs_topk_jaccard,0.125,8,,,2983,0.06666666666666667
bgs_topk_jaccard,0.125,8,,,2984,0.0
bgs_topk_jaccard,0.125,8,,,2985,0.0
bgs_topk_jaccard,0.125,8,,,2986,0.06666666666666667
bgs_topk_jaccard,0.125,8,,,2987,0.0
bgs_topk_jaccard,0.125,8,,,2988,0.0
bgs_topk_jaccard,0.125,8,,,2989,0.0
bgs_topk_jaccard,0.125,8,,,2990,0.23076923076923078
bgs_topk_jaccard,0.125,8,,,2991,0.0
bgs_topk_jaccard,0.125,8,,,2992,0.14285714285714285
bgs_topk_jaccard,0.125,8,,,2993,0.23076923076923078
bgs_topk_jaccard,0.125,8,,,2994,0.0
bgs_topk_jaccard,0.125,8,,,2995,0.06666666666666667
bgs_topk_jaccard,0.125,8,,,2996,0.0
bgs_topk_jaccard,0.125,8,,,2997,0.06666666666666667
bgs_topk_jaccard,0.125,8,,,2998,0.14285714285714285
bgs_topk_jaccard,0.125,8,,,2999,0.0
bgs_topk_jaccard,0.125,8,,,3000,0.0
bgs_topk_jaccard,0.125,8,,,3001,0.0
bgs_topk_jaccard,0.125,8,,,3002,0.14285714285714285
bgs_topk_jaccard,0.125,8,,,3003,0.06666666666666667
bgs_topk_jaccard,0.125,8,,,3004,0.06666666666666667
bgs_topk_jaccard,0.125,8,,,3005,0.14285714285714285
bgs_topk_jaccard,0.125,8,,,3006,0.06666666666666667
bgs_topk_jaccard,0.125,8,,,3007,0.0
bgs_topk_jaccard,0.125,8,,,3008,0.14285714285714285
bgs_topk_jaccard,0.125,8,,,3009,0.06666666666666667
bgs_topk_jaccard,0.125,8,,,3010,0.06666666666666667
bgs_topk_jaccard,0.125,8,,,3011,0.0
bgs_topk_jaccard,0.125,8,,,3012,0.0
bgs_topk_jaccard,0.125,8,,,3013,0.23076923076923078
bgs_topk_jaccard,0.125,8,,,3014,0.06666666666666667
bgs_topk_jaccard,0.125,8,,,3015,0.06666666666666667
bgs_topk_jaccard,0.125,8,,,3016,0.06666666666666667
bgs_topk_jaccard,0.125,8,,,3017,0.06666666666666667
bgs_topk_jaccard,0.125,8,,,3018,0.14285714285714285
bgs_topk_jaccard,0.125,8,,,3019,0.06666666666666667
bgs_topk_jaccard,0.125,8,,,3020,0.0
bgs_topk_jaccard,0.125,8,,,3021,0.0
bgs_topk_jaccard,0.125,8,,,3022,0.06666666666666667
bgs_topk_jaccard,0.125,8,,,3023,0.06666666666666667
bgs_topk_jaccard,0.125,8,,,3024,0.0
bgs_topk_jaccard,0.125,8,,,3025,0.06666666666666667
bgs_topk_jaccard,0.125,8,,,3026,0.06666666666666667
bgs_topk_jaccard,0.125,8,,,3027,0.06666666666666667
bgs_topk_jaccard,0.125,8,,,3028,0.0
bgs_topk_jaccard,0.125,8,,,3029,0.06666666666666667
bgs_topk_jaccard,0.125,8,,,3030,0.23076923076923078
bgs_topk_jaccard,0.125,8,,,3031,0.14285714285714285
bgs_topk_jaccard,0.125,8,,,3032,0.0
bgs_topk_jaccard,0.125,8,,,3033,0.0
bgs_topk_jaccard,0.125,8,,,3034,0.14285714285714285
bgs_topk_jaccard,0.125,8,,,3035,0.0
bgs_topk_jaccard,0.125,8,,,3036,0.0
bgs_topk_jaccard,0.125,8,,,3037,0.14285714285714285
bgs_topk_jaccard,0.125,8,,,3038,0.06666666666666667
bgs_topk_jaccard,0.125,8,,,3039,0.06666666666666667
bgs_topk_jaccard,0.125,8,,,3040,0.0
bgs_topk_jaccard,0.125,8,,,3041,0.06666666666666667
bgs_topk_jaccard,0.125,8,,,3042,0.06666666666666667
bgs_topk_jaccard,0.125,8,,,3043,0.0
bgs_topk_jaccard,0.125,8,,,3044,0.0
bgs_topk_jaccard,0.125,8,,,3045,0.06666666666666667
bgs_topk_jaccard,0.125,8,,,3046,0.14285714285714285
bgs_topk_jaccard,0.125,8,,,3047,0.0
bgs_topk_jaccard,0.125,8,,,3048,0.0
bgs_topk_jaccard,0.125,8,,,3049,0.14285714285714285
bgs_topk_jaccard,0.125,8,,,3050,0.0
bgs_topk_jaccard,0.125,8,,,3051,0.0
bgs_topk_jaccard,0.125,8,,,3052,0.06666666666666667
bgs_topk_jaccard,0.125,8,,,3053,0.06666666666666667
bgs_topk_jaccard,0.125,8,,,3054,0.23076923076923078
bgs_topk_jaccard,0.125,8,,,3055,0.14285714285714285
bgs_topk_jaccard,0.125,8,,,3056,0.14285714285714285
bgs_topk_jaccard,0.125,8,,,3057,0.06666666666666667
bgs_topk_jaccard,0.125,8,,,3058,0.14285714285714285
bgs_topk_jaccard,0.125,8,,,3059,0.06666666666666667
bgs_topk_jaccard,0.125,8,,,3060,0.0
bgs_topk_jaccard,0.125,8,,,3061,0.0
bgs_topk_jaccard,0.125,8,,,3062,0.06666666666666667
bgs_topk_jaccard,0.125,8,,,3063,0.23076923076923078
bgs_topk_jaccard,0.125,8,,,3064,0.14285714285714285
bgs_topk_jaccard,0.125,8,,,3065,0.06666666666666667
bgs_topk_jaccard,0.125,8,,,3066,0.06666666666666667
bgs_topk_jaccard,0.125,8,,,3067,0.0
bgs_topk_jaccard,0.125,8,,,3068,0.23076923076923078
bgs_topk_jaccard,0.125,8,,,3069,0.0
bgs_topk_jaccard,0.125,8,,,3070,0.23076923076923078
bgs_topk_jaccard,0.125,8,,,3071,0.06666666666666667
bgs_topk_jaccard,0.125,8,,,3072,0.14285714285714285
bgs_topk_jaccard,0.125,8,,,3073,0.06666666666666667
bgs_topk_jaccard,0.125,8,,,3074,0.0
bgs_topk_jaccard,0.125,8,,,3075,0.06666666666666667
bgs_topk_jaccard,0.125,8,,,3076,0.0
bgs_topk_jaccard,0.125,8,,,3077,0.06666666666666667
bgs_topk_jaccard,0.125,8,,,3078,0.0
bgs_topk_jaccard,0.125,8,,,3079,0.14285714285714285
bgs_topk_jaccard,0.125,8,,,3080,0.0
bgs_topk_jaccard,0.125,8,,,3081,0.06666666666666667
bgs_topk_jaccard,0.125,8,,,3082,0.14285714285714285
bgs_topk_jaccard,0.125,8,,,3083,0.14285714285714285
bgs_topk_jaccard,0.125,8,,,3084,0.06666666666666667
bgs_topk_jaccard,0.125,8,,,3085,0.06666666666666667
bgs_topk_jaccard,0.125,8,,,3086,0.06666666666666667
bgs_topk_jaccard,0.125,8,,,3087,0.0
bgs_topk_jaccard,0.125,8,,,3088,0.0
bgs_topk_jaccard,0.125,8,,,3089,0.06666666666666667
bgs_topk_jaccard,0.125,8,,,3090,0.0
bgs_topk_jaccard,0.125,8,,,3091,0.14285714285714285
bgs_topk_jaccard,0.125,8,,,3092,0.06666666666666667
bgs_topk_jaccard,0.125,8,,,3093,0.06666666666666667
bgs_topk_jaccard,0.125,8,,,3094,0.23076923076923078
bgs_topk_jaccard,0.125,8,,,3095,0.14285714285714285
bgs_topk_jaccard,0.125,8,,,3096,0.06666666666666667
bgs_topk_jaccard,0.125,8,,,3097,0.14285714285714285
bgs_topk_jaccard,0.125,8,,,3098,0.06666666666666667
bgs_topk_jaccard,0.125,8,,,3099,0.14285714285714285
bgs_topk_jaccard,0.125,8,,,3100,0.06666666666666667
bgs_topk_jaccard,0.125,8,,,3101,0.06666666666666667
bgs_topk_jaccard,0.125,8,,,3102,0.0
bgs_topk_jaccard,0.125,8,,,3103,0.06666666666666667
bgs_topk_jaccard,0.125,8,,,3104,0.23076923076923078
bgs_topk_jaccard,0.125,8,,,3105,0.06666666666666667
bgs_topk_jaccard,0.125,8,,,3106,0.06666666666666667
bgs_topk_jaccard,0.125,8,,,3107,0.0
bgs_topk_jaccard,0.125,8,,,3108,0.0
bgs_topk_jaccard,0.125,8,,,3109,0.06666666666666667
bgs_topk_jaccard,0.125,8,,,3110,0.0
bgs_topk_jaccard,0.125,8,,,3111,0.06666666666666667
bgs_topk_jaccard,0.125,8,,,3112,0.14285714285714285
bgs_topk_jaccard,0.125,8,,,3113,0.14285714285714285
bgs_topk_jaccard,0.125,8,,,3114,0.0
bgs_topk_jaccard,0.125,8,,,3115,0.14285714285714285
bgs_topk_jaccard,0.125,8,,,3116,0.0
bgs_topk_jaccard,0.125,8,,,3117,0.06666666666666667
bgs_topk_jaccard,0.125,8,,,3118,0.06666666666666667
bgs_topk_jaccard,0.125,8,,,3119,0.0
bgs_topk_jaccard,0.125,8,,,3120,0.14285714285714285
bgs_topk_jaccard,0.125,8,,,3121,0.0
bgs_topk_jaccard,0.125,8,,,3122,0.0
bgs_topk_jaccard,0.125,8,,,3123,0.06666666666666667
bgs_topk_jaccard,0.125,8,,,3124,0.06666666666666667
bgs_topk_jaccard,0.125,8,,,3125,0.06666666666666667
bgs_topk_jaccard,0.125,8,,,3126,0.06666666666666667
bgs_topk_jaccard,0.125,8,,,3127,0.0
bgs_topk_jaccard,0.125,8,,,3128,0.06666666666666667
bgs_topk_jaccard,0.125,8,,,3129,0.14285714285714285
bgs_topk_jaccard,0.125,8,,,3130,0.06666666666666667
bgs_topk_jaccard,0.125,8,,,3131,0.0
bgs_topk_jaccard,0.125,8,,,3132,0.06666666666666667
bgs_topk_jaccard,0.125,8,,,3133,0.06666666666666667
bgs_topk_jaccard,0.125,8,,,3134,0.0
bgs_topk_jaccard,0.125,8,,,3135,0.0
bgs_topk_jaccard,0.125,8,,,3136,0.06666666666666667
bgs_topk_jaccard,0.125,8,,,3137,0.0
bgs_topk_jaccard,0.125,8,,,3138,0.14285714285714285
bgs_topk_jaccard,0.125,8,,,3139,0.0
bgs_topk_jaccard,0.125,8,,,3140,0.0
bgs_topk_jaccard,0.125,8,,,3141,0.06666666666666667
bgs_topk_jaccard,0.125,8,,,3142,0.06666666666666667
bgs_topk_jaccard,0.125,8,,,3143,0.14285714285714285
bgs_topk_jaccard,0.125,8,,,3144,0.0
bgs_topk_jaccard,0.125,8,,,3145,0.06666666666666667
bgs_topk_jaccard,0.125,8,,,3146,0.14285714285714285
bgs_topk_jaccard,0.125,8,,,3147,0.06666666666666667
bgs_topk_jaccard,0.125,8,,,3148,0.14285714285714285
bgs_topk_jaccard,0.125,8,,,3149,0.0
bgs_topk_jaccard,0.125,8,,,3150,0.06666666666666667
bgs_topk_jaccard,0.125,8,,,3151,0.06666666666666667
bgs_topk_jaccard,0.125,8,,,3152,0.06666666666666667
bgs_topk_jaccard,0.125,8,,,3153,0.06666666666666667
bgs_topk_jaccard,0.125,8,,,3154,0.06666666666666667
bgs_topk_jaccard,0.125,8,,,3155,0.06666666666666667
bgs_topk_jaccard,0.125,8,,,3156,0.14285714285714285
bgs_topk_jaccard,0.125,8,,,3157,0.06666666666666667
bgs_topk_jaccard,0.125,8,,,3158,0.0
bgs_topk_jaccard,0.125,8,,,3159,0.0
bgs_topk_jaccard,0.125,8,,,3160,0.06666666666666667
bgs_topk_jaccard,0.125,8,,,3161,0.0
bgs_topk_jaccard,0.125,8,,,3162,0.06666666666666667
bgs_topk_jaccard,0.125,8,,,3163,0.0
bgs_topk_jaccard,0.125,8,,,3164,0.06666666666666667
bgs_topk_jaccard,0.125,8,,,3165,0.0
bgs_topk_jaccard,0.125,8,,,3166,0.0
bgs_topk_jaccard,0.125,8,,,3167,0.06666666666666667
bgs_topk_jaccard,0.125,8,,,3168,0.0
bgs_topk_jaccard,0.125,8,,,3169,0.14285714285714285
bgs_topk_jaccard,0.125,8,,,3170,0.14285714285714285
bgs_topk_jaccard,0.125,8,,,3171,0.23076923076923078
bgs_topk_jaccard,0.125,8,,,3172,0.06666666666666667
bgs_topk_jaccard,0.125,8,,,3173,0.23076923076923078
bgs_topk_jaccard,0.125,8,,,3174,0.0
bgs_topk_jaccard,0.125,8,,,3175,0.0
bgs_topk_jaccard,0.125,8,,,3176,0.0
bgs_topk_jaccard,0.125,8,,,3177,0.0
bgs_topk_jaccard,0.125,8,,,3178,0.14285714285714285
bgs_topk_jaccard,0.125,8,,,3179,0.14285714285714285
bgs_topk_jaccard,0.125,8,,,3180,0.0
bgs_topk_jaccard,0.125,8,,,3181,0.14285714285714285
bgs_topk_jaccard,0.125,8,,,3182,0.06666666666666667
bgs_topk_jaccard,0.125,8,,,3183,0.06666666666666667
bgs_topk_jaccard,0.125,8,,,3184,0.14285714285714285
bgs_topk_jaccard,0.125,8,,,3185,0.0
bgs_topk_jaccard,0.125,8,,,3186,0.0
bgs_topk_jaccard,0.125,8,,,3187,0.14285714285714285
bgs_topk_jaccard,0.125,8,,,3188,0.3333333333333333
bgs_topk_jaccard,0.125,8,,,3189,0.0
bgs_topk_jaccard,0.125,8,,,3190,0.06666666666666667
bgs_topk_jaccard,0.125,8,,,3191,0.14285714285714285
bgs_topk_jaccard,0.125,8,,,3192,0.06666666666666667
bgs_topk_jaccard,0.125,8,,,3193,0.0
bgs_topk_jaccard,0.125,8,,,3194,0.06666666666666667
bgs_topk_jaccard,0.125,8,,,3195,0.0
bgs_topk_jaccard,0.125,8,,,3196,0.06666666666666667
bgs_topk_jaccard,0.125,8,,,3197,0.06666666666666667
bgs_topk_jaccard,0.125,8,,,3198,0.06666666666666667
bgs_topk_jaccard,0.125,8,,,3199,0.06666666666666667
bgs_topk_jaccard,0.125,8,,,3200,0.0
bgs_topk_jaccard,0.125,8,,,3201,0.0
bgs_topk_jaccard,0.125,8,,,3202,0.23076923076923078
bgs_topk_jaccard,0.125,8,,,3203,0.06666666666666667
bgs_topk_jaccard,0.125,8,,,3204,0.06666666666666667
bgs_topk_jaccard,0.125,8,,,3205,0.06666666666666667
bgs_topk_jaccard,0.125,8,,,3206,0.0
bgs_topk_jaccard,0.125,8,,,3207,0.0
bgs_topk_jaccard,0.125,8,,,3208,0.23076923076923078
bgs_topk_jaccard,0.125,8,,,3209,0.14285714285714285
bgs_topk_jaccard,0.125,8,,,3210,0.06666666666666667
bgs_topk_jaccard,0.125,8,,,3211,0.06666666666666667
bgs_topk_jaccard,0.125,8,,,3212,0.06666666666666667
bgs_topk_jaccard,0.125,8,,,3213,0.06666666666666667
bgs_topk_jaccard,0.125,8,,,3214,0.06666666666666667
bgs_topk_jaccard,0.125,8,,,3215,0.06666666666666667
bgs_topk_jaccard,0.125,8,,,3216,0.06666666666666667
bgs_topk_jaccard,0.125,8,,,3217,0.14285714285714285
bgs_topk_jaccard,0.125,8,,,3218,0.0
bgs_topk_jaccard,0.125,8,,,3219,0.0
bgs_topk_jaccard,0.125,8,,,3220,0.14285714285714285
bgs_topk_jaccard,0.125,8,,,3221,0.14285714285714285
bgs_topk_jaccard,0.125,8,,,3222,0.0
bgs_topk_jaccard,0.125,8,,,3223,0.06666666666666667
bgs_topk_jaccard,0.125,8,,,3224,0.14285714285714285
bgs_topk_jaccard,0.125,8,,,3225,0.06666666666666667
bgs_topk_jaccard,0.125,8,,,3226,0.0
bgs_topk_jaccard,0.125,8,,,3227,0.06666666666666667
bgs_topk_jaccard,0.125,8,,,3228,0.06666666666666667
bgs_topk_jaccard,0.125,8,,,3229,0.0
bgs_topk_jaccard,0.125,8,,,3230,0.14285714285714285
bgs_topk_jaccard,0.125,8,,,3231,0.23076923076923078
bgs_topk_jaccard,0.125,8,,,3232,0.14285714285714285
bgs_topk_jaccard,0.125,8,,,3233,0.14285714285714285
bgs_topk_jaccard,0.125,8,,,3234,0.14285714285714285
bgs_topk_jaccard,0.125,8,,,3235,0.3333333333333333
bgs_topk_jaccard,0.125,8,,,3236,0.23076923076923078
bgs_topk_jaccard,0.125,8,,,3237,0.06666666666666667
bgs_topk_jaccard,0.125,8,,,3238,0.0
bgs_topk_jaccard,0.125,8,,,3239,0.0
bgs_topk_jaccard,0.125,8,,,3240,0.0
bgs_topk_jaccard,0.125,8,,,3241,0.06666666666666667
bgs_topk_jaccard,0.125,8,,,3242,0.06666666666666667
bgs_topk_jaccard,0.125,8,,,3243,0.14285714285714285
bgs_topk_jaccard,0.125,8,,,3244,0.14285714285714285
bgs_topk_jaccard,0.125,8,,,3245,0.0
bgs_topk_jaccard,0.125,8,,,3246,0.06666666666666667
bgs_topk_jaccard,0.125,8,,,3247,0.14285714285714285
bgs_topk_jaccard,0.125,8,,,3248,0.06666666666666667
bgs_topk_jaccard,0.125,8,,,3249,0.0
bgs_topk_jaccard,0.125,8,,,3250,0.06666666666666667
bgs_topk_jaccard,0.125,8,,,3251,0.06666666666666667
bgs_topk_jaccard,0.125,8,,,3252,0.06666666666666667
bgs_topk_jaccard,0.125,8,,,3253,0.14285714285714285
bgs_topk_jaccard,0.125,8,,,3254,0.06666666666666667
bgs_topk_jaccard,0.125,8,,,3255,0.0
bgs_topk_jaccard,0.125,8,,,3256,0.23076923076923078
bgs_topk_jaccard,0.125,8,,,3257,0.06666666666666667
bgs_topk_jaccard,0.125,8,,,3258,0.06666666666666667
bgs_topk_jaccard,0.125,8,,,3259,0.06666666666666667
bgs_topk_jaccard,0.125,8,,,3260,0.06666666666666667
bgs_topk_jaccard,0.125,8,,,3261,0.06666666666666667
bgs_topk_jaccard,0.125,8,,,3262,0.06666666666666667
bgs_topk_jaccard,0.125,8,,,3263,0.0
bgs_topk_jaccard,0.125,8,,,3264,0.06666666666666667
bgs_topk_jaccard,0.125,8,,,3265,0.06666666666666667
bgs_topk_jaccard,0.125,8,,,3266,0.14285714285714285
bgs_topk_jaccard,0.125,8,,,3267,0.06666666666666667
bgs_topk_jaccard,0.125,8,,,3268,0.0
bgs_topk_jaccard,0.125,8,,,3269,0.06666666666666667
bgs_topk_jaccard,0.125,8,,,3270,0.14285714285714285
bgs_topk_jaccard,0.125,8,,,3271,0.06666666666666667
bgs_topk_jaccard,0.125,8,,,3272,0.06666666666666667
bgs_topk_jaccard,0.125,8,,,3273,0.06666666666666667
bgs_topk_jaccard,0.125,8,,,3274,0.14285714285714285
bgs_topk_jaccard,0.125,8,,,3275,0.06666666666666667
bgs_topk_jaccard,0.125,8,,,3276,0.14285714285714285
bgs_topk_jaccard,0.125,8,,,3277,0.06666666666666667
bgs_topk_jaccard,0.125,8,,,3278,0.0
bgs_topk_jaccard,0.125,8,,,3279,0.0
bgs_topk_jaccard,0.125,8,,,3280,0.23076923076923078
bgs_topk_jaccard,0.125,8,,,3281,0.0
bgs_topk_jaccard,0.125,8,,,3282,0.0
bgs_topk_jaccard,0.125,8,,,3283,0.06666666666666667
bgs_topk_jaccard,0.125,8,,,3284,0.0
bgs_topk_jaccard,0.125,8,,,3285,0.0
bgs_topk_jaccard,0.125,8,,,3286,0.0
bgs_topk_jaccard,0.125,8,,,3287,0.14285714285714285
bgs_topk_jaccard,0.125,8,,,3288,0.06666666666666667
bgs_topk_jaccard,0.125,8,,,3289,0.0
bgs_topk_jaccard,0.125,8,,,3290,0.06666666666666667
bgs_topk_jaccard,0.125,8,,,3291,0.0
bgs_topk_jaccard,0.125,8,,,3292,0.06666666666666667
bgs_topk_jaccard,0.125,8,,,3293,0.0
bgs_topk_jaccard,0.125,8,,,3294,0.06666666666666667
bgs_topk_jaccard,0.125,8,,,3295,0.14285714285714285
bgs_topk_jaccard,0.125,8,,,3296,0.06666666666666667
bgs_topk_jaccard,0.125,8,,,3297,0.0
bgs_topk_jaccard,0.125,8,,,3298,0.14285714285714285
bgs_topk_jaccard,0.125,8,,,3299,0.0
bgs_topk_jaccard,0.125,8,,,3300,0.0
bgs_topk_jaccard,0.125,8,,,3301,0.14285714285714285
bgs_topk_jaccard,0.125,8,,,3302,0.0
bgs_topk_jaccard,0.125,8,,,3303,0.14285714285714285
bgs_topk_jaccard,0.125,8,,,3304,0.0
bgs_topk_jaccard,0.125,8,,,3305,0.06666666666666667
bgs_topk_jaccard,0.125,8,,,3306,0.0
bgs_topk_jaccard,0.125,8,,,3307,0.0
bgs_topk_jaccard,0.125,8,,,3308,0.14285714285714285
bgs_topk_jaccard,0.125,8,,,3309,0.0
bgs_topk_jaccard,0.125,8,,,3310,0.06666666666666667
bgs_topk_jaccard,0.125,8,,,3311,0.0
bgs_topk_jaccard,0.125,8,,,3312,0.0
bgs_topk_jaccard,0.125,8,,,3313,0.0
bgs_topk_jaccard,0.125,8,,,3314,0.06666666666666667
bgs_topk_jaccard,0.125,8,,,3315,0.14285714285714285
bgs_topk_jaccard,0.125,8,,,3316,0.0
bgs_topk_jaccard,0.125,8,,,3317,0.06666666666666667
bgs_topk_jaccard,0.125,8,,,3318,0.0
bgs_topk_jaccard,0.125,8,,,3319,0.14285714285714285
bgs_topk_jaccard,0.125,8,,,3320,0.0
bgs_topk_jaccard,0.125,8,,,3321,0.06666666666666667
bgs_topk_jaccard,0.125,8,,,3322,0.0
bgs_topk_jaccard,0.125,8,,,3323,0.23076923076923078
bgs_topk_jaccard,0.125,8,,,3324,0.06666666666666667
bgs_topk_jaccard,0.125,8,,,3325,0.06666666666666667
bgs_topk_jaccard,0.125,8,,,3326,0.23076923076923078
bgs_topk_jaccard,0.125,8,,,3327,0.0
bgs_topk_jaccard,0.125,8,,,3328,0.0
bgs_topk_jaccard,0.125,8,,,3329,0.0
bgs_topk_jaccard,0.125,8,,,3330,0.06666666666666667
bgs_topk_jaccard,0.125,8,,,3331,0.06666666666666667
bgs_topk_jaccard,0.125,8,,,3332,0.0
bgs_topk_jaccard,0.125,8,,,3333,0.14285714285714285
bgs_topk_jaccard,0.125,8,,,3334,0.06666666666666667
bgs_topk_jaccard,0.125,8,,,3335,0.14285714285714285
bgs_topk_jaccard,0.125,8,,,3336,0.06666666666666667
bgs_topk_jaccard,0.125,8,,,3337,0.0
bgs_topk_jaccard,0.125,8,,,3338,0.0
bgs_topk_jaccard,0.125,8,,,3339,0.06666666666666667
bgs_topk_jaccard,0.125,8,,,3340,0.0
bgs_topk_jaccard,0.125,8,,,3341,0.06666666666666667
bgs_topk_jaccard,0.125,8,,,3342,0.0
bgs_topk_jaccard,0.125,8,,,3343,0.06666666666666667
bgs_topk_jaccard,0.125,8,,,3344,0.0
bgs_topk_jaccard,0.125,8,,,3345,0.14285714285714285
bgs_topk_jaccard,0.125,8,,,3346,0.0
bgs_topk_jaccard,0.125,8,,,3347,0.06666666666666667
bgs_topk_jaccard,0.125,8,,,3348,0.06666666666666667
bgs_topk_jaccard,0.125,8,,,3349,0.06666666666666667
bgs_topk_jaccard,0.125,8,,,3350,0.06666666666666667
bgs_topk_jaccard,0.125,8,,,3351,0.14285714285714285
bgs_topk_jaccard,0.125,8,,,3352,0.0
bgs_topk_jaccard,0.125,8,,,3353,0.06666666666666667
bgs_topk_jaccard,0.125,8,,,3354,0.0
bgs_topk_jaccard,0.125,8,,,3355,0.06666666666666667
bgs_topk_jaccard,0.125,8,,,3356,0.0
bgs_topk_jaccard,0.125,8,,,3357,0.0
bgs_topk_jaccard,0.125,8,,,3358,0.06666666666666667
bgs_topk_jaccard,0.125,8,,,3359,0.06666666666666667
bgs_topk_jaccard,0.125,8,,,3360,0.06666666666666667
bgs_topk_jaccard,0.125,8,,,3361,0.3333333333333333
bgs_topk_jaccard,0.125,8,,,3362,0.06666666666666667
bgs_topk_jaccard,0.125,8,,,3363,0.0
bgs_topk_jaccard,0.125,8,,,3364,0.14285714285714285
bgs_topk_jaccard,0.125,8,,,3365,0.23076923076923078
bgs_topk_jaccard,0.125,8,,,3366,0.0
bgs_topk_jaccard,0.125,8,,,3367,0.06666666666666667
bgs_topk_jaccard,0.125,8,,,3368,0.0
bgs_topk_jaccard,0.125,8,,,3369,0.0
bgs_topk_jaccard,0.125,8,,,3370,0.06666666666666667
bgs_topk_jaccard,0.125,8,,,3371,0.0
bgs_topk_jaccard,0.125,8,,,3372,0.14285714285714285
bgs_topk_jaccard,0.125,8,,,3373,0.0
bgs_topk_jaccard,0.125,8,,,3374,0.0
bgs_topk_jaccard,0.125,8,,,3375,0.0
bgs_topk_jaccard,0.125,8,,,3376,0.0
bgs_topk_jaccard,0.125,8,,,3377,0.06666666666666667
bgs_topk_jaccard,0.125,8,,,3378,0.06666666666666667
bgs_topk_jaccard,0.125,8,,,3379,0.14285714285714285
bgs_topk_jaccard,0.125,8,,,3380,0.06666666666666667
bgs_topk_jaccard,0.125,8,,,3381,0.0
bgs_topk_jaccard,0.125,8,,,3382,0.06666666666666667
bgs_topk_jaccard,0.125,8,,,3383,0.0
bgs_topk_jaccard,0.125,8,,,3384,0.14285714285714285
bgs_topk_jaccard,0.125,8,,,3385,0.06666666666666667
bgs_topk_jaccard,0.125,8,,,3386,0.06666666666666667
bgs_topk_jaccard,0.125,8,,,3387,0.0
bgs_topk_jaccard,0.125,8,,,3388,0.06666666666666667
bgs_topk_jaccard,0.125,8,,,3389,0.0
bgs_topk_jaccard,0.125,8,,,3390,0.06666666666666667
bgs_topk_jaccard,0.125,8,,,3391,0.0
bgs_topk_jaccard,0.125,8,,,3392,0.06666666666666667
bgs_topk_jaccard,0.125,8,,,3393,0.0
bgs_topk_jaccard,0.125,8,,,3394,0.0
bgs_topk_jaccard,0.125,8,,,3395,0.06666666666666667
bgs_topk_jaccard,0.125,8,,,3396,0.06666666666666667
bgs_topk_jaccard,0.125,8,,,3397,0.0
bgs_topk_jaccard,0.125,8,,,3398,0.06666666666666667
bgs_topk_jaccard,0.125,8,,,3399,0.06666666666666667
bgs_topk_jaccard,0.125,8,,,3400,0.0
bgs_topk_jaccard,0.125,8,,,3401,0.06666666666666667
bgs_topk_jaccard,0.125,8,,,3402,0.0
bgs_topk_jaccard,0.125,8,,,3403,0.0
bgs_topk_jaccard,0.125,8,,,3404,0.23076923076923078
bgs_topk_jaccard,0.125,8,,,3405,0.0
bgs_topk_jaccard,0.125,8,,,3406,0.06666666666666667
bgs_topk_jaccard,0.125,8,,,3407,0.14285714285714285
bgs_topk_jaccard,0.125,8,,,3408,0.06666666666666667
bgs_topk_jaccard,0.125,8,,,3409,0.0
bgs_topk_jaccard,0.125,8,,,3410,0.06666666666666667
bgs_topk_jaccard,0.125,8,,,3411,0.0
bgs_topk_jaccard,0.125,8,,,3412,0.23076923076923078
bgs_topk_jaccard,0.125,8,,,3413,0.0
bgs_topk_jaccard,0.125,8,,,3414,0.06666666666666667
bgs_topk_jaccard,0.125,8,,,3415,0.06666666666666667
bgs_topk_jaccard,0.125,8,,,3416,0.14285714285714285
bgs_topk_jaccard,0.125,8,,,3417,0.14285714285714285
bgs_topk_jaccard,0.125,8,,,3418,0.0
bgs_topk_jaccard,0.125,8,,,3419,0.06666666666666667
bgs_topk_jaccard,0.125,8,,,3420,0.14285714285714285
bgs_topk_jaccard,0.125,8,,,3421,0.06666666666666667
bgs_topk_jaccard,0.125,8,,,3422,0.0
bgs_topk_jaccard,0.125,8,,,3423,0.06666666666666667
bgs_topk_jaccard,0.125,8,,,3424,0.0
bgs_topk_jaccard,0.125,8,,,3425,0.06666666666666667
bgs_topk_jaccard,0.125,8,,,3426,0.0
bgs_topk_jaccard,0.125,8,,,3427,0.0
bgs_topk_jaccard,0.125,8,,,3428,0.14285714285714285
bgs_topk_jaccard,0.125,8,,,3429,0.14285714285714285
bgs_topk_jaccard,0.125,8,,,3430,0.06666666666666667
bgs_topk_jaccard,0.125,8,,,3431,0.23076923076923078
bgs_topk_jaccard,0.125,8,,,3432,0.0
bgs_topk_jaccard,0.125,8,,,3433,0.0
bgs_topk_jaccard,0.125,8,,,3434,0.0
bgs_topk_jaccard,0.125,8,,,3435,0.06666666666666667
bgs_topk_jaccard,0.125,8,,,3436,0.06666666666666667
bgs_topk_jaccard,0.125,8,,,3437,0.14285714285714285
bgs_topk_jaccard,0.125,8,,,3438,0.0
bgs_topk_jaccard,0.125,8,,,3439,0.0
bgs_topk_jaccard,0.125,8,,,3440,0.14285714285714285
bgs_topk_jaccard,0.125,8,,,3441,0.06666666666666667
bgs_topk_jaccard,0.125,8,,,3442,0.0
bgs_topk_jaccard,0.125,8,,,3443,0.06666666666666667
bgs_topk_jaccard,0.125,8,,,3444,0.14285714285714285
bgs_topk_jaccard,0.125,8,,,3445,0.06666666666666667
bgs_topk_jaccard,0.125,8,,,3446,0.06666666666666667
bgs_topk_jaccard,0.125,8,,,3447,0.06666666666666667
bgs_topk_jaccard,0.125,8,,,3448,0.0
bgs_topk_jaccard,0.125,8,,,3449,0.0
bgs_topk_jaccard,0.125,8,,,3450,0.06666666666666667
bgs_topk_jaccard,0.125,8,,,3451,0.06666666666666667
bgs_topk_jaccard,0.125,8,,,3452,0.06666666666666667
bgs_topk_jaccard,0.125,8,,,3453,0.06666666666666667
bgs_topk_jaccard,0.125,8,,,3454,0.14285714285714285
bgs_topk_jaccard,0.125,8,,,3455,0.14285714285714285
bgs_topk_jaccard,0.125,8,,,3456,0.06666666666666667
bgs_topk_jaccard,0.125,8,,,3457,0.06666666666666667
bgs_topk_jaccard,0.125,8,,,3458,0.0
bgs_topk_jaccard,0.125,8,,,3459,0.06666666666666667
bgs_topk_jaccard,0.125,8,,,3460,0.0
bgs_topk_jaccard,0.125,8,,,3461,0.0
bgs_topk_jaccard,0.125,8,,,3462,0.0
bgs_topk_jaccard,0.125,8,,,3463,0.0
bgs_topk_jaccard,0.125,8,,,3464,0.23076923076923078
bgs_topk_jaccard,0.125,8,,,3465,0.0
bgs_topk_jaccard,0.125,8,,,3466,0.06666666666666667
bgs_topk_jaccard,0.125,8,,,3467,0.0
bgs_topk_jaccard,0.125,8,,,3468,0.06666666666666667
bgs_topk_jaccard,0.125,8,,,3469,0.14285714285714285
bgs_topk_jaccard,0.125,8,,,3470,0.06666666666666667
bgs_topk_jaccard,0.125,8,,,3471,0.06666666666666667
bgs_topk_jaccard,0.125,8,,,3472,0.14285714285714285
bgs_topk_jaccard,0.125,8,,,3473,0.23076923076923078
bgs_topk_jaccard,0.125,8,,,3474,0.0
bgs_topk_jaccard,0.125,8,,,3475,0.0
bgs_topk_jaccard,0.125,8,,,3476,0.14285714285714285
bgs_topk_jaccard,0.125,8,,,3477,0.14285714285714285
bgs_topk_jaccard,0.125,8,,,3478,0.23076923076923078
bgs_topk_jaccard,0.125,8,,,3479,0.06666666666666667
bgs_topk_jaccard,0.125,8,,,3480,0.0
bgs_topk_jaccard,0.125,8,,,3481,0.06666666666666667
bgs_topk_jaccard,0.125,8,,,3482,0.06666666666666667
bgs_topk_jaccard,0.125,8,,,3483,0.0
bgs_topk_jaccard,0.125,8,,,3484,0.14285714285714285
bgs_topk_jaccard,0.125,8,,,3485,0.06666666666666667
bgs_topk_jaccard,0.125,8,,,3486,0.23076923076923078
bgs_topk_jaccard,0.125,8,,,3487,0.0
bgs_topk_jaccard,0.125,8,,,3488,0.06666666666666667
bgs_topk_jaccard,0.125,8,,,3489,0.06666666666666667
bgs_topk_jaccard,0.125,8,,,3490,0.06666666666666667
bgs_topk_jaccard,0.125,8,,,3491,0.06666666666666667
bgs_topk_jaccard,0.125,8,,,3492,0.0
bgs_topk_jaccard,0.125,8,,,3493,0.0
bgs_topk_jaccard,0.125,8,,,3494,0.14285714285714285
bgs_topk_jaccard,0.125,8,,,3495,0.06666666666666667
bgs_topk_jaccard,0.125,8,,,3496,0.0
bgs_topk_jaccard,0.125,8,,,3497,0.0
bgs_topk_jaccard,0.125,8,,,3498,0.14285714285714285
bgs_topk_jaccard,0.125,8,,,3499,0.14285714285714285
bgs_topk_jaccard,0.125,8,,,3500,0.0
bgs_topk_jaccard,0.125,8,,,3501,0.06666666666666667
bgs_topk_jaccard,0.125,8,,,3502,0.06666666666666667
bgs_topk_jaccard,0.125,8,,,3503,0.14285714285714285
bgs_topk_jaccard,0.125,8,,,3504,0.0
bgs_topk_jaccard,0.125,8,,,3505,0.0
bgs_topk_jaccard,0.125,8,,,3506,0.0
bgs_topk_jaccard,0.125,8,,,3507,0.06666666666666667
bgs_topk_jaccard,0.125,8,,,3508,0.06666666666666667
bgs_topk_jaccard,0.125,8,,,3509,0.0
bgs_topk_jaccard,0.125,8,,,3510,0.0
bgs_topk_jaccard,0.125,8,,,3511,0.06666666666666667
bgs_topk_jaccard,0.125,8,,,3512,0.0
bgs_topk_jaccard,0.125,8,,,3513,0.06666666666666667
bgs_topk_jaccard,0.125,8,,,3514,0.06666666666666667
bgs_topk_jaccard,0.125,8,,,3515,0.06666666666666667
bgs_topk_jaccard,0.125,8,,,3516,0.23076923076923078
bgs_topk_jaccard,0.125,8,,,3517,0.06666666666666667
bgs_topk_jaccard,0.125,8,,,3518,0.14285714285714285
bgs_topk_jaccard,0.125,8,,,3519,0.06666666666666667
bgs_topk_jaccard,0.125,8,,,3520,0.14285714285714285
bgs_topk_jaccard,0.125,8,,,3521,0.0
bgs_topk_jaccard,0.125,8,,,3522,0.06666666666666667
bgs_topk_jaccard,0.125,8,,,3523,0.06666666666666667
bgs_topk_jaccard,0.125,8,,,3524,0.06666666666666667
bgs_topk_jaccard,0.125,8,,,3525,0.0
bgs_topk_jaccard,0.125,8,,,3526,0.06666666666666667
bgs_topk_jaccard,0.125,8,,,3527,0.0
bgs_topk_jaccard,0.125,8,,,3528,0.06666666666666667
bgs_topk_jaccard,0.125,8,,,3529,0.0
bgs_topk_jaccard,0.125,8,,,3530,0.06666666666666667
bgs_topk_jaccard,0.125,8,,,3531,0.0
bgs_topk_jaccard,0.125,8,,,3532,0.0
bgs_topk_jaccard,0.125,8,,,3533,0.0
bgs_topk_jaccard,0.125,8,,,3534,0.0
bgs_topk_jaccard,0.125,8,,,3535,0.06666666666666667
bgs_topk_jaccard,0.125,8,,,3536,0.06666666666666667
bgs_topk_jaccard,0.125,8,,,3537,0.06666666666666667
bgs_topk_jaccard,0.125,8,,,3538,0.0
bgs_topk_jaccard,0.125,8,,,3539,0.0
bgs_topk_jaccard,0.125,8,,,3540,0.06666666666666667
bgs_topk_jaccard,0.125,8,,,3541,0.06666666666666667
bgs_topk_jaccard,0.125,8,,,3542,0.0
bgs_topk_jaccard,0.125,8,,,3543,0.06666666666666667
bgs_topk_jaccard,0.125,8,,,3544,0.0
bgs_topk_jaccard,0.125,8,,,3545,0.06666666666666667
bgs_topk_jaccard,0.125,8,,,3546,0.06666666666666667
bgs_topk_jaccard,0.125,8,,,3547,0.06666666666666667
bgs_topk_jaccard,0.125,8,,,3548,0.14285714285714285
bgs_topk_jaccard,0.125,8,,,3549,0.06666666666666667
bgs_topk_jaccard,0.125,8,,,3550,0.06666666666666667
bgs_topk_jaccard,0.125,8,,,3551,0.06666666666666667
bgs_topk_jaccard,0.125,8,,,3552,0.14285714285714285
bgs_topk_jaccard,0.125,8,,,3553,0.14285714285714285
bgs_topk_jaccard,0.125,8,,,3554,0.06666666666666667
bgs_topk_jaccard,0.125,8,,,3555,0.14285714285714285
bgs_topk_jaccard,0.125,8,,,3556,0.0
bgs_topk_jaccard,0.125,8,,,3557,0.0
bgs_topk_jaccard,0.125,8,,,3558,0.0
bgs_topk_jaccard,0.125,8,,,3559,0.14285714285714285
bgs_topk_jaccard,0.125,8,,,3560,0.0
bgs_topk_jaccard,0.125,8,,,3561,0.14285714285714285
bgs_topk_jaccard,0.125,8,,,3562,0.0
bgs_topk_jaccard,0.125,8,,,3563,0.14285714285714285
bgs_topk_jaccard,0.125,8,,,3564,0.06666666666666667
bgs_topk_jaccard,0.125,8,,,3565,0.06666666666666667
bgs_topk_jaccard,0.125,8,,,3566,0.06666666666666667
bgs_topk_jaccard,0.125,8,,,3567,0.0
bgs_topk_jaccard,0.125,8,,,3568,0.0
bgs_topk_jaccard,0.125,8,,,3569,0.14285714285714285
bgs_topk_jaccard,0.125,8,,,3570,0.06666666666666667
bgs_topk_jaccard,0.125,8,,,3571,0.14285714285714285
bgs_topk_jaccard,0.125,8,,,3572,0.14285714285714285
bgs_topk_jaccard,0.125,8,,,3573,0.23076923076923078
bgs_topk_jaccard,0.125,8,,,3574,0.0
bgs_topk_jaccard,0.125,8,,,3575,0.0
bgs_topk_jaccard,0.125,8,,,3576,0.06666666666666667
bgs_topk_jaccard,0.125,8,,,3577,0.14285714285714285
bgs_topk_jaccard,0.125,8,,,3578,0.3333333333333333
bgs_topk_jaccard,0.125,8,,,3579,0.06666666666666667
bgs_topk_jaccard,0.125,8,,,3580,0.06666666666666667
bgs_topk_jaccard,0.125,8,,,3581,0.06666666666666667
bgs_topk_jaccard,0.125,8,,,3582,0.0
bgs_topk_jaccard,0.125,8,,,3583,0.06666666666666667
bgs_topk_jaccard,0.125,8,,,3584,0.14285714285714285
bgs_topk_jaccard,0.125,8,,,3585,0.06666666666666667
bgs_topk_jaccard,0.125,8,,,3586,0.0
bgs_topk_jaccard,0.125,8,,,3587,0.06666666666666667
bgs_topk_jaccard,0.125,8,,,3588,0.14285714285714285
bgs_topk_jaccard,0.125,8,,,3589,0.06666666666666667
bgs_topk_jaccard,0.125,8,,,3590,0.0
bgs_topk_jaccard,0.125,8,,,3591,0.06666666666666667
bgs_topk_jaccard,0.125,8,,,3592,0.0
bgs_topk_jaccard,0.125,8,,,3593,0.14285714285714285
bgs_topk_jaccard,0.125,8,,,3594,0.23076923076923078
bgs_topk_jaccard,0.125,8,,,3595,0.06666666666666667
bgs_topk_jaccard,0.125,8,,,3596,0.06666666666666667
bgs_topk_jaccard,0.125,8,,,3597,0.3333333333333333
bgs_topk_jaccard,0.125,8,,,3598,0.14285714285714285
bgs_topk_jaccard,0.125,8,,,3599,0.06666666666666667
bgs_topk_jaccard,0.125,8,,,3600,0.06666666666666667
bgs_topk_jaccard,0.125,8,,,3601,0.06666666666666667
bgs_topk_jaccard,0.125,8,,,3602,0.06666666666666667
bgs_topk_jaccard,0.125,8,,,3603,0.14285714285714285
bgs_topk_jaccard,0.125,8,,,3604,0.06666666666666667
bgs_topk_jaccard,0.125,8,,,3605,0.0
bgs_topk_jaccard,0.125,8,,,3606,0.06666666666666667
bgs_topk_jaccard,0.125,8,,,3607,0.06666666666666667
bgs_topk_jaccard,0.125,8,,,3608,0.14285714285714285
bgs_topk_jaccard,0.125,8,,,3609,0.0
bgs_topk_jaccard,0.125,8,,,3610,0.06666666666666667
bgs_topk_jaccard,0.125,8,,,3611,0.0
bgs_topk_jaccard,0.125,8,,,3612,0.06666666666666667
bgs_topk_jaccard,0.125,8,,,3613,0.23076923076923078
bgs_topk_jaccard,0.125,8,,,3614,0.14285714285714285
bgs_topk_jaccard,0.125,8,,,3615,0.0
bgs_topk_jaccard,0.125,8,,,3616,0.06666666666666667
bgs_topk_jaccard,0.125,8,,,3617,0.06666666666666667
bgs_topk_jaccard,0.125,8,,,3618,0.3333333333333333
bgs_topk_jaccard,0.125,8,,,3619,0.23076923076923078
bgs_topk_jaccard,0.125,8,,,3620,0.06666666666666667
bgs_topk_jaccard,0.125,8,,,3621,0.14285714285714285
bgs_topk_jaccard,0.125,8,,,3622,0.14285714285714285
bgs_topk_jaccard,0.125,8,,,3623,0.06666666666666667
bgs_topk_jaccard,0.125,8,,,3624,0.0
bgs_topk_jaccard,0.125,8,,,3625,0.0
bgs_topk_jaccard,0.125,8,,,3626,0.14285714285714285
bgs_topk_jaccard,0.125,8,,,3627,0.14285714285714285
bgs_topk_jaccard,0.125,8,,,3628,0.0
bgs_topk_jaccard,0.125,8,,,3629,0.0
bgs_topk_jaccard,0.125,8,,,3630,0.23076923076923078
bgs_topk_jaccard,0.125,8,,,3631,0.06666666666666667
bgs_topk_jaccard,0.125,8,,,3632,0.06666666666666667
bgs_topk_jaccard,0.125,8,,,3633,0.06666666666666667
bgs_topk_jaccard,0.125,8,,,3634,0.06666666666666667
bgs_topk_jaccard,0.125,8,,,3635,0.06666666666666667
bgs_topk_jaccard,0.125,8,,,3636,0.0
bgs_topk_jaccard,0.125,8,,,3637,0.06666666666666667
bgs_topk_jaccard,0.125,8,,,3638,0.0
bgs_topk_jaccard,0.125,8,,,3639,0.06666666666666667
bgs_topk_jaccard,0.125,8,,,3640,0.06666666666666667
bgs_topk_jaccard,0.125,8,,,3641,0.14285714285714285
bgs_topk_jaccard,0.125,8,,,3642,0.06666666666666667
bgs_topk_jaccard,0.125,8,,,3643,0.06666666666666667
bgs_topk_jaccard,0.125,8,,,3644,0.0
bgs_topk_jaccard,0.125,8,,,3645,0.06666666666666667
bgs_topk_jaccard,0.125,8,,,3646,0.14285714285714285
bgs_topk_jaccard,0.125,8,,,3647,0.0
bgs_topk_jaccard,0.125,8,,,3648,0.14285714285714285
bgs_topk_jaccard,0.125,8,,,3649,0.14285714285714285
bgs_topk_jaccard,0.125,8,,,3650,0.06666666666666667
bgs_topk_jaccard,0.125,8,,,3651,0.0
bgs_topk_jaccard,0.125,8,,,3652,0.0
bgs_topk_jaccard,0.125,8,,,3653,0.06666666666666667
bgs_topk_jaccard,0.125,8,,,3654,0.0
bgs_topk_jaccard,0.125,8,,,3655,0.0
bgs_topk_jaccard,0.125,8,,,3656,0.06666666666666667
bgs_topk_jaccard,0.125,8,,,3657,0.0
bgs_topk_jaccard,0.125,8,,,3658,0.06666666666666667
bgs_topk_jaccard,0.125,8,,,3659,0.06666666666666667
bgs_topk_jaccard,0.125,8,,,3660,0.06666666666666667
bgs_topk_jaccard,0.125,8,,,3661,0.0
bgs_topk_jaccard,0.125,8,,,3662,0.0
bgs_topk_jaccard,0.125,8,,,3663,0.0
bgs_topk_jaccard,0.125,8,,,3664,0.14285714285714285
bgs_topk_jaccard,0.125,8,,,3665,0.14285714285714285
bgs_topk_jaccard,0.125,8,,,3666,0.14285714285714285
bgs_topk_jaccard,0.125,8,,,3667,0.14285714285714285
bgs_topk_jaccard,0.125,8,,,3668,0.23076923076923078
bgs_topk_jaccard,0.125,8,,,3669,0.0
bgs_topk_jaccard,0.125,8,,,3670,0.0
bgs_topk_jaccard,0.125,8,,,3671,0.0
bgs_topk_jaccard,0.125,8,,,3672,0.06666666666666667
bgs_topk_jaccard,0.125,8,,,3673,0.06666666666666667
bgs_topk_jaccard,0.125,8,,,3674,0.14285714285714285
bgs_topk_jaccard,0.125,8,,,3675,0.0
bgs_topk_jaccard,0.125,8,,,3676,0.14285714285714285
bgs_topk_jaccard,0.125,8,,,3677,0.14285714285714285
bgs_topk_jaccard,0.125,8,,,3678,0.06666666666666667
bgs_topk_jaccard,0.125,8,,,3679,0.06666666666666667
bgs_topk_jaccard,0.125,8,,,3680,0.0
bgs_topk_jaccard,0.125,8,,,3681,0.06666666666666667
bgs_topk_jaccard,0.125,8,,,3682,0.14285714285714285
bgs_topk_jaccard,0.125,8,,,3683,0.23076923076923078
bgs_topk_jaccard,0.125,8,,,3684,0.06666666666666667
bgs_topk_jaccard,0.125,8,,,3685,0.06666666666666667
bgs_topk_jaccard,0.125,8,,,3686,0.14285714285714285
bgs_topk_jaccard,0.125,8,,,3687,0.06666666666666667
bgs_topk_jaccard,0.125,8,,,3688,0.14285714285714285
bgs_topk_jaccard,0.125,8,,,3689,0.0
bgs_topk_jaccard,0.125,8,,,3690,0.23076923076923078
bgs_topk_jaccard,0.125,8,,,3691,0.0
bgs_topk_jaccard,0.125,8,,,3692,0.23076923076923078
bgs_topk_jaccard,0.125,8,,,3693,0.23076923076923078
bgs_topk_jaccard,0.125,8,,,3694,0.0
bgs_topk_jaccard,0.125,8,,,3695,0.3333333333333333
bgs_topk_jaccard,0.125,8,,,3696,0.0
bgs_topk_jaccard,0.125,8,,,3697,0.06666666666666667
bgs_topk_jaccard,0.125,8,,,3698,0.0
bgs_topk_jaccard,0.125,8,,,3699,0.0
bgs_topk_jaccard,0.125,8,,,3700,0.06666666666666667
bgs_topk_jaccard,0.125,8,,,3701,0.06666666666666667
bgs_topk_jaccard,0.125,8,,,3702,0.06666666666666667
bgs_topk_jaccard,0.125,8,,,3703,0.06666666666666667
bgs_topk_jaccard,0.125,8,,,3704,0.14285714285714285
bgs_topk_jaccard,0.125,8,,,3705,0.14285714285714285
bgs_topk_jaccard,0.125,8,,,3706,0.06666666666666667
bgs_topk_jaccard,0.125,8,,,3707,0.06666666666666667
bgs_topk_jaccard,0.125,8,,,3708,0.06666666666666667
bgs_topk_jaccard,0.125,8,,,3709,0.06666666666666667
bgs_topk_jaccard,0.125,8,,,3710,0.0
bgs_topk_jaccard,0.125,8,,,3711,0.06666666666666667
bgs_topk_jaccard,0.125,8,,,3712,0.0
bgs_topk_jaccard,0.125,8,,,3713,0.14285714285714285
bgs_topk_jaccard,0.125,8,,,3714,0.0
bgs_topk_jaccard,0.125,8,,,3715,0.0
bgs_topk_jaccard,0.125,8,,,3716,0.06666666666666667
bgs_topk_jaccard,0.125,8,,,3717,0.0
bgs_topk_jaccard,0.125,8,,,3718,0.14285714285714285
bgs_topk_jaccard,0.125,8,,,3719,0.14285714285714285
bgs_topk_jaccard,0.125,8,,,3720,0.06666666666666667
bgs_topk_jaccard,0.125,8,,,3721,0.14285714285714285
bgs_topk_jaccard,0.125,8,,,3722,0.23076923076923078
bgs_topk_jaccard,0.125,8,,,3723,0.06666666666666667
bgs_topk_jaccard,0.125,8,,,3724,0.06666666666666667
bgs_topk_jaccard,0.125,8,,,3725,0.06666666666666667
bgs_topk_jaccard,0.125,8,,,3726,0.06666666666666667
bgs_topk_jaccard,0.125,8,,,3727,0.06666666666666667
bgs_topk_jaccard,0.125,8,,,3728,0.06666666666666667
bgs_topk_jaccard,0.125,8,,,3729,0.06666666666666667
bgs_topk_jaccard,0.125,8,,,3730,0.06666666666666667
bgs_topk_jaccard,0.125,8,,,3731,0.0
bgs_topk_jaccard,0.125,8,,,3732,0.06666666666666667
bgs_topk_jaccard,0.125,8,,,3733,0.06666666666666667
bgs_topk_jaccard,0.125,8,,,3734,0.14285714285714285
bgs_topk_jaccard,0.125,8,,,3735,0.06666666666666667
bgs_topk_jaccard,0.125,8,,,3736,0.0
bgs_topk_jaccard,0.125,8,,,3737,0.0
bgs_topk_jaccard,0.125,8,,,3738,0.14285714285714285
bgs_topk_jaccard,0.125,8,,,3739,0.06666666666666667
bgs_topk_jaccard,0.125,8,,,3740,0.0
bgs_topk_jaccard,0.125,8,,,3741,0.14285714285714285
bgs_topk_jaccard,0.125,8,,,3742,0.0
bgs_topk_jaccard,0.125,8,,,3743,0.06666666666666667
bgs_topk_jaccard,0.125,8,,,3744,0.0
bgs_topk_jaccard,0.125,8,,,3745,0.14285714285714285
bgs_topk_jaccard,0.125,8,,,3746,0.14285714285714285
bgs_topk_jaccard,0.125,8,,,3747,0.06666666666666667
bgs_topk_jaccard,0.125,8,,,3748,0.0
bgs_topk_jaccard,0.125,8,,,3749,0.0
bgs_topk_jaccard,0.125,8,,,3750,0.23076923076923078
bgs_topk_jaccard,0.125,8,,,3751,0.06666666666666667
bgs_topk_jaccard,0.125,8,,,3752,0.0
bgs_topk_jaccard,0.125,8,,,3753,0.06666666666666667
bgs_topk_jaccard,0.125,8,,,3754,0.06666666666666667
bgs_topk_jaccard,0.125,8,,,3755,0.06666666666666667
bgs_topk_jaccard,0.125,8,,,3756,0.0
bgs_topk_jaccard,0.125,8,,,3757,0.06666666666666667
bgs_topk_jaccard,0.125,8,,,3758,0.14285714285714285
bgs_topk_jaccard,0.125,8,,,3759,0.14285714285714285
bgs_topk_jaccard,0.125,8,,,3760,0.14285714285714285
bgs_topk_jaccard,0.125,8,,,3761,0.0
bgs_topk_jaccard,0.125,8,,,3762,0.23076923076923078
bgs_topk_jaccard,0.125,8,,,3763,0.06666666666666667
bgs_topk_jaccard,0.125,8,,,3764,0.06666666666666667
bgs_topk_jaccard,0.125,8,,,3765,0.0
bgs_topk_jaccard,0.125,8,,,3766,0.0
bgs_topk_jaccard,0.125,8,,,3767,0.06666666666666667
bgs_topk_jaccard,0.125,8,,,3768,0.0
bgs_topk_jaccard,0.125,8,,,3769,0.0
bgs_topk_jaccard,0.125,8,,,3770,0.14285714285714285
bgs_topk_jaccard,0.125,8,,,3771,0.06666666666666667
bgs_topk_jaccard,0.125,8,,,3772,0.23076923076923078
bgs_topk_jaccard,0.125,8,,,3773,0.14285714285714285
bgs_topk_jaccard,0.125,8,,,3774,0.0
bgs_topk_jaccard,0.125,8,,,3775,0.14285714285714285
bgs_topk_jaccard,0.125,8,,,3776,0.0
bgs_topk_jaccard,0.125,8,,,3777,0.06666666666666667
bgs_topk_jaccard,0.125,8,,,3778,0.23076923076923078
bgs_topk_jaccard,0.125,8,,,3779,0.06666666666666667
bgs_topk_jaccard,0.125,8,,,3780,0.0
bgs_topk_jaccard,0.125,8,,,3781,0.0
bgs_topk_jaccard,0.125,8,,,3782,0.0
bgs_topk_jaccard,0.125,8,,,3783,0.06666666666666667
bgs_topk_jaccard,0.125,8,,,3784,0.06666666666666667
bgs_topk_jaccard,0.125,8,,,3785,0.0
bgs_topk_jaccard,0.125,8,,,3786,0.06666666666666667
bgs_topk_jaccard,0.125,8,,,3787,0.23076923076923078
bgs_topk_jaccard,0.125,8,,,3788,0.0
bgs_topk_jaccard,0.125,8,,,3789,0.06666666666666667
bgs_topk_jaccard,0.125,8,,,3790,0.14285714285714285
bgs_topk_jaccard,0.125,8,,,3791,0.06666666666666667
bgs_topk_jaccard,0.125,8,,,3792,0.0
bgs_topk_jaccard,0.125,8,,,3793,0.0
bgs_topk_jaccard,0.125,8,,,3794,0.06666666666666667
bgs_topk_jaccard,0.125,8,,,3795,0.06666666666666667
bgs_topk_jaccard,0.125,8,,,3796,0.06666666666666667
bgs_topk_jaccard,0.125,8,,,3797,0.0
bgs_topk_jaccard,0.125,8,,,3798,0.0
bgs_topk_jaccard,0.125,8,,,3799,0.0
bgs_topk_jaccard,0.125,8,,,3800,0.14285714285714285
bgs_topk_jaccard,0.125,8,,,3801,0.06666666666666667
bgs_topk_jaccard,0.125,8,,,3802,0.0
bgs_topk_jaccard,0.125,8,,,3803,0.14285714285714285
bgs_topk_jaccard,0.125,8,,,3804,0.14285714285714285
bgs_topk_jaccard,0.125,8,,,3805,0.06666666666666667
bgs_topk_jaccard,0.125,8,,,3806,0.23076923076923078
bgs_topk_jaccard,0.125,8,,,3807,0.0
bgs_topk_jaccard,0.125,8,,,3808,0.0
bgs_topk_jaccard,0.125,8,,,3809,0.23076923076923078
bgs_topk_jaccard,0.125,8,,,3810,0.06666666666666667
bgs_topk_jaccard,0.125,8,,,3811,0.06666666666666667
bgs_topk_jaccard,0.125,8,,,3812,0.14285714285714285
bgs_topk_jaccard,0.125,8,,,3813,0.06666666666666667
bgs_topk_jaccard,0.125,8,,,3814,0.14285714285714285
bgs_topk_jaccard,0.125,8,,,3815,0.14285714285714285
bgs_topk_jaccard,0.125,8,,,3816,0.06666666666666667
bgs_topk_jaccard,0.125,8,,,3817,0.06666666666666667
bgs_topk_jaccard,0.125,8,,,3818,0.0
bgs_topk_jaccard,0.125,8,,,3819,0.0
bgs_topk_jaccard,0.125,8,,,3820,0.14285714285714285
bgs_topk_jaccard,0.125,8,,,3821,0.14285714285714285
bgs_topk_jaccard,0.125,8,,,3822,0.0
bgs_topk_jaccard,0.125,8,,,3823,0.14285714285714285
bgs_topk_jaccard,0.125,8,,,3824,0.0
bgs_topk_jaccard,0.125,8,,,3825,0.0
bgs_topk_jaccard,0.125,8,,,3826,0.06666666666666667
bgs_topk_jaccard,0.125,8,,,3827,0.0
bgs_topk_jaccard,0.125,8,,,3828,0.0
bgs_topk_jaccard,0.125,8,,,3829,0.0
bgs_topk_jaccard,0.125,8,,,3830,0.0
bgs_topk_jaccard,0.125,8,,,3831,0.06666666666666667
bgs_topk_jaccard,0.125,8,,,3832,0.06666666666666667
bgs_topk_jaccard,0.125,8,,,3833,0.0
bgs_topk_jaccard,0.125,8,,,3834,0.0
bgs_topk_jaccard,0.125,8,,,3835,0.06666666666666667
bgs_topk_jaccard,0.125,8,,,3836,0.06666666666666667
bgs_topk_jaccard,0.125,8,,,3837,0.14285714285714285
bgs_topk_jaccard,0.125,8,,,3838,0.14285714285714285
bgs_topk_jaccard,0.125,8,,,3839,0.23076923076923078
bgs_topk_jaccard,0.125,8,,,3840,0.14285714285714285
bgs_topk_jaccard,0.125,8,,,3841,0.06666666666666667
bgs_topk_jaccard,0.125,8,,,3842,0.0
bgs_topk_jaccard,0.125,8,,,3843,0.14285714285714285
bgs_topk_jaccard,0.125,8,,,3844,0.0
bgs_topk_jaccard,0.125,8,,,3845,0.06666666666666667
bgs_topk_jaccard,0.125,8,,,3846,0.0
bgs_topk_jaccard,0.125,8,,,3847,0.06666666666666667
bgs_topk_jaccard,0.125,8,,,3848,0.06666666666666667
bgs_topk_jaccard,0.125,8,,,3849,0.06666666666666667
bgs_topk_jaccard,0.125,8,,,3850,0.0
bgs_topk_jaccard,0.125,8,,,3851,0.14285714285714285
bgs_topk_jaccard,0.125,8,,,3852,0.06666666666666667
bgs_topk_jaccard,0.125,8,,,3853,0.06666666666666667
bgs_topk_jaccard,0.125,8,,,3854,0.14285714285714285
bgs_topk_jaccard,0.125,8,,,3855,0.0
bgs_topk_jaccard,0.125,8,,,3856,0.0
bgs_topk_jaccard,0.125,8,,,3857,0.06666666666666667
bgs_topk_jaccard,0.125,8,,,3858,0.14285714285714285
bgs_topk_jaccard,0.125,8,,,3859,0.23076923076923078
bgs_topk_jaccard,0.125,8,,,3860,0.14285714285714285
bgs_topk_jaccard,0.125,8,,,3861,0.06666666666666667
bgs_topk_jaccard,0.125,8,,,3862,0.06666666666666667
bgs_topk_jaccard,0.125,8,,,3863,0.0
bgs_topk_jaccard,0.125,8,,,3864,0.14285714285714285
bgs_topk_jaccard,0.125,8,,,3865,0.06666666666666667
bgs_topk_jaccard,0.125,8,,,3866,0.06666666666666667
bgs_topk_jaccard,0.125,8,,,3867,0.0
bgs_topk_jaccard,0.125,8,,,3868,0.23076923076923078
bgs_topk_jaccard,0.125,8,,,3869,0.06666666666666667
bgs_topk_jaccard,0.125,8,,,3870,0.14285714285714285
bgs_topk_jaccard,0.125,8,,,3871,0.06666666666666667
bgs_topk_jaccard,0.125,8,,,3872,0.06666666666666667
bgs_topk_jaccard,0.125,8,,,3873,0.14285714285714285
bgs_topk_jaccard,0.125,8,,,3874,0.0
bgs_topk_jaccard,0.125,8,,,3875,0.3333333333333333
bgs_topk_jaccard,0.125,8,,,3876,0.0
bgs_topk_jaccard,0.125,8,,,3877,0.0
bgs_topk_jaccard,0.125,8,,,3878,0.0
bgs_topk_jaccard,0.125,8,,,3879,0.0
bgs_topk_jaccard,0.125,8,,,3880,0.0
bgs_topk_jaccard,0.125,8,,,3881,0.06666666666666667
bgs_topk_jaccard,0.125,8,,,3882,0.0
bgs_topk_jaccard,0.125,8,,,3883,0.06666666666666667
bgs_topk_jaccard,0.125,8,,,3884,0.3333333333333333
bgs_topk_jaccard,0.125,8,,,3885,0.06666666666666667
bgs_topk_jaccard,0.125,8,,,3886,0.06666666666666667
bgs_topk_jaccard,0.125,8,,,3887,0.0
bgs_topk_jaccard,0.125,8,,,3888,0.0
bgs_topk_jaccard,0.125,8,,,3889,0.0
bgs_topk_jaccard,0.125,8,,,3890,0.0
bgs_topk_jaccard,0.125,8,,,3891,0.0
bgs_topk_jaccard,0.125,8,,,3892,0.0
bgs_topk_jaccard,0.125,8,,,3893,0.3333333333333333
bgs_topk_jaccard,0.125,8,,,3894,0.06666666666666667
bgs_topk_jaccard,0.125,8,,,3895,0.0
bgs_topk_jaccard,0.125,8,,,3896,0.06666666666666667
bgs_topk_jaccard,0.125,8,,,3897,0.06666666666666667
bgs_topk_jaccard,0.125,8,,,3898,0.06666666666666667
bgs_topk_jaccard,0.125,8,,,3899,0.14285714285714285
bgs_topk_jaccard,0.125,8,,,3900,0.0
bgs_topk_jaccard,0.125,8,,,3901,0.14285714285714285
bgs_topk_jaccard,0.125,8,,,3902,0.06666666666666667
bgs_topk_jaccard,0.125,8,,,3903,0.06666666666666667
bgs_topk_jaccard,0.125,8,,,3904,0.06666666666666667
bgs_topk_jaccard,0.125,8,,,3905,0.06666666666666667
bgs_topk_jaccard,0.125,8,,,3906,0.06666666666666667
bgs_topk_jaccard,0.125,8,,,3907,0.06666666666666667
bgs_topk_jaccard,0.125,8,,,3908,0.06666666666666667
bgs_topk_jaccard,0.125,8,,,3909,0.14285714285714285
bgs_topk_jaccard,0.125,8,,,3910,0.14285714285714285
bgs_topk_jaccard,0.125,8,,,3911,0.06666666666666667
bgs_topk_jaccard,0.125,8,,,3912,0.06666666666666667
bgs_topk_jaccard,0.125,8,,,3913,0.14285714285714285
bgs_topk_jaccard,0.125,8,,,3914,0.06666666666666667
bgs_topk_jaccard,0.125,8,,,3915,0.06666666666666667
bgs_topk_jaccard,0.125,8,,,3916,0.23076923076923078
bgs_topk_jaccard,0.125,8,,,3917,0.06666666666666667
bgs_topk_jaccard,0.125,8,,,3918,0.0
bgs_topk_jaccard,0.125,8,,,3919,0.0
bgs_topk_jaccard,0.125,8,,,3920,0.06666666666666667
bgs_topk_jaccard,0.125,8,,,3921,0.06666666666666667
bgs_topk_jaccard,0.125,8,,,3922,0.06666666666666667
bgs_topk_jaccard,0.125,8,,,3923,0.06666666666666667
bgs_topk_jaccard,0.125,8,,,3924,0.06666666666666667
bgs_topk_jaccard,0.125,8,,,3925,0.06666666666666667
bgs_topk_jaccard,0.125,8,,,3926,0.23076923076923078
bgs_topk_jaccard,0.125,8,,,3927,0.0
bgs_topk_jaccard,0.125,8,,,3928,0.06666666666666667
bgs_topk_jaccard,0.125,8,,,3929,0.14285714285714285
bgs_topk_jaccard,0.125,8,,,3930,0.06666666666666667
bgs_topk_jaccard,0.125,8,,,3931,0.14285714285714285
bgs_topk_jaccard,0.125,8,,,3932,0.0
bgs_topk_jaccard,0.125,8,,,3933,0.06666666666666667
bgs_topk_jaccard,0.125,8,,,3934,0.06666666666666667
bgs_topk_jaccard,0.125,8,,,3935,0.0
bgs_topk_jaccard,0.125,8,,,3936,0.0
bgs_topk_jaccard,0.125,8,,,3937,0.06666666666666667
bgs_topk_jaccard,0.125,8,,,3938,0.0
bgs_topk_jaccard,0.125,8,,,3939,0.0
bgs_topk_jaccard,0.125,8,,,3940,0.0
bgs_topk_jaccard,0.125,8,,,3941,0.0
bgs_topk_jaccard,0.125,8,,,3942,0.14285714285714285
bgs_topk_jaccard,0.125,8,,,3943,0.06666666666666667
bgs_topk_jaccard,0.125,8,,,3944,0.0
bgs_topk_jaccard,0.125,8,,,3945,0.06666666666666667
bgs_topk_jaccard,0.125,8,,,3946,0.06666666666666667
bgs_topk_jaccard,0.125,8,,,3947,0.06666666666666667
bgs_topk_jaccard,0.125,8,,,3948,0.06666666666666667
bgs_topk_jaccard,0.125,8,,,3949,0.06666666666666667
bgs_topk_jaccard,0.125,8,,,3950,0.06666666666666667
bgs_topk_jaccard,0.125,8,,,3951,0.06666666666666667
bgs_topk_jaccard,0.125,8,,,3952,0.06666666666666667
bgs_topk_jaccard,0.125,8,,,3953,0.06666666666666667
bgs_topk_jaccard,0.125,8,,,3954,0.14285714285714285
bgs_topk_jaccard,0.125,8,,,3955,0.0
bgs_topk_jaccard,0.125,8,,,3956,0.14285714285714285
bgs_topk_jaccard,0.125,8,,,3957,0.14285714285714285
bgs_topk_jaccard,0.125,8,,,3958,0.0
bgs_topk_jaccard,0.125,8,,,3959,0.3333333333333333
bgs_topk_jaccard,0.125,8,,,3960,0.0
bgs_topk_jaccard,0.125,8,,,3961,0.14285714285714285
bgs_topk_jaccard,0.125,8,,,3962,0.14285714285714285
bgs_topk_jaccard,0.125,8,,,3963,0.06666666666666667
bgs_topk_jaccard,0.125,8,,,3964,0.06666666666666667
bgs_topk_jaccard,0.125,8,,,3965,0.06666666666666667
bgs_topk_jaccard,0.125,8,,,3966,0.14285714285714285
bgs_topk_jaccard,0.125,8,,,3967,0.14285714285714285
bgs_topk_jaccard,0.125,8,,,3968,0.0
bgs_topk_jaccard,0.125,8,,,3969,0.23076923076923078
bgs_topk_jaccard,0.125,8,,,3970,0.14285714285714285
bgs_topk_jaccard,0.125,8,,,3971,0.06666666666666667
bgs_topk_jaccard,0.125,8,,,3972,0.14285714285714285
bgs_topk_jaccard,0.125,8,,,3973,0.23076923076923078
bgs_topk_jaccard,0.125,8,,,3974,0.0
bgs_topk_jaccard,0.125,8,,,3975,0.0
bgs_topk_jaccard,0.125,8,,,3976,0.14285714285714285
bgs_topk_jaccard,0.125,8,,,3977,0.06666666666666667
bgs_topk_jaccard,0.125,8,,,3978,0.06666666666666667
bgs_topk_jaccard,0.125,8,,,3979,0.14285714285714285
bgs_topk_jaccard,0.125,8,,,3980,0.23076923076923078
bgs_topk_jaccard,0.125,8,,,3981,0.14285714285714285
bgs_topk_jaccard,0.125,8,,,3982,0.14285714285714285
bgs_topk_jaccard,0.125,8,,,3983,0.06666666666666667
bgs_topk_jaccard,0.125,8,,,3984,0.0
bgs_topk_jaccard,0.125,8,,,3985,0.06666666666666667
bgs_topk_jaccard,0.125,8,,,3986,0.06666666666666667
bgs_topk_jaccard,0.125,8,,,3987,0.06666666666666667
bgs_topk_jaccard,0.125,8,,,3988,0.06666666666666667
bgs_topk_jaccard,0.125,8,,,3989,0.14285714285714285
bgs_topk_jaccard,0.125,8,,,3990,0.06666666666666667
bgs_topk_jaccard,0.125,8,,,3991,0.0
bgs_topk_jaccard,0.125,8,,,3992,0.06666666666666667
bgs_topk_jaccard,0.125,8,,,3993,0.0
bgs_topk_jaccard,0.125,8,,,3994,0.06666666666666667
bgs_topk_jaccard,0.125,8,,,3995,0.06666666666666667
bgs_topk_jaccard,0.125,8,,,3996,0.06666666666666667
bgs_topk_jaccard,0.125,8,,,3997,0.0
bgs_topk_jaccard,0.125,8,,,3998,0.06666666666666667
bgs_topk_jaccard,0.125,8,,,3999,0.06666666666666667
bgs_topk_jaccard,0.125,8,,,4000,0.14285714285714285
bgs_topk_jaccard,0.125,8,,,4001,0.06666666666666667
bgs_topk_jaccard,0.125,8,,,4002,0.06666666666666667
bgs_topk_jaccard,0.125,8,,,4003,0.06666666666666667
bgs_topk_jaccard,0.125,8,,,4004,0.0
bgs_topk_jaccard,0.125,8,,,4005,0.06666666666666667
bgs_topk_jaccard,0.125,8,,,4006,0.14285714285714285
bgs_topk_jaccard,0.125,8,,,4007,0.14285714285714285
bgs_topk_jaccard,0.125,8,,,4008,0.0
bgs_topk_jaccard,0.125,8,,,4009,0.0
bgs_topk_jaccard,0.125,8,,,4010,0.14285714285714285
bgs_topk_jaccard,0.125,8,,,4011,0.14285714285714285
bgs_topk_jaccard,0.125,8,,,4012,0.14285714285714285
bgs_topk_jaccard,0.125,8,,,4013,0.06666666666666667
bgs_topk_jaccard,0.125,8,,,4014,0.0
bgs_topk_jaccard,0.125,8,,,4015,0.06666666666666667
bgs_topk_jaccard,0.125,8,,,4016,0.06666666666666667
bgs_topk_jaccard,0.125,8,,,4017,0.06666666666666667
bgs_topk_jaccard,0.125,8,,,4018,0.0
bgs_topk_jaccard,0.125,8,,,4019,0.06666666666666667
bgs_topk_jaccard,0.125,8,,,4020,0.0
bgs_topk_jaccard,0.125,8,,,4021,0.14285714285714285
bgs_topk_jaccard,0.125,8,,,4022,0.14285714285714285
bgs_topk_jaccard,0.125,8,,,4023,0.14285714285714285
bgs_topk_jaccard,0.125,8,,,4024,0.0
bgs_topk_jaccard,0.125,8,,,4025,0.14285714285714285
bgs_topk_jaccard,0.125,8,,,4026,0.14285714285714285
bgs_topk_jaccard,0.125,8,,,4027,0.06666666666666667
bgs_topk_jaccard,0.125,8,,,4028,0.06666666666666667
bgs_topk_jaccard,0.125,8,,,4029,0.06666666666666667
bgs_topk_jaccard,0.125,8,,,4030,0.23076923076923078
bgs_topk_jaccard,0.125,8,,,4031,0.06666666666666667
bgs_topk_jaccard,0.125,8,,,4032,0.06666666666666667
bgs_topk_jaccard,0.125,8,,,4033,0.23076923076923078
bgs_topk_jaccard,0.125,8,,,4034,0.0
bgs_topk_jaccard,0.125,8,,,4035,0.0
bgs_topk_jaccard,0.125,8,,,4036,0.06666666666666667
bgs_topk_jaccard,0.125,8,,,4037,0.0
bgs_topk_jaccard,0.125,8,,,4038,0.06666666666666667
bgs_topk_jaccard,0.125,8,,,4039,0.0
bgs_topk_jaccard,0.125,8,,,4040,0.14285714285714285
bgs_topk_jaccard,0.125,8,,,4041,0.0
bgs_topk_jaccard,0.125,8,,,4042,0.14285714285714285
bgs_topk_jaccard,0.125,8,,,4043,0.06666666666666667
bgs_topk_jaccard,0.125,8,,,4044,0.06666666666666667
bgs_topk_jaccard,0.125,8,,,4045,0.23076923076923078
bgs_topk_jaccard,0.125,8,,,4046,0.0
bgs_topk_jaccard,0.125,8,,,4047,0.06666666666666667
bgs_topk_jaccard,0.125,8,,,4048,0.0
bgs_topk_jaccard,0.125,8,,,4049,0.06666666666666667
bgs_topk_jaccard,0.125,8,,,4050,0.14285714285714285
bgs_topk_jaccard,0.125,8,,,4051,0.0
bgs_topk_jaccard,0.125,8,,,4052,0.14285714285714285
bgs_topk_jaccard,0.125,8,,,4053,0.23076923076923078
bgs_topk_jaccard,0.125,8,,,4054,0.06666666666666667
bgs_topk_jaccard,0.125,8,,,4055,0.14285714285714285
bgs_topk_jaccard,0.125,8,,,4056,0.0
bgs_topk_jaccard,0.125,8,,,4057,0.0
bgs_topk_jaccard,0.125,8,,,4058,0.0
bgs_topk_jaccard,0.125,8,,,4059,0.14285714285714285
bgs_topk_jaccard,0.125,8,,,4060,0.06666666666666667
bgs_topk_jaccard,0.125,8,,,4061,0.06666666666666667
bgs_topk_jaccard,0.125,8,,,4062,0.0
bgs_topk_jaccard,0.125,8,,,4063,0.06666666666666667
bgs_topk_jaccard,0.125,8,,,4064,0.06666666666666667
bgs_topk_jaccard,0.125,8,,,4065,0.0
bgs_topk_jaccard,0.125,8,,,4066,0.0
bgs_topk_jaccard,0.125,8,,,4067,0.06666666666666667
bgs_topk_jaccard,0.125,8,,,4068,0.0
bgs_topk_jaccard,0.125,8,,,4069,0.06666666666666667
bgs_topk_jaccard,0.125,8,,,4070,0.14285714285714285
bgs_topk_jaccard,0.125,8,,,4071,0.0
bgs_topk_jaccard,0.125,8,,,4072,0.14285714285714285
bgs_topk_jaccard,0.125,8,,,4073,0.0
bgs_topk_jaccard,0.125,8,,,4074,0.14285714285714285
bgs_topk_jaccard,0.125,8,,,4075,0.14285714285714285
bgs_topk_jaccard,0.125,8,,,4076,0.14285714285714285
bgs_topk_jaccard,0.125,8,,,4077,0.14285714285714285
bgs_topk_jaccard,0.125,8,,,4078,0.23076923076923078
bgs_topk_jaccard,0.125,8,,,4079,0.0
bgs_topk_jaccard,0.125,8,,,4080,0.14285714285714285
bgs_topk_jaccard,0.125,8,,,4081,0.06666666666666667
bgs_topk_jaccard,0.125,8,,,4082,0.14285714285714285
bgs_topk_jaccard,0.125,8,,,4083,0.06666666666666667
bgs_topk_jaccard,0.125,8,,,4084,0.0
bgs_topk_jaccard,0.125,8,,,4085,0.14285714285714285
bgs_topk_jaccard,0.125,8,,,4086,0.06666666666666667
bgs_topk_jaccard,0.125,8,,,4087,0.14285714285714285
bgs_topk_jaccard,0.125,8,,,4088,0.06666666666666667
bgs_topk_jaccard,0.125,8,,,4089,0.23076923076923078
bgs_topk_jaccard,0.125,8,,,4090,0.23076923076923078
bgs_topk_jaccard,0.125,8,,,4091,0.14285714285714285
bgs_topk_jaccard,0.125,8,,,4092,0.06666666666666667
bgs_topk_jaccard,0.125,8,,,4093,0.06666666666666667
bgs_topk_jaccard,0.125,8,,,4094,0.06666666666666667
bgs_topk_jaccard,0.125,8,,,4095,0.06666666666666667
bgs_topk_jaccard,0.125,8,,,4096,0.06666666666666667
bgs_topk_jaccard,0.125,8,,,4097,0.06666666666666667
bgs_topk_jaccard,0.125,8,,,4098,0.06666666666666667
bgs_topk_jaccard,0.125,8,,,4099,0.06666666666666667
bgs_topk_jaccard,0.125,8,,,4100,0.06666666666666667
bgs_topk_jaccard,0.125,8,,,4101,0.14285714285714285
bgs_topk_jaccard,0.125,8,,,4102,0.0
bgs_topk_jaccard,0.125,8,,,4103,0.06666666666666667
bgs_topk_jaccard,0.125,8,,,4104,0.0
bgs_topk_jaccard,0.125,8,,,4105,0.06666666666666667
bgs_topk_jaccard,0.125,8,,,4106,0.23076923076923078
bgs_topk_jaccard,0.125,8,,,4107,0.14285714285714285
bgs_topk_jaccard,0.125,8,,,4108,0.06666666666666667
bgs_topk_jaccard,0.125,8,,,4109,0.0
bgs_topk_jaccard,0.125,8,,,4110,0.14285714285714285
bgs_topk_jaccard,0.125,8,,,4111,0.06666666666666667
bgs_topk_jaccard,0.125,8,,,4112,0.06666666666666667
bgs_topk_jaccard,0.125,8,,,4113,0.14285714285714285
bgs_topk_jaccard,0.125,8,,,4114,0.14285714285714285
bgs_topk_jaccard,0.125,8,,,4115,0.06666666666666667
bgs_topk_jaccard,0.125,8,,,4116,0.14285714285714285
bgs_topk_jaccard,0.125,8,,,4117,0.06666666666666667
bgs_topk_jaccard,0.125,8,,,4118,0.06666666666666667
bgs_topk_jaccard,0.125,8,,,4119,0.06666666666666667
bgs_topk_jaccard,0.125,8,,,4120,0.0
bgs_topk_jaccard,0.125,8,,,4121,0.06666666666666667
bgs_topk_jaccard,0.125,8,,,4122,0.23076923076923078
bgs_topk_jaccard,0.125,8,,,4123,0.06666666666666667
bgs_topk_jaccard,0.125,8,,,4124,0.06666666666666667
bgs_topk_jaccard,0.125,8,,,4125,0.0
bgs_topk_jaccard,0.125,8,,,4126,0.0
bgs_topk_jaccard,0.125,8,,,4127,0.06666666666666667
bgs_topk_jaccard,0.125,8,,,4128,0.06666666666666667
bgs_topk_jaccard,0.125,8,,,4129,0.0
bgs_topk_jaccard,0.125,8,,,4130,0.14285714285714285
bgs_topk_jaccard,0.125,8,,,4131,0.06666666666666667
bgs_topk_jaccard,0.125,8,,,4132,0.06666666666666667
bgs_topk_jaccard,0.125,8,,,4133,0.06666666666666667
bgs_topk_jaccard,0.125,8,,,4134,0.06666666666666667
bgs_topk_jaccard,0.125,8,,,4135,0.06666666666666667
bgs_topk_jaccard,0.125,8,,,4136,0.0
bgs_topk_jaccard,0.125,8,,,4137,0.0
bgs_topk_jaccard,0.125,8,,,4138,0.14285714285714285
bgs_topk_jaccard,0.125,8,,,4139,0.0
bgs_topk_jaccard,0.125,8,,,4140,0.06666666666666667
bgs_topk_jaccard,0.125,8,,,4141,0.06666666666666667
bgs_topk_jaccard,0.125,8,,,4142,0.06666666666666667
bgs_topk_jaccard,0.125,8,,,4143,0.06666666666666667
bgs_topk_jaccard,0.125,8,,,4144,0.14285714285714285
bgs_topk_jaccard,0.125,8,,,4145,0.14285714285714285
bgs_topk_jaccard,0.125,8,,,4146,0.06666666666666667
bgs_topk_jaccard,0.125,8,,,4147,0.06666666666666667
bgs_topk_jaccard,0.125,8,,,4148,0.0
bgs_topk_jaccard,0.125,8,,,4149,0.06666666666666667
bgs_topk_jaccard,0.125,8,,,4150,0.06666666666666667
bgs_topk_jaccard,0.125,8,,,4151,0.06666666666666667
bgs_topk_jaccard,0.125,8,,,4152,0.14285714285714285
bgs_topk_jaccard,0.125,8,,,4153,0.0
bgs_topk_jaccard,0.125,8,,,4154,0.06666666666666667
bgs_topk_jaccard,0.125,8,,,4155,0.06666666666666667
bgs_topk_jaccard,0.125,8,,,4156,0.14285714285714285
bgs_topk_jaccard,0.125,8,,,4157,0.14285714285714285
bgs_topk_jaccard,0.125,8,,,4158,0.06666666666666667
bgs_topk_jaccard,0.125,8,,,4159,0.14285714285714285
bgs_topk_jaccard,0.125,8,,,4160,0.14285714285714285
bgs_topk_jaccard,0.125,8,,,4161,0.06666666666666667
bgs_topk_jaccard,0.125,8,,,4162,0.0
bgs_topk_jaccard,0.125,8,,,4163,0.14285714285714285
bgs_topk_jaccard,0.125,8,,,4164,0.14285714285714285
bgs_topk_jaccard,0.125,8,,,4165,0.06666666666666667
bgs_topk_jaccard,0.125,8,,,4166,0.23076923076923078
bgs_topk_jaccard,0.125,8,,,4167,0.14285714285714285
bgs_topk_jaccard,0.125,8,,,4168,0.0
bgs_topk_jaccard,0.125,8,,,4169,0.14285714285714285
bgs_topk_jaccard,0.125,8,,,4170,0.0
bgs_topk_jaccard,0.125,8,,,4171,0.0
bgs_topk_jaccard,0.125,8,,,4172,0.0
bgs_topk_jaccard,0.125,8,,,4173,0.0
bgs_topk_jaccard,0.125,8,,,4174,0.0
bgs_topk_jaccard,0.125,8,,,4175,0.0
bgs_topk_jaccard,0.125,8,,,4176,0.0
bgs_topk_jaccard,0.125,8,,,4177,0.0
bgs_topk_jaccard,0.125,8,,,4178,0.06666666666666667
bgs_topk_jaccard,0.125,8,,,4179,0.06666666666666667
bgs_topk_jaccard,0.125,8,,,4180,0.06666666666666667
bgs_topk_jaccard,0.125,8,,,4181,0.06666666666666667
bgs_topk_jaccard,0.125,8,,,4182,0.0
bgs_topk_jaccard,0.125,8,,,4183,0.06666666666666667
bgs_topk_jaccard,0.125,8,,,4184,0.0
bgs_topk_jaccard,0.125,8,,,4185,0.06666666666666667
bgs_topk_jaccard,0.125,8,,,4186,0.14285714285714285
bgs_topk_jaccard,0.125,8,,,4187,0.23076923076923078
bgs_topk_jaccard,0.125,8,,,4188,0.0
bgs_topk_jaccard,0.125,8,,,4189,0.0
bgs_topk_jaccard,0.125,8,,,4190,0.06666666666666667
bgs_topk_jaccard,0.125,8,,,4191,0.14285714285714285
bgs_topk_jaccard,0.125,8,,,4192,0.06666666666666667
bgs_topk_jaccard,0.125,8,,,4193,0.0
bgs_topk_jaccard,0.125,8,,,4194,0.0
bgs_topk_jaccard,0.125,8,,,4195,0.06666666666666667
bgs_topk_jaccard,0.125,8,,,4196,0.06666666666666667
bgs_topk_jaccard,0.125,8,,,4197,0.06666666666666667
bgs_topk_jaccard,0.125,8,,,4198,0.06666666666666667
bgs_topk_jaccard,0.125,8,,,4199,0.0
bgs_topk_jaccard,0.125,8,,,4200,0.14285714285714285
bgs_topk_jaccard,0.125,8,,,4201,0.0
bgs_topk_jaccard,0.125,8,,,4202,0.0
bgs_topk_jaccard,0.125,8,,,4203,0.06666666666666667
bgs_topk_jaccard,0.125,8,,,4204,0.0
bgs_topk_jaccard,0.125,8,,,4205,0.06666666666666667
bgs_topk_jaccard,0.125,8,,,4206,0.14285714285714285
bgs_topk_jaccard,0.125,8,,,4207,0.14285714285714285
bgs_topk_jaccard,0.125,8,,,4208,0.14285714285714285
bgs_topk_jaccard,0.125,8,,,4209,0.06666666666666667
bgs_topk_jaccard,0.125,8,,,4210,0.06666666666666667
bgs_topk_jaccard,0.125,8,,,4211,0.06666666666666667
bgs_topk_jaccard,0.125,8,,,4212,0.0
bgs_topk_jaccard,0.125,8,,,4213,0.0
bgs_topk_jaccard,0.125,8,,,4214,0.23076923076923078
bgs_topk_jaccard,0.125,8,,,4215,0.06666666666666667
bgs_topk_jaccard,0.125,8,,,4216,0.06666666666666667
bgs_topk_jaccard,0.125,8,,,4217,0.14285714285714285
bgs_topk_jaccard,0.125,8,,,4218,0.0
bgs_topk_jaccard,0.125,8,,,4219,0.14285714285714285
bgs_topk_jaccard,0.125,8,,,4220,0.06666666666666667
bgs_topk_jaccard,0.125,8,,,4221,0.0
bgs_topk_jaccard,0.125,8,,,4222,0.06666666666666667
bgs_topk_jaccard,0.125,8,,,4223,0.14285714285714285
bgs_topk_jaccard,0.125,8,,,4224,0.0
bgs_topk_jaccard,0.125,8,,,4225,0.0
bgs_topk_jaccard,0.125,8,,,4226,0.0
bgs_topk_jaccard,0.125,8,,,4227,0.06666666666666667
bgs_topk_jaccard,0.125,8,,,4228,0.06666666666666667
bgs_topk_jaccard,0.125,8,,,4229,0.06666666666666667
bgs_topk_jaccard,0.125,8,,,4230,0.06666666666666667
bgs_topk_jaccard,0.125,8,,,4231,0.14285714285714285
bgs_topk_jaccard,0.125,8,,,4232,0.06666666666666667
bgs_topk_jaccard,0.125,8,,,4233,0.0
bgs_topk_jaccard,0.125,8,,,4234,0.06666666666666667
bgs_topk_jaccard,0.125,8,,,4235,0.06666666666666667
bgs_topk_jaccard,0.125,8,,,4236,0.06666666666666667
bgs_topk_jaccard,0.125,8,,,4237,0.06666666666666667
bgs_topk_jaccard,0.125,8,,,4238,0.06666666666666667
bgs_topk_jaccard,0.125,8,,,4239,0.0
bgs_topk_jaccard,0.125,8,,,4240,0.06666666666666667
bgs_topk_jaccard,0.125,8,,,4241,0.0
bgs_topk_jaccard,0.125,8,,,4242,0.06666666666666667
bgs_topk_jaccard,0.125,8,,,4243,0.06666666666666667
bgs_topk_jaccard,0.125,8,,,4244,0.14285714285714285
bgs_topk_jaccard,0.125,8,,,4245,0.06666666666666667
bgs_topk_jaccard,0.125,8,,,4246,0.06666666666666667
bgs_topk_jaccard,0.125,8,,,4247,0.0
bgs_topk_jaccard,0.125,8,,,4248,0.0
bgs_topk_jaccard,0.125,8,,,4249,0.06666666666666667
bgs_topk_jaccard,0.125,8,,,4250,0.0
bgs_topk_jaccard,0.125,8,,,4251,0.14285714285714285
bgs_topk_jaccard,0.125,8,,,4252,0.0
bgs_topk_jaccard,0.125,8,,,4253,0.14285714285714285
bgs_topk_jaccard,0.125,8,,,4254,0.14285714285714285
bgs_topk_jaccard,0.125,8,,,4255,0.45454545454545453
bgs_topk_jaccard,0.125,8,,,4256,0.14285714285714285
bgs_topk_jaccard,0.125,8,,,4257,0.0
bgs_topk_jaccard,0.125,8,,,4258,0.06666666666666667
bgs_topk_jaccard,0.125,8,,,4259,0.06666666666666667
bgs_topk_jaccard,0.125,8,,,4260,0.14285714285714285
bgs_topk_jaccard,0.125,8,,,4261,0.06666666666666667
bgs_topk_jaccard,0.125,8,,,4262,0.06666666666666667
bgs_topk_jaccard,0.125,8,,,4263,0.06666666666666667
bgs_topk_jaccard,0.125,8,,,4264,0.0
bgs_topk_jaccard,0.125,8,,,4265,0.23076923076923078
bgs_topk_jaccard,0.125,8,,,4266,0.0
bgs_topk_jaccard,0.125,8,,,4267,0.06666666666666667
bgs_topk_jaccard,0.125,8,,,4268,0.06666666666666667
bgs_topk_jaccard,0.125,8,,,4269,0.06666666666666667
bgs_topk_jaccard,0.125,8,,,4270,0.06666666666666667
bgs_topk_jaccard,0.125,8,,,4271,0.14285714285714285
bgs_topk_jaccard,0.125,8,,,4272,0.06666666666666667
bgs_topk_jaccard,0.125,8,,,4273,0.14285714285714285
bgs_topk_jaccard,0.125,8,,,4274,0.0
bgs_topk_jaccard,0.125,8,,,4275,0.0
bgs_topk_jaccard,0.125,8,,,4276,0.06666666666666667
bgs_topk_jaccard,0.125,8,,,4277,0.06666666666666667
bgs_topk_jaccard,0.125,8,,,4278,0.0
bgs_topk_jaccard,0.125,8,,,4279,0.0
bgs_topk_jaccard,0.125,8,,,4280,0.0
bgs_topk_jaccard,0.125,8,,,4281,0.0
bgs_topk_jaccard,0.125,8,,,4282,0.06666666666666667
bgs_topk_jaccard,0.125,8,,,4283,0.06666666666666667
bgs_topk_jaccard,0.125,8,,,4284,0.06666666666666667
bgs_topk_jaccard,0.125,8,,,4285,0.06666666666666667
bgs_topk_jaccard,0.125,8,,,4286,0.0
bgs_topk_jaccard,0.125,8,,,4287,0.06666666666666667
bgs_topk_jaccard,0.125,8,,,4288,0.14285714285714285
bgs_topk_jaccard,0.125,8,,,4289,0.23076923076923078
bgs_topk_jaccard,0.125,8,,,4290,0.06666666666666667
bgs_topk_jaccard,0.125,8,,,4291,0.06666666666666667
bgs_topk_jaccard,0.125,8,,,4292,0.14285714285714285
bgs_topk_jaccard,0.125,8,,,4293,0.14285714285714285
bgs_topk_jaccard,0.125,8,,,4294,0.0
bgs_topk_jaccard,0.125,8,,,4295,0.06666666666666667
bgs_topk_jaccard,0.125,8,,,4296,0.06666666666666667
bgs_topk_jaccard,0.125,8,,,4297,0.0
bgs_topk_jaccard,0.125,8,,,4298,0.06666666666666667
bgs_topk_jaccard,0.125,8,,,4299,0.0
bgs_topk_jaccard,0.125,8,,,4300,0.06666666666666667
bgs_topk_jaccard,0.125,8,,,4301,0.14285714285714285
bgs_topk_jaccard,0.125,8,,,4302,0.0
bgs_topk_jaccard,0.125,8,,,4303,0.06666666666666667
bgs_topk_jaccard,0.125,8,,,4304,0.06666666666666667
bgs_topk_jaccard,0.125,8,,,4305,0.14285714285714285
bgs_topk_jaccard,0.125,8,,,4306,0.0
bgs_topk_jaccard,0.125,8,,,4307,0.06666666666666667
bgs_topk_jaccard,0.125,8,,,4308,0.14285714285714285
bgs_topk_jaccard,0.125,8,,,4309,0.06666666666666667
bgs_topk_jaccard,0.125,8,,,4310,0.0
bgs_topk_jaccard,0.125,8,,,4311,0.0
bgs_topk_jaccard,0.125,8,,,4312,0.0
bgs_topk_jaccard,0.125,8,,,4313,0.0
bgs_topk_jaccard,0.125,8,,,4314,0.06666666666666667
bgs_topk_jaccard,0.125,8,,,4315,0.0
bgs_topk_jaccard,0.125,8,,,4316,0.0
bgs_topk_jaccard,0.125,8,,,4317,0.0
bgs_topk_jaccard,0.125,8,,,4318,0.14285714285714285
bgs_topk_jaccard,0.125,8,,,4319,0.06666666666666667
bgs_topk_jaccard,0.125,8,,,4320,0.14285714285714285
bgs_topk_jaccard,0.125,8,,,4321,0.06666666666666667
bgs_topk_jaccard,0.125,8,,,4322,0.0
bgs_topk_jaccard,0.125,8,,,4323,0.06666666666666667
bgs_topk_jaccard,0.125,8,,,4324,0.06666666666666667
bgs_topk_jaccard,0.125,8,,,4325,0.06666666666666667
bgs_topk_jaccard,0.125,8,,,4326,0.14285714285714285
bgs_topk_jaccard,0.125,8,,,4327,0.0
bgs_topk_jaccard,0.125,8,,,4328,0.14285714285714285
bgs_topk_jaccard,0.125,8,,,4329,0.14285714285714285
bgs_topk_jaccard,0.125,8,,,4330,0.0
bgs_topk_jaccard,0.125,8,,,4331,0.14285714285714285
bgs_topk_jaccard,0.125,8,,,4332,0.0
bgs_topk_jaccard,0.125,8,,,4333,0.14285714285714285
bgs_topk_jaccard,0.125,8,,,4334,0.23076923076923078
bgs_topk_jaccard,0.125,8,,,4335,0.0
bgs_topk_jaccard,0.125,8,,,4336,0.0
bgs_topk_jaccard,0.125,8,,,4337,0.0
bgs_topk_jaccard,0.125,8,,,4338,0.0
bgs_topk_jaccard,0.125,8,,,4339,0.14285714285714285
bgs_topk_jaccard,0.125,8,,,4340,0.14285714285714285
bgs_topk_jaccard,0.125,8,,,4341,0.06666666666666667
bgs_topk_jaccard,0.125,8,,,4342,0.06666666666666667
bgs_topk_jaccard,0.125,8,,,4343,0.06666666666666667
bgs_topk_jaccard,0.125,8,,,4344,0.06666666666666667
bgs_topk_jaccard,0.125,8,,,4345,0.0
bgs_topk_jaccard,0.125,8,,,4346,0.23076923076923078
bgs_topk_jaccard,0.125,8,,,4347,0.06666666666666667
bgs_topk_jaccard,0.125,8,,,4348,0.06666666666666667
bgs_topk_jaccard,0.125,8,,,4349,0.0
bgs_topk_jaccard,0.125,8,,,4350,0.14285714285714285
bgs_topk_jaccard,0.125,8,,,4351,0.06666666666666667
bgs_topk_jaccard,0.125,8,,,4352,0.0
bgs_topk_jaccard,0.125,8,,,4353,0.14285714285714285
bgs_topk_jaccard,0.125,8,,,4354,0.0
bgs_topk_jaccard,0.125,8,,,4355,0.14285714285714285
bgs_topk_jaccard,0.125,8,,,4356,0.0
bgs_topk_jaccard,0.125,8,,,4357,0.06666666666666667
bgs_topk_jaccard,0.125,8,,,4358,0.06666666666666667
bgs_topk_jaccard,0.125,8,,,4359,0.14285714285714285
bgs_topk_jaccard,0.125,8,,,4360,0.06666666666666667
bgs_topk_jaccard,0.125,8,,,4361,0.0
bgs_topk_jaccard,0.125,8,,,4362,0.0
bgs_topk_jaccard,0.125,8,,,4363,0.06666666666666667
bgs_topk_jaccard,0.125,8,,,4364,0.14285714285714285
bgs_topk_jaccard,0.125,8,,,4365,0.06666666666666667
bgs_topk_jaccard,0.125,8,,,4366,0.06666666666666667
bgs_topk_jaccard,0.125,8,,,4367,0.06666666666666667
bgs_topk_jaccard,0.125,8,,,4368,0.06666666666666667
bgs_topk_jaccard,0.125,8,,,4369,0.0
bgs_topk_jaccard,0.125,8,,,4370,0.14285714285714285
bgs_topk_jaccard,0.125,8,,,4371,0.06666666666666667
bgs_topk_jaccard,0.125,8,,,4372,0.0
bgs_topk_jaccard,0.125,8,,,4373,0.06666666666666667
bgs_topk_jaccard,0.125,8,,,4374,0.06666666666666667
bgs_topk_jaccard,0.125,8,,,4375,0.14285714285714285
bgs_topk_jaccard,0.125,8,,,4376,0.0
bgs_topk_jaccard,0.125,8,,,4377,0.14285714285714285
bgs_topk_jaccard,0.125,8,,,4378,0.06666666666666667
bgs_topk_jaccard,0.125,8,,,4379,0.0
bgs_topk_jaccard,0.125,8,,,4380,0.14285714285714285
bgs_topk_jaccard,0.125,8,,,4381,0.0
bgs_topk_jaccard,0.125,8,,,4382,0.0
bgs_topk_jaccard,0.125,8,,,4383,0.23076923076923078
bgs_topk_jaccard,0.125,8,,,4384,0.14285714285714285
bgs_topk_jaccard,0.125,8,,,4385,0.06666666666666667
bgs_topk_jaccard,0.125,8,,,4386,0.06666666666666667
bgs_topk_jaccard,0.125,8,,,4387,0.06666666666666667
bgs_topk_jaccard,0.125,8,,,4388,0.14285714285714285
bgs_topk_jaccard,0.125,8,,,4389,0.0
bgs_topk_jaccard,0.125,8,,,4390,0.06666666666666667
bgs_topk_jaccard,0.125,8,,,4391,0.14285714285714285
bgs_topk_jaccard,0.125,8,,,4392,0.14285714285714285
bgs_topk_jaccard,0.125,8,,,4393,0.0
bgs_topk_jaccard,0.125,8,,,4394,0.0
bgs_topk_jaccard,0.125,8,,,4395,0.0
bgs_topk_jaccard,0.125,8,,,4396,0.14285714285714285
bgs_topk_jaccard,0.125,8,,,4397,0.14285714285714285
bgs_topk_jaccard,0.125,8,,,4398,0.06666666666666667
bgs_topk_jaccard,0.125,8,,,4399,0.06666666666666667
bgs_topk_jaccard,0.125,8,,,4400,0.14285714285714285
bgs_topk_jaccard,0.125,8,,,4401,0.06666666666666667
bgs_topk_jaccard,0.125,8,,,4402,0.0
bgs_topk_jaccard,0.125,8,,,4403,0.14285714285714285
bgs_topk_jaccard,0.125,8,,,4404,0.0
bgs_topk_jaccard,0.125,8,,,4405,0.06666666666666667
bgs_topk_jaccard,0.125,8,,,4406,0.14285714285714285
bgs_topk_jaccard,0.125,8,,,4407,0.0
bgs_topk_jaccard,0.125,8,,,4408,0.06666666666666667
bgs_topk_jaccard,0.125,8,,,4409,0.06666666666666667
bgs_topk_jaccard,0.125,8,,,4410,0.14285714285714285
bgs_topk_jaccard,0.125,8,,,4411,0.06666666666666667
bgs_topk_jaccard,0.125,8,,,4412,0.0
bgs_topk_jaccard,0.125,8,,,4413,0.14285714285714285
bgs_topk_jaccard,0.125,8,,,4414,0.14285714285714285
bgs_topk_jaccard,0.125,8,,,4415,0.0
bgs_topk_jaccard,0.125,8,,,4416,0.14285714285714285
bgs_topk_jaccard,0.125,8,,,4417,0.14285714285714285
bgs_topk_jaccard,0.125,8,,,4418,0.06666666666666667
bgs_topk_jaccard,0.125,8,,,4419,0.06666666666666667
bgs_topk_jaccard,0.125,8,,,4420,0.06666666666666667
bgs_topk_jaccard,0.125,8,,,4421,0.06666666666666667
bgs_topk_jaccard,0.125,8,,,4422,0.0
bgs_topk_jaccard,0.125,8,,,4423,0.06666666666666667
bgs_topk_jaccard,0.125,8,,,4424,0.0
bgs_topk_jaccard,0.125,8,,,4425,0.14285714285714285
bgs_topk_jaccard,0.125,8,,,4426,0.06666666666666667
bgs_topk_jaccard,0.125,8,,,4427,0.06666666666666667
bgs_topk_jaccard,0.125,8,,,4428,0.06666666666666667
bgs_topk_jaccard,0.125,8,,,4429,0.0
bgs_topk_jaccard,0.125,8,,,4430,0.0
bgs_topk_jaccard,0.125,8,,,4431,0.06666666666666667
bgs_topk_jaccard,0.125,8,,,4432,0.06666666666666667
bgs_topk_jaccard,0.125,8,,,4433,0.0
bgs_topk_jaccard,0.125,8,,,4434,0.06666666666666667
bgs_topk_jaccard,0.125,8,,,4435,0.06666666666666667
bgs_topk_jaccard,0.125,8,,,4436,0.06666666666666667
bgs_topk_jaccard,0.125,8,,,4437,0.14285714285714285
bgs_topk_jaccard,0.125,8,,,4438,0.0
bgs_topk_jaccard,0.125,8,,,4439,0.0
bgs_topk_jaccard,0.125,8,,,4440,0.0
bgs_topk_jaccard,0.125,8,,,4441,0.06666666666666667
bgs_topk_jaccard,0.125,8,,,4442,0.14285714285714285
bgs_topk_jaccard,0.125,8,,,4443,0.0
bgs_topk_jaccard,0.125,8,,,4444,0.0
bgs_topk_jaccard,0.125,8,,,4445,0.0
bgs_topk_jaccard,0.125,8,,,4446,0.0
bgs_topk_jaccard,0.125,8,,,4447,0.0
bgs_topk_jaccard,0.125,8,,,4448,0.23076923076923078
bgs_topk_jaccard,0.125,8,,,4449,0.0
bgs_topk_jaccard,0.125,8,,,4450,0.23076923076923078
bgs_topk_jaccard,0.125,8,,,4451,0.0
bgs_topk_jaccard,0.125,8,,,4452,0.14285714285714285
bgs_topk_jaccard,0.125,8,,,4453,0.23076923076923078
bgs_topk_jaccard,0.125,8,,,4454,0.0
bgs_topk_jaccard,0.125,8,,,4455,0.0
bgs_topk_jaccard,0.125,8,,,4456,0.14285714285714285
bgs_topk_jaccard,0.125,8,,,4457,0.14285714285714285
bgs_topk_jaccard,0.125,8,,,4458,0.0
bgs_topk_jaccard,0.125,8,,,4459,0.0
bgs_topk_jaccard,0.125,8,,,4460,0.14285714285714285
bgs_topk_jaccard,0.125,8,,,4461,0.14285714285714285
bgs_topk_jaccard,0.125,8,,,4462,0.14285714285714285
bgs_topk_jaccard,0.125,8,,,4463,0.06666666666666667
bgs_topk_jaccard,0.125,8,,,4464,0.06666666666666667
bgs_topk_jaccard,0.125,8,,,4465,0.14285714285714285
bgs_topk_jaccard,0.125,8,,,4466,0.14285714285714285
bgs_topk_jaccard,0.125,8,,,4467,0.14285714285714285
bgs_topk_jaccard,0.125,8,,,4468,0.14285714285714285
bgs_topk_jaccard,0.125,8,,,4469,0.06666666666666667
bgs_topk_jaccard,0.125,8,,,4470,0.0
bgs_topk_jaccard,0.125,8,,,4471,0.0
bgs_topk_jaccard,0.125,8,,,4472,0.0
bgs_topk_jaccard,0.125,8,,,4473,0.06666666666666667
bgs_topk_jaccard,0.125,8,,,4474,0.23076923076923078
bgs_topk_jaccard,0.125,8,,,4475,0.14285714285714285
bgs_topk_jaccard,0.125,8,,,4476,0.23076923076923078
bgs_topk_jaccard,0.125,8,,,4477,0.06666666666666667
bgs_topk_jaccard,0.125,8,,,4478,0.06666666666666667
bgs_topk_jaccard,0.125,8,,,4479,0.0
bgs_topk_jaccard,0.125,8,,,4480,0.0
bgs_topk_jaccard,0.125,8,,,4481,0.06666666666666667
bgs_topk_jaccard,0.125,8,,,4482,0.0
bgs_topk_jaccard,0.125,8,,,4483,0.0
bgs_topk_jaccard,0.125,8,,,4484,0.0
bgs_topk_jaccard,0.125,8,,,4485,0.14285714285714285
bgs_topk_jaccard,0.125,8,,,4486,0.0
bgs_topk_jaccard,0.125,8,,,4487,0.0
bgs_topk_jaccard,0.125,8,,,4488,0.14285714285714285
bgs_topk_jaccard,0.125,8,,,4489,0.06666666666666667
bgs_topk_jaccard,0.125,8,,,4490,0.06666666666666667
bgs_topk_jaccard,0.125,8,,,4491,0.14285714285714285
bgs_topk_jaccard,0.125,8,,,4492,0.0
bgs_topk_jaccard,0.125,8,,,4493,0.14285714285714285
bgs_topk_jaccard,0.125,8,,,4494,0.0
bgs_topk_jaccard,0.125,8,,,4495,0.06666666666666667
bgs_topk_jaccard,0.125,8,,,4496,0.14285714285714285
bgs_topk_jaccard,0.125,8,,,4497,0.0
bgs_topk_jaccard,0.125,8,,,4498,0.06666666666666667
bgs_topk_jaccard,0.125,8,,,4499,0.0
bgs_topk_jaccard,0.125,8,,,4500,0.06666666666666667
bgs_topk_jaccard,0.125,8,,,4501,0.06666666666666667
bgs_topk_jaccard,0.125,8,,,4502,0.06666666666666667
bgs_topk_jaccard,0.125,8,,,4503,0.0
bgs_topk_jaccard,0.125,8,,,4504,0.14285714285714285
bgs_topk_jaccard,0.125,8,,,4505,0.0
bgs_topk_jaccard,0.125,8,,,4506,0.0
bgs_topk_jaccard,0.125,8,,,4507,0.14285714285714285
bgs_topk_jaccard,0.125,8,,,4508,0.06666666666666667
bgs_topk_jaccard,0.125,8,,,4509,0.06666666666666667
bgs_topk_jaccard,0.125,8,,,4510,0.14285714285714285
bgs_topk_jaccard,0.125,8,,,4511,0.14285714285714285
bgs_topk_jaccard,0.125,8,,,4512,0.0
bgs_topk_jaccard,0.125,8,,,4513,0.0
bgs_topk_jaccard,0.125,8,,,4514,0.14285714285714285
bgs_topk_jaccard,0.125,8,,,4515,0.06666666666666667
bgs_topk_jaccard,0.125,8,,,4516,0.0
bgs_topk_jaccard,0.125,8,,,4517,0.0
bgs_topk_jaccard,0.125,8,,,4518,0.06666666666666667
bgs_topk_jaccard,0.125,8,,,4519,0.06666666666666667
bgs_topk_jaccard,0.125,8,,,4520,0.06666666666666667
bgs_topk_jaccard,0.125,8,,,4521,0.0
bgs_topk_jaccard,0.125,8,,,4522,0.06666666666666667
bgs_topk_jaccard,0.125,8,,,4523,0.06666666666666667
bgs_topk_jaccard,0.125,8,,,4524,0.0
bgs_topk_jaccard,0.125,8,,,4525,0.14285714285714285
bgs_topk_jaccard,0.125,8,,,4526,0.06666666666666667
bgs_topk_jaccard,0.125,8,,,4527,0.06666666666666667
bgs_topk_jaccard,0.125,8,,,4528,0.06666666666666667
bgs_topk_jaccard,0.125,8,,,4529,0.14285714285714285
bgs_topk_jaccard,0.125,8,,,4530,0.0
bgs_topk_jaccard,0.125,8,,,4531,0.0
bgs_topk_jaccard,0.125,8,,,4532,0.0
bgs_topk_jaccard,0.125,8,,,4533,0.0
bgs_topk_jaccard,0.125,8,,,4534,0.14285714285714285
bgs_topk_jaccard,0.125,8,,,4535,0.0
bgs_topk_jaccard,0.125,8,,,4536,0.06666666666666667
bgs_topk_jaccard,0.125,8,,,4537,0.23076923076923078
bgs_topk_jaccard,0.125,8,,,4538,0.0
bgs_topk_jaccard,0.125,8,,,4539,0.06666666666666667
bgs_topk_jaccard,0.125,8,,,4540,0.06666666666666667
bgs_topk_jaccard,0.125,8,,,4541,0.14285714285714285
bgs_topk_jaccard,0.125,8,,,4542,0.14285714285714285
bgs_topk_jaccard,0.125,8,,,4543,0.14285714285714285
bgs_topk_jaccard,0.125,8,,,4544,0.14285714285714285
bgs_topk_jaccard,0.125,8,,,4545,0.06666666666666667
bgs_topk_jaccard,0.125,8,,,4546,0.14285714285714285
bgs_topk_jaccard,0.125,8,,,4547,0.06666666666666667
bgs_topk_jaccard,0.125,8,,,4548,0.06666666666666667
bgs_topk_jaccard,0.125,8,,,4549,0.0
bgs_topk_jaccard,0.125,8,,,4550,0.0
bgs_topk_jaccard,0.125,8,,,4551,0.14285714285714285
bgs_topk_jaccard,0.125,8,,,4552,0.0
bgs_topk_jaccard,0.125,8,,,4553,0.06666666666666667
bgs_topk_jaccard,0.125,8,,,4554,0.14285714285714285
bgs_topk_jaccard,0.125,8,,,4555,0.06666666666666667
bgs_topk_jaccard,0.125,8,,,4556,0.06666666666666667
bgs_topk_jaccard,0.125,8,,,4557,0.06666666666666667
bgs_topk_jaccard,0.125,8,,,4558,0.14285714285714285
bgs_topk_jaccard,0.125,8,,,4559,0.06666666666666667
bgs_topk_jaccard,0.125,8,,,4560,0.0
bgs_topk_jaccard,0.125,8,,,4561,0.06666666666666667
bgs_topk_jaccard,0.125,8,,,4562,0.06666666666666667
bgs_topk_jaccard,0.125,8,,,4563,0.0
bgs_topk_jaccard,0.125,8,,,4564,0.14285714285714285
bgs_topk_jaccard,0.125,8,,,4565,0.0
bgs_topk_jaccard,0.125,8,,,4566,0.0
bgs_topk_jaccard,0.125,8,,,4567,0.14285714285714285
bgs_topk_jaccard,0.125,8,,,4568,0.0
bgs_topk_jaccard,0.125,8,,,4569,0.23076923076923078
bgs_topk_jaccard,0.125,8,,,4570,0.06666666666666667
bgs_topk_jaccard,0.125,8,,,4571,0.0
bgs_topk_jaccard,0.125,8,,,4572,0.06666666666666667
bgs_topk_jaccard,0.125,8,,,4573,0.06666666666666667
bgs_topk_jaccard,0.125,8,,,4574,0.06666666666666667
bgs_topk_jaccard,0.125,8,,,4575,0.0
bgs_topk_jaccard,0.125,8,,,4576,0.0
bgs_topk_jaccard,0.125,8,,,4577,0.06666666666666667
bgs_topk_jaccard,0.125,8,,,4578,0.14285714285714285
bgs_topk_jaccard,0.125,8,,,4579,0.14285714285714285
bgs_topk_jaccard,0.125,8,,,4580,0.14285714285714285
bgs_topk_jaccard,0.125,8,,,4581,0.23076923076923078
bgs_topk_jaccard,0.125,8,,,4582,0.06666666666666667
bgs_topk_jaccard,0.125,8,,,4583,0.14285714285714285
bgs_topk_jaccard,0.125,8,,,4584,0.0
bgs_topk_jaccard,0.125,8,,,4585,0.0
bgs_topk_jaccard,0.125,8,,,4586,0.0
bgs_topk_jaccard,0.125,8,,,4587,0.06666666666666667
bgs_topk_jaccard,0.125,8,,,4588,0.0
bgs_topk_jaccard,0.125,8,,,4589,0.14285714285714285
bgs_topk_jaccard,0.125,8,,,4590,0.0
bgs_topk_jaccard,0.125,8,,,4591,0.06666666666666667
bgs_topk_jaccard,0.125,8,,,4592,0.14285714285714285
bgs_topk_jaccard,0.125,8,,,4593,0.23076923076923078
bgs_topk_jaccard,0.125,8,,,4594,0.06666666666666667
bgs_topk_jaccard,0.125,8,,,4595,0.0
bgs_topk_jaccard,0.125,8,,,4596,0.0
bgs_topk_jaccard,0.125,8,,,4597,0.06666666666666667
bgs_topk_jaccard,0.125,8,,,4598,0.06666666666666667
bgs_topk_jaccard,0.125,8,,,4599,0.23076923076923078
bgs_topk_jaccard,0.125,8,,,4600,0.06666666666666667
bgs_topk_jaccard,0.125,8,,,4601,0.0
bgs_topk_jaccard,0.125,8,,,4602,0.06666666666666667
bgs_topk_jaccard,0.125,8,,,4603,0.14285714285714285
bgs_topk_jaccard,0.125,8,,,4604,0.23076923076923078
bgs_topk_jaccard,0.125,8,,,4605,0.06666666666666667
bgs_topk_jaccard,0.125,8,,,4606,0.0
bgs_topk_jaccard,0.125,8,,,4607,0.06666666666666667
bgs_topk_jaccard,0.125,8,,,4608,0.0
bgs_topk_jaccard,0.125,8,,,4609,0.0
bgs_topk_jaccard,0.125,8,,,4610,0.0
bgs_topk_jaccard,0.125,8,,,4611,0.06666666666666667
bgs_topk_jaccard,0.125,8,,,4612,0.06666666666666667
bgs_topk_jaccard,0.125,8,,,4613,0.06666666666666667
bgs_topk_jaccard,0.125,8,,,4614,0.0
bgs_topk_jaccard,0.125,8,,,4615,0.14285714285714285
bgs_topk_jaccard,0.125,8,,,4616,0.06666666666666667
bgs_topk_jaccard,0.125,8,,,4617,0.06666666666666667
bgs_topk_jaccard,0.125,8,,,4618,0.0
bgs_topk_jaccard,0.125,8,,,4619,0.06666666666666667
bgs_topk_jaccard,0.125,8,,,4620,0.0
bgs_topk_jaccard,0.125,8,,,4621,0.06666666666666667
bgs_topk_jaccard,0.125,8,,,4622,0.14285714285714285
bgs_topk_jaccard,0.125,8,,,4623,0.06666666666666667
bgs_topk_jaccard,0.125,8,,,4624,0.0
bgs_topk_jaccard,0.125,8,,,4625,0.06666666666666667
bgs_topk_jaccard,0.125,8,,,4626,0.14285714285714285
bgs_topk_jaccard,0.125,8,,,4627,0.0
bgs_topk_jaccard,0.125,8,,,4628,0.06666666666666667
bgs_topk_jaccard,0.125,8,,,4629,0.06666666666666667
bgs_topk_jaccard,0.125,8,,,4630,0.06666666666666667
bgs_topk_jaccard,0.125,8,,,4631,0.23076923076923078
bgs_topk_jaccard,0.125,8,,,4632,0.06666666666666667
bgs_topk_jaccard,0.125,8,,,4633,0.14285714285714285
bgs_topk_jaccard,0.125,8,,,4634,0.06666666666666667
bgs_topk_jaccard,0.125,8,,,4635,0.0
bgs_topk_jaccard,0.125,8,,,4636,0.0
bgs_topk_jaccard,0.125,8,,,4637,0.14285714285714285
bgs_topk_jaccard,0.125,8,,,4638,0.14285714285714285
bgs_topk_jaccard,0.125,8,,,4639,0.0
bgs_topk_jaccard,0.125,8,,,4640,0.14285714285714285
bgs_topk_jaccard,0.125,8,,,4641,0.0
bgs_topk_jaccard,0.125,8,,,4642,0.06666666666666667
bgs_topk_jaccard,0.125,8,,,4643,0.06666666666666667
bgs_topk_jaccard,0.125,8,,,4644,0.06666666666666667
bgs_topk_jaccard,0.125,8,,,4645,0.06666666666666667
bgs_topk_jaccard,0.125,8,,,4646,0.0
bgs_topk_jaccard,0.125,8,,,4647,0.0
bgs_topk_jaccard,0.125,8,,,4648,0.14285714285714285
bgs_topk_jaccard,0.125,8,,,4649,0.0
bgs_topk_jaccard,0.125,8,,,4650,0.14285714285714285
bgs_topk_jaccard,0.125,8,,,4651,0.14285714285714285
bgs_topk_jaccard,0.125,8,,,4652,0.06666666666666667
bgs_topk_jaccard,0.125,8,,,4653,0.0
bgs_topk_jaccard,0.125,8,,,4654,0.14285714285714285
bgs_topk_jaccard,0.125,8,,,4655,0.0
bgs_topk_jaccard,0.125,8,,,4656,0.0
bgs_topk_jaccard,0.125,8,,,4657,0.06666666666666667
bgs_topk_jaccard,0.125,8,,,4658,0.23076923076923078
bgs_topk_jaccard,0.125,8,,,4659,0.0
bgs_topk_jaccard,0.125,8,,,4660,0.06666666666666667
bgs_topk_jaccard,0.125,8,,,4661,0.14285714285714285
bgs_topk_jaccard,0.125,8,,,4662,0.06666666666666667
bgs_topk_jaccard,0.125,8,,,4663,0.06666666666666667
bgs_topk_jaccard,0.125,8,,,4664,0.0
bgs_topk_jaccard,0.125,8,,,4665,0.06666666666666667
bgs_topk_jaccard,0.125,8,,,4666,0.23076923076923078
bgs_topk_jaccard,0.125,8,,,4667,0.14285714285714285
bgs_topk_jaccard,0.125,8,,,4668,0.0
bgs_topk_jaccard,0.125,8,,,4669,0.0
bgs_topk_jaccard,0.125,8,,,4670,0.0
bgs_topk_jaccard,0.125,8,,,4671,0.0
bgs_topk_jaccard,0.125,8,,,4672,0.0
bgs_topk_jaccard,0.125,8,,,4673,0.06666666666666667
bgs_topk_jaccard,0.125,8,,,4674,0.0
bgs_topk_jaccard,0.125,8,,,4675,0.23076923076923078
bgs_topk_jaccard,0.125,8,,,4676,0.14285714285714285
bgs_topk_jaccard,0.125,8,,,4677,0.0
bgs_topk_jaccard,0.125,8,,,4678,0.0
bgs_topk_jaccard,0.125,8,,,4679,0.06666666666666667
bgs_topk_jaccard,0.125,8,,,4680,0.06666666666666667
bgs_topk_jaccard,0.125,8,,,4681,0.06666666666666667
bgs_topk_jaccard,0.125,8,,,4682,0.14285714285714285
bgs_topk_jaccard,0.125,8,,,4683,0.06666666666666667
bgs_topk_jaccard,0.125,8,,,4684,0.0
bgs_topk_jaccard,0.125,8,,,4685,0.14285714285714285
bgs_topk_jaccard,0.125,8,,,4686,0.06666666666666667
bgs_topk_jaccard,0.125,8,,,4687,0.0
bgs_topk_jaccard,0.125,8,,,4688,0.14285714285714285
bgs_topk_jaccard,0.125,8,,,4689,0.0
bgs_topk_jaccard,0.125,8,,,4690,0.0
bgs_topk_jaccard,0.125,8,,,4691,0.0
bgs_topk_jaccard,0.125,8,,,4692,0.06666666666666667
bgs_topk_jaccard,0.125,8,,,4693,0.06666666666666667
bgs_topk_jaccard,0.125,8,,,4694,0.23076923076923078
bgs_topk_jaccard,0.125,8,,,4695,0.14285714285714285
bgs_topk_jaccard,0.125,8,,,4696,0.06666666666666667
bgs_topk_jaccard,0.125,8,,,4697,0.14285714285714285
bgs_topk_jaccard,0.125,8,,,4698,0.14285714285714285
bgs_topk_jaccard,0.125,8,,,4699,0.23076923076923078
bgs_topk_jaccard,0.125,8,,,4700,0.06666666666666667
bgs_topk_jaccard,0.125,8,,,4701,0.06666666666666667
bgs_topk_jaccard,0.125,8,,,4702,0.06666666666666667
bgs_topk_jaccard,0.125,8,,,4703,0.06666666666666667
bgs_topk_jaccard,0.125,8,,,4704,0.06666666666666667
bgs_topk_jaccard,0.125,8,,,4705,0.0
bgs_topk_jaccard,0.125,8,,,4706,0.0
bgs_topk_jaccard,0.125,8,,,4707,0.06666666666666667
bgs_topk_jaccard,0.125,8,,,4708,0.06666666666666667
bgs_topk_jaccard,0.125,8,,,4709,0.06666666666666667
bgs_topk_jaccard,0.125,8,,,4710,0.23076923076923078
bgs_topk_jaccard,0.125,8,,,4711,0.0
bgs_topk_jaccard,0.125,8,,,4712,0.23076923076923078
bgs_topk_jaccard,0.125,8,,,4713,0.0
bgs_topk_jaccard,0.125,8,,,4714,0.23076923076923078
bgs_topk_jaccard,0.125,8,,,4715,0.0
bgs_topk_jaccard,0.125,8,,,4716,0.06666666666666667
bgs_topk_jaccard,0.125,8,,,4717,0.14285714285714285
bgs_topk_jaccard,0.125,8,,,4718,0.06666666666666667
bgs_topk_jaccard,0.125,8,,,4719,0.14285714285714285
bgs_topk_jaccard,0.125,8,,,4720,0.06666666666666667
bgs_topk_jaccard,0.125,8,,,4721,0.0
bgs_topk_jaccard,0.125,8,,,4722,0.23076923076923078
bgs_topk_jaccard,0.125,8,,,4723,0.0
bgs_topk_jaccard,0.125,8,,,4724,0.06666666666666667
bgs_topk_jaccard,0.125,8,,,4725,0.14285714285714285
bgs_topk_jaccard,0.125,8,,,4726,0.0
bgs_topk_jaccard,0.125,8,,,4727,0.06666666666666667
bgs_topk_jaccard,0.125,8,,,4728,0.0
bgs_topk_jaccard,0.125,8,,,4729,0.14285714285714285
bgs_topk_jaccard,0.125,8,,,4730,0.3333333333333333
bgs_topk_jaccard,0.125,8,,,4731,0.06666666666666667
bgs_topk_jaccard,0.125,8,,,4732,0.0
bgs_topk_jaccard,0.125,8,,,4733,0.06666666666666667
bgs_topk_jaccard,0.125,8,,,4734,0.06666666666666667
bgs_topk_jaccard,0.125,8,,,4735,0.0
bgs_topk_jaccard,0.125,8,,,4736,0.0
bgs_topk_jaccard,0.125,8,,,4737,0.06666666666666667
bgs_topk_jaccard,0.125,8,,,4738,0.0
bgs_topk_jaccard,0.125,8,,,4739,0.0
bgs_topk_jaccard,0.125,8,,,4740,0.06666666666666667
bgs_topk_jaccard,0.125,8,,,4741,0.0
bgs_topk_jaccard,0.125,8,,,4742,0.0
bgs_topk_jaccard,0.125,8,,,4743,0.14285714285714285
bgs_topk_jaccard,0.125,8,,,4744,0.0
bgs_topk_jaccard,0.125,8,,,4745,0.0
bgs_topk_jaccard,0.125,8,,,4746,0.06666666666666667
bgs_topk_jaccard,0.125,8,,,4747,0.14285714285714285
bgs_topk_jaccard,0.125,8,,,4748,0.14285714285714285
bgs_topk_jaccard,0.125,8,,,4749,0.14285714285714285
bgs_topk_jaccard,0.125,8,,,4750,0.14285714285714285
bgs_topk_jaccard,0.125,8,,,4751,0.14285714285714285
bgs_topk_jaccard,0.125,8,,,4752,0.14285714285714285
bgs_topk_jaccard,0.125,8,,,4753,0.14285714285714285
bgs_topk_jaccard,0.125,8,,,4754,0.06666666666666667
bgs_topk_jaccard,0.125,8,,,4755,0.0
bgs_topk_jaccard,0.125,8,,,4756,0.06666666666666667
bgs_topk_jaccard,0.125,8,,,4757,0.14285714285714285
bgs_topk_jaccard,0.125,8,,,4758,0.06666666666666667
bgs_topk_jaccard,0.125,8,,,4759,0.0
bgs_topk_jaccard,0.125,8,,,4760,0.06666666666666667
bgs_topk_jaccard,0.125,8,,,4761,0.06666666666666667
bgs_topk_jaccard,0.125,8,,,4762,0.0
bgs_topk_jaccard,0.125,8,,,4763,0.06666666666666667
bgs_topk_jaccard,0.125,8,,,4764,0.14285714285714285
bgs_topk_jaccard,0.125,8,,,4765,0.14285714285714285
bgs_topk_jaccard,0.125,8,,,4766,0.23076923076923078
bgs_topk_jaccard,0.125,8,,,4767,0.0
bgs_topk_jaccard,0.125,8,,,4768,0.23076923076923078
bgs_topk_jaccard,0.125,8,,,4769,0.14285714285714285
bgs_topk_jaccard,0.125,8,,,4770,0.06666666666666667
bgs_topk_jaccard,0.125,8,,,4771,0.14285714285714285
bgs_topk_jaccard,0.125,8,,,4772,0.14285714285714285
bgs_topk_jaccard,0.125,8,,,4773,0.0
bgs_topk_jaccard,0.125,8,,,4774,0.06666666666666667
bgs_topk_jaccard,0.125,8,,,4775,0.23076923076923078
bgs_topk_jaccard,0.125,8,,,4776,0.06666666666666667
bgs_topk_jaccard,0.125,8,,,4777,0.14285714285714285
bgs_topk_jaccard,0.125,8,,,4778,0.14285714285714285
bgs_topk_jaccard,0.125,8,,,4779,0.14285714285714285
bgs_topk_jaccard,0.125,8,,,4780,0.06666666666666667
bgs_topk_jaccard,0.125,8,,,4781,0.0
bgs_topk_jaccard,0.125,8,,,4782,0.14285714285714285
bgs_topk_jaccard,0.125,8,,,4783,0.0
bgs_topk_jaccard,0.125,8,,,4784,0.06666666666666667
bgs_topk_jaccard,0.125,8,,,4785,0.0
bgs_topk_jaccard,0.125,8,,,4786,0.06666666666666667
bgs_topk_jaccard,0.125,8,,,4787,0.06666666666666667
bgs_topk_jaccard,0.125,8,,,4788,0.06666666666666667
bgs_topk_jaccard,0.125,8,,,4789,0.0
bgs_topk_jaccard,0.125,8,,,4790,0.14285714285714285
bgs_topk_jaccard,0.125,8,,,4791,0.06666666666666667
bgs_topk_jaccard,0.125,8,,,4792,0.0
bgs_topk_jaccard,0.125,8,,,4793,0.14285714285714285
bgs_topk_jaccard,0.125,8,,,4794,0.06666666666666667
bgs_topk_jaccard,0.125,8,,,4795,0.06666666666666667
bgs_topk_jaccard,0.125,8,,,4796,0.06666666666666667
bgs_topk_jaccard,0.125,8,,,4797,0.06666666666666667
bgs_topk_jaccard,0.125,8,,,4798,0.14285714285714285
bgs_topk_jaccard,0.125,8,,,4799,0.0
bgs_topk_jaccard,0.125,8,,,4800,0.06666666666666667
bgs_topk_jaccard,0.125,8,,,4801,0.14285714285714285
bgs_topk_jaccard,0.125,8,,,4802,0.23076923076923078
bgs_topk_jaccard,0.125,8,,,4803,0.06666666666666667
bgs_topk_jaccard,0.125,8,,,4804,0.14285714285714285
bgs_topk_jaccard,0.125,8,,,4805,0.0
bgs_topk_jaccard,0.125,8,,,4806,0.06666666666666667
bgs_topk_jaccard,0.125,8,,,4807,0.06666666666666667
bgs_topk_jaccard,0.125,8,,,4808,0.06666666666666667
bgs_topk_jaccard,0.125,8,,,4809,0.14285714285714285
bgs_topk_jaccard,0.125,8,,,4810,0.14285714285714285
bgs_topk_jaccard,0.125,8,,,4811,0.0
bgs_topk_jaccard,0.125,8,,,4812,0.06666666666666667
bgs_topk_jaccard,0.125,8,,,4813,0.0
bgs_topk_jaccard,0.125,8,,,4814,0.14285714285714285
bgs_topk_jaccard,0.125,8,,,4815,0.0
bgs_topk_jaccard,0.125,8,,,4816,0.14285714285714285
bgs_topk_jaccard,0.125,8,,,4817,0.14285714285714285
bgs_topk_jaccard,0.125,8,,,4818,0.14285714285714285
bgs_topk_jaccard,0.125,8,,,4819,0.0
bgs_topk_jaccard,0.125,8,,,4820,0.0
bgs_topk_jaccard,0.125,8,,,4821,0.06666666666666667
bgs_topk_jaccard,0.125,8,,,4822,0.23076923076923078
bgs_topk_jaccard,0.125,8,,,4823,0.0
bgs_topk_jaccard,0.125,8,,,4824,0.0
bgs_topk_jaccard,0.125,8,,,4825,0.0
bgs_topk_jaccard,0.125,8,,,4826,0.06666666666666667
bgs_topk_jaccard,0.125,8,,,4827,0.0
bgs_topk_jaccard,0.125,8,,,4828,0.14285714285714285
bgs_topk_jaccard,0.125,8,,,4829,0.14285714285714285
bgs_topk_jaccard,0.125,8,,,4830,0.06666666666666667
bgs_topk_jaccard,0.125,8,,,4831,0.0
bgs_topk_jaccard,0.125,8,,,4832,0.0
bgs_topk_jaccard,0.125,8,,,4833,0.23076923076923078
bgs_topk_jaccard,0.125,8,,,4834,0.0
bgs_topk_jaccard,0.125,8,,,4835,0.0
bgs_topk_jaccard,0.125,8,,,4836,0.23076923076923078
bgs_topk_jaccard,0.125,8,,,4837,0.0
bgs_topk_jaccard,0.125,8,,,4838,0.06666666666666667
bgs_topk_jaccard,0.125,8,,,4839,0.06666666666666667
bgs_topk_jaccard,0.125,8,,,4840,0.06666666666666667
bgs_topk_jaccard,0.125,8,,,4841,0.06666666666666667
bgs_topk_jaccard,0.125,8,,,4842,0.06666666666666667
bgs_topk_jaccard,0.125,8,,,4843,0.06666666666666667
bgs_topk_jaccard,0.125,8,,,4844,0.0
bgs_topk_jaccard,0.125,8,,,4845,0.14285714285714285
bgs_topk_jaccard,0.125,8,,,4846,0.06666666666666667
bgs_topk_jaccard,0.125,8,,,4847,0.0
bgs_topk_jaccard,0.125,8,,,4848,0.0
bgs_topk_jaccard,0.125,8,,,4849,0.0
bgs_topk_jaccard,0.125,8,,,4850,0.14285714285714285
bgs_topk_jaccard,0.125,8,,,4851,0.23076923076923078
bgs_topk_jaccard,0.125,8,,,4852,0.06666666666666667
bgs_topk_jaccard,0.125,8,,,4853,0.06666666666666667
bgs_topk_jaccard,0.125,8,,,4854,0.14285714285714285
bgs_topk_jaccard,0.125,8,,,4855,0.0
bgs_topk_jaccard,0.125,8,,,4856,0.06666666666666667
bgs_topk_jaccard,0.125,8,,,4857,0.14285714285714285
bgs_topk_jaccard,0.125,8,,,4858,0.06666666666666667
bgs_topk_jaccard,0.125,8,,,4859,0.06666666666666667
bgs_topk_jaccard,0.125,8,,,4860,0.06666666666666667
bgs_topk_jaccard,0.125,8,,,4861,0.06666666666666667
bgs_topk_jaccard,0.125,8,,,4862,0.14285714285714285
bgs_topk_jaccard,0.125,8,,,4863,0.0
bgs_topk_jaccard,0.125,8,,,4864,0.06666666666666667
bgs_topk_jaccard,0.125,8,,,4865,0.06666666666666667
bgs_topk_jaccard,0.125,8,,,4866,0.0
bgs_topk_jaccard,0.125,8,,,4867,0.14285714285714285
bgs_topk_jaccard,0.125,8,,,4868,0.0
bgs_topk_jaccard,0.125,8,,,4869,0.14285714285714285
bgs_topk_jaccard,0.125,8,,,4870,0.06666666666666667
bgs_topk_jaccard,0.125,8,,,4871,0.06666666666666667
bgs_topk_jaccard,0.125,8,,,4872,0.06666666666666667
bgs_topk_jaccard,0.125,8,,,4873,0.06666666666666667
bgs_topk_jaccard,0.125,8,,,4874,0.0
bgs_topk_jaccard,0.125,8,,,4875,0.0
bgs_topk_jaccard,0.125,8,,,4876,0.0
bgs_topk_jaccard,0.125,8,,,4877,0.14285714285714285
bgs_topk_jaccard,0.125,8,,,4878,0.06666666666666667
bgs_topk_jaccard,0.125,8,,,4879,0.06666666666666667
bgs_topk_jaccard,0.125,8,,,4880,0.0
bgs_topk_jaccard,0.125,8,,,4881,0.0
bgs_topk_jaccard,0.125,8,,,4882,0.06666666666666667
bgs_topk_jaccard,0.125,8,,,4883,0.0
bgs_topk_jaccard,0.125,8,,,4884,0.06666666666666667
bgs_topk_jaccard,0.125,8,,,4885,0.06666666666666667
bgs_topk_jaccard,0.125,8,,,4886,0.06666666666666667
bgs_topk_jaccard,0.125,8,,,4887,0.06666666666666667
bgs_topk_jaccard,0.125,8,,,4888,0.14285714285714285
bgs_topk_jaccard,0.125,8,,,4889,0.06666666666666667
bgs_topk_jaccard,0.125,8,,,4890,0.23076923076923078
bgs_topk_jaccard,0.125,8,,,4891,0.14285714285714285
bgs_topk_jaccard,0.125,8,,,4892,0.06666666666666667
bgs_topk_jaccard,0.125,8,,,4893,0.06666666666666667
bgs_topk_jaccard,0.125,8,,,4894,0.23076923076923078
bgs_topk_jaccard,0.125,8,,,4895,0.0
bgs_topk_jaccard,0.125,8,,,4896,0.0
bgs_topk_jaccard,0.125,8,,,4897,0.14285714285714285
bgs_topk_jaccard,0.125,8,,,4898,0.23076923076923078
bgs_topk_jaccard,0.125,8,,,4899,0.0
bgs_topk_jaccard,0.125,8,,,4900,0.0
bgs_topk_jaccard,0.125,8,,,4901,0.06666666666666667
bgs_topk_jaccard,0.125,8,,,4902,0.06666666666666667
bgs_topk_jaccard,0.125,8,,,4903,0.06666666666666667
bgs_topk_jaccard,0.125,8,,,4904,0.14285714285714285
bgs_topk_jaccard,0.125,8,,,4905,0.0
bgs_topk_jaccard,0.125,8,,,4906,0.06666666666666667
bgs_topk_jaccard,0.125,8,,,4907,0.06666666666666667
bgs_topk_jaccard,0.125,8,,,4908,0.06666666666666667
bgs_topk_jaccard,0.125,8,,,4909,0.06666666666666667
bgs_topk_jaccard,0.125,8,,,4910,0.06666666666666667
bgs_topk_jaccard,0.125,8,,,4911,0.06666666666666667
bgs_topk_jaccard,0.125,8,,,4912,0.06666666666666667
bgs_topk_jaccard,0.125,8,,,4913,0.14285714285714285
bgs_topk_jaccard,0.125,8,,,4914,0.14285714285714285
bgs_topk_jaccard,0.125,8,,,4915,0.06666666666666667
bgs_topk_jaccard,0.125,8,,,4916,0.06666666666666667
bgs_topk_jaccard,0.125,8,,,4917,0.0
bgs_topk_jaccard,0.125,8,,,4918,0.0
bgs_topk_jaccard,0.125,8,,,4919,0.06666666666666667
bgs_topk_jaccard,0.125,8,,,4920,0.06666666666666667
bgs_topk_jaccard,0.125,8,,,4921,0.06666666666666667
bgs_topk_jaccard,0.125,8,,,4922,0.0
bgs_topk_jaccard,0.125,8,,,4923,0.14285714285714285
bgs_topk_jaccard,0.125,8,,,4924,0.14285714285714285
bgs_topk_jaccard,0.125,8,,,4925,0.0
bgs_topk_jaccard,0.125,8,,,4926,0.23076923076923078
bgs_topk_jaccard,0.125,8,,,4927,0.06666666666666667
bgs_topk_jaccard,0.125,8,,,4928,0.06666666666666667
bgs_topk_jaccard,0.125,8,,,4929,0.0
bgs_topk_jaccard,0.125,8,,,4930,0.0
bgs_topk_jaccard,0.125,8,,,4931,0.14285714285714285
bgs_topk_jaccard,0.125,8,,,4932,0.06666666666666667
bgs_topk_jaccard,0.125,8,,,4933,0.06666666666666667
bgs_topk_jaccard,0.125,8,,,4934,0.06666666666666667
bgs_topk_jaccard,0.125,8,,,4935,0.06666666666666667
bgs_topk_jaccard,0.125,8,,,4936,0.14285714285714285
bgs_topk_jaccard,0.125,8,,,4937,0.0
bgs_topk_jaccard,0.125,8,,,4938,0.0
bgs_topk_jaccard,0.125,8,,,4939,0.06666666666666667
bgs_topk_jaccard,0.125,8,,,4940,0.23076923076923078
bgs_topk_jaccard,0.125,8,,,4941,0.06666666666666667
bgs_topk_jaccard,0.125,8,,,4942,0.14285714285714285
bgs_topk_jaccard,0.125,8,,,4943,0.0
bgs_topk_jaccard,0.125,8,,,4944,0.0
bgs_topk_jaccard,0.125,8,,,4945,0.06666666666666667
bgs_topk_jaccard,0.125,8,,,4946,0.06666666666666667
bgs_topk_jaccard,0.125,8,,,4947,0.06666666666666667
bgs_topk_jaccard,0.125,8,,,4948,0.06666666666666667
bgs_topk_jaccard,0.125,8,,,4949,0.0
bgs_topk_jaccard,0.125,8,,,4950,0.14285714285714285
bgs_topk_jaccard,0.125,8,,,4951,0.0
bgs_topk_jaccard,0.125,8,,,4952,0.06666666666666667
bgs_topk_jaccard,0.125,8,,,4953,0.0
bgs_topk_jaccard,0.125,8,,,4954,0.06666666666666667
bgs_topk_jaccard,0.125,8,,,4955,0.0
bgs_topk_jaccard,0.125,8,,,4956,0.06666666666666667
bgs_topk_jaccard,0.125,8,,,4957,0.06666666666666667
bgs_topk_jaccard,0.125,8,,,4958,0.0
bgs_topk_jaccard,0.125,8,,,4959,0.06666666666666667
bgs_topk_jaccard,0.125,8,,,4960,0.14285714285714285
bgs_topk_jaccard,0.125,8,,,4961,0.23076923076923078
bgs_topk_jaccard,0.125,8,,,4962,0.14285714285714285
bgs_topk_jaccard,0.125,8,,,4963,0.0
bgs_topk_jaccard,0.125,8,,,4964,0.0
bgs_topk_jaccard,0.125,8,,,4965,0.0
bgs_topk_jaccard,0.125,8,,,4966,0.06666666666666667
bgs_topk_jaccard,0.125,8,,,4967,0.14285714285714285
bgs_topk_jaccard,0.125,8,,,4968,0.23076923076923078
bgs_topk_jaccard,0.125,8,,,4969,0.06666666666666667
bgs_topk_jaccard,0.125,8,,,4970,0.0
bgs_topk_jaccard,0.125,8,,,4971,0.06666666666666667
bgs_topk_jaccard,0.125,8,,,4972,0.0
bgs_topk_jaccard,0.125,8,,,4973,0.06666666666666667
bgs_topk_jaccard,0.125,8,,,4974,0.23076923076923078
bgs_topk_jaccard,0.125,8,,,4975,0.0
bgs_topk_jaccard,0.125,8,,,4976,0.0
bgs_topk_jaccard,0.125,8,,,4977,0.0
bgs_topk_jaccard,0.125,8,,,4978,0.06666666666666667
bgs_topk_jaccard,0.125,8,,,4979,0.23076923076923078
bgs_topk_jaccard,0.125,8,,,4980,0.23076923076923078
bgs_topk_jaccard,0.125,8,,,4981,0.06666666666666667
bgs_topk_jaccard,0.125,8,,,4982,0.06666666666666667
bgs_topk_jaccard,0.125,8,,,4983,0.0
bgs_topk_jaccard,0.125,8,,,4984,0.0
bgs_topk_jaccard,0.125,8,,,4985,0.06666666666666667
bgs_topk_jaccard,0.125,8,,,4986,0.06666666666666667
bgs_topk_jaccard,0.125,8,,,4987,0.0
bgs_topk_jaccard,0.125,8,,,4988,0.0
bgs_topk_jaccard,0.125,8,,,4989,0.14285714285714285
bgs_topk_jaccard,0.125,8,,,4990,0.06666666666666667
bgs_topk_jaccard,0.125,8,,,4991,0.06666666666666667
bgs_topk_jaccard,0.125,8,,,4992,0.0
bgs_topk_jaccard,0.125,8,,,4993,0.06666666666666667
bgs_topk_jaccard,0.125,8,,,4994,0.23076923076923078
bgs_topk_jaccard,0.125,8,,,4995,0.23076923076923078
bgs_topk_jaccard,0.125,8,,,4996,0.0
bgs_topk_jaccard,0.125,8,,,4997,0.0
bgs_topk_jaccard,0.125,8,,,4998,0.06666666666666667
bgs_topk_jaccard,0.125,8,,,4999,0.0
bgs_topk_jaccard,0.25,16,,,0,0.14285714285714285
bgs_topk_jaccard,0.25,16,,,1,0.14285714285714285
bgs_topk_jaccard,0.25,16,,,2,0.10344827586206896
bgs_topk_jaccard,0.25,16,,,3,0.06666666666666667
bgs_topk_jaccard,0.25,16,,,4,0.14285714285714285
bgs_topk_jaccard,0.25,16,,,5,0.23076923076923078
bgs_topk_jaccard,0.25,16,,,6,0.14285714285714285
bgs_topk_jaccard,0.25,16,,,7,0.14285714285714285
bgs_topk_jaccard,0.25,16,,,8,0.10344827586206896
bgs_topk_jaccard,0.25,16,,,9,0.18518518518518517
bgs_topk_jaccard,0.25,16,,,10,0.14285714285714285
bgs_topk_jaccard,0.25,16,,,11,0.18518518518518517
bgs_topk_jaccard,0.25,16,,,12,0.06666666666666667
bgs_topk_jaccard,0.25,16,,,13,0.10344827586206896
bgs_topk_jaccard,0.25,16,,,14,0.14285714285714285
bgs_topk_jaccard,0.25,16,,,15,0.14285714285714285
bgs_topk_jaccard,0.25,16,,,16,0.06666666666666667
bgs_topk_jaccard,0.25,16,,,17,0.14285714285714285
bgs_topk_jaccard,0.25,16,,,18,0.18518518518518517
bgs_topk_jaccard,0.25,16,,,19,0.10344827586206896
bgs_topk_jaccard,0.25,16,,,20,0.18518518518518517
bgs_topk_jaccard,0.25,16,,,21,0.03225806451612903
bgs_topk_jaccard,0.25,16,,,22,0.14285714285714285
bgs_topk_jaccard,0.25,16,,,23,0.06666666666666667
bgs_topk_jaccard,0.25,16,,,24,0.14285714285714285
bgs_topk_jaccard,0.25,16,,,25,0.14285714285714285
bgs_topk_jaccard,0.25,16,,,26,0.10344827586206896
bgs_topk_jaccard,0.25,16,,,27,0.18518518518518517
bgs_topk_jaccard,0.25,16,,,28,0.23076923076923078
bgs_topk_jaccard,0.25,16,,,29,0.28
bgs_topk_jaccard,0.25,16,,,30,0.23076923076923078
bgs_topk_jaccard,0.25,16,,,31,0.06666666666666667
bgs_topk_jaccard,0.25,16,,,32,0.18518518518518517
bgs_topk_jaccard,0.25,16,,,33,0.14285714285714285
bgs_topk_jaccard,0.25,16,,,34,0.10344827586206896
bgs_topk_jaccard,0.25,16,,,35,0.18518518518518517
bgs_topk_jaccard,0.25,16,,,36,0.23076923076923078
bgs_topk_jaccard,0.25,16,,,37,0.18518518518518517
bgs_topk_jaccard,0.25,16,,,38,0.14285714285714285
bgs_topk_jaccard,0.25,16,,,39,0.18518518518518517
bgs_topk_jaccard,0.25,16,,,40,0.14285714285714285
bgs_topk_jaccard,0.25,16,,,41,0.18518518518518517
bgs_topk_jaccard,0.25,16,,,42,0.06666666666666667
bgs_topk_jaccard,0.25,16,,,43,0.14285714285714285
bgs_topk_jaccard,0.25,16,,,44,0.03225806451612903
bgs_topk_jaccard,0.25,16,,,45,0.18518518518518517
bgs_topk_jaccard,0.25,16,,,46,0.10344827586206896
bgs_topk_jaccard,0.25,16,,,47,0.14285714285714285
bgs_topk_jaccard,0.25,16,,,48,0.18518518518518517
bgs_topk_jaccard,0.25,16,,,49,0.18518518518518517
bgs_topk_jaccard,0.25,16,,,50,0.14285714285714285
bgs_topk_jaccard,0.25,16,,,51,0.03225806451612903
bgs_topk_jaccard,0.25,16,,,52,0.06666666666666667
bgs_topk_jaccard,0.25,16,,,53,0.14285714285714285
bgs_topk_jaccard,0.25,16,,,54,0.14285714285714285
bgs_topk_jaccard,0.25,16,,,55,0.10344827586206896
bgs_topk_jaccard,0.25,16,,,56,0.23076923076923078
bgs_topk_jaccard,0.25,16,,,57,0.23076923076923078
bgs_topk_jaccard,0.25,16,,,58,0.06666666666666667
bgs_topk_jaccard,0.25,16,,,59,0.10344827586206896
bgs_topk_jaccard,0.25,16,,,60,0.18518518518518517
bgs_topk_jaccard,0.25,16,,,61,0.06666666666666667
bgs_topk_jaccard,0.25,16,,,62,0.03225806451612903
bgs_topk_jaccard,0.25,16,,,63,0.10344827586206896
bgs_topk_jaccard,0.25,16,,,64,0.06666666666666667
bgs_topk_jaccard,0.25,16,,,65,0.14285714285714285
bgs_topk_jaccard,0.25,16,,,66,0.06666666666666667
bgs_topk_jaccard,0.25,16,,,67,0.06666666666666667
bgs_topk_jaccard,0.25,16,,,68,0.14285714285714285
bgs_topk_jaccard,0.25,16,,,69,0.14285714285714285
bgs_topk_jaccard,0.25,16,,,70,0.23076923076923078
bgs_topk_jaccard,0.25,16,,,71,0.10344827586206896
bgs_topk_jaccard,0.25,16,,,72,0.23076923076923078
bgs_topk_jaccard,0.25,16,,,73,0.18518518518518517
bgs_topk_jaccard,0.25,16,,,74,0.18518518518518517
bgs_topk_jaccard,0.25,16,,,75,0.23076923076923078
bgs_topk_jaccard,0.25,16,,,76,0.10344827586206896
bgs_topk_jaccard,0.25,16,,,77,0.03225806451612903
bgs_topk_jaccard,0.25,16,,,78,0.18518518518518517
bgs_topk_jaccard,0.25,16,,,79,0.10344827586206896
bgs_topk_jaccard,0.25,16,,,80,0.28
bgs_topk_jaccard,0.25,16,,,81,0.14285714285714285
bgs_topk_jaccard,0.25,16,,,82,0.14285714285714285
bgs_topk_jaccard,0.25,16,,,83,0.14285714285714285
bgs_topk_jaccard,0.25,16,,,84,0.06666666666666667
bgs_topk_jaccard,0.25,16,,,85,0.06666666666666667
bgs_topk_jaccard,0.25,16,,,86,0.18518518518518517
bgs_topk_jaccard,0.25,16,,,87,0.23076923076923078
bgs_topk_jaccard,0.25,16,,,88,0.06666666666666667
bgs_topk_jaccard,0.25,16,,,89,0.10344827586206896
bgs_topk_jaccard,0.25,16,,,90,0.06666666666666667
bgs_topk_jaccard,0.25,16,,,91,0.06666666666666667
bgs_topk_jaccard,0.25,16,,,92,0.23076923076923078
bgs_topk_jaccard,0.25,16,,,93,0.23076923076923078
bgs_topk_jaccard,0.25,16,,,94,0.18518518518518517
bgs_topk_jaccard,0.25,16,,,95,0.10344827586206896
bgs_topk_jaccard,0.25,16,,,96,0.18518518518518517
bgs_topk_jaccard,0.25,16,,,97,0.18518518518518517
bgs_topk_jaccard,0.25,16,,,98,0.14285714285714285
bgs_topk_jaccard,0.25,16,,,99,0.10344827586206896
bgs_topk_jaccard,0.25,16,,,100,0.10344827586206896
bgs_topk_jaccard,0.25,16,,,101,0.18518518518518517
bgs_topk_jaccard,0.25,16,,,102,0.10344827586206896
bgs_topk_jaccard,0.25,16,,,103,0.14285714285714285
bgs_topk_jaccard,0.25,16,,,104,0.06666666666666667
bgs_topk_jaccard,0.25,16,,,105,0.03225806451612903
bgs_topk_jaccard,0.25,16,,,106,0.18518518518518517
bgs_topk_jaccard,0.25,16,,,107,0.06666666666666667
bgs_topk_jaccard,0.25,16,,,108,0.18518518518518517
bgs_topk_jaccard,0.25,16,,,109,0.18518518518518517
bgs_topk_jaccard,0.25,16,,,110,0.0
bgs_topk_jaccard,0.25,16,,,111,0.10344827586206896
bgs_topk_jaccard,0.25,16,,,112,0.10344827586206896
bgs_topk_jaccard,0.25,16,,,113,0.18518518518518517
bgs_topk_jaccard,0.25,16,,,114,0.18518518518518517
bgs_topk_jaccard,0.25,16,,,115,0.14285714285714285
bgs_topk_jaccard,0.25,16,,,116,0.23076923076923078
bgs_topk_jaccard,0.25,16,,,117,0.10344827586206896
bgs_topk_jaccard,0.25,16,,,118,0.14285714285714285
bgs_topk_jaccard,0.25,16,,,119,0.10344827586206896
bgs_topk_jaccard,0.25,16,,,120,0.18518518518518517
bgs_topk_jaccard,0.25,16,,,121,0.10344827586206896
bgs_topk_jaccard,0.25,16,,,122,0.23076923076923078
bgs_topk_jaccard,0.25,16,,,123,0.18518518518518517
bgs_topk_jaccard,0.25,16,,,124,0.23076923076923078
bgs_topk_jaccard,0.25,16,,,125,0.03225806451612903
bgs_topk_jaccard,0.25,16,,,126,0.23076923076923078
bgs_topk_jaccard,0.25,16,,,127,0.14285714285714285
bgs_topk_jaccard,0.25,16,,,128,0.18518518518518517
bgs_topk_jaccard,0.25,16,,,129,0.14285714285714285
bgs_topk_jaccard,0.25,16,,,130,0.28
bgs_topk_jaccard,0.25,16,,,131,0.06666666666666667
bgs_topk_jaccard,0.25,16,,,132,0.14285714285714285
bgs_topk_jaccard,0.25,16,,,133,0.03225806451612903
bgs_topk_jaccard,0.25,16,,,134,0.10344827586206896
bgs_topk_jaccard,0.25,16,,,135,0.18518518518518517
bgs_topk_jaccard,0.25,16,,,136,0.10344827586206896
bgs_topk_jaccard,0.25,16,,,137,0.18518518518518517
bgs_topk_jaccard,0.25,16,,,138,0.10344827586206896
bgs_topk_jaccard,0.25,16,,,139,0.06666666666666667
bgs_topk_jaccard,0.25,16,,,140,0.06666666666666667
bgs_topk_jaccard,0.25,16,,,141,0.10344827586206896
bgs_topk_jaccard,0.25,16,,,142,0.23076923076923078
bgs_topk_jaccard,0.25,16,,,143,0.28
bgs_topk_jaccard,0.25,16,,,144,0.18518518518518517
bgs_topk_jaccard,0.25,16,,,145,0.18518518518518517
bgs_topk_jaccard,0.25,16,,,146,0.10344827586206896
bgs_topk_jaccard,0.25,16,,,147,0.10344827586206896
bgs_topk_jaccard,0.25,16,,,148,0.14285714285714285
bgs_topk_jaccard,0.25,16,,,149,0.23076923076923078
bgs_topk_jaccard,0.25,16,,,150,0.18518518518518517
bgs_topk_jaccard,0.25,16,,,151,0.10344827586206896
bgs_topk_jaccard,0.25,16,,,152,0.28
bgs_topk_jaccard,0.25,16,,,153,0.14285714285714285
bgs_topk_jaccard,0.25,16,,,154,0.10344827586206896
bgs_topk_jaccard,0.25,16,,,155,0.18518518518518517
bgs_topk_jaccard,0.25,16,,,156,0.10344827586206896
bgs_topk_jaccard,0.25,16,,,157,0.10344827586206896
bgs_topk_jaccard,0.25,16,,,158,0.14285714285714285
bgs_topk_jaccard,0.25,16,,,159,0.14285714285714285
bgs_topk_jaccard,0.25,16,,,160,0.14285714285714285
bgs_topk_jaccard,0.25,16,,,161,0.06666666666666667
bgs_topk_jaccard,0.25,16,,,162,0.10344827586206896
bgs_topk_jaccard,0.25,16,,,163,0.28
bgs_topk_jaccard,0.25,16,,,164,0.18518518518518517
bgs_topk_jaccard,0.25,16,,,165,0.10344827586206896
bgs_topk_jaccard,0.25,16,,,166,0.06666666666666667
bgs_topk_jaccard,0.25,16,,,167,0.18518518518518517
bgs_topk_jaccard,0.25,16,,,168,0.14285714285714285
bgs_topk_jaccard,0.25,16,,,169,0.3333333333333333
bgs_topk_jaccard,0.25,16,,,170,0.10344827586206896
bgs_topk_jaccard,0.25,16,,,171,0.14285714285714285
bgs_topk_jaccard,0.25,16,,,172,0.18518518518518517
bgs_topk_jaccard,0.25,16,,,173,0.18518518518518517
bgs_topk_jaccard,0.25,16,,,174,0.28
bgs_topk_jaccard,0.25,16,,,175,0.10344827586206896
bgs_topk_jaccard,0.25,16,,,176,0.14285714285714285
bgs_topk_jaccard,0.25,16,,,177,0.03225806451612903
bgs_topk_jaccard,0.25,16,,,178,0.3333333333333333
bgs_topk_jaccard,0.25,16,,,179,0.10344827586206896
bgs_topk_jaccard,0.25,16,,,180,0.28
bgs_topk_jaccard,0.25,16,,,181,0.3333333333333333
bgs_topk_jaccard,0.25,16,,,182,0.14285714285714285
bgs_topk_jaccard,0.25,16,,,183,0.14285714285714285
bgs_topk_jaccard,0.25,16,,,184,0.23076923076923078
bgs_topk_jaccard,0.25,16,,,185,0.14285714285714285
bgs_topk_jaccard,0.25,16,,,186,0.14285714285714285
bgs_topk_jaccard,0.25,16,,,187,0.18518518518518517
bgs_topk_jaccard,0.25,16,,,188,0.06666666666666667
bgs_topk_jaccard,0.25,16,,,189,0.14285714285714285
bgs_topk_jaccard,0.25,16,,,190,0.18518518518518517
bgs_topk_jaccard,0.25,16,,,191,0.14285714285714285
bgs_topk_jaccard,0.25,16,,,192,0.18518518518518517
bgs_topk_jaccard,0.25,16,,,193,0.18518518518518517
bgs_topk_jaccard,0.25,16,,,194,0.14285714285714285
bgs_topk_jaccard,0.25,16,,,195,0.10344827586206896
bgs_topk_jaccard,0.25,16,,,196,0.06666666666666667
bgs_topk_jaccard,0.25,16,,,197,0.14285714285714285
bgs_topk_jaccard,0.25,16,,,198,0.14285714285714285
bgs_topk_jaccard,0.25,16,,,199,0.06666666666666667
bgs_topk_jaccard,0.25,16,,,200,0.10344827586206896
bgs_topk_jaccard,0.25,16,,,201,0.28
bgs_topk_jaccard,0.25,16,,,202,0.14285714285714285
bgs_topk_jaccard,0.25,16,,,203,0.06666666666666667
bgs_topk_jaccard,0.25,16,,,204,0.23076923076923078
bgs_topk_jaccard,0.25,16,,,205,0.10344827586206896
bgs_topk_jaccard,0.25,16,,,206,0.18518518518518517
bgs_topk_jaccard,0.25,16,,,207,0.18518518518518517
bgs_topk_jaccard,0.25,16,,,208,0.18518518518518517
bgs_topk_jaccard,0.25,16,,,209,0.10344827586206896
bgs_topk_jaccard,0.25,16,,,210,0.03225806451612903
bgs_topk_jaccard,0.25,16,,,211,0.10344827586206896
bgs_topk_jaccard,0.25,16,,,212,0.23076923076923078
bgs_topk_jaccard,0.25,16,,,213,0.23076923076923078
bgs_topk_jaccard,0.25,16,,,214,0.14285714285714285
bgs_topk_jaccard,0.25,16,,,215,0.18518518518518517
bgs_topk_jaccard,0.25,16,,,216,0.06666666666666667
bgs_topk_jaccard,0.25,16,,,217,0.14285714285714285
bgs_topk_jaccard,0.25,16,,,218,0.23076923076923078
bgs_topk_jaccard,0.25,16,,,219,0.06666666666666667
bgs_topk_jaccard,0.25,16,,,220,0.14285714285714285
bgs_topk_jaccard,0.25,16,,,221,0.14285714285714285
bgs_topk_jaccard,0.25,16,,,222,0.03225806451612903
bgs_topk_jaccard,0.25,16,,,223,0.10344827586206896
bgs_topk_jaccard,0.25,16,,,224,0.23076923076923078
bgs_topk_jaccard,0.25,16,,,225,0.10344827586206896
bgs_topk_jaccard,0.25,16,,,226,0.18518518518518517
bgs_topk_jaccard,0.25,16,,,227,0.06666666666666667
bgs_topk_jaccard,0.25,16,,,228,0.18518518518518517
bgs_topk_jaccard,0.25,16,,,229,0.14285714285714285
bgs_topk_jaccard,0.25,16,,,230,0.06666666666666667
bgs_topk_jaccard,0.25,16,,,231,0.18518518518518517
bgs_topk_jaccard,0.25,16,,,232,0.14285714285714285
bgs_topk_jaccard,0.25,16,,,233,0.10344827586206896
bgs_topk_jaccard,0.25,16,,,234,0.14285714285714285
bgs_topk_jaccard,0.25,16,,,235,0.18518518518518517
bgs_topk_jaccard,0.25,16,,,236,0.23076923076923078
bgs_topk_jaccard,0.25,16,,,237,0.23076923076923078
bgs_topk_jaccard,0.25,16,,,238,0.06666666666666667
bgs_topk_jaccard,0.25,16,,,239,0.10344827586206896
bgs_topk_jaccard,0.25,16,,,240,0.10344827586206896
bgs_topk_jaccard,0.25,16,,,241,0.10344827586206896
bgs_topk_jaccard,0.25,16,,,242,0.14285714285714285
bgs_topk_jaccard,0.25,16,,,243,0.14285714285714285
bgs_topk_jaccard,0.25,16,,,244,0.18518518518518517
bgs_topk_jaccard,0.25,16,,,245,0.18518518518518517
bgs_topk_jaccard,0.25,16,,,246,0.18518518518518517
bgs_topk_jaccard,0.25,16,,,247,0.18518518518518517
bgs_topk_jaccard,0.25,16,,,248,0.23076923076923078
bgs_topk_jaccard,0.25,16,,,249,0.14285714285714285
bgs_topk_jaccard,0.25,16,,,250,0.10344827586206896
bgs_topk_jaccard,0.25,16,,,251,0.23076923076923078
bgs_topk_jaccard,0.25,16,,,252,0.23076923076923078
bgs_topk_jaccard,0.25,16,,,253,0.10344827586206896
bgs_topk_jaccard,0.25,16,,,254,0.14285714285714285
bgs_topk_jaccard,0.25,16,,,255,0.14285714285714285
bgs_topk_jaccard,0.25,16,,,256,0.18518518518518517
bgs_topk_jaccard,0.25,16,,,257,0.23076923076923078
bgs_topk_jaccard,0.25,16,,,258,0.10344827586206896
bgs_topk_jaccard,0.25,16,,,259,0.28
bgs_topk_jaccard,0.25,16,,,260,0.10344827586206896
bgs_topk_jaccard,0.25,16,,,261,0.18518518518518517
bgs_topk_jaccard,0.25,16,,,262,0.06666666666666667
bgs_topk_jaccard,0.25,16,,,263,0.10344827586206896
bgs_topk_jaccard,0.25,16,,,264,0.14285714285714285
bgs_topk_jaccard,0.25,16,,,265,0.23076923076923078
bgs_topk_jaccard,0.25,16,,,266,0.14285714285714285
bgs_topk_jaccard,0.25,16,,,267,0.10344827586206896
bgs_topk_jaccard,0.25,16,,,268,0.14285714285714285
bgs_topk_jaccard,0.25,16,,,269,0.23076923076923078
bgs_topk_jaccard,0.25,16,,,270,0.18518518518518517
bgs_topk_jaccard,0.25,16,,,271,0.18518518518518517
bgs_topk_jaccard,0.25,16,,,272,0.23076923076923078
bgs_topk_jaccard,0.25,16,,,273,0.18518518518518517
bgs_topk_jaccard,0.25,16,,,274,0.10344827586206896
bgs_topk_jaccard,0.25,16,,,275,0.06666666666666667
bgs_topk_jaccard,0.25,16,,,276,0.14285714285714285
bgs_topk_jaccard,0.25,16,,,277,0.14285714285714285
bgs_topk_jaccard,0.25,16,,,278,0.14285714285714285
bgs_topk_jaccard,0.25,16,,,279,0.10344827586206896
bgs_topk_jaccard,0.25,16,,,280,0.14285714285714285
bgs_topk_jaccard,0.25,16,,,281,0.28
bgs_topk_jaccard,0.25,16,,,282,0.10344827586206896
bgs_topk_jaccard,0.25,16,,,283,0.18518518518518517
bgs_topk_jaccard,0.25,16,,,284,0.06666666666666667
bgs_topk_jaccard,0.25,16,,,285,0.18518518518518517
bgs_topk_jaccard,0.25,16,,,286,0.14285714285714285
bgs_topk_jaccard,0.25,16,,,287,0.14285714285714285
bgs_topk_jaccard,0.25,16,,,288,0.14285714285714285
bgs_topk_jaccard,0.25,16,,,289,0.23076923076923078
bgs_topk_jaccard,0.25,16,,,290,0.18518518518518517
bgs_topk_jaccard,0.25,16,,,291,0.14285714285714285
bgs_topk_jaccard,0.25,16,,,292,0.18518518518518517
bgs_topk_jaccard,0.25,16,,,293,0.18518518518518517
bgs_topk_jaccard,0.25,16,,,294,0.06666666666666667
bgs_topk_jaccard,0.25,16,,,295,0.14285714285714285
bgs_topk_jaccard,0.25,16,,,296,0.14285714285714285
bgs_topk_jaccard,0.25,16,,,297,0.10344827586206896
bgs_topk_jaccard,0.25,16,,,298,0.06666666666666667
bgs_topk_jaccard,0.25,16,,,299,0.06666666666666667
bgs_topk_jaccard,0.25,16,,,300,0.391304347826087
bgs_topk_jaccard,0.25,16,,,301,0.23076923076923078
bgs_topk_jaccard,0.25,16,,,302,0.18518518518518517
bgs_topk_jaccard,0.25,16,,,303,0.18518518518518517
bgs_topk_jaccard,0.25,16,,,304,0.14285714285714285
bgs_topk_jaccard,0.25,16,,,305,0.18518518518518517
bgs_topk_jaccard,0.25,16,,,306,0.06666666666666667
bgs_topk_jaccard,0.25,16,,,307,0.18518518518518517
bgs_topk_jaccard,0.25,16,,,308,0.03225806451612903
bgs_topk_jaccard,0.25,16,,,309,0.06666666666666667
bgs_topk_jaccard,0.25,16,,,310,0.14285714285714285
bgs_topk_jaccard,0.25,16,,,311,0.18518518518518517
bgs_topk_jaccard,0.25,16,,,312,0.06666666666666667
bgs_topk_jaccard,0.25,16,,,313,0.14285714285714285
bgs_topk_jaccard,0.25,16,,,314,0.03225806451612903
bgs_topk_jaccard,0.25,16,,,315,0.10344827586206896
bgs_topk_jaccard,0.25,16,,,316,0.18518518518518517
bgs_topk_jaccard,0.25,16,,,317,0.10344827586206896
bgs_topk_jaccard,0.25,16,,,318,0.06666666666666667
bgs_topk_jaccard,0.25,16,,,319,0.06666666666666667
bgs_topk_jaccard,0.25,16,,,320,0.14285714285714285
bgs_topk_jaccard,0.25,16,,,321,0.14285714285714285
bgs_topk_jaccard,0.25,16,,,322,0.18518518518518517
bgs_topk_jaccard,0.25,16,,,323,0.10344827586206896
bgs_topk_jaccard,0.25,16,,,324,0.14285714285714285
bgs_topk_jaccard,0.25,16,,,325,0.10344827586206896
bgs_topk_jaccard,0.25,16,,,326,0.18518518518518517
bgs_topk_jaccard,0.25,16,,,327,0.14285714285714285
bgs_topk_jaccard,0.25,16,,,328,0.10344827586206896
bgs_topk_jaccard,0.25,16,,,329,0.10344827586206896
bgs_topk_jaccard,0.25,16,,,330,0.23076923076923078
bgs_topk_jaccard,0.25,16,,,331,0.03225806451612903
bgs_topk_jaccard,0.25,16,,,332,0.14285714285714285
bgs_topk_jaccard,0.25,16,,,333,0.18518518518518517
bgs_topk_jaccard,0.25,16,,,334,0.14285714285714285
bgs_topk_jaccard,0.25,16,,,335,0.18518518518518517
bgs_topk_jaccard,0.25,16,,,336,0.18518518518518517
bgs_topk_jaccard,0.25,16,,,337,0.10344827586206896
bgs_topk_jaccard,0.25,16,,,338,0.14285714285714285
bgs_topk_jaccard,0.25,16,,,339,0.0
bgs_topk_jaccard,0.25,16,,,340,0.14285714285714285
bgs_topk_jaccard,0.25,16,,,341,0.10344827586206896
bgs_topk_jaccard,0.25,16,,,342,0.14285714285714285
bgs_topk_jaccard,0.25,16,,,343,0.14285714285714285
bgs_topk_jaccard,0.25,16,,,344,0.06666666666666667
bgs_topk_jaccard,0.25,16,,,345,0.06666666666666667
bgs_topk_jaccard,0.25,16,,,346,0.18518518518518517
bgs_topk_jaccard,0.25,16,,,347,0.18518518518518517
bgs_topk_jaccard,0.25,16,,,348,0.06666666666666667
bgs_topk_jaccard,0.25,16,,,349,0.06666666666666667
bgs_topk_jaccard,0.25,16,,,350,0.14285714285714285
bgs_topk_jaccard,0.25,16,,,351,0.14285714285714285
bgs_topk_jaccard,0.25,16,,,352,0.28
bgs_topk_jaccard,0.25,16,,,353,0.18518518518518517
bgs_topk_jaccard,0.25,16,,,354,0.03225806451612903
bgs_topk_jaccard,0.25,16,,,355,0.14285714285714285
bgs_topk_jaccard,0.25,16,,,356,0.28
bgs_topk_jaccard,0.25,16,,,357,0.18518518518518517
bgs_topk_jaccard,0.25,16,,,358,0.10344827586206896
bgs_topk_jaccard,0.25,16,,,359,0.3333333333333333
bgs_topk_jaccard,0.25,16,,,360,0.18518518518518517
bgs_topk_jaccard,0.25,16,,,361,0.28
bgs_topk_jaccard,0.25,16,,,362,0.18518518518518517
bgs_topk_jaccard,0.25,16,,,363,0.10344827586206896
bgs_topk_jaccard,0.25,16,,,364,0.23076923076923078
bgs_topk_jaccard,0.25,16,,,365,0.14285714285714285
bgs_topk_jaccard,0.25,16,,,366,0.06666666666666667
bgs_topk_jaccard,0.25,16,,,367,0.14285714285714285
bgs_topk_jaccard,0.25,16,,,368,0.28
bgs_topk_jaccard,0.25,16,,,369,0.10344827586206896
bgs_topk_jaccard,0.25,16,,,370,0.06666666666666667
bgs_topk_jaccard,0.25,16,,,371,0.23076923076923078
bgs_topk_jaccard,0.25,16,,,372,0.06666666666666667
bgs_topk_jaccard,0.25,16,,,373,0.10344827586206896
bgs_topk_jaccard,0.25,16,,,374,0.06666666666666667
bgs_topk_jaccard,0.25,16,,,375,0.14285714285714285
bgs_topk_jaccard,0.25,16,,,376,0.28
bgs_topk_jaccard,0.25,16,,,377,0.06666666666666667
bgs_topk_jaccard,0.25,16,,,378,0.18518518518518517
bgs_topk_jaccard,0.25,16,,,379,0.14285714285714285
bgs_topk_jaccard,0.25,16,,,380,0.18518518518518517
bgs_topk_jaccard,0.25,16,,,381,0.23076923076923078
bgs_topk_jaccard,0.25,16,,,382,0.10344827586206896
bgs_topk_jaccard,0.25,16,,,383,0.10344827586206896
bgs_topk_jaccard,0.25,16,,,384,0.10344827586206896
bgs_topk_jaccard,0.25,16,,,385,0.14285714285714285
bgs_topk_jaccard,0.25,16,,,386,0.18518518518518517
bgs_topk_jaccard,0.25,16,,,387,0.14285714285714285
bgs_topk_jaccard,0.25,16,,,388,0.10344827586206896
bgs_topk_jaccard,0.25,16,,,389,0.03225806451612903
bgs_topk_jaccard,0.25,16,,,390,0.28
bgs_topk_jaccard,0.25,16,,,391,0.18518518518518517
bgs_topk_jaccard,0.25,16,,,392,0.14285714285714285
bgs_topk_jaccard,0.25,16,,,393,0.23076923076923078
bgs_topk_jaccard,0.25,16,,,394,0.06666666666666667
bgs_topk_jaccard,0.25,16,,,395,0.10344827586206896
bgs_topk_jaccard,0.25,16,,,396,0.23076923076923078
bgs_topk_jaccard,0.25,16,,,397,0.18518518518518517
bgs_topk_jaccard,0.25,16,,,398,0.10344827586206896
bgs_topk_jaccard,0.25,16,,,399,0.391304347826087
bgs_topk_jaccard,0.25,16,,,400,0.14285714285714285
bgs_topk_jaccard,0.25,16,,,401,0.10344827586206896
bgs_topk_jaccard,0.25,16,,,402,0.10344827586206896
bgs_topk_jaccard,0.25,16,,,403,0.10344827586206896
bgs_topk_jaccard,0.25,16,,,404,0.06666666666666667
bgs_topk_jaccard,0.25,16,,,405,0.18518518518518517
bgs_topk_jaccard,0.25,16,,,406,0.10344827586206896
bgs_topk_jaccard,0.25,16,,,407,0.10344827586206896
bgs_topk_jaccard,0.25,16,,,408,0.23076923076923078
bgs_topk_jaccard,0.25,16,,,409,0.10344827586206896
bgs_topk_jaccard,0.25,16,,,410,0.06666666666666667
bgs_topk_jaccard,0.25,16,,,411,0.18518518518518517
bgs_topk_jaccard,0.25,16,,,412,0.14285714285714285
bgs_topk_jaccard,0.25,16,,,413,0.23076923076923078
bgs_topk_jaccard,0.25,16,,,414,0.14285714285714285
bgs_topk_jaccard,0.25,16,,,415,0.14285714285714285
bgs_topk_jaccard,0.25,16,,,416,0.10344827586206896
bgs_topk_jaccard,0.25,16,,,417,0.18518518518518517
bgs_topk_jaccard,0.25,16,,,418,0.06666666666666667
bgs_topk_jaccard,0.25,16,,,419,0.06666666666666667
bgs_topk_jaccard,0.25,16,,,420,0.03225806451612903
bgs_topk_jaccard,0.25,16,,,421,0.10344827586206896
bgs_topk_jaccard,0.25,16,,,422,0.18518518518518517
bgs_topk_jaccard,0.25,16,,,423,0.18518518518518517
bgs_topk_jaccard,0.25,16,,,424,0.18518518518518517
bgs_topk_jaccard,0.25,16,,,425,0.14285714285714285
bgs_topk_jaccard,0.25,16,,,426,0.10344827586206896
bgs_topk_jaccard,0.25,16,,,427,0.06666666666666667
bgs_topk_jaccard,0.25,16,,,428,0.18518518518518517
bgs_topk_jaccard,0.25,16,,,429,0.23076923076923078
bgs_topk_jaccard,0.25,16,,,430,0.10344827586206896
bgs_topk_jaccard,0.25,16,,,431,0.14285714285714285
bgs_topk_jaccard,0.25,16,,,432,0.10344827586206896
bgs_topk_jaccard,0.25,16,,,433,0.06666666666666667
bgs_topk_jaccard,0.25,16,,,434,0.06666666666666667
bgs_topk_jaccard,0.25,16,,,435,0.18518518518518517
bgs_topk_jaccard,0.25,16,,,436,0.14285714285714285
bgs_topk_jaccard,0.25,16,,,437,0.06666666666666667
bgs_topk_jaccard,0.25,16,,,438,0.14285714285714285
bgs_topk_jaccard,0.25,16,,,439,0.18518518518518517
bgs_topk_jaccard,0.25,16,,,440,0.10344827586206896
bgs_topk_jaccard,0.25,16,,,441,0.03225806451612903
bgs_topk_jaccard,0.25,16,,,442,0.14285714285714285
bgs_topk_jaccard,0.25,16,,,443,0.10344827586206896
bgs_topk_jaccard,0.25,16,,,444,0.14285714285714285
bgs_topk_jaccard,0.25,16,,,445,0.18518518518518517
bgs_topk_jaccard,0.25,16,,,446,0.06666666666666667
bgs_topk_jaccard,0.25,16,,,447,0.18518518518518517
bgs_topk_jaccard,0.25,16,,,448,0.18518518518518517
bgs_topk_jaccard,0.25,16,,,449,0.28
bgs_topk_jaccard,0.25,16,,,450,0.23076923076923078
bgs_topk_jaccard,0.25,16,,,451,0.03225806451612903
bgs_topk_jaccard,0.25,16,,,452,0.14285714285714285
bgs_topk_jaccard,0.25,16,,,453,0.06666666666666667
bgs_topk_jaccard,0.25,16,,,454,0.14285714285714285
bgs_topk_jaccard,0.25,16,,,455,0.10344827586206896
bgs_topk_jaccard,0.25,16,,,456,0.10344827586206896
bgs_topk_jaccard,0.25,16,,,457,0.23076923076923078
bgs_topk_jaccard,0.25,16,,,458,0.18518518518518517
bgs_topk_jaccard,0.25,16,,,459,0.06666666666666667
bgs_topk_jaccard,0.25,16,,,460,0.14285714285714285
bgs_topk_jaccard,0.25,16,,,461,0.14285714285714285
bgs_topk_jaccard,0.25,16,,,462,0.10344827586206896
bgs_topk_jaccard,0.25,16,,,463,0.14285714285714285
bgs_topk_jaccard,0.25,16,,,464,0.18518518518518517
bgs_topk_jaccard,0.25,16,,,465,0.14285714285714285
bgs_topk_jaccard,0.25,16,,,466,0.06666666666666667
bgs_topk_jaccard,0.25,16,,,467,0.23076923076923078
bgs_topk_jaccard,0.25,16,,,468,0.10344827586206896
bgs_topk_jaccard,0.25,16,,,469,0.14285714285714285
bgs_topk_jaccard,0.25,16,,,470,0.14285714285714285
bgs_topk_jaccard,0.25,16,,,471,0.18518518518518517
bgs_topk_jaccard,0.25,16,,,472,0.10344827586206896
bgs_topk_jaccard,0.25,16,,,473,0.06666666666666667
bgs_topk_jaccard,0.25,16,,,474,0.23076923076923078
bgs_topk_jaccard,0.25,16,,,475,0.14285714285714285
bgs_topk_jaccard,0.25,16,,,476,0.18518518518518517
bgs_topk_jaccard,0.25,16,,,477,0.18518518518518517
bgs_topk_jaccard,0.25,16,,,478,0.10344827586206896
bgs_topk_jaccard,0.25,16,,,479,0.06666666666666667
bgs_topk_jaccard,0.25,16,,,480,0.14285714285714285
bgs_topk_jaccard,0.25,16,,,481,0.06666666666666667
bgs_topk_jaccard,0.25,16,,,482,0.14285714285714285
bgs_topk_jaccard,0.25,16,,,483,0.10344827586206896
bgs_topk_jaccard,0.25,16,,,484,0.10344827586206896
bgs_topk_jaccard,0.25,16,,,485,0.10344827586206896
bgs_topk_jaccard,0.25,16,,,486,0.10344827586206896
bgs_topk_jaccard,0.25,16,,,487,0.14285714285714285
bgs_topk_jaccard,0.25,16,,,488,0.14285714285714285
bgs_topk_jaccard,0.25,16,,,489,0.10344827586206896
bgs_topk_jaccard,0.25,16,,,490,0.18518518518518517
bgs_topk_jaccard,0.25,16,,,491,0.10344827586206896
bgs_topk_jaccard,0.25,16,,,492,0.18518518518518517
bgs_topk_jaccard,0.25,16,,,493,0.18518518518518517
bgs_topk_jaccard,0.25,16,,,494,0.10344827586206896
bgs_topk_jaccard,0.25,16,,,495,0.18518518518518517
bgs_topk_jaccard,0.25,16,,,496,0.03225806451612903
bgs_topk_jaccard,0.25,16,,,497,0.06666666666666667
bgs_topk_jaccard,0.25,16,,,498,0.14285714285714285
bgs_topk_jaccard,0.25,16,,,499,0.18518518518518517
bgs_topk_jaccard,0.25,16,,,500,0.28
bgs_topk_jaccard,0.25,16,,,501,0.14285714285714285
bgs_topk_jaccard,0.25,16,,,502,0.3333333333333333
bgs_topk_jaccard,0.25,16,,,503,0.14285714285714285
bgs_topk_jaccard,0.25,16,,,504,0.06666666666666667
bgs_topk_jaccard,0.25,16,,,505,0.06666666666666667
bgs_topk_jaccard,0.25,16,,,506,0.18518518518518517
bgs_topk_jaccard,0.25,16,,,507,0.18518518518518517
bgs_topk_jaccard,0.25,16,,,508,0.06666666666666667
bgs_topk_jaccard,0.25,16,,,509,0.10344827586206896
bgs_topk_jaccard,0.25,16,,,510,0.14285714285714285
bgs_topk_jaccard,0.25,16,,,511,0.28
bgs_topk_jaccard,0.25,16,,,512,0.06666666666666667
bgs_topk_jaccard,0.25,16,,,513,0.10344827586206896
bgs_topk_jaccard,0.25,16,,,514,0.18518518518518517
bgs_topk_jaccard,0.25,16,,,515,0.18518518518518517
bgs_topk_jaccard,0.25,16,,,516,0.10344827586206896
bgs_topk_jaccard,0.25,16,,,517,0.14285714285714285
bgs_topk_jaccard,0.25,16,,,518,0.10344827586206896
bgs_topk_jaccard,0.25,16,,,519,0.10344827586206896
bgs_topk_jaccard,0.25,16,,,520,0.06666666666666667
bgs_topk_jaccard,0.25,16,,,521,0.14285714285714285
bgs_topk_jaccard,0.25,16,,,522,0.10344827586206896
bgs_topk_jaccard,0.25,16,,,523,0.14285714285714285
bgs_topk_jaccard,0.25,16,,,524,0.06666666666666667
bgs_topk_jaccard,0.25,16,,,525,0.18518518518518517
bgs_topk_jaccard,0.25,16,,,526,0.06666666666666667
bgs_topk_jaccard,0.25,16,,,527,0.10344827586206896
bgs_topk_jaccard,0.25,16,,,528,0.14285714285714285
bgs_topk_jaccard,0.25,16,,,529,0.23076923076923078
bgs_topk_jaccard,0.25,16,,,530,0.14285714285714285
bgs_topk_jaccard,0.25,16,,,531,0.23076923076923078
bgs_topk_jaccard,0.25,16,,,532,0.18518518518518517
bgs_topk_jaccard,0.25,16,,,533,0.18518518518518517
bgs_topk_jaccard,0.25,16,,,534,0.18518518518518517
bgs_topk_jaccard,0.25,16,,,535,0.10344827586206896
bgs_topk_jaccard,0.25,16,,,536,0.3333333333333333
bgs_topk_jaccard,0.25,16,,,537,0.03225806451612903
bgs_topk_jaccard,0.25,16,,,538,0.14285714285714285
bgs_topk_jaccard,0.25,16,,,539,0.23076923076923078
bgs_topk_jaccard,0.25,16,,,540,0.06666666666666667
bgs_topk_jaccard,0.25,16,,,541,0.10344827586206896
bgs_topk_jaccard,0.25,16,,,542,0.14285714285714285
bgs_topk_jaccard,0.25,16,,,543,0.03225806451612903
bgs_topk_jaccard,0.25,16,,,544,0.23076923076923078
bgs_topk_jaccard,0.25,16,,,545,0.14285714285714285
bgs_topk_jaccard,0.25,16,,,546,0.06666666666666667
bgs_topk_jaccard,0.25,16,,,547,0.18518518518518517
bgs_topk_jaccard,0.25,16,,,548,0.10344827586206896
bgs_topk_jaccard,0.25,16,,,549,0.10344827586206896
bgs_topk_jaccard,0.25,16,,,550,0.18518518518518517
bgs_topk_jaccard,0.25,16,,,551,0.18518518518518517
bgs_topk_jaccard,0.25,16,,,552,0.10344827586206896
bgs_topk_jaccard,0.25,16,,,553,0.14285714285714285
bgs_topk_jaccard,0.25,16,,,554,0.23076923076923078
bgs_topk_jaccard,0.25,16,,,555,0.14285714285714285
bgs_topk_jaccard,0.25,16,,,556,0.10344827586206896
bgs_topk_jaccard,0.25,16,,,557,0.06666666666666667
bgs_topk_jaccard,0.25,16,,,558,0.23076923076923078
bgs_topk_jaccard,0.25,16,,,559,0.10344827586206896
bgs_topk_jaccard,0.25,16,,,560,0.18518518518518517
bgs_topk_jaccard,0.25,16,,,561,0.10344827586206896
bgs_topk_jaccard,0.25,16,,,562,0.10344827586206896
bgs_topk_jaccard,0.25,16,,,563,0.10344827586206896
bgs_topk_jaccard,0.25,16,,,564,0.14285714285714285
bgs_topk_jaccard,0.25,16,,,565,0.06666666666666667
bgs_topk_jaccard,0.25,16,,,566,0.06666666666666667
bgs_topk_jaccard,0.25,16,,,567,0.10344827586206896
bgs_topk_jaccard,0.25,16,,,568,0.10344827586206896
bgs_topk_jaccard,0.25,16,,,569,0.14285714285714285
bgs_topk_jaccard,0.25,16,,,570,0.10344827586206896
bgs_topk_jaccard,0.25,16,,,571,0.23076923076923078
bgs_topk_jaccard,0.25,16,,,572,0.18518518518518517
bgs_topk_jaccard,0.25,16,,,573,0.06666666666666667
bgs_topk_jaccard,0.25,16,,,574,0.10344827586206896
bgs_topk_jaccard,0.25,16,,,575,0.10344827586206896
bgs_topk_jaccard,0.25,16,,,576,0.28
bgs_topk_jaccard,0.25,16,,,577,0.10344827586206896
bgs_topk_jaccard,0.25,16,,,578,0.18518518518518517
bgs_topk_jaccard,0.25,16,,,579,0.06666666666666667
bgs_topk_jaccard,0.25,16,,,580,0.14285714285714285
bgs_topk_jaccard,0.25,16,,,581,0.14285714285714285
bgs_topk_jaccard,0.25,16,,,582,0.03225806451612903
bgs_topk_jaccard,0.25,16,,,583,0.14285714285714285
bgs_topk_jaccard,0.25,16,,,584,0.06666666666666667
bgs_topk_jaccard,0.25,16,,,585,0.18518518518518517
bgs_topk_jaccard,0.25,16,,,586,0.18518518518518517
bgs_topk_jaccard,0.25,16,,,587,0.18518518518518517
bgs_topk_jaccard,0.25,16,,,588,0.06666666666666667
bgs_topk_jaccard,0.25,16,,,589,0.18518518518518517
bgs_topk_jaccard,0.25,16,,,590,0.28
bgs_topk_jaccard,0.25,16,,,591,0.14285714285714285
bgs_topk_jaccard,0.25,16,,,592,0.14285714285714285
bgs_topk_jaccard,0.25,16,,,593,0.18518518518518517
bgs_topk_jaccard,0.25,16,,,594,0.28
bgs_topk_jaccard,0.25,16,,,595,0.14285714285714285
bgs_topk_jaccard,0.25,16,,,596,0.10344827586206896
bgs_topk_jaccard,0.25,16,,,597,0.18518518518518517
bgs_topk_jaccard,0.25,16,,,598,0.14285714285714285
bgs_topk_jaccard,0.25,16,,,599,0.06666666666666667
bgs_topk_jaccard,0.25,16,,,600,0.18518518518518517
bgs_topk_jaccard,0.25,16,,,601,0.28
bgs_topk_jaccard,0.25,16,,,602,0.14285714285714285
bgs_topk_jaccard,0.25,16,,,603,0.14285714285714285
bgs_topk_jaccard,0.25,16,,,604,0.14285714285714285
bgs_topk_jaccard,0.25,16,,,605,0.10344827586206896
bgs_topk_jaccard,0.25,16,,,606,0.3333333333333333
bgs_topk_jaccard,0.25,16,,,607,0.06666666666666667
bgs_topk_jaccard,0.25,16,,,608,0.10344827586206896
bgs_topk_jaccard,0.25,16,,,609,0.18518518518518517
bgs_topk_jaccard,0.25,16,,,610,0.06666666666666667
bgs_topk_jaccard,0.25,16,,,611,0.14285714285714285
bgs_topk_jaccard,0.25,16,,,612,0.06666666666666667
bgs_topk_jaccard,0.25,16,,,613,0.23076923076923078
bgs_topk_jaccard,0.25,16,,,614,0.18518518518518517
bgs_topk_jaccard,0.25,16,,,615,0.10344827586206896
bgs_topk_jaccard,0.25,16,,,616,0.18518518518518517
bgs_topk_jaccard,0.25,16,,,617,0.28
bgs_topk_jaccard,0.25,16,,,618,0.23076923076923078
bgs_topk_jaccard,0.25,16,,,619,0.10344827586206896
bgs_topk_jaccard,0.25,16,,,620,0.14285714285714285
bgs_topk_jaccard,0.25,16,,,621,0.06666666666666667
bgs_topk_jaccard,0.25,16,,,622,0.18518518518518517
bgs_topk_jaccard,0.25,16,,,623,0.10344827586206896
bgs_topk_jaccard,0.25,16,,,624,0.10344827586206896
bgs_topk_jaccard,0.25,16,,,625,0.14285714285714285
bgs_topk_jaccard,0.25,16,,,626,0.18518518518518517
bgs_topk_jaccard,0.25,16,,,627,0.23076923076923078
bgs_topk_jaccard,0.25,16,,,628,0.18518518518518517
bgs_topk_jaccard,0.25,16,,,629,0.06666666666666667
bgs_topk_jaccard,0.25,16,,,630,0.18518518518518517
bgs_topk_jaccard,0.25,16,,,631,0.06666666666666667
bgs_topk_jaccard,0.25,16,,,632,0.23076923076923078
bgs_topk_jaccard,0.25,16,,,633,0.18518518518518517
bgs_topk_jaccard,0.25,16,,,634,0.18518518518518517
bgs_topk_jaccard,0.25,16,,,635,0.23076923076923078
bgs_topk_jaccard,0.25,16,,,636,0.23076923076923078
bgs_topk_jaccard,0.25,16,,,637,0.0
bgs_topk_jaccard,0.25,16,,,638,0.10344827586206896
bgs_topk_jaccard,0.25,16,,,639,0.10344827586206896
bgs_topk_jaccard,0.25,16,,,640,0.06666666666666667
bgs_topk_jaccard,0.25,16,,,641,0.06666666666666667
bgs_topk_jaccard,0.25,16,,,642,0.18518518518518517
bgs_topk_jaccard,0.25,16,,,643,0.0
bgs_topk_jaccard,0.25,16,,,644,0.03225806451612903
bgs_topk_jaccard,0.25,16,,,645,0.18518518518518517
bgs_topk_jaccard,0.25,16,,,646,0.23076923076923078
bgs_topk_jaccard,0.25,16,,,647,0.18518518518518517
bgs_topk_jaccard,0.25,16,,,648,0.3333333333333333
bgs_topk_jaccard,0.25,16,,,649,0.10344827586206896
bgs_topk_jaccard,0.25,16,,,650,0.14285714285714285
bgs_topk_jaccard,0.25,16,,,651,0.06666666666666667
bgs_topk_jaccard,0.25,16,,,652,0.18518518518518517
bgs_topk_jaccard,0.25,16,,,653,0.14285714285714285
bgs_topk_jaccard,0.25,16,,,654,0.10344827586206896
bgs_topk_jaccard,0.25,16,,,655,0.3333333333333333
bgs_topk_jaccard,0.25,16,,,656,0.06666666666666667
bgs_topk_jaccard,0.25,16,,,657,0.18518518518518517
bgs_topk_jaccard,0.25,16,,,658,0.14285714285714285
bgs_topk_jaccard,0.25,16,,,659,0.14285714285714285
bgs_topk_jaccard,0.25,16,,,660,0.06666666666666667
bgs_topk_jaccard,0.25,16,,,661,0.14285714285714285
bgs_topk_jaccard,0.25,16,,,662,0.10344827586206896
bgs_topk_jaccard,0.25,16,,,663,0.14285714285714285
bgs_topk_jaccard,0.25,16,,,664,0.06666666666666667
bgs_topk_jaccard,0.25,16,,,665,0.18518518518518517
bgs_topk_jaccard,0.25,16,,,666,0.14285714285714285
bgs_topk_jaccard,0.25,16,,,667,0.23076923076923078
bgs_topk_jaccard,0.25,16,,,668,0.14285714285714285
bgs_topk_jaccard,0.25,16,,,669,0.06666666666666667
bgs_topk_jaccard,0.25,16,,,670,0.14285714285714285
bgs_topk_jaccard,0.25,16,,,671,0.23076923076923078
bgs_topk_jaccard,0.25,16,,,672,0.14285714285714285
bgs_topk_jaccard,0.25,16,,,673,0.06666666666666667
bgs_topk_jaccard,0.25,16,,,674,0.18518518518518517
bgs_topk_jaccard,0.25,16,,,675,0.06666666666666667
bgs_topk_jaccard,0.25,16,,,676,0.18518518518518517
bgs_topk_jaccard,0.25,16,,,677,0.0
bgs_topk_jaccard,0.25,16,,,678,0.23076923076923078
bgs_topk_jaccard,0.25,16,,,679,0.3333333333333333
bgs_topk_jaccard,0.25,16,,,680,0.10344827586206896
bgs_topk_jaccard,0.25,16,,,681,0.14285714285714285
bgs_topk_jaccard,0.25,16,,,682,0.23076923076923078
bgs_topk_jaccard,0.25,16,,,683,0.06666666666666667
bgs_topk_jaccard,0.25,16,,,684,0.23076923076923078
bgs_topk_jaccard,0.25,16,,,685,0.10344827586206896
bgs_topk_jaccard,0.25,16,,,686,0.18518518518518517
bgs_topk_jaccard,0.25,16,,,687,0.18518518518518517
bgs_topk_jaccard,0.25,16,,,688,0.10344827586206896
bgs_topk_jaccard,0.25,16,,,689,0.28
bgs_topk_jaccard,0.25,16,,,690,0.14285714285714285
bgs_topk_jaccard,0.25,16,,,691,0.14285714285714285
bgs_topk_jaccard,0.25,16,,,692,0.14285714285714285
bgs_topk_jaccard,0.25,16,,,693,0.18518518518518517
bgs_topk_jaccard,0.25,16,,,694,0.10344827586206896
bgs_topk_jaccard,0.25,16,,,695,0.10344827586206896
bgs_topk_jaccard,0.25,16,,,696,0.18518518518518517
bgs_topk_jaccard,0.25,16,,,697,0.06666666666666667
bgs_topk_jaccard,0.25,16,,,698,0.14285714285714285
bgs_topk_jaccard,0.25,16,,,699,0.18518518518518517
bgs_topk_jaccard,0.25,16,,,700,0.23076923076923078
bgs_topk_jaccard,0.25,16,,,701,0.06666666666666667
bgs_topk_jaccard,0.25,16,,,702,0.23076923076923078
bgs_topk_jaccard,0.25,16,,,703,0.14285714285714285
bgs_topk_jaccard,0.25,16,,,704,0.23076923076923078
bgs_topk_jaccard,0.25,16,,,705,0.06666666666666667
bgs_topk_jaccard,0.25,16,,,706,0.14285714285714285
bgs_topk_jaccard,0.25,16,,,707,0.28
bgs_topk_jaccard,0.25,16,,,708,0.23076923076923078
bgs_topk_jaccard,0.25,16,,,709,0.18518518518518517
bgs_topk_jaccard,0.25,16,,,710,0.10344827586206896
bgs_topk_jaccard,0.25,16,,,711,0.03225806451612903
bgs_topk_jaccard,0.25,16,,,712,0.10344827586206896
bgs_topk_jaccard,0.25,16,,,713,0.03225806451612903
bgs_topk_jaccard,0.25,16,,,714,0.10344827586206896
bgs_topk_jaccard,0.25,16,,,715,0.06666666666666667
bgs_topk_jaccard,0.25,16,,,716,0.18518518518518517
bgs_topk_jaccard,0.25,16,,,717,0.14285714285714285
bgs_topk_jaccard,0.25,16,,,718,0.14285714285714285
bgs_topk_jaccard,0.25,16,,,719,0.23076923076923078
bgs_topk_jaccard,0.25,16,,,720,0.18518518518518517
bgs_topk_jaccard,0.25,16,,,721,0.14285714285714285
bgs_topk_jaccard,0.25,16,,,722,0.18518518518518517
bgs_topk_jaccard,0.25,16,,,723,0.10344827586206896
bgs_topk_jaccard,0.25,16,,,724,0.14285714285714285
bgs_topk_jaccard,0.25,16,,,725,0.03225806451612903
bgs_topk_jaccard,0.25,16,,,726,0.10344827586206896
bgs_topk_jaccard,0.25,16,,,727,0.23076923076923078
bgs_topk_jaccard,0.25,16,,,728,0.10344827586206896
bgs_topk_jaccard,0.25,16,,,729,0.10344827586206896
bgs_topk_jaccard,0.25,16,,,730,0.18518518518518517
bgs_topk_jaccard,0.25,16,,,731,0.18518518518518517
bgs_topk_jaccard,0.25,16,,,732,0.23076923076923078
bgs_topk_jaccard,0.25,16,,,733,0.10344827586206896
bgs_topk_jaccard,0.25,16,,,734,0.10344827586206896
bgs_topk_jaccard,0.25,16,,,735,0.18518518518518517
bgs_topk_jaccard,0.25,16,,,736,0.18518518518518517
bgs_topk_jaccard,0.25,16,,,737,0.10344827586206896
bgs_topk_jaccard,0.25,16,,,738,0.18518518518518517
bgs_topk_jaccard,0.25,16,,,739,0.23076923076923078
bgs_topk_jaccard,0.25,16,,,740,0.14285714285714285
bgs_topk_jaccard,0.25,16,,,741,0.23076923076923078
bgs_topk_jaccard,0.25,16,,,742,0.10344827586206896
bgs_topk_jaccard,0.25,16,,,743,0.14285714285714285
bgs_topk_jaccard,0.25,16,,,744,0.14285714285714285
bgs_topk_jaccard,0.25,16,,,745,0.10344827586206896
bgs_topk_jaccard,0.25,16,,,746,0.18518518518518517
bgs_topk_jaccard,0.25,16,,,747,0.14285714285714285
bgs_topk_jaccard,0.25,16,,,748,0.18518518518518517
bgs_topk_jaccard,0.25,16,,,749,0.14285714285714285
bgs_topk_jaccard,0.25,16,,,750,0.18518518518518517
bgs_topk_jaccard,0.25,16,,,751,0.14285714285714285
bgs_topk_jaccard,0.25,16,,,752,0.06666666666666667
bgs_topk_jaccard,0.25,16,,,753,0.18518518518518517
bgs_topk_jaccard,0.25,16,,,754,0.18518518518518517
bgs_topk_jaccard,0.25,16,,,755,0.14285714285714285
bgs_topk_jaccard,0.25,16,,,756,0.10344827586206896
bgs_topk_jaccard,0.25,16,,,757,0.23076923076923078
bgs_topk_jaccard,0.25,16,,,758,0.18518518518518517
bgs_topk_jaccard,0.25,16,,,759,0.23076923076923078
bgs_topk_jaccard,0.25,16,,,760,0.23076923076923078
bgs_topk_jaccard,0.25,16,,,761,0.10344827586206896
bgs_topk_jaccard,0.25,16,,,762,0.14285714285714285
bgs_topk_jaccard,0.25,16,,,763,0.10344827586206896
bgs_topk_jaccard,0.25,16,,,764,0.06666666666666667
bgs_topk_jaccard,0.25,16,,,765,0.10344827586206896
bgs_topk_jaccard,0.25,16,,,766,0.06666666666666667
bgs_topk_jaccard,0.25,16,,,767,0.23076923076923078
bgs_topk_jaccard,0.25,16,,,768,0.23076923076923078
bgs_topk_jaccard,0.25,16,,,769,0.14285714285714285
bgs_topk_jaccard,0.25,16,,,770,0.03225806451612903
bgs_topk_jaccard,0.25,16,,,771,0.18518518518518517
bgs_topk_jaccard,0.25,16,,,772,0.10344827586206896
bgs_topk_jaccard,0.25,16,,,773,0.14285714285714285
bgs_topk_jaccard,0.25,16,,,774,0.23076923076923078
bgs_topk_jaccard,0.25,16,,,775,0.18518518518518517
bgs_topk_jaccard,0.25,16,,,776,0.10344827586206896
bgs_topk_jaccard,0.25,16,,,777,0.10344827586206896
bgs_topk_jaccard,0.25,16,,,778,0.23076923076923078
bgs_topk_jaccard,0.25,16,,,779,0.03225806451612903
bgs_topk_jaccard,0.25,16,,,780,0.18518518518518517
bgs_topk_jaccard,0.25,16,,,781,0.14285714285714285
bgs_topk_jaccard,0.25,16,,,782,0.06666666666666667
bgs_topk_jaccard,0.25,16,,,783,0.06666666666666667
bgs_topk_jaccard,0.25,16,,,784,0.23076923076923078
bgs_topk_jaccard,0.25,16,,,785,0.14285714285714285
bgs_topk_jaccard,0.25,16,,,786,0.18518518518518517
bgs_topk_jaccard,0.25,16,,,787,0.14285714285714285
bgs_topk_jaccard,0.25,16,,,788,0.18518518518518517
bgs_topk_jaccard,0.25,16,,,789,0.06666666666666667
bgs_topk_jaccard,0.25,16,,,790,0.18518518518518517
bgs_topk_jaccard,0.25,16,,,791,0.14285714285714285
bgs_topk_jaccard,0.25,16,,,792,0.18518518518518517
bgs_topk_jaccard,0.25,16,,,793,0.23076923076923078
bgs_topk_jaccard,0.25,16,,,794,0.10344827586206896
bgs_topk_jaccard,0.25,16,,,795,0.10344827586206896
bgs_topk_jaccard,0.25,16,,,796,0.10344827586206896
bgs_topk_jaccard,0.25,16,,,797,0.18518518518518517
bgs_topk_jaccard,0.25,16,,,798,0.06666666666666667
bgs_topk_jaccard,0.25,16,,,799,0.23076923076923078
bgs_topk_jaccard,0.25,16,,,800,0.14285714285714285
bgs_topk_jaccard,0.25,16,,,801,0.06666666666666667
bgs_topk_jaccard,0.25,16,,,802,0.06666666666666667
bgs_topk_jaccard,0.25,16,,,803,0.18518518518518517
bgs_topk_jaccard,0.25,16,,,804,0.14285714285714285
bgs_topk_jaccard,0.25,16,,,805,0.18518518518518517
bgs_topk_jaccard,0.25,16,,,806,0.28
bgs_topk_jaccard,0.25,16,,,807,0.14285714285714285
bgs_topk_jaccard,0.25,16,,,808,0.06666666666666667
bgs_topk_jaccard,0.25,16,,,809,0.23076923076923078
bgs_topk_jaccard,0.25,16,,,810,0.18518518518518517
bgs_topk_jaccard,0.25,16,,,811,0.10344827586206896
bgs_topk_jaccard,0.25,16,,,812,0.10344827586206896
bgs_topk_jaccard,0.25,16,,,813,0.10344827586206896
bgs_topk_jaccard,0.25,16,,,814,0.18518518518518517
bgs_topk_jaccard,0.25,16,,,815,0.10344827586206896
bgs_topk_jaccard,0.25,16,,,816,0.14285714285714285
bgs_topk_jaccard,0.25,16,,,817,0.06666666666666667
bgs_topk_jaccard,0.25,16,,,818,0.14285714285714285
bgs_topk_jaccard,0.25,16,,,819,0.18518518518518517
bgs_topk_jaccard,0.25,16,,,820,0.14285714285714285
bgs_topk_jaccard,0.25,16,,,821,0.14285714285714285
bgs_topk_jaccard,0.25,16,,,822,0.18518518518518517
bgs_topk_jaccard,0.25,16,,,823,0.23076923076923078
bgs_topk_jaccard,0.25,16,,,824,0.06666666666666667
bgs_topk_jaccard,0.25,16,,,825,0.14285714285714285
bgs_topk_jaccard,0.25,16,,,826,0.18518518518518517
bgs_topk_jaccard,0.25,16,,,827,0.10344827586206896
bgs_topk_jaccard,0.25,16,,,828,0.10344827586206896
bgs_topk_jaccard,0.25,16,,,829,0.06666666666666667
bgs_topk_jaccard,0.25,16,,,830,0.10344827586206896
bgs_topk_jaccard,0.25,16,,,831,0.10344827586206896
bgs_topk_jaccard,0.25,16,,,832,0.06666666666666667
bgs_topk_jaccard,0.25,16,,,833,0.06666666666666667
bgs_topk_jaccard,0.25,16,,,834,0.18518518518518517
bgs_topk_jaccard,0.25,16,,,835,0.23076923076923078
bgs_topk_jaccard,0.25,16,,,836,0.10344827586206896
bgs_topk_jaccard,0.25,16,,,837,0.23076923076923078
bgs_topk_jaccard,0.25,16,,,838,0.10344827586206896
bgs_topk_jaccard,0.25,16,,,839,0.06666666666666667
bgs_topk_jaccard,0.25,16,,,840,0.23076923076923078
bgs_topk_jaccard,0.25,16,,,841,0.14285714285714285
bgs_topk_jaccard,0.25,16,,,842,0.14285714285714285
bgs_topk_jaccard,0.25,16,,,843,0.18518518518518517
bgs_topk_jaccard,0.25,16,,,844,0.14285714285714285
bgs_topk_jaccard,0.25,16,,,845,0.14285714285714285
bgs_topk_jaccard,0.25,16,,,846,0.10344827586206896
bgs_topk_jaccard,0.25,16,,,847,0.14285714285714285
bgs_topk_jaccard,0.25,16,,,848,0.18518518518518517
bgs_topk_jaccard,0.25,16,,,849,0.14285714285714285
bgs_topk_jaccard,0.25,16,,,850,0.10344827586206896
bgs_topk_jaccard,0.25,16,,,851,0.14285714285714285
bgs_topk_jaccard,0.25,16,,,852,0.10344827586206896
bgs_topk_jaccard,0.25,16,,,853,0.06666666666666667
bgs_topk_jaccard,0.25,16,,,854,0.14285714285714285
bgs_topk_jaccard,0.25,16,,,855,0.06666666666666667
bgs_topk_jaccard,0.25,16,,,856,0.23076923076923078
bgs_topk_jaccard,0.25,16,,,857,0.14285714285714285
bgs_topk_jaccard,0.25,16,,,858,0.3333333333333333
bgs_topk_jaccard,0.25,16,,,859,0.06666666666666667
bgs_topk_jaccard,0.25,16,,,860,0.23076923076923078
bgs_topk_jaccard,0.25,16,,,861,0.06666666666666667
bgs_topk_jaccard,0.25,16,,,862,0.10344827586206896
bgs_topk_jaccard,0.25,16,,,863,0.23076923076923078
bgs_topk_jaccard,0.25,16,,,864,0.18518518518518517
bgs_topk_jaccard,0.25,16,,,865,0.14285714285714285
bgs_topk_jaccard,0.25,16,,,866,0.10344827586206896
bgs_topk_jaccard,0.25,16,,,867,0.06666666666666667
bgs_topk_jaccard,0.25,16,,,868,0.10344827586206896
bgs_topk_jaccard,0.25,16,,,869,0.23076923076923078
bgs_topk_jaccard,0.25,16,,,870,0.18518518518518517
bgs_topk_jaccard,0.25,16,,,871,0.10344827586206896
bgs_topk_jaccard,0.25,16,,,872,0.18518518518518517
bgs_topk_jaccard,0.25,16,,,873,0.14285714285714285
bgs_topk_jaccard,0.25,16,,,874,0.18518518518518517
bgs_topk_jaccard,0.25,16,,,875,0.23076923076923078
bgs_topk_jaccard,0.25,16,,,876,0.18518518518518517
bgs_topk_jaccard,0.25,16,,,877,0.10344827586206896
bgs_topk_jaccard,0.25,16,,,878,0.18518518518518517
bgs_topk_jaccard,0.25,16,,,879,0.14285714285714285
bgs_topk_jaccard,0.25,16,,,880,0.14285714285714285
bgs_topk_jaccard,0.25,16,,,881,0.10344827586206896
bgs_topk_jaccard,0.25,16,,,882,0.18518518518518517
bgs_topk_jaccard,0.25,16,,,883,0.18518518518518517
bgs_topk_jaccard,0.25,16,,,884,0.10344827586206896
bgs_topk_jaccard,0.25,16,,,885,0.10344827586206896
bgs_topk_jaccard,0.25,16,,,886,0.06666666666666667
bgs_topk_jaccard,0.25,16,,,887,0.14285714285714285
bgs_topk_jaccard,0.25,16,,,888,0.14285714285714285
bgs_topk_jaccard,0.25,16,,,889,0.10344827586206896
bgs_topk_jaccard,0.25,16,,,890,0.18518518518518517
bgs_topk_jaccard,0.25,16,,,891,0.23076923076923078
bgs_topk_jaccard,0.25,16,,,892,0.14285714285714285
bgs_topk_jaccard,0.25,16,,,893,0.06666666666666667
bgs_topk_jaccard,0.25,16,,,894,0.23076923076923078
bgs_topk_jaccard,0.25,16,,,895,0.14285714285714285
bgs_topk_jaccard,0.25,16,,,896,0.18518518518518517
bgs_topk_jaccard,0.25,16,,,897,0.06666666666666667
bgs_topk_jaccard,0.25,16,,,898,0.06666666666666667
bgs_topk_jaccard,0.25,16,,,899,0.06666666666666667
bgs_topk_jaccard,0.25,16,,,900,0.18518518518518517
bgs_topk_jaccard,0.25,16,,,901,0.18518518518518517
bgs_topk_jaccard,0.25,16,,,902,0.18518518518518517
bgs_topk_jaccard,0.25,16,,,903,0.14285714285714285
bgs_topk_jaccard,0.25,16,,,904,0.18518518518518517
bgs_topk_jaccard,0.25,16,,,905,0.18518518518518517
bgs_topk_jaccard,0.25,16,,,906,0.23076923076923078
bgs_topk_jaccard,0.25,16,,,907,0.10344827586206896
bgs_topk_jaccard,0.25,16,,,908,0.23076923076923078
bgs_topk_jaccard,0.25,16,,,909,0.10344827586206896
bgs_topk_jaccard,0.25,16,,,910,0.14285714285714285
bgs_topk_jaccard,0.25,16,,,911,0.14285714285714285
bgs_topk_jaccard,0.25,16,,,912,0.23076923076923078
bgs_topk_jaccard,0.25,16,,,913,0.23076923076923078
bgs_topk_jaccard,0.25,16,,,914,0.18518518518518517
bgs_topk_jaccard,0.25,16,,,915,0.14285714285714285
bgs_topk_jaccard,0.25,16,,,916,0.14285714285714285
bgs_topk_jaccard,0.25,16,,,917,0.10344827586206896
bgs_topk_jaccard,0.25,16,,,918,0.06666666666666667
bgs_topk_jaccard,0.25,16,,,919,0.06666666666666667
bgs_topk_jaccard,0.25,16,,,920,0.23076923076923078
bgs_topk_jaccard,0.25,16,,,921,0.23076923076923078
bgs_topk_jaccard,0.25,16,,,922,0.14285714285714285
bgs_topk_jaccard,0.25,16,,,923,0.10344827586206896
bgs_topk_jaccard,0.25,16,,,924,0.28
bgs_topk_jaccard,0.25,16,,,925,0.23076923076923078
bgs_topk_jaccard,0.25,16,,,926,0.14285714285714285
bgs_topk_jaccard,0.25,16,,,927,0.23076923076923078
bgs_topk_jaccard,0.25,16,,,928,0.18518518518518517
bgs_topk_jaccard,0.25,16,,,929,0.23076923076923078
bgs_topk_jaccard,0.25,16,,,930,0.10344827586206896
bgs_topk_jaccard,0.25,16,,,931,0.18518518518518517
bgs_topk_jaccard,0.25,16,,,932,0.14285714285714285
bgs_topk_jaccard,0.25,16,,,933,0.14285714285714285
bgs_topk_jaccard,0.25,16,,,934,0.18518518518518517
bgs_topk_jaccard,0.25,16,,,935,0.14285714285714285
bgs_topk_jaccard,0.25,16,,,936,0.18518518518518517
bgs_topk_jaccard,0.25,16,,,937,0.10344827586206896
bgs_topk_jaccard,0.25,16,,,938,0.10344827586206896
bgs_topk_jaccard,0.25,16,,,939,0.14285714285714285
bgs_topk_jaccard,0.25,16,,,940,0.23076923076923078
bgs_topk_jaccard,0.25,16,,,941,0.10344827586206896
bgs_topk_jaccard,0.25,16,,,942,0.10344827586206896
bgs_topk_jaccard,0.25,16,,,943,0.10344827586206896
bgs_topk_jaccard,0.25,16,,,944,0.3333333333333333
bgs_topk_jaccard,0.25,16,,,945,0.14285714285714285
bgs_topk_jaccard,0.25,16,,,946,0.18518518518518517
bgs_topk_jaccard,0.25,16,,,947,0.18518518518518517
bgs_topk_jaccard,0.25,16,,,948,0.10344827586206896
bgs_topk_jaccard,0.25,16,,,949,0.23076923076923078
bgs_topk_jaccard,0.25,16,,,950,0.06666666666666667
bgs_topk_jaccard,0.25,16,,,951,0.18518518518518517
bgs_topk_jaccard,0.25,16,,,952,0.23076923076923078
bgs_topk_jaccard,0.25,16,,,953,0.23076923076923078
bgs_topk_jaccard,0.25,16,,,954,0.10344827586206896
bgs_topk_jaccard,0.25,16,,,955,0.14285714285714285
bgs_topk_jaccard,0.25,16,,,956,0.06666666666666667
bgs_topk_jaccard,0.25,16,,,957,0.23076923076923078
bgs_topk_jaccard,0.25,16,,,958,0.14285714285714285
bgs_topk_jaccard,0.25,16,,,959,0.14285714285714285
bgs_topk_jaccard,0.25,16,,,960,0.18518518518518517
bgs_topk_jaccard,0.25,16,,,961,0.18518518518518517
bgs_topk_jaccard,0.25,16,,,962,0.10344827586206896
bgs_topk_jaccard,0.25,16,,,963,0.18518518518518517
bgs_topk_jaccard,0.25,16,,,964,0.391304347826087
bgs_topk_jaccard,0.25,16,,,965,0.03225806451612903
bgs_topk_jaccard,0.25,16,,,966,0.14285714285714285
bgs_topk_jaccard,0.25,16,,,967,0.14285714285714285
bgs_topk_jaccard,0.25,16,,,968,0.23076923076923078
bgs_topk_jaccard,0.25,16,,,969,0.14285714285714285
bgs_topk_jaccard,0.25,16,,,970,0.14285714285714285
bgs_topk_jaccard,0.25,16,,,971,0.28
bgs_topk_jaccard,0.25,16,,,972,0.18518518518518517
bgs_topk_jaccard,0.25,16,,,973,0.18518518518518517
bgs_topk_jaccard,0.25,16,,,974,0.14285714285714285
bgs_topk_jaccard,0.25,16,,,975,0.10344827586206896
bgs_topk_jaccard,0.25,16,,,976,0.18518518518518517
bgs_topk_jaccard,0.25,16,,,977,0.10344827586206896
bgs_topk_jaccard,0.25,16,,,978,0.03225806451612903
bgs_topk_jaccard,0.25,16,,,979,0.03225806451612903
bgs_topk_jaccard,0.25,16,,,980,0.06666666666666667
bgs_topk_jaccard,0.25,16,,,981,0.10344827586206896
bgs_topk_jaccard,0.25,16,,,982,0.10344827586206896
bgs_topk_jaccard,0.25,16,,,983,0.14285714285714285
bgs_topk_jaccard,0.25,16,,,984,0.06666666666666667
bgs_topk_jaccard,0.25,16,,,985,0.10344827586206896
bgs_topk_jaccard,0.25,16,,,986,0.18518518518518517
bgs_topk_jaccard,0.25,16,,,987,0.14285714285714285
bgs_topk_jaccard,0.25,16,,,988,0.10344827586206896
bgs_topk_jaccard,0.25,16,,,989,0.14285714285714285
bgs_topk_jaccard,0.25,16,,,990,0.18518518518518517
bgs_topk_jaccard,0.25,16,,,991,0.06666666666666667
bgs_topk_jaccard,0.25,16,,,992,0.06666666666666667
bgs_topk_jaccard,0.25,16,,,993,0.23076923076923078
bgs_topk_jaccard,0.25,16,,,994,0.18518518518518517
bgs_topk_jaccard,0.25,16,,,995,0.10344827586206896
bgs_topk_jaccard,0.25,16,,,996,0.18518518518518517
bgs_topk_jaccard,0.25,16,,,997,0.03225806451612903
bgs_topk_jaccard,0.25,16,,,998,0.14285714285714285
bgs_topk_jaccard,0.25,16,,,999,0.18518518518518517
bgs_topk_jaccard,0.25,16,,,1000,0.14285714285714285
bgs_topk_jaccard,0.25,16,,,1001,0.14285714285714285
bgs_topk_jaccard,0.25,16,,,1002,0.10344827586206896
bgs_topk_jaccard,0.25,16,,,1003,0.10344827586206896
bgs_topk_jaccard,0.25,16,,,1004,0.10344827586206896
bgs_topk_jaccard,0.25,16,,,1005,0.06666666666666667
bgs_topk_jaccard,0.25,16,,,1006,0.14285714285714285
bgs_topk_jaccard,0.25,16,,,1007,0.14285714285714285
bgs_topk_jaccard,0.25,16,,,1008,0.10344827586206896
bgs_topk_jaccard,0.25,16,,,1009,0.14285714285714285
bgs_topk_jaccard,0.25,16,,,1010,0.10344827586206896
bgs_topk_jaccard,0.25,16,,,1011,0.03225806451612903
bgs_topk_jaccard,0.25,16,,,1012,0.10344827586206896
bgs_topk_jaccard,0.25,16,,,1013,0.28
bgs_topk_jaccard,0.25,16,,,1014,0.18518518518518517
bgs_topk_jaccard,0.25,16,,,1015,0.06666666666666667
bgs_topk_jaccard,0.25,16,,,1016,0.06666666666666667
bgs_topk_jaccard,0.25,16,,,1017,0.03225806451612903
bgs_topk_jaccard,0.25,16,,,1018,0.14285714285714285
bgs_topk_jaccard,0.25,16,,,1019,0.14285714285714285
bgs_topk_jaccard,0.25,16,,,1020,0.23076923076923078
bgs_topk_jaccard,0.25,16,,,1021,0.06666666666666667
bgs_topk_jaccard,0.25,16,,,1022,0.0
bgs_topk_jaccard,0.25,16,,,1023,0.10344827586206896
bgs_topk_jaccard,0.25,16,,,1024,0.10344827586206896
bgs_topk_jaccard,0.25,16,,,1025,0.10344827586206896
bgs_topk_jaccard,0.25,16,,,1026,0.14285714285714285
bgs_topk_jaccard,0.25,16,,,1027,0.10344827586206896
bgs_topk_jaccard,0.25,16,,,1028,0.14285714285714285
bgs_topk_jaccard,0.25,16,,,1029,0.10344827586206896
bgs_topk_jaccard,0.25,16,,,1030,0.06666666666666667
bgs_topk_jaccard,0.25,16,,,1031,0.14285714285714285
bgs_topk_jaccard,0.25,16,,,1032,0.14285714285714285
bgs_topk_jaccard,0.25,16,,,1033,0.14285714285714285
bgs_topk_jaccard,0.25,16,,,1034,0.10344827586206896
bgs_topk_jaccard,0.25,16,,,1035,0.06666666666666667
bgs_topk_jaccard,0.25,16,,,1036,0.06666666666666667
bgs_topk_jaccard,0.25,16,,,1037,0.14285714285714285
bgs_topk_jaccard,0.25,16,,,1038,0.14285714285714285
bgs_topk_jaccard,0.25,16,,,1039,0.18518518518518517
bgs_topk_jaccard,0.25,16,,,1040,0.06666666666666667
bgs_topk_jaccard,0.25,16,,,1041,0.03225806451612903
bgs_topk_jaccard,0.25,16,,,1042,0.10344827586206896
bgs_topk_jaccard,0.25,16,,,1043,0.23076923076923078
bgs_topk_jaccard,0.25,16,,,1044,0.14285714285714285
bgs_topk_jaccard,0.25,16,,,1045,0.18518518518518517
bgs_topk_jaccard,0.25,16,,,1046,0.18518518518518517
bgs_topk_jaccard,0.25,16,,,1047,0.14285714285714285
bgs_topk_jaccard,0.25,16,,,1048,0.06666666666666667
bgs_topk_jaccard,0.25,16,,,1049,0.14285714285714285
bgs_topk_jaccard,0.25,16,,,1050,0.14285714285714285
bgs_topk_jaccard,0.25,16,,,1051,0.23076923076923078
bgs_topk_jaccard,0.25,16,,,1052,0.18518518518518517
bgs_topk_jaccard,0.25,16,,,1053,0.18518518518518517
bgs_topk_jaccard,0.25,16,,,1054,0.06666666666666667
bgs_topk_jaccard,0.25,16,,,1055,0.10344827586206896
bgs_topk_jaccard,0.25,16,,,1056,0.10344827586206896
bgs_topk_jaccard,0.25,16,,,1057,0.18518518518518517
bgs_topk_jaccard,0.25,16,,,1058,0.18518518518518517
bgs_topk_jaccard,0.25,16,,,1059,0.10344827586206896
bgs_topk_jaccard,0.25,16,,,1060,0.18518518518518517
bgs_topk_jaccard,0.25,16,,,1061,0.14285714285714285
bgs_topk_jaccard,0.25,16,,,1062,0.03225806451612903
bgs_topk_jaccard,0.25,16,,,1063,0.14285714285714285
bgs_topk_jaccard,0.25,16,,,1064,0.14285714285714285
bgs_topk_jaccard,0.25,16,,,1065,0.10344827586206896
bgs_topk_jaccard,0.25,16,,,1066,0.23076923076923078
bgs_topk_jaccard,0.25,16,,,1067,0.10344827586206896
bgs_topk_jaccard,0.25,16,,,1068,0.14285714285714285
bgs_topk_jaccard,0.25,16,,,1069,0.06666666666666667
bgs_topk_jaccard,0.25,16,,,1070,0.14285714285714285
bgs_topk_jaccard,0.25,16,,,1071,0.18518518518518517
bgs_topk_jaccard,0.25,16,,,1072,0.14285714285714285
bgs_topk_jaccard,0.25,16,,,1073,0.18518518518518517
bgs_topk_jaccard,0.25,16,,,1074,0.28
bgs_topk_jaccard,0.25,16,,,1075,0.28
bgs_topk_jaccard,0.25,16,,,1076,0.18518518518518517
bgs_topk_jaccard,0.25,16,,,1077,0.28
bgs_topk_jaccard,0.25,16,,,1078,0.10344827586206896
bgs_topk_jaccard,0.25,16,,,1079,0.18518518518518517
bgs_topk_jaccard,0.25,16,,,1080,0.14285714285714285
bgs_topk_jaccard,0.25,16,,,1081,0.18518518518518517
bgs_topk_jaccard,0.25,16,,,1082,0.0
bgs_topk_jaccard,0.25,16,,,1083,0.10344827586206896
bgs_topk_jaccard,0.25,16,,,1084,0.10344827586206896
bgs_topk_jaccard,0.25,16,,,1085,0.18518518518518517
bgs_topk_jaccard,0.25,16,,,1086,0.10344827586206896
bgs_topk_jaccard,0.25,16,,,1087,0.10344827586206896
bgs_topk_jaccard,0.25,16,,,1088,0.14285714285714285
bgs_topk_jaccard,0.25,16,,,1089,0.23076923076923078
bgs_topk_jaccard,0.25,16,,,1090,0.14285714285714285
bgs_topk_jaccard,0.25,16,,,1091,0.06666666666666667
bgs_topk_jaccard,0.25,16,,,1092,0.14285714285714285
bgs_topk_jaccard,0.25,16,,,1093,0.18518518518518517
bgs_topk_jaccard,0.25,16,,,1094,0.14285714285714285
bgs_topk_jaccard,0.25,16,,,1095,0.10344827586206896
bgs_topk_jaccard,0.25,16,,,1096,0.10344827586206896
bgs_topk_jaccard,0.25,16,,,1097,0.23076923076923078
bgs_topk_jaccard,0.25,16,,,1098,0.14285714285714285
bgs_topk_jaccard,0.25,16,,,1099,0.14285714285714285
bgs_topk_jaccard,0.25,16,,,1100,0.14285714285714285
bgs_topk_jaccard,0.25,16,,,1101,0.06666666666666667
bgs_topk_jaccard,0.25,16,,,1102,0.06666666666666667
bgs_topk_jaccard,0.25,16,,,1103,0.14285714285714285
bgs_topk_jaccard,0.25,16,,,1104,0.18518518518518517
bgs_topk_jaccard,0.25,16,,,1105,0.06666666666666667
bgs_topk_jaccard,0.25,16,,,1106,0.14285714285714285
bgs_topk_jaccard,0.25,16,,,1107,0.18518518518518517
bgs_topk_jaccard,0.25,16,,,1108,0.18518518518518517
bgs_topk_jaccard,0.25,16,,,1109,0.14285714285714285
bgs_topk_jaccard,0.25,16,,,1110,0.06666666666666667
bgs_topk_jaccard,0.25,16,,,1111,0.23076923076923078
bgs_topk_jaccard,0.25,16,,,1112,0.23076923076923078
bgs_topk_jaccard,0.25,16,,,1113,0.14285714285714285
bgs_topk_jaccard,0.25,16,,,1114,0.10344827586206896
bgs_topk_jaccard,0.25,16,,,1115,0.14285714285714285
bgs_topk_jaccard,0.25,16,,,1116,0.03225806451612903
bgs_topk_jaccard,0.25,16,,,1117,0.23076923076923078
bgs_topk_jaccard,0.25,16,,,1118,0.18518518518518517
bgs_topk_jaccard,0.25,16,,,1119,0.14285714285714285
bgs_topk_jaccard,0.25,16,,,1120,0.18518518518518517
bgs_topk_jaccard,0.25,16,,,1121,0.14285714285714285
bgs_topk_jaccard,0.25,16,,,1122,0.10344827586206896
bgs_topk_jaccard,0.25,16,,,1123,0.10344827586206896
bgs_topk_jaccard,0.25,16,,,1124,0.10344827586206896
bgs_topk_jaccard,0.25,16,,,1125,0.10344827586206896
bgs_topk_jaccard,0.25,16,,,1126,0.10344827586206896
bgs_topk_jaccard,0.25,16,,,1127,0.06666666666666667
bgs_topk_jaccard,0.25,16,,,1128,0.06666666666666667
bgs_topk_jaccard,0.25,16,,,1129,0.10344827586206896
bgs_topk_jaccard,0.25,16,,,1130,0.14285714285714285
bgs_topk_jaccard,0.25,16,,,1131,0.14285714285714285
bgs_topk_jaccard,0.25,16,,,1132,0.14285714285714285
bgs_topk_jaccard,0.25,16,,,1133,0.06666666666666667
bgs_topk_jaccard,0.25,16,,,1134,0.18518518518518517
bgs_topk_jaccard,0.25,16,,,1135,0.10344827586206896
bgs_topk_jaccard,0.25,16,,,1136,0.28
bgs_topk_jaccard,0.25,16,,,1137,0.23076923076923078
bgs_topk_jaccard,0.25,16,,,1138,0.10344827586206896
bgs_topk_jaccard,0.25,16,,,1139,0.14285714285714285
bgs_topk_jaccard,0.25,16,,,1140,0.10344827586206896
bgs_topk_jaccard,0.25,16,,,1141,0.10344827586206896
bgs_topk_jaccard,0.25,16,,,1142,0.10344827586206896
bgs_topk_jaccard,0.25,16,,,1143,0.18518518518518517
bgs_topk_jaccard,0.25,16,,,1144,0.14285714285714285
bgs_topk_jaccard,0.25,16,,,1145,0.23076923076923078
bgs_topk_jaccard,0.25,16,,,1146,0.14285714285714285
bgs_topk_jaccard,0.25,16,,,1147,0.10344827586206896
bgs_topk_jaccard,0.25,16,,,1148,0.18518518518518517
bgs_topk_jaccard,0.25,16,,,1149,0.14285714285714285
bgs_topk_jaccard,0.25,16,,,1150,0.10344827586206896
bgs_topk_jaccard,0.25,16,,,1151,0.23076923076923078
bgs_topk_jaccard,0.25,16,,,1152,0.06666666666666667
bgs_topk_jaccard,0.25,16,,,1153,0.10344827586206896
bgs_topk_jaccard,0.25,16,,,1154,0.06666666666666667
bgs_topk_jaccard,0.25,16,,,1155,0.14285714285714285
bgs_topk_jaccard,0.25,16,,,1156,0.14285714285714285
bgs_topk_jaccard,0.25,16,,,1157,0.10344827586206896
bgs_topk_jaccard,0.25,16,,,1158,0.18518518518518517
bgs_topk_jaccard,0.25,16,,,1159,0.06666666666666667
bgs_topk_jaccard,0.25,16,,,1160,0.18518518518518517
bgs_topk_jaccard,0.25,16,,,1161,0.18518518518518517
bgs_topk_jaccard,0.25,16,,,1162,0.14285714285714285
bgs_topk_jaccard,0.25,16,,,1163,0.18518518518518517
bgs_topk_jaccard,0.25,16,,,1164,0.14285714285714285
bgs_topk_jaccard,0.25,16,,,1165,0.23076923076923078
bgs_topk_jaccard,0.25,16,,,1166,0.03225806451612903
bgs_topk_jaccard,0.25,16,,,1167,0.14285714285714285
bgs_topk_jaccard,0.25,16,,,1168,0.10344827586206896
bgs_topk_jaccard,0.25,16,,,1169,0.18518518518518517
bgs_topk_jaccard,0.25,16,,,1170,0.18518518518518517
bgs_topk_jaccard,0.25,16,,,1171,0.14285714285714285
bgs_topk_jaccard,0.25,16,,,1172,0.14285714285714285
bgs_topk_jaccard,0.25,16,,,1173,0.03225806451612903
bgs_topk_jaccard,0.25,16,,,1174,0.14285714285714285
bgs_topk_jaccard,0.25,16,,,1175,0.10344827586206896
bgs_topk_jaccard,0.25,16,,,1176,0.14285714285714285
bgs_topk_jaccard,0.25,16,,,1177,0.28
bgs_topk_jaccard,0.25,16,,,1178,0.14285714285714285
bgs_topk_jaccard,0.25,16,,,1179,0.10344827586206896
bgs_topk_jaccard,0.25,16,,,1180,0.14285714285714285
bgs_topk_jaccard,0.25,16,,,1181,0.23076923076923078
bgs_topk_jaccard,0.25,16,,,1182,0.06666666666666667
bgs_topk_jaccard,0.25,16,,,1183,0.23076923076923078
bgs_topk_jaccard,0.25,16,,,1184,0.14285714285714285
bgs_topk_jaccard,0.25,16,,,1185,0.14285714285714285
bgs_topk_jaccard,0.25,16,,,1186,0.10344827586206896
bgs_topk_jaccard,0.25,16,,,1187,0.14285714285714285
bgs_topk_jaccard,0.25,16,,,1188,0.23076923076923078
bgs_topk_jaccard,0.25,16,,,1189,0.06666666666666667
bgs_topk_jaccard,0.25,16,,,1190,0.14285714285714285
bgs_topk_jaccard,0.25,16,,,1191,0.18518518518518517
bgs_topk_jaccard,0.25,16,,,1192,0.06666666666666667
bgs_topk_jaccard,0.25,16,,,1193,0.18518518518518517
bgs_topk_jaccard,0.25,16,,,1194,0.06666666666666667
bgs_topk_jaccard,0.25,16,,,1195,0.14285714285714285
bgs_topk_jaccard,0.25,16,,,1196,0.18518518518518517
bgs_topk_jaccard,0.25,16,,,1197,0.18518518518518517
bgs_topk_jaccard,0.25,16,,,1198,0.06666666666666667
bgs_topk_jaccard,0.25,16,,,1199,0.10344827586206896
bgs_topk_jaccard,0.25,16,,,1200,0.3333333333333333
bgs_topk_jaccard,0.25,16,,,1201,0.14285714285714285
bgs_topk_jaccard,0.25,16,,,1202,0.10344827586206896
bgs_topk_jaccard,0.25,16,,,1203,0.14285714285714285
bgs_topk_jaccard,0.25,16,,,1204,0.28
bgs_topk_jaccard,0.25,16,,,1205,0.10344827586206896
bgs_topk_jaccard,0.25,16,,,1206,0.18518518518518517
bgs_topk_jaccard,0.25,16,,,1207,0.03225806451612903
bgs_topk_jaccard,0.25,16,,,1208,0.06666666666666667
bgs_topk_jaccard,0.25,16,,,1209,0.14285714285714285
bgs_topk_jaccard,0.25,16,,,1210,0.28
bgs_topk_jaccard,0.25,16,,,1211,0.28
bgs_topk_jaccard,0.25,16,,,1212,0.10344827586206896
bgs_topk_jaccard,0.25,16,,,1213,0.10344827586206896
bgs_topk_jaccard,0.25,16,,,1214,0.06666666666666667
bgs_topk_jaccard,0.25,16,,,1215,0.10344827586206896
bgs_topk_jaccard,0.25,16,,,1216,0.10344827586206896
bgs_topk_jaccard,0.25,16,,,1217,0.10344827586206896
bgs_topk_jaccard,0.25,16,,,1218,0.10344827586206896
bgs_topk_jaccard,0.25,16,,,1219,0.23076923076923078
bgs_topk_jaccard,0.25,16,,,1220,0.14285714285714285
bgs_topk_jaccard,0.25,16,,,1221,0.28
bgs_topk_jaccard,0.25,16,,,1222,0.18518518518518517
bgs_topk_jaccard,0.25,16,,,1223,0.14285714285714285
bgs_topk_jaccard,0.25,16,,,1224,0.23076923076923078
bgs_topk_jaccard,0.25,16,,,1225,0.18518518518518517
bgs_topk_jaccard,0.25,16,,,1226,0.06666666666666667
bgs_topk_jaccard,0.25,16,,,1227,0.06666666666666667
bgs_topk_jaccard,0.25,16,,,1228,0.06666666666666667
bgs_topk_jaccard,0.25,16,,,1229,0.18518518518518517
bgs_topk_jaccard,0.25,16,,,1230,0.14285714285714285
bgs_topk_jaccard,0.25,16,,,1231,0.03225806451612903
bgs_topk_jaccard,0.25,16,,,1232,0.28
bgs_topk_jaccard,0.25,16,,,1233,0.06666666666666667
bgs_topk_jaccard,0.25,16,,,1234,0.14285714285714285
bgs_topk_jaccard,0.25,16,,,1235,0.18518518518518517
bgs_topk_jaccard,0.25,16,,,1236,0.06666666666666667
bgs_topk_jaccard,0.25,16,,,1237,0.18518518518518517
bgs_topk_jaccard,0.25,16,,,1238,0.14285714285714285
bgs_topk_jaccard,0.25,16,,,1239,0.18518518518518517
bgs_topk_jaccard,0.25,16,,,1240,0.14285714285714285
bgs_topk_jaccard,0.25,16,,,1241,0.18518518518518517
bgs_topk_jaccard,0.25,16,,,1242,0.14285714285714285
bgs_topk_jaccard,0.25,16,,,1243,0.03225806451612903
bgs_topk_jaccard,0.25,16,,,1244,0.06666666666666667
bgs_topk_jaccard,0.25,16,,,1245,0.18518518518518517
bgs_topk_jaccard,0.25,16,,,1246,0.3333333333333333
bgs_topk_jaccard,0.25,16,,,1247,0.10344827586206896
bgs_topk_jaccard,0.25,16,,,1248,0.18518518518518517
bgs_topk_jaccard,0.25,16,,,1249,0.10344827586206896
bgs_topk_jaccard,0.25,16,,,1250,0.18518518518518517
bgs_topk_jaccard,0.25,16,,,1251,0.10344827586206896
bgs_topk_jaccard,0.25,16,,,1252,0.3333333333333333
bgs_topk_jaccard,0.25,16,,,1253,0.18518518518518517
bgs_topk_jaccard,0.25,16,,,1254,0.06666666666666667
bgs_topk_jaccard,0.25,16,,,1255,0.14285714285714285
bgs_topk_jaccard,0.25,16,,,1256,0.23076923076923078
bgs_topk_jaccard,0.25,16,,,1257,0.23076923076923078
bgs_topk_jaccard,0.25,16,,,1258,0.06666666666666667
bgs_topk_jaccard,0.25,16,,,1259,0.28
bgs_topk_jaccard,0.25,16,,,1260,0.28
bgs_topk_jaccard,0.25,16,,,1261,0.23076923076923078
bgs_topk_jaccard,0.25,16,,,1262,0.23076923076923078
bgs_topk_jaccard,0.25,16,,,1263,0.14285714285714285
bgs_topk_jaccard,0.25,16,,,1264,0.18518518518518517
bgs_topk_jaccard,0.25,16,,,1265,0.10344827586206896
bgs_topk_jaccard,0.25,16,,,1266,0.18518518518518517
bgs_topk_jaccard,0.25,16,,,1267,0.14285714285714285
bgs_topk_jaccard,0.25,16,,,1268,0.14285714285714285
bgs_topk_jaccard,0.25,16,,,1269,0.18518518518518517
bgs_topk_jaccard,0.25,16,,,1270,0.06666666666666667
bgs_topk_jaccard,0.25,16,,,1271,0.14285714285714285
bgs_topk_jaccard,0.25,16,,,1272,0.18518518518518517
bgs_topk_jaccard,0.25,16,,,1273,0.14285714285714285
bgs_topk_jaccard,0.25,16,,,1274,0.14285714285714285
bgs_topk_jaccard,0.25,16,,,1275,0.23076923076923078
bgs_topk_jaccard,0.25,16,,,1276,0.14285714285714285
bgs_topk_jaccard,0.25,16,,,1277,0.06666666666666667
bgs_topk_jaccard,0.25,16,,,1278,0.14285714285714285
bgs_topk_jaccard,0.25,16,,,1279,0.23076923076923078
bgs_topk_jaccard,0.25,16,,,1280,0.28
bgs_topk_jaccard,0.25,16,,,1281,0.03225806451612903
bgs_topk_jaccard,0.25,16,,,1282,0.06666666666666667
bgs_topk_jaccard,0.25,16,,,1283,0.14285714285714285
bgs_topk_jaccard,0.25,16,,,1284,0.23076923076923078
bgs_topk_jaccard,0.25,16,,,1285,0.10344827586206896
bgs_topk_jaccard,0.25,16,,,1286,0.14285714285714285
bgs_topk_jaccard,0.25,16,,,1287,0.18518518518518517
bgs_topk_jaccard,0.25,16,,,1288,0.23076923076923078
bgs_topk_jaccard,0.25,16,,,1289,0.10344827586206896
bgs_topk_jaccard,0.25,16,,,1290,0.10344827586206896
bgs_topk_jaccard,0.25,16,,,1291,0.10344827586206896
bgs_topk_jaccard,0.25,16,,,1292,0.14285714285714285
bgs_topk_jaccard,0.25,16,,,1293,0.10344827586206896
bgs_topk_jaccard,0.25,16,,,1294,0.10344827586206896
bgs_topk_jaccard,0.25,16,,,1295,0.14285714285714285
bgs_topk_jaccard,0.25,16,,,1296,0.14285714285714285
bgs_topk_jaccard,0.25,16,,,1297,0.10344827586206896
bgs_topk_jaccard,0.25,16,,,1298,0.14285714285714285
bgs_topk_jaccard,0.25,16,,,1299,0.14285714285714285
bgs_topk_jaccard,0.25,16,,,1300,0.10344827586206896
bgs_topk_jaccard,0.25,16,,,1301,0.28
bgs_topk_jaccard,0.25,16,,,1302,0.10344827586206896
bgs_topk_jaccard,0.25,16,,,1303,0.23076923076923078
bgs_topk_jaccard,0.25,16,,,1304,0.18518518518518517
bgs_topk_jaccard,0.25,16,,,1305,0.14285714285714285
bgs_topk_jaccard,0.25,16,,,1306,0.18518518518518517
bgs_topk_jaccard,0.25,16,,,1307,0.14285714285714285
bgs_topk_jaccard,0.25,16,,,1308,0.10344827586206896
bgs_topk_jaccard,0.25,16,,,1309,0.18518518518518517
bgs_topk_jaccard,0.25,16,,,1310,0.10344827586206896
bgs_topk_jaccard,0.25,16,,,1311,0.10344827586206896
bgs_topk_jaccard,0.25,16,,,1312,0.23076923076923078
bgs_topk_jaccard,0.25,16,,,1313,0.23076923076923078
bgs_topk_jaccard,0.25,16,,,1314,0.03225806451612903
bgs_topk_jaccard,0.25,16,,,1315,0.28
bgs_topk_jaccard,0.25,16,,,1316,0.18518518518518517
bgs_topk_jaccard,0.25,16,,,1317,0.10344827586206896
bgs_topk_jaccard,0.25,16,,,1318,0.23076923076923078
bgs_topk_jaccard,0.25,16,,,1319,0.18518518518518517
bgs_topk_jaccard,0.25,16,,,1320,0.18518518518518517
bgs_topk_jaccard,0.25,16,,,1321,0.18518518518518517
bgs_topk_jaccard,0.25,16,,,1322,0.06666666666666667
bgs_topk_jaccard,0.25,16,,,1323,0.03225806451612903
bgs_topk_jaccard,0.25,16,,,1324,0.10344827586206896
bgs_topk_jaccard,0.25,16,,,1325,0.14285714285714285
bgs_topk_jaccard,0.25,16,,,1326,0.10344827586206896
bgs_topk_jaccard,0.25,16,,,1327,0.10344827586206896
bgs_topk_jaccard,0.25,16,,,1328,0.23076923076923078
bgs_topk_jaccard,0.25,16,,,1329,0.3333333333333333
bgs_topk_jaccard,0.25,16,,,1330,0.10344827586206896
bgs_topk_jaccard,0.25,16,,,1331,0.18518518518518517
bgs_topk_jaccard,0.25,16,,,1332,0.10344827586206896
bgs_topk_jaccard,0.25,16,,,1333,0.14285714285714285
bgs_topk_jaccard,0.25,16,,,1334,0.14285714285714285
bgs_topk_jaccard,0.25,16,,,1335,0.18518518518518517
bgs_topk_jaccard,0.25,16,,,1336,0.10344827586206896
bgs_topk_jaccard,0.25,16,,,1337,0.10344827586206896
bgs_topk_jaccard,0.25,16,,,1338,0.06666666666666667
bgs_topk_jaccard,0.25,16,,,1339,0.10344827586206896
bgs_topk_jaccard,0.25,16,,,1340,0.14285714285714285
bgs_topk_jaccard,0.25,16,,,1341,0.10344827586206896
bgs_topk_jaccard,0.25,16,,,1342,0.06666666666666667
bgs_topk_jaccard,0.25,16,,,1343,0.10344827586206896
bgs_topk_jaccard,0.25,16,,,1344,0.10344827586206896
bgs_topk_jaccard,0.25,16,,,1345,0.14285714285714285
bgs_topk_jaccard,0.25,16,,,1346,0.14285714285714285
bgs_topk_jaccard,0.25,16,,,1347,0.23076923076923078
bgs_topk_jaccard,0.25,16,,,1348,0.14285714285714285
bgs_topk_jaccard,0.25,16,,,1349,0.28
bgs_topk_jaccard,0.25,16,,,1350,0.14285714285714285
bgs_topk_jaccard,0.25,16,,,1351,0.03225806451612903
bgs_topk_jaccard,0.25,16,,,1352,0.18518518518518517
bgs_topk_jaccard,0.25,16,,,1353,0.18518518518518517
bgs_topk_jaccard,0.25,16,,,1354,0.14285714285714285
bgs_topk_jaccard,0.25,16,,,1355,0.18518518518518517
bgs_topk_jaccard,0.25,16,,,1356,0.06666666666666667
bgs_topk_jaccard,0.25,16,,,1357,0.10344827586206896
bgs_topk_jaccard,0.25,16,,,1358,0.10344827586206896
bgs_topk_jaccard,0.25,16,,,1359,0.06666666666666667
bgs_topk_jaccard,0.25,16,,,1360,0.18518518518518517
bgs_topk_jaccard,0.25,16,,,1361,0.10344827586206896
bgs_topk_jaccard,0.25,16,,,1362,0.14285714285714285
bgs_topk_jaccard,0.25,16,,,1363,0.10344827586206896
bgs_topk_jaccard,0.25,16,,,1364,0.14285714285714285
bgs_topk_jaccard,0.25,16,,,1365,0.06666666666666667
bgs_topk_jaccard,0.25,16,,,1366,0.14285714285714285
bgs_topk_jaccard,0.25,16,,,1367,0.14285714285714285
bgs_topk_jaccard,0.25,16,,,1368,0.18518518518518517
bgs_topk_jaccard,0.25,16,,,1369,0.10344827586206896
bgs_topk_jaccard,0.25,16,,,1370,0.10344827586206896
bgs_topk_jaccard,0.25,16,,,1371,0.10344827586206896
bgs_topk_jaccard,0.25,16,,,1372,0.14285714285714285
bgs_topk_jaccard,0.25,16,,,1373,0.10344827586206896
bgs_topk_jaccard,0.25,16,,,1374,0.23076923076923078
bgs_topk_jaccard,0.25,16,,,1375,0.06666666666666667
bgs_topk_jaccard,0.25,16,,,1376,0.10344827586206896
bgs_topk_jaccard,0.25,16,,,1377,0.14285714285714285
bgs_topk_jaccard,0.25,16,,,1378,0.18518518518518517
bgs_topk_jaccard,0.25,16,,,1379,0.18518518518518517
bgs_topk_jaccard,0.25,16,,,1380,0.10344827586206896
bgs_topk_jaccard,0.25,16,,,1381,0.14285714285714285
bgs_topk_jaccard,0.25,16,,,1382,0.03225806451612903
bgs_topk_jaccard,0.25,16,,,1383,0.14285714285714285
bgs_topk_jaccard,0.25,16,,,1384,0.28
bgs_topk_jaccard,0.25,16,,,1385,0.14285714285714285
bgs_topk_jaccard,0.25,16,,,1386,0.18518518518518517
bgs_topk_jaccard,0.25,16,,,1387,0.14285714285714285
bgs_topk_jaccard,0.25,16,,,1388,0.10344827586206896
bgs_topk_jaccard,0.25,16,,,1389,0.18518518518518517
bgs_topk_jaccard,0.25,16,,,1390,0.10344827586206896
bgs_topk_jaccard,0.25,16,,,1391,0.03225806451612903
bgs_topk_jaccard,0.25,16,,,1392,0.14285714285714285
bgs_topk_jaccard,0.25,16,,,1393,0.06666666666666667
bgs_topk_jaccard,0.25,16,,,1394,0.06666666666666667
bgs_topk_jaccard,0.25,16,,,1395,0.14285714285714285
bgs_topk_jaccard,0.25,16,,,1396,0.18518518518518517
bgs_topk_jaccard,0.25,16,,,1397,0.10344827586206896
bgs_topk_jaccard,0.25,16,,,1398,0.14285714285714285
bgs_topk_jaccard,0.25,16,,,1399,0.10344827586206896
bgs_topk_jaccard,0.25,16,,,1400,0.0
bgs_topk_jaccard,0.25,16,,,1401,0.14285714285714285
bgs_topk_jaccard,0.25,16,,,1402,0.28
bgs_topk_jaccard,0.25,16,,,1403,0.14285714285714285
bgs_topk_jaccard,0.25,16,,,1404,0.18518518518518517
bgs_topk_jaccard,0.25,16,,,1405,0.18518518518518517
bgs_topk_jaccard,0.25,16,,,1406,0.10344827586206896
bgs_topk_jaccard,0.25,16,,,1407,0.10344827586206896
bgs_topk_jaccard,0.25,16,,,1408,0.18518518518518517
bgs_topk_jaccard,0.25,16,,,1409,0.18518518518518517
bgs_topk_jaccard,0.25,16,,,1410,0.10344827586206896
bgs_topk_jaccard,0.25,16,,,1411,0.18518518518518517
bgs_topk_jaccard,0.25,16,,,1412,0.10344827586206896
bgs_topk_jaccard,0.25,16,,,1413,0.14285714285714285
bgs_topk_jaccard,0.25,16,,,1414,0.06666666666666667
bgs_topk_jaccard,0.25,16,,,1415,0.14285714285714285
bgs_topk_jaccard,0.25,16,,,1416,0.23076923076923078
bgs_topk_jaccard,0.25,16,,,1417,0.14285714285714285
bgs_topk_jaccard,0.25,16,,,1418,0.14285714285714285
bgs_topk_jaccard,0.25,16,,,1419,0.14285714285714285
bgs_topk_jaccard,0.25,16,,,1420,0.18518518518518517
bgs_topk_jaccard,0.25,16,,,1421,0.23076923076923078
bgs_topk_jaccard,0.25,16,,,1422,0.10344827586206896
bgs_topk_jaccard,0.25,16,,,1423,0.14285714285714285
bgs_topk_jaccard,0.25,16,,,1424,0.10344827586206896
bgs_topk_jaccard,0.25,16,,,1425,0.10344827586206896
bgs_topk_jaccard,0.25,16,,,1426,0.18518518518518517
bgs_topk_jaccard,0.25,16,,,1427,0.10344827586206896
bgs_topk_jaccard,0.25,16,,,1428,0.14285714285714285
bgs_topk_jaccard,0.25,16,,,1429,0.14285714285714285
bgs_topk_jaccard,0.25,16,,,1430,0.14285714285714285
bgs_topk_jaccard,0.25,16,,,1431,0.10344827586206896
bgs_topk_jaccard,0.25,16,,,1432,0.28
bgs_topk_jaccard,0.25,16,,,1433,0.14285714285714285
bgs_topk_jaccard,0.25,16,,,1434,0.14285714285714285
bgs_topk_jaccard,0.25,16,,,1435,0.10344827586206896
bgs_topk_jaccard,0.25,16,,,1436,0.10344827586206896
bgs_topk_jaccard,0.25,16,,,1437,0.23076923076923078
bgs_topk_jaccard,0.25,16,,,1438,0.18518518518518517
bgs_topk_jaccard,0.25,16,,,1439,0.14285714285714285
bgs_topk_jaccard,0.25,16,,,1440,0.10344827586206896
bgs_topk_jaccard,0.25,16,,,1441,0.18518518518518517
bgs_topk_jaccard,0.25,16,,,1442,0.14285714285714285
bgs_topk_jaccard,0.25,16,,,1443,0.14285714285714285
bgs_topk_jaccard,0.25,16,,,1444,0.06666666666666667
bgs_topk_jaccard,0.25,16,,,1445,0.23076923076923078
bgs_topk_jaccard,0.25,16,,,1446,0.10344827586206896
bgs_topk_jaccard,0.25,16,,,1447,0.10344827586206896
bgs_topk_jaccard,0.25,16,,,1448,0.03225806451612903
bgs_topk_jaccard,0.25,16,,,1449,0.23076923076923078
bgs_topk_jaccard,0.25,16,,,1450,0.14285714285714285
bgs_topk_jaccard,0.25,16,,,1451,0.23076923076923078
bgs_topk_jaccard,0.25,16,,,1452,0.06666666666666667
bgs_topk_jaccard,0.25,16,,,1453,0.03225806451612903
bgs_topk_jaccard,0.25,16,,,1454,0.10344827586206896
bgs_topk_jaccard,0.25,16,,,1455,0.14285714285714285
bgs_topk_jaccard,0.25,16,,,1456,0.18518518518518517
bgs_topk_jaccard,0.25,16,,,1457,0.10344827586206896
bgs_topk_jaccard,0.25,16,,,1458,0.14285714285714285
bgs_topk_jaccard,0.25,16,,,1459,0.18518518518518517
bgs_topk_jaccard,0.25,16,,,1460,0.18518518518518517
bgs_topk_jaccard,0.25,16,,,1461,0.28
bgs_topk_jaccard,0.25,16,,,1462,0.18518518518518517
bgs_topk_jaccard,0.25,16,,,1463,0.18518518518518517
bgs_topk_jaccard,0.25,16,,,1464,0.14285714285714285
bgs_topk_jaccard,0.25,16,,,1465,0.03225806451612903
bgs_topk_jaccard,0.25,16,,,1466,0.10344827586206896
bgs_topk_jaccard,0.25,16,,,1467,0.10344827586206896
bgs_topk_jaccard,0.25,16,,,1468,0.10344827586206896
bgs_topk_jaccard,0.25,16,,,1469,0.18518518518518517
bgs_topk_jaccard,0.25,16,,,1470,0.14285714285714285
bgs_topk_jaccard,0.25,16,,,1471,0.14285714285714285
bgs_topk_jaccard,0.25,16,,,1472,0.18518518518518517
bgs_topk_jaccard,0.25,16,,,1473,0.03225806451612903
bgs_topk_jaccard,0.25,16,,,1474,0.14285714285714285
bgs_topk_jaccard,0.25,16,,,1475,0.10344827586206896
bgs_topk_jaccard,0.25,16,,,1476,0.14285714285714285
bgs_topk_jaccard,0.25,16,,,1477,0.18518518518518517
bgs_topk_jaccard,0.25,16,,,1478,0.10344827586206896
bgs_topk_jaccard,0.25,16,,,1479,0.06666666666666667
bgs_topk_jaccard,0.25,16,,,1480,0.23076923076923078
bgs_topk_jaccard,0.25,16,,,1481,0.18518518518518517
bgs_topk_jaccard,0.25,16,,,1482,0.23076923076923078
bgs_topk_jaccard,0.25,16,,,1483,0.14285714285714285
bgs_topk_jaccard,0.25,16,,,1484,0.10344827586206896
bgs_topk_jaccard,0.25,16,,,1485,0.14285714285714285
bgs_topk_jaccard,0.25,16,,,1486,0.14285714285714285
bgs_topk_jaccard,0.25,16,,,1487,0.14285714285714285
bgs_topk_jaccard,0.25,16,,,1488,0.28
bgs_topk_jaccard,0.25,16,,,1489,0.10344827586206896
bgs_topk_jaccard,0.25,16,,,1490,0.10344827586206896
bgs_topk_jaccard,0.25,16,,,1491,0.14285714285714285
bgs_topk_jaccard,0.25,16,,,1492,0.10344827586206896
bgs_topk_jaccard,0.25,16,,,1493,0.06666666666666667
bgs_topk_jaccard,0.25,16,,,1494,0.10344827586206896
bgs_topk_jaccard,0.25,16,,,1495,0.14285714285714285
bgs_topk_jaccard,0.25,16,,,1496,0.14285714285714285
bgs_topk_jaccard,0.25,16,,,1497,0.14285714285714285
bgs_topk_jaccard,0.25,16,,,1498,0.18518518518518517
bgs_topk_jaccard,0.25,16,,,1499,0.18518518518518517
bgs_topk_jaccard,0.25,16,,,1500,0.14285714285714285
bgs_topk_jaccard,0.25,16,,,1501,0.28
bgs_topk_jaccard,0.25,16,,,1502,0.3333333333333333
bgs_topk_jaccard,0.25,16,,,1503,0.06666666666666667
bgs_topk_jaccard,0.25,16,,,1504,0.23076923076923078
bgs_topk_jaccard,0.25,16,,,1505,0.10344827586206896
bgs_topk_jaccard,0.25,16,,,1506,0.14285714285714285
bgs_topk_jaccard,0.25,16,,,1507,0.10344827586206896
bgs_topk_jaccard,0.25,16,,,1508,0.10344827586206896
bgs_topk_jaccard,0.25,16,,,1509,0.14285714285714285
bgs_topk_jaccard,0.25,16,,,1510,0.10344827586206896
bgs_topk_jaccard,0.25,16,,,1511,0.14285714285714285
bgs_topk_jaccard,0.25,16,,,1512,0.14285714285714285
bgs_topk_jaccard,0.25,16,,,1513,0.06666666666666667
bgs_topk_jaccard,0.25,16,,,1514,0.23076923076923078
bgs_topk_jaccard,0.25,16,,,1515,0.18518518518518517
bgs_topk_jaccard,0.25,16,,,1516,0.10344827586206896
bgs_topk_jaccard,0.25,16,,,1517,0.10344827586206896
bgs_topk_jaccard,0.25,16,,,1518,0.14285714285714285
bgs_topk_jaccard,0.25,16,,,1519,0.23076923076923078
bgs_topk_jaccard,0.25,16,,,1520,0.14285714285714285
bgs_topk_jaccard,0.25,16,,,1521,0.18518518518518517
bgs_topk_jaccard,0.25,16,,,1522,0.14285714285714285
bgs_topk_jaccard,0.25,16,,,1523,0.10344827586206896
bgs_topk_jaccard,0.25,16,,,1524,0.18518518518518517
bgs_topk_jaccard,0.25,16,,,1525,0.18518518518518517
bgs_topk_jaccard,0.25,16,,,1526,0.06666666666666667
bgs_topk_jaccard,0.25,16,,,1527,0.18518518518518517
bgs_topk_jaccard,0.25,16,,,1528,0.10344827586206896
bgs_topk_jaccard,0.25,16,,,1529,0.18518518518518517
bgs_topk_jaccard,0.25,16,,,1530,0.10344827586206896
bgs_topk_jaccard,0.25,16,,,1531,0.28
bgs_topk_jaccard,0.25,16,,,1532,0.18518518518518517
bgs_topk_jaccard,0.25,16,,,1533,0.18518518518518517
bgs_topk_jaccard,0.25,16,,,1534,0.3333333333333333
bgs_topk_jaccard,0.25,16,,,1535,0.18518518518518517
bgs_topk_jaccard,0.25,16,,,1536,0.14285714285714285
bgs_topk_jaccard,0.25,16,,,1537,0.10344827586206896
bgs_topk_jaccard,0.25,16,,,1538,0.14285714285714285
bgs_topk_jaccard,0.25,16,,,1539,0.10344827586206896
bgs_topk_jaccard,0.25,16,,,1540,0.18518518518518517
bgs_topk_jaccard,0.25,16,,,1541,0.10344827586206896
bgs_topk_jaccard,0.25,16,,,1542,0.28
bgs_topk_jaccard,0.25,16,,,1543,0.18518518518518517
bgs_topk_jaccard,0.25,16,,,1544,0.10344827586206896
bgs_topk_jaccard,0.25,16,,,1545,0.18518518518518517
bgs_topk_jaccard,0.25,16,,,1546,0.14285714285714285
bgs_topk_jaccard,0.25,16,,,1547,0.18518518518518517
bgs_topk_jaccard,0.25,16,,,1548,0.10344827586206896
bgs_topk_jaccard,0.25,16,,,1549,0.14285714285714285
bgs_topk_jaccard,0.25,16,,,1550,0.14285714285714285
bgs_topk_jaccard,0.25,16,,,1551,0.14285714285714285
bgs_topk_jaccard,0.25,16,,,1552,0.14285714285714285
bgs_topk_jaccard,0.25,16,,,1553,0.23076923076923078
bgs_topk_jaccard,0.25,16,,,1554,0.10344827586206896
bgs_topk_jaccard,0.25,16,,,1555,0.14285714285714285
bgs_topk_jaccard,0.25,16,,,1556,0.06666666666666667
bgs_topk_jaccard,0.25,16,,,1557,0.14285714285714285
bgs_topk_jaccard,0.25,16,,,1558,0.10344827586206896
bgs_topk_jaccard,0.25,16,,,1559,0.14285714285714285
bgs_topk_jaccard,0.25,16,,,1560,0.14285714285714285
bgs_topk_jaccard,0.25,16,,,1561,0.03225806451612903
bgs_topk_jaccard,0.25,16,,,1562,0.18518518518518517
bgs_topk_jaccard,0.25,16,,,1563,0.23076923076923078
bgs_topk_jaccard,0.25,16,,,1564,0.14285714285714285
bgs_topk_jaccard,0.25,16,,,1565,0.10344827586206896
bgs_topk_jaccard,0.25,16,,,1566,0.23076923076923078
bgs_topk_jaccard,0.25,16,,,1567,0.06666666666666667
bgs_topk_jaccard,0.25,16,,,1568,0.14285714285714285
bgs_topk_jaccard,0.25,16,,,1569,0.14285714285714285
bgs_topk_jaccard,0.25,16,,,1570,0.14285714285714285
bgs_topk_jaccard,0.25,16,,,1571,0.28
bgs_topk_jaccard,0.25,16,,,1572,0.18518518518518517
bgs_topk_jaccard,0.25,16,,,1573,0.18518518518518517
bgs_topk_jaccard,0.25,16,,,1574,0.10344827586206896
bgs_topk_jaccard,0.25,16,,,1575,0.14285714285714285
bgs_topk_jaccard,0.25,16,,,1576,0.18518518518518517
bgs_topk_jaccard,0.25,16,,,1577,0.14285714285714285
bgs_topk_jaccard,0.25,16,,,1578,0.28
bgs_topk_jaccard,0.25,16,,,1579,0.14285714285714285
bgs_topk_jaccard,0.25,16,,,1580,0.23076923076923078
bgs_topk_jaccard,0.25,16,,,1581,0.10344827586206896
bgs_topk_jaccard,0.25,16,,,1582,0.06666666666666667
bgs_topk_jaccard,0.25,16,,,1583,0.18518518518518517
bgs_topk_jaccard,0.25,16,,,1584,0.14285714285714285
bgs_topk_jaccard,0.25,16,,,1585,0.18518518518518517
bgs_topk_jaccard,0.25,16,,,1586,0.06666666666666667
bgs_topk_jaccard,0.25,16,,,1587,0.18518518518518517
bgs_topk_jaccard,0.25,16,,,1588,0.14285714285714285
bgs_topk_jaccard,0.25,16,,,1589,0.10344827586206896
bgs_topk_jaccard,0.25,16,,,1590,0.10344827586206896
bgs_topk_jaccard,0.25,16,,,1591,0.28
bgs_topk_jaccard,0.25,16,,,1592,0.10344827586206896
bgs_topk_jaccard,0.25,16,,,1593,0.14285714285714285
bgs_topk_jaccard,0.25,16,,,1594,0.10344827586206896
bgs_topk_jaccard,0.25,16,,,1595,0.28
bgs_topk_jaccard,0.25,16,,,1596,0.10344827586206896
bgs_topk_jaccard,0.25,16,,,1597,0.06666666666666667
bgs_topk_jaccard,0.25,16,,,1598,0.18518518518518517
bgs_topk_jaccard,0.25,16,,,1599,0.14285714285714285
bgs_topk_jaccard,0.25,16,,,1600,0.18518518518518517
bgs_topk_jaccard,0.25,16,,,1601,0.14285714285714285
bgs_topk_jaccard,0.25,16,,,1602,0.28
bgs_topk_jaccard,0.25,16,,,1603,0.14285714285714285
bgs_topk_jaccard,0.25,16,,,1604,0.14285714285714285
bgs_topk_jaccard,0.25,16,,,1605,0.06666666666666667
bgs_topk_jaccard,0.25,16,,,1606,0.14285714285714285
bgs_topk_jaccard,0.25,16,,,1607,0.28
bgs_topk_jaccard,0.25,16,,,1608,0.18518518518518517
bgs_topk_jaccard,0.25,16,,,1609,0.18518518518518517
bgs_topk_jaccard,0.25,16,,,1610,0.14285714285714285
bgs_topk_jaccard,0.25,16,,,1611,0.06666666666666667
bgs_topk_jaccard,0.25,16,,,1612,0.23076923076923078
bgs_topk_jaccard,0.25,16,,,1613,0.10344827586206896
bgs_topk_jaccard,0.25,16,,,1614,0.14285714285714285
bgs_topk_jaccard,0.25,16,,,1615,0.23076923076923078
bgs_topk_jaccard,0.25,16,,,1616,0.14285714285714285
bgs_topk_jaccard,0.25,16,,,1617,0.10344827586206896
bgs_topk_jaccard,0.25,16,,,1618,0.14285714285714285
bgs_topk_jaccard,0.25,16,,,1619,0.28
bgs_topk_jaccard,0.25,16,,,1620,0.23076923076923078
bgs_topk_jaccard,0.25,16,,,1621,0.14285714285714285
bgs_topk_jaccard,0.25,16,,,1622,0.14285714285714285
bgs_topk_jaccard,0.25,16,,,1623,0.14285714285714285
bgs_topk_jaccard,0.25,16,,,1624,0.23076923076923078
bgs_topk_jaccard,0.25,16,,,1625,0.10344827586206896
bgs_topk_jaccard,0.25,16,,,1626,0.10344827586206896
bgs_topk_jaccard,0.25,16,,,1627,0.14285714285714285
bgs_topk_jaccard,0.25,16,,,1628,0.18518518518518517
bgs_topk_jaccard,0.25,16,,,1629,0.10344827586206896
bgs_topk_jaccard,0.25,16,,,1630,0.28
bgs_topk_jaccard,0.25,16,,,1631,0.06666666666666667
bgs_topk_jaccard,0.25,16,,,1632,0.23076923076923078
bgs_topk_jaccard,0.25,16,,,1633,0.14285714285714285
bgs_topk_jaccard,0.25,16,,,1634,0.14285714285714285
bgs_topk_jaccard,0.25,16,,,1635,0.10344827586206896
bgs_topk_jaccard,0.25,16,,,1636,0.10344827586206896
bgs_topk_jaccard,0.25,16,,,1637,0.10344827586206896
bgs_topk_jaccard,0.25,16,,,1638,0.10344827586206896
bgs_topk_jaccard,0.25,16,,,1639,0.18518518518518517
bgs_topk_jaccard,0.25,16,,,1640,0.23076923076923078
bgs_topk_jaccard,0.25,16,,,1641,0.14285714285714285
bgs_topk_jaccard,0.25,16,,,1642,0.10344827586206896
bgs_topk_jaccard,0.25,16,,,1643,0.18518518518518517
bgs_topk_jaccard,0.25,16,,,1644,0.23076923076923078
bgs_topk_jaccard,0.25,16,,,1645,0.03225806451612903
bgs_topk_jaccard,0.25,16,,,1646,0.18518518518518517
bgs_topk_jaccard,0.25,16,,,1647,0.18518518518518517
bgs_topk_jaccard,0.25,16,,,1648,0.14285714285714285
bgs_topk_jaccard,0.25,16,,,1649,0.18518518518518517
bgs_topk_jaccard,0.25,16,,,1650,0.23076923076923078
bgs_topk_jaccard,0.25,16,,,1651,0.18518518518518517
bgs_topk_jaccard,0.25,16,,,1652,0.23076923076923078
bgs_topk_jaccard,0.25,16,,,1653,0.14285714285714285
bgs_topk_jaccard,0.25,16,,,1654,0.14285714285714285
bgs_topk_jaccard,0.25,16,,,1655,0.23076923076923078
bgs_topk_jaccard,0.25,16,,,1656,0.14285714285714285
bgs_topk_jaccard,0.25,16,,,1657,0.18518518518518517
bgs_topk_jaccard,0.25,16,,,1658,0.06666666666666667
bgs_topk_jaccard,0.25,16,,,1659,0.10344827586206896
bgs_topk_jaccard,0.25,16,,,1660,0.14285714285714285
bgs_topk_jaccard,0.25,16,,,1661,0.10344827586206896
bgs_topk_jaccard,0.25,16,,,1662,0.28
bgs_topk_jaccard,0.25,16,,,1663,0.14285714285714285
bgs_topk_jaccard,0.25,16,,,1664,0.14285714285714285
bgs_topk_jaccard,0.25,16,,,1665,0.28
bgs_topk_jaccard,0.25,16,,,1666,0.10344827586206896
bgs_topk_jaccard,0.25,16,,,1667,0.10344827586206896
bgs_topk_jaccard,0.25,16,,,1668,0.10344827586206896
bgs_topk_jaccard,0.25,16,,,1669,0.03225806451612903
bgs_topk_jaccard,0.25,16,,,1670,0.06666666666666667
bgs_topk_jaccard,0.25,16,,,1671,0.18518518518518517
bgs_topk_jaccard,0.25,16,,,1672,0.10344827586206896
bgs_topk_jaccard,0.25,16,,,1673,0.23076923076923078
bgs_topk_jaccard,0.25,16,,,1674,0.14285714285714285
bgs_topk_jaccard,0.25,16,,,1675,0.10344827586206896
bgs_topk_jaccard,0.25,16,,,1676,0.18518518518518517
bgs_topk_jaccard,0.25,16,,,1677,0.14285714285714285
bgs_topk_jaccard,0.25,16,,,1678,0.10344827586206896
bgs_topk_jaccard,0.25,16,,,1679,0.10344827586206896
bgs_topk_jaccard,0.25,16,,,1680,0.14285714285714285
bgs_topk_jaccard,0.25,16,,,1681,0.06666666666666667
bgs_topk_jaccard,0.25,16,,,1682,0.23076923076923078
bgs_topk_jaccard,0.25,16,,,1683,0.18518518518518517
bgs_topk_jaccard,0.25,16,,,1684,0.14285714285714285
bgs_topk_jaccard,0.25,16,,,1685,0.14285714285714285
bgs_topk_jaccard,0.25,16,,,1686,0.14285714285714285
bgs_topk_jaccard,0.25,16,,,1687,0.14285714285714285
bgs_topk_jaccard,0.25,16,,,1688,0.06666666666666667
bgs_topk_jaccard,0.25,16,,,1689,0.10344827586206896
bgs_topk_jaccard,0.25,16,,,1690,0.03225806451612903
bgs_topk_jaccard,0.25,16,,,1691,0.23076923076923078
bgs_topk_jaccard,0.25,16,,,1692,0.14285714285714285
bgs_topk_jaccard,0.25,16,,,1693,0.14285714285714285
bgs_topk_jaccard,0.25,16,,,1694,0.14285714285714285
bgs_topk_jaccard,0.25,16,,,1695,0.14285714285714285
bgs_topk_jaccard,0.25,16,,,1696,0.18518518518518517
bgs_topk_jaccard,0.25,16,,,1697,0.14285714285714285
bgs_topk_jaccard,0.25,16,,,1698,0.18518518518518517
bgs_topk_jaccard,0.25,16,,,1699,0.14285714285714285
bgs_topk_jaccard,0.25,16,,,1700,0.18518518518518517
bgs_topk_jaccard,0.25,16,,,1701,0.23076923076923078
bgs_topk_jaccard,0.25,16,,,1702,0.06666666666666667
bgs_topk_jaccard,0.25,16,,,1703,0.10344827586206896
bgs_topk_jaccard,0.25,16,,,1704,0.10344827586206896
bgs_topk_jaccard,0.25,16,,,1705,0.10344827586206896
bgs_topk_jaccard,0.25,16,,,1706,0.06666666666666667
bgs_topk_jaccard,0.25,16,,,1707,0.18518518518518517
bgs_topk_jaccard,0.25,16,,,1708,0.14285714285714285
bgs_topk_jaccard,0.25,16,,,1709,0.23076923076923078
bgs_topk_jaccard,0.25,16,,,1710,0.10344827586206896
bgs_topk_jaccard,0.25,16,,,1711,0.14285714285714285
bgs_topk_jaccard,0.25,16,,,1712,0.28
bgs_topk_jaccard,0.25,16,,,1713,0.18518518518518517
bgs_topk_jaccard,0.25,16,,,1714,0.14285714285714285
bgs_topk_jaccard,0.25,16,,,1715,0.10344827586206896
bgs_topk_jaccard,0.25,16,,,1716,0.03225806451612903
bgs_topk_jaccard,0.25,16,,,1717,0.23076923076923078
bgs_topk_jaccard,0.25,16,,,1718,0.10344827586206896
bgs_topk_jaccard,0.25,16,,,1719,0.03225806451612903
bgs_topk_jaccard,0.25,16,,,1720,0.18518518518518517
bgs_topk_jaccard,0.25,16,,,1721,0.14285714285714285
bgs_topk_jaccard,0.25,16,,,1722,0.14285714285714285
bgs_topk_jaccard,0.25,16,,,1723,0.28
bgs_topk_jaccard,0.25,16,,,1724,0.06666666666666667
bgs_topk_jaccard,0.25,16,,,1725,0.14285714285714285
bgs_topk_jaccard,0.25,16,,,1726,0.28
bgs_topk_jaccard,0.25,16,,,1727,0.18518518518518517
bgs_topk_jaccard,0.25,16,,,1728,0.14285714285714285
bgs_topk_jaccard,0.25,16,,,1729,0.10344827586206896
bgs_topk_jaccard,0.25,16,,,1730,0.18518518518518517
bgs_topk_jaccard,0.25,16,,,1731,0.18518518518518517
bgs_topk_jaccard,0.25,16,,,1732,0.10344827586206896
bgs_topk_jaccard,0.25,16,,,1733,0.18518518518518517
bgs_topk_jaccard,0.25,16,,,1734,0.14285714285714285
bgs_topk_jaccard,0.25,16,,,1735,0.14285714285714285
bgs_topk_jaccard,0.25,16,,,1736,0.14285714285714285
bgs_topk_jaccard,0.25,16,,,1737,0.28
bgs_topk_jaccard,0.25,16,,,1738,0.10344827586206896
bgs_topk_jaccard,0.25,16,,,1739,0.14285714285714285
bgs_topk_jaccard,0.25,16,,,1740,0.18518518518518517
bgs_topk_jaccard,0.25,16,,,1741,0.10344827586206896
bgs_topk_jaccard,0.25,16,,,1742,0.10344827586206896
bgs_topk_jaccard,0.25,16,,,1743,0.10344827586206896
bgs_topk_jaccard,0.25,16,,,1744,0.28
bgs_topk_jaccard,0.25,16,,,1745,0.18518518518518517
bgs_topk_jaccard,0.25,16,,,1746,0.18518518518518517
bgs_topk_jaccard,0.25,16,,,1747,0.28
bgs_topk_jaccard,0.25,16,,,1748,0.14285714285714285
bgs_topk_jaccard,0.25,16,,,1749,0.14285714285714285
bgs_topk_jaccard,0.25,16,,,1750,0.06666666666666667
bgs_topk_jaccard,0.25,16,,,1751,0.14285714285714285
bgs_topk_jaccard,0.25,16,,,1752,0.23076923076923078
bgs_topk_jaccard,0.25,16,,,1753,0.18518518518518517
bgs_topk_jaccard,0.25,16,,,1754,0.14285714285714285
bgs_topk_jaccard,0.25,16,,,1755,0.10344827586206896
bgs_topk_jaccard,0.25,16,,,1756,0.10344827586206896
bgs_topk_jaccard,0.25,16,,,1757,0.10344827586206896
bgs_topk_jaccard,0.25,16,,,1758,0.14285714285714285
bgs_topk_jaccard,0.25,16,,,1759,0.28
bgs_topk_jaccard,0.25,16,,,1760,0.18518518518518517
bgs_topk_jaccard,0.25,16,,,1761,0.03225806451612903
bgs_topk_jaccard,0.25,16,,,1762,0.03225806451612903
bgs_topk_jaccard,0.25,16,,,1763,0.10344827586206896
bgs_topk_jaccard,0.25,16,,,1764,0.14285714285714285
bgs_topk_jaccard,0.25,16,,,1765,0.10344827586206896
bgs_topk_jaccard,0.25,16,,,1766,0.18518518518518517
bgs_topk_jaccard,0.25,16,,,1767,0.28
bgs_topk_jaccard,0.25,16,,,1768,0.10344827586206896
bgs_topk_jaccard,0.25,16,,,1769,0.23076923076923078
bgs_topk_jaccard,0.25,16,,,1770,0.14285714285714285
bgs_topk_jaccard,0.25,16,,,1771,0.14285714285714285
bgs_topk_jaccard,0.25,16,,,1772,0.14285714285714285
bgs_topk_jaccard,0.25,16,,,1773,0.06666666666666667
bgs_topk_jaccard,0.25,16,,,1774,0.10344827586206896
bgs_topk_jaccard,0.25,16,,,1775,0.18518518518518517
bgs_topk_jaccard,0.25,16,,,1776,0.18518518518518517
bgs_topk_jaccard,0.25,16,,,1777,0.14285714285714285
bgs_topk_jaccard,0.25,16,,,1778,0.10344827586206896
bgs_topk_jaccard,0.25,16,,,1779,0.14285714285714285
bgs_topk_jaccard,0.25,16,,,1780,0.10344827586206896
bgs_topk_jaccard,0.25,16,,,1781,0.10344827586206896
bgs_topk_jaccard,0.25,16,,,1782,0.14285714285714285
bgs_topk_jaccard,0.25,16,,,1783,0.14285714285714285
bgs_topk_jaccard,0.25,16,,,1784,0.10344827586206896
bgs_topk_jaccard,0.25,16,,,1785,0.06666666666666667
bgs_topk_jaccard,0.25,16,,,1786,0.10344827586206896
bgs_topk_jaccard,0.25,16,,,1787,0.14285714285714285
bgs_topk_jaccard,0.25,16,,,1788,0.03225806451612903
bgs_topk_jaccard,0.25,16,,,1789,0.23076923076923078
bgs_topk_jaccard,0.25,16,,,1790,0.03225806451612903
bgs_topk_jaccard,0.25,16,,,1791,0.18518518518518517
bgs_topk_jaccard,0.25,16,,,1792,0.14285714285714285
bgs_topk_jaccard,0.25,16,,,1793,0.10344827586206896
bgs_topk_jaccard,0.25,16,,,1794,0.23076923076923078
bgs_topk_jaccard,0.25,16,,,1795,0.14285714285714285
bgs_topk_jaccard,0.25,16,,,1796,0.14285714285714285
bgs_topk_jaccard,0.25,16,,,1797,0.18518518518518517
bgs_topk_jaccard,0.25,16,,,1798,0.18518518518518517
bgs_topk_jaccard,0.25,16,,,1799,0.14285714285714285
bgs_topk_jaccard,0.25,16,,,1800,0.14285714285714285
bgs_topk_jaccard,0.25,16,,,1801,0.14285714285714285
bgs_topk_jaccard,0.25,16,,,1802,0.14285714285714285
bgs_topk_jaccard,0.25,16,,,1803,0.10344827586206896
bgs_topk_jaccard,0.25,16,,,1804,0.18518518518518517
bgs_topk_jaccard,0.25,16,,,1805,0.14285714285714285
bgs_topk_jaccard,0.25,16,,,1806,0.18518518518518517
bgs_topk_jaccard,0.25,16,,,1807,0.10344827586206896
bgs_topk_jaccard,0.25,16,,,1808,0.10344827586206896
bgs_topk_jaccard,0.25,16,,,1809,0.10344827586206896
bgs_topk_jaccard,0.25,16,,,1810,0.23076923076923078
bgs_topk_jaccard,0.25,16,,,1811,0.10344827586206896
bgs_topk_jaccard,0.25,16,,,1812,0.10344827586206896
bgs_topk_jaccard,0.25,16,,,1813,0.28
bgs_topk_jaccard,0.25,16,,,1814,0.18518518518518517
bgs_topk_jaccard,0.25,16,,,1815,0.10344827586206896
bgs_topk_jaccard,0.25,16,,,1816,0.14285714285714285
bgs_topk_jaccard,0.25,16,,,1817,0.06666666666666667
bgs_topk_jaccard,0.25,16,,,1818,0.23076923076923078
bgs_topk_jaccard,0.25,16,,,1819,0.06666666666666667
bgs_topk_jaccard,0.25,16,,,1820,0.14285714285714285
bgs_topk_jaccard,0.25,16,,,1821,0.14285714285714285
bgs_topk_jaccard,0.25,16,,,1822,0.14285714285714285
bgs_topk_jaccard,0.25,16,,,1823,0.06666666666666667
bgs_topk_jaccard,0.25,16,,,1824,0.10344827586206896
bgs_topk_jaccard,0.25,16,,,1825,0.18518518518518517
bgs_topk_jaccard,0.25,16,,,1826,0.10344827586206896
bgs_topk_jaccard,0.25,16,,,1827,0.18518518518518517
bgs_topk_jaccard,0.25,16,,,1828,0.23076923076923078
bgs_topk_jaccard,0.25,16,,,1829,0.14285714285714285
bgs_topk_jaccard,0.25,16,,,1830,0.10344827586206896
bgs_topk_jaccard,0.25,16,,,1831,0.18518518518518517
bgs_topk_jaccard,0.25,16,,,1832,0.06666666666666667
bgs_topk_jaccard,0.25,16,,,1833,0.06666666666666667
bgs_topk_jaccard,0.25,16,,,1834,0.10344827586206896
bgs_topk_jaccard,0.25,16,,,1835,0.14285714285714285
bgs_topk_jaccard,0.25,16,,,1836,0.06666666666666667
bgs_topk_jaccard,0.25,16,,,1837,0.03225806451612903
bgs_topk_jaccard,0.25,16,,,1838,0.14285714285714285
bgs_topk_jaccard,0.25,16,,,1839,0.10344827586206896
bgs_topk_jaccard,0.25,16,,,1840,0.14285714285714285
bgs_topk_jaccard,0.25,16,,,1841,0.14285714285714285
bgs_topk_jaccard,0.25,16,,,1842,0.14285714285714285
bgs_topk_jaccard,0.25,16,,,1843,0.10344827586206896
bgs_topk_jaccard,0.25,16,,,1844,0.18518518518518517
bgs_topk_jaccard,0.25,16,,,1845,0.28
bgs_topk_jaccard,0.25,16,,,1846,0.14285714285714285
bgs_topk_jaccard,0.25,16,,,1847,0.18518518518518517
bgs_topk_jaccard,0.25,16,,,1848,0.3333333333333333
bgs_topk_jaccard,0.25,16,,,1849,0.14285714285714285
bgs_topk_jaccard,0.25,16,,,1850,0.10344827586206896
bgs_topk_jaccard,0.25,16,,,1851,0.14285714285714285
bgs_topk_jaccard,0.25,16,,,1852,0.23076923076923078
bgs_topk_jaccard,0.25,16,,,1853,0.18518518518518517
bgs_topk_jaccard,0.25,16,,,1854,0.18518518518518517
bgs_topk_jaccard,0.25,16,,,1855,0.06666666666666667
bgs_topk_jaccard,0.25,16,,,1856,0.03225806451612903
bgs_topk_jaccard,0.25,16,,,1857,0.14285714285714285
bgs_topk_jaccard,0.25,16,,,1858,0.23076923076923078
bgs_topk_jaccard,0.25,16,,,1859,0.18518518518518517
bgs_topk_jaccard,0.25,16,,,1860,0.23076923076923078
bgs_topk_jaccard,0.25,16,,,1861,0.14285714285714285
bgs_topk_jaccard,0.25,16,,,1862,0.06666666666666667
bgs_topk_jaccard,0.25,16,,,1863,0.10344827586206896
bgs_topk_jaccard,0.25,16,,,1864,0.10344827586206896
bgs_topk_jaccard,0.25,16,,,1865,0.10344827586206896
bgs_topk_jaccard,0.25,16,,,1866,0.06666666666666667
bgs_topk_jaccard,0.25,16,,,1867,0.18518518518518517
bgs_topk_jaccard,0.25,16,,,1868,0.14285714285714285
bgs_topk_jaccard,0.25,16,,,1869,0.23076923076923078
bgs_topk_jaccard,0.25,16,,,1870,0.06666666666666667
bgs_topk_jaccard,0.25,16,,,1871,0.10344827586206896
bgs_topk_jaccard,0.25,16,,,1872,0.10344827586206896
bgs_topk_jaccard,0.25,16,,,1873,0.14285714285714285
bgs_topk_jaccard,0.25,16,,,1874,0.23076923076923078
bgs_topk_jaccard,0.25,16,,,1875,0.28
bgs_topk_jaccard,0.25,16,,,1876,0.14285714285714285
bgs_topk_jaccard,0.25,16,,,1877,0.23076923076923078
bgs_topk_jaccard,0.25,16,,,1878,0.18518518518518517
bgs_topk_jaccard,0.25,16,,,1879,0.10344827586206896
bgs_topk_jaccard,0.25,16,,,1880,0.18518518518518517
bgs_topk_jaccard,0.25,16,,,1881,0.10344827586206896
bgs_topk_jaccard,0.25,16,,,1882,0.14285714285714285
bgs_topk_jaccard,0.25,16,,,1883,0.23076923076923078
bgs_topk_jaccard,0.25,16,,,1884,0.18518518518518517
bgs_topk_jaccard,0.25,16,,,1885,0.14285714285714285
bgs_topk_jaccard,0.25,16,,,1886,0.18518518518518517
bgs_topk_jaccard,0.25,16,,,1887,0.23076923076923078
bgs_topk_jaccard,0.25,16,,,1888,0.03225806451612903
bgs_topk_jaccard,0.25,16,,,1889,0.14285714285714285
bgs_topk_jaccard,0.25,16,,,1890,0.18518518518518517
bgs_topk_jaccard,0.25,16,,,1891,0.10344827586206896
bgs_topk_jaccard,0.25,16,,,1892,0.28
bgs_topk_jaccard,0.25,16,,,1893,0.14285714285714285
bgs_topk_jaccard,0.25,16,,,1894,0.18518518518518517
bgs_topk_jaccard,0.25,16,,,1895,0.28
bgs_topk_jaccard,0.25,16,,,1896,0.18518518518518517
bgs_topk_jaccard,0.25,16,,,1897,0.18518518518518517
bgs_topk_jaccard,0.25,16,,,1898,0.18518518518518517
bgs_topk_jaccard,0.25,16,,,1899,0.23076923076923078
bgs_topk_jaccard,0.25,16,,,1900,0.06666666666666667
bgs_topk_jaccard,0.25,16,,,1901,0.14285714285714285
bgs_topk_jaccard,0.25,16,,,1902,0.10344827586206896
bgs_topk_jaccard,0.25,16,,,1903,0.10344827586206896
bgs_topk_jaccard,0.25,16,,,1904,0.14285714285714285
bgs_topk_jaccard,0.25,16,,,1905,0.18518518518518517
bgs_topk_jaccard,0.25,16,,,1906,0.14285714285714285
bgs_topk_jaccard,0.25,16,,,1907,0.14285714285714285
bgs_topk_jaccard,0.25,16,,,1908,0.14285714285714285
bgs_topk_jaccard,0.25,16,,,1909,0.28
bgs_topk_jaccard,0.25,16,,,1910,0.03225806451612903
bgs_topk_jaccard,0.25,16,,,1911,0.18518518518518517
bgs_topk_jaccard,0.25,16,,,1912,0.10344827586206896
bgs_topk_jaccard,0.25,16,,,1913,0.23076923076923078
bgs_topk_jaccard,0.25,16,,,1914,0.10344827586206896
bgs_topk_jaccard,0.25,16,,,1915,0.10344827586206896
bgs_topk_jaccard,0.25,16,,,1916,0.14285714285714285
bgs_topk_jaccard,0.25,16,,,1917,0.14285714285714285
bgs_topk_jaccard,0.25,16,,,1918,0.10344827586206896
bgs_topk_jaccard,0.25,16,,,1919,0.14285714285714285
bgs_topk_jaccard,0.25,16,,,1920,0.18518518518518517
bgs_topk_jaccard,0.25,16,,,1921,0.10344827586206896
bgs_topk_jaccard,0.25,16,,,1922,0.28
bgs_topk_jaccard,0.25,16,,,1923,0.14285714285714285
bgs_topk_jaccard,0.25,16,,,1924,0.18518518518518517
bgs_topk_jaccard,0.25,16,,,1925,0.10344827586206896
bgs_topk_jaccard,0.25,16,,,1926,0.18518518518518517
bgs_topk_jaccard,0.25,16,,,1927,0.23076923076923078
bgs_topk_jaccard,0.25,16,,,1928,0.03225806451612903
bgs_topk_jaccard,0.25,16,,,1929,0.23076923076923078
bgs_topk_jaccard,0.25,16,,,1930,0.14285714285714285
bgs_topk_jaccard,0.25,16,,,1931,0.14285714285714285
bgs_topk_jaccard,0.25,16,,,1932,0.14285714285714285
bgs_topk_jaccard,0.25,16,,,1933,0.23076923076923078
bgs_topk_jaccard,0.25,16,,,1934,0.23076923076923078
bgs_topk_jaccard,0.25,16,,,1935,0.18518518518518517
bgs_topk_jaccard,0.25,16,,,1936,0.28
bgs_topk_jaccard,0.25,16,,,1937,0.18518518518518517
bgs_topk_jaccard,0.25,16,,,1938,0.18518518518518517
bgs_topk_jaccard,0.25,16,,,1939,0.18518518518518517
bgs_topk_jaccard,0.25,16,,,1940,0.18518518518518517
bgs_topk_jaccard,0.25,16,,,1941,0.18518518518518517
bgs_topk_jaccard,0.25,16,,,1942,0.14285714285714285
bgs_topk_jaccard,0.25,16,,,1943,0.14285714285714285
bgs_topk_jaccard,0.25,16,,,1944,0.23076923076923078
bgs_topk_jaccard,0.25,16,,,1945,0.18518518518518517
bgs_topk_jaccard,0.25,16,,,1946,0.18518518518518517
bgs_topk_jaccard,0.25,16,,,1947,0.03225806451612903
bgs_topk_jaccard,0.25,16,,,1948,0.23076923076923078
bgs_topk_jaccard,0.25,16,,,1949,0.10344827586206896
bgs_topk_jaccard,0.25,16,,,1950,0.14285714285714285
bgs_topk_jaccard,0.25,16,,,1951,0.18518518518518517
bgs_topk_jaccard,0.25,16,,,1952,0.23076923076923078
bgs_topk_jaccard,0.25,16,,,1953,0.10344827586206896
bgs_topk_jaccard,0.25,16,,,1954,0.14285714285714285
bgs_topk_jaccard,0.25,16,,,1955,0.23076923076923078
bgs_topk_jaccard,0.25,16,,,1956,0.10344827586206896
bgs_topk_jaccard,0.25,16,,,1957,0.10344827586206896
bgs_topk_jaccard,0.25,16,,,1958,0.10344827586206896
bgs_topk_jaccard,0.25,16,,,1959,0.10344827586206896
bgs_topk_jaccard,0.25,16,,,1960,0.06666666666666667
bgs_topk_jaccard,0.25,16,,,1961,0.28
bgs_topk_jaccard,0.25,16,,,1962,0.14285714285714285
bgs_topk_jaccard,0.25,16,,,1963,0.10344827586206896
bgs_topk_jaccard,0.25,16,,,1964,0.14285714285714285
bgs_topk_jaccard,0.25,16,,,1965,0.10344827586206896
bgs_topk_jaccard,0.25,16,,,1966,0.391304347826087
bgs_topk_jaccard,0.25,16,,,1967,0.23076923076923078
bgs_topk_jaccard,0.25,16,,,1968,0.23076923076923078
bgs_topk_jaccard,0.25,16,,,1969,0.18518518518518517
bgs_topk_jaccard,0.25,16,,,1970,0.23076923076923078
bgs_topk_jaccard,0.25,16,,,1971,0.391304347826087
bgs_topk_jaccard,0.25,16,,,1972,0.10344827586206896
bgs_topk_jaccard,0.25,16,,,1973,0.18518518518518517
bgs_topk_jaccard,0.25,16,,,1974,0.23076923076923078
bgs_topk_jaccard,0.25,16,,,1975,0.06666666666666667
bgs_topk_jaccard,0.25,16,,,1976,0.10344827586206896
bgs_topk_jaccard,0.25,16,,,1977,0.06666666666666667
bgs_topk_jaccard,0.25,16,,,1978,0.14285714285714285
bgs_topk_jaccard,0.25,16,,,1979,0.14285714285714285
bgs_topk_jaccard,0.25,16,,,1980,0.14285714285714285
bgs_topk_jaccard,0.25,16,,,1981,0.18518518518518517
bgs_topk_jaccard,0.25,16,,,1982,0.18518518518518517
bgs_topk_jaccard,0.25,16,,,1983,0.18518518518518517
bgs_topk_jaccard,0.25,16,,,1984,0.06666666666666667
bgs_topk_jaccard,0.25,16,,,1985,0.18518518518518517
bgs_topk_jaccard,0.25,16,,,1986,0.10344827586206896
bgs_topk_jaccard,0.25,16,,,1987,0.10344827586206896
bgs_topk_jaccard,0.25,16,,,1988,0.18518518518518517
bgs_topk_jaccard,0.25,16,,,1989,0.23076923076923078
bgs_topk_jaccard,0.25,16,,,1990,0.14285714285714285
bgs_topk_jaccard,0.25,16,,,1991,0.14285714285714285
bgs_topk_jaccard,0.25,16,,,1992,0.18518518518518517
bgs_topk_jaccard,0.25,16,,,1993,0.10344827586206896
bgs_topk_jaccard,0.25,16,,,1994,0.18518518518518517
bgs_topk_jaccard,0.25,16,,,1995,0.28
bgs_topk_jaccard,0.25,16,,,1996,0.14285714285714285
bgs_topk_jaccard,0.25,16,,,1997,0.06666666666666667
bgs_topk_jaccard,0.25,16,,,1998,0.10344827586206896
bgs_topk_jaccard,0.25,16,,,1999,0.10344827586206896
bgs_topk_jaccard,0.25,16,,,2000,0.06666666666666667
bgs_topk_jaccard,0.25,16,,,2001,0.18518518518518517
bgs_topk_jaccard,0.25,16,,,2002,0.10344827586206896
bgs_topk_jaccard,0.25,16,,,2003,0.06666666666666667
bgs_topk_jaccard,0.25,16,,,2004,0.28
bgs_topk_jaccard,0.25,16,,,2005,0.06666666666666667
bgs_topk_jaccard,0.25,16,,,2006,0.10344827586206896
bgs_topk_jaccard,0.25,16,,,2007,0.23076923076923078
bgs_topk_jaccard,0.25,16,,,2008,0.10344827586206896
bgs_topk_jaccard,0.25,16,,,2009,0.18518518518518517
bgs_topk_jaccard,0.25,16,,,2010,0.10344827586206896
bgs_topk_jaccard,0.25,16,,,2011,0.10344827586206896
bgs_topk_jaccard,0.25,16,,,2012,0.06666666666666667
bgs_topk_jaccard,0.25,16,,,2013,0.14285714285714285
bgs_topk_jaccard,0.25,16,,,2014,0.23076923076923078
bgs_topk_jaccard,0.25,16,,,2015,0.14285714285714285
bgs_topk_jaccard,0.25,16,,,2016,0.10344827586206896
bgs_topk_jaccard,0.25,16,,,2017,0.18518518518518517
bgs_topk_jaccard,0.25,16,,,2018,0.0
bgs_topk_jaccard,0.25,16,,,2019,0.10344827586206896
bgs_topk_jaccard,0.25,16,,,2020,0.18518518518518517
bgs_topk_jaccard,0.25,16,,,2021,0.03225806451612903
bgs_topk_jaccard,0.25,16,,,2022,0.14285714285714285
bgs_topk_jaccard,0.25,16,,,2023,0.14285714285714285
bgs_topk_jaccard,0.25,16,,,2024,0.06666666666666667
bgs_topk_jaccard,0.25,16,,,2025,0.14285714285714285
bgs_topk_jaccard,0.25,16,,,2026,0.23076923076923078
bgs_topk_jaccard,0.25,16,,,2027,0.10344827586206896
bgs_topk_jaccard,0.25,16,,,2028,0.18518518518518517
bgs_topk_jaccard,0.25,16,,,2029,0.14285714285714285
bgs_topk_jaccard,0.25,16,,,2030,0.14285714285714285
bgs_topk_jaccard,0.25,16,,,2031,0.10344827586206896
bgs_topk_jaccard,0.25,16,,,2032,0.06666666666666667
bgs_topk_jaccard,0.25,16,,,2033,0.06666666666666667
bgs_topk_jaccard,0.25,16,,,2034,0.10344827586206896
bgs_topk_jaccard,0.25,16,,,2035,0.14285714285714285
bgs_topk_jaccard,0.25,16,,,2036,0.18518518518518517
bgs_topk_jaccard,0.25,16,,,2037,0.14285714285714285
bgs_topk_jaccard,0.25,16,,,2038,0.10344827586206896
bgs_topk_jaccard,0.25,16,,,2039,0.23076923076923078
bgs_topk_jaccard,0.25,16,,,2040,0.28
bgs_topk_jaccard,0.25,16,,,2041,0.23076923076923078
bgs_topk_jaccard,0.25,16,,,2042,0.23076923076923078
bgs_topk_jaccard,0.25,16,,,2043,0.10344827586206896
bgs_topk_jaccard,0.25,16,,,2044,0.18518518518518517
bgs_topk_jaccard,0.25,16,,,2045,0.14285714285714285
bgs_topk_jaccard,0.25,16,,,2046,0.10344827586206896
bgs_topk_jaccard,0.25,16,,,2047,0.06666666666666667
bgs_topk_jaccard,0.25,16,,,2048,0.10344827586206896
bgs_topk_jaccard,0.25,16,,,2049,0.10344827586206896
bgs_topk_jaccard,0.25,16,,,2050,0.06666666666666667
bgs_topk_jaccard,0.25,16,,,2051,0.23076923076923078
bgs_topk_jaccard,0.25,16,,,2052,0.06666666666666667
bgs_topk_jaccard,0.25,16,,,2053,0.10344827586206896
bgs_topk_jaccard,0.25,16,,,2054,0.10344827586206896
bgs_topk_jaccard,0.25,16,,,2055,0.10344827586206896
bgs_topk_jaccard,0.25,16,,,2056,0.14285714285714285
bgs_topk_jaccard,0.25,16,,,2057,0.23076923076923078
bgs_topk_jaccard,0.25,16,,,2058,0.23076923076923078
bgs_topk_jaccard,0.25,16,,,2059,0.28
bgs_topk_jaccard,0.25,16,,,2060,0.18518518518518517
bgs_topk_jaccard,0.25,16,,,2061,0.14285714285714285
bgs_topk_jaccard,0.25,16,,,2062,0.28
bgs_topk_jaccard,0.25,16,,,2063,0.18518518518518517
bgs_topk_jaccard,0.25,16,,,2064,0.18518518518518517
bgs_topk_jaccard,0.25,16,,,2065,0.14285714285714285
bgs_topk_jaccard,0.25,16,,,2066,0.06666666666666667
bgs_topk_jaccard,0.25,16,,,2067,0.14285714285714285
bgs_topk_jaccard,0.25,16,,,2068,0.10344827586206896
bgs_topk_jaccard,0.25,16,,,2069,0.10344827586206896
bgs_topk_jaccard,0.25,16,,,2070,0.06666666666666667
bgs_topk_jaccard,0.25,16,,,2071,0.14285714285714285
bgs_topk_jaccard,0.25,16,,,2072,0.18518518518518517
bgs_topk_jaccard,0.25,16,,,2073,0.14285714285714285
bgs_topk_jaccard,0.25,16,,,2074,0.14285714285714285
bgs_topk_jaccard,0.25,16,,,2075,0.23076923076923078
bgs_topk_jaccard,0.25,16,,,2076,0.18518518518518517
bgs_topk_jaccard,0.25,16,,,2077,0.23076923076923078
bgs_topk_jaccard,0.25,16,,,2078,0.06666666666666667
bgs_topk_jaccard,0.25,16,,,2079,0.14285714285714285
bgs_topk_jaccard,0.25,16,,,2080,0.18518518518518517
bgs_topk_jaccard,0.25,16,,,2081,0.10344827586206896
bgs_topk_jaccard,0.25,16,,,2082,0.10344827586206896
bgs_topk_jaccard,0.25,16,,,2083,0.03225806451612903
bgs_topk_jaccard,0.25,16,,,2084,0.0
bgs_topk_jaccard,0.25,16,,,2085,0.28
bgs_topk_jaccard,0.25,16,,,2086,0.06666666666666667
bgs_topk_jaccard,0.25,16,,,2087,0.23076923076923078
bgs_topk_jaccard,0.25,16,,,2088,0.14285714285714285
bgs_topk_jaccard,0.25,16,,,2089,0.10344827586206896
bgs_topk_jaccard,0.25,16,,,2090,0.23076923076923078
bgs_topk_jaccard,0.25,16,,,2091,0.06666666666666667
bgs_topk_jaccard,0.25,16,,,2092,0.14285714285714285
bgs_topk_jaccard,0.25,16,,,2093,0.10344827586206896
bgs_topk_jaccard,0.25,16,,,2094,0.28
bgs_topk_jaccard,0.25,16,,,2095,0.18518518518518517
bgs_topk_jaccard,0.25,16,,,2096,0.10344827586206896
bgs_topk_jaccard,0.25,16,,,2097,0.10344827586206896
bgs_topk_jaccard,0.25,16,,,2098,0.06666666666666667
bgs_topk_jaccard,0.25,16,,,2099,0.23076923076923078
bgs_topk_jaccard,0.25,16,,,2100,0.18518518518518517
bgs_topk_jaccard,0.25,16,,,2101,0.14285714285714285
bgs_topk_jaccard,0.25,16,,,2102,0.10344827586206896
bgs_topk_jaccard,0.25,16,,,2103,0.14285714285714285
bgs_topk_jaccard,0.25,16,,,2104,0.14285714285714285
bgs_topk_jaccard,0.25,16,,,2105,0.14285714285714285
bgs_topk_jaccard,0.25,16,,,2106,0.06666666666666667
bgs_topk_jaccard,0.25,16,,,2107,0.10344827586206896
bgs_topk_jaccard,0.25,16,,,2108,0.10344827586206896
bgs_topk_jaccard,0.25,16,,,2109,0.10344827586206896
bgs_topk_jaccard,0.25,16,,,2110,0.10344827586206896
bgs_topk_jaccard,0.25,16,,,2111,0.23076923076923078
bgs_topk_jaccard,0.25,16,,,2112,0.18518518518518517
bgs_topk_jaccard,0.25,16,,,2113,0.18518518518518517
bgs_topk_jaccard,0.25,16,,,2114,0.23076923076923078
bgs_topk_jaccard,0.25,16,,,2115,0.23076923076923078
bgs_topk_jaccard,0.25,16,,,2116,0.14285714285714285
bgs_topk_jaccard,0.25,16,,,2117,0.14285714285714285
bgs_topk_jaccard,0.25,16,,,2118,0.14285714285714285
bgs_topk_jaccard,0.25,16,,,2119,0.14285714285714285
bgs_topk_jaccard,0.25,16,,,2120,0.23076923076923078
bgs_topk_jaccard,0.25,16,,,2121,0.14285714285714285
bgs_topk_jaccard,0.25,16,,,2122,0.06666666666666667
bgs_topk_jaccard,0.25,16,,,2123,0.10344827586206896
bgs_topk_jaccard,0.25,16,,,2124,0.23076923076923078
bgs_topk_jaccard,0.25,16,,,2125,0.14285714285714285
bgs_topk_jaccard,0.25,16,,,2126,0.03225806451612903
bgs_topk_jaccard,0.25,16,,,2127,0.18518518518518517
bgs_topk_jaccard,0.25,16,,,2128,0.06666666666666667
bgs_topk_jaccard,0.25,16,,,2129,0.23076923076923078
bgs_topk_jaccard,0.25,16,,,2130,0.23076923076923078
bgs_topk_jaccard,0.25,16,,,2131,0.06666666666666667
bgs_topk_jaccard,0.25,16,,,2132,0.18518518518518517
bgs_topk_jaccard,0.25,16,,,2133,0.18518518518518517
bgs_topk_jaccard,0.25,16,,,2134,0.10344827586206896
bgs_topk_jaccard,0.25,16,,,2135,0.14285714285714285
bgs_topk_jaccard,0.25,16,,,2136,0.18518518518518517
bgs_topk_jaccard,0.25,16,,,2137,0.18518518518518517
bgs_topk_jaccard,0.25,16,,,2138,0.18518518518518517
bgs_topk_jaccard,0.25,16,,,2139,0.14285714285714285
bgs_topk_jaccard,0.25,16,,,2140,0.23076923076923078
bgs_topk_jaccard,0.25,16,,,2141,0.18518518518518517
bgs_topk_jaccard,0.25,16,,,2142,0.06666666666666667
bgs_topk_jaccard,0.25,16,,,2143,0.10344827586206896
bgs_topk_jaccard,0.25,16,,,2144,0.06666666666666667
bgs_topk_jaccard,0.25,16,,,2145,0.23076923076923078
bgs_topk_jaccard,0.25,16,,,2146,0.06666666666666667
bgs_topk_jaccard,0.25,16,,,2147,0.10344827586206896
bgs_topk_jaccard,0.25,16,,,2148,0.23076923076923078
bgs_topk_jaccard,0.25,16,,,2149,0.10344827586206896
bgs_topk_jaccard,0.25,16,,,2150,0.06666666666666667
bgs_topk_jaccard,0.25,16,,,2151,0.10344827586206896
bgs_topk_jaccard,0.25,16,,,2152,0.23076923076923078
bgs_topk_jaccard,0.25,16,,,2153,0.10344827586206896
bgs_topk_jaccard,0.25,16,,,2154,0.10344827586206896
bgs_topk_jaccard,0.25,16,,,2155,0.10344827586206896
bgs_topk_jaccard,0.25,16,,,2156,0.06666666666666667
bgs_topk_jaccard,0.25,16,,,2157,0.14285714285714285
bgs_topk_jaccard,0.25,16,,,2158,0.18518518518518517
bgs_topk_jaccard,0.25,16,,,2159,0.14285714285714285
bgs_topk_jaccard,0.25,16,,,2160,0.10344827586206896
bgs_topk_jaccard,0.25,16,,,2161,0.23076923076923078
bgs_topk_jaccard,0.25,16,,,2162,0.03225806451612903
bgs_topk_jaccard,0.25,16,,,2163,0.14285714285714285
bgs_topk_jaccard,0.25,16,,,2164,0.23076923076923078
bgs_topk_jaccard,0.25,16,,,2165,0.10344827586206896
bgs_topk_jaccard,0.25,16,,,2166,0.3333333333333333
bgs_topk_jaccard,0.25,16,,,2167,0.10344827586206896
bgs_topk_jaccard,0.25,16,,,2168,0.03225806451612903
bgs_topk_jaccard,0.25,16,,,2169,0.10344827586206896
bgs_topk_jaccard,0.25,16,,,2170,0.14285714285714285
bgs_topk_jaccard,0.25,16,,,2171,0.18518518518518517
bgs_topk_jaccard,0.25,16,,,2172,0.03225806451612903
bgs_topk_jaccard,0.25,16,,,2173,0.14285714285714285
bgs_topk_jaccard,0.25,16,,,2174,0.18518518518518517
bgs_topk_jaccard,0.25,16,,,2175,0.10344827586206896
bgs_topk_jaccard,0.25,16,,,2176,0.10344827586206896
bgs_topk_jaccard,0.25,16,,,2177,0.18518518518518517
bgs_topk_jaccard,0.25,16,,,2178,0.18518518518518517
bgs_topk_jaccard,0.25,16,,,2179,0.10344827586206896
bgs_topk_jaccard,0.25,16,,,2180,0.18518518518518517
bgs_topk_jaccard,0.25,16,,,2181,0.23076923076923078
bgs_topk_jaccard,0.25,16,,,2182,0.14285714285714285
bgs_topk_jaccard,0.25,16,,,2183,0.18518518518518517
bgs_topk_jaccard,0.25,16,,,2184,0.14285714285714285
bgs_topk_jaccard,0.25,16,,,2185,0.23076923076923078
bgs_topk_jaccard,0.25,16,,,2186,0.18518518518518517
bgs_topk_jaccard,0.25,16,,,2187,0.14285714285714285
bgs_topk_jaccard,0.25,16,,,2188,0.10344827586206896
bgs_topk_jaccard,0.25,16,,,2189,0.06666666666666667
bgs_topk_jaccard,0.25,16,,,2190,0.18518518518518517
bgs_topk_jaccard,0.25,16,,,2191,0.14285714285714285
bgs_topk_jaccard,0.25,16,,,2192,0.06666666666666667
bgs_topk_jaccard,0.25,16,,,2193,0.10344827586206896
bgs_topk_jaccard,0.25,16,,,2194,0.10344827586206896
bgs_topk_jaccard,0.25,16,,,2195,0.10344827586206896
bgs_topk_jaccard,0.25,16,,,2196,0.28
bgs_topk_jaccard,0.25,16,,,2197,0.23076923076923078
bgs_topk_jaccard,0.25,16,,,2198,0.14285714285714285
bgs_topk_jaccard,0.25,16,,,2199,0.14285714285714285
bgs_topk_jaccard,0.25,16,,,2200,0.10344827586206896
bgs_topk_jaccard,0.25,16,,,2201,0.14285714285714285
bgs_topk_jaccard,0.25,16,,,2202,0.0
bgs_topk_jaccard,0.25,16,,,2203,0.18518518518518517
bgs_topk_jaccard,0.25,16,,,2204,0.06666666666666667
bgs_topk_jaccard,0.25,16,,,2205,0.03225806451612903
bgs_topk_jaccard,0.25,16,,,2206,0.06666666666666667
bgs_topk_jaccard,0.25,16,,,2207,0.23076923076923078
bgs_topk_jaccard,0.25,16,,,2208,0.06666666666666667
bgs_topk_jaccard,0.25,16,,,2209,0.03225806451612903
bgs_topk_jaccard,0.25,16,,,2210,0.23076923076923078
bgs_topk_jaccard,0.25,16,,,2211,0.14285714285714285
bgs_topk_jaccard,0.25,16,,,2212,0.10344827586206896
bgs_topk_jaccard,0.25,16,,,2213,0.18518518518518517
bgs_topk_jaccard,0.25,16,,,2214,0.10344827586206896
bgs_topk_jaccard,0.25,16,,,2215,0.18518518518518517
bgs_topk_jaccard,0.25,16,,,2216,0.23076923076923078
bgs_topk_jaccard,0.25,16,,,2217,0.3333333333333333
bgs_topk_jaccard,0.25,16,,,2218,0.10344827586206896
bgs_topk_jaccard,0.25,16,,,2219,0.23076923076923078
bgs_topk_jaccard,0.25,16,,,2220,0.18518518518518517
bgs_topk_jaccard,0.25,16,,,2221,0.14285714285714285
bgs_topk_jaccard,0.25,16,,,2222,0.14285714285714285
bgs_topk_jaccard,0.25,16,,,2223,0.06666666666666667
bgs_topk_jaccard,0.25,16,,,2224,0.14285714285714285
bgs_topk_jaccard,0.25,16,,,2225,0.06666666666666667
bgs_topk_jaccard,0.25,16,,,2226,0.10344827586206896
bgs_topk_jaccard,0.25,16,,,2227,0.14285714285714285
bgs_topk_jaccard,0.25,16,,,2228,0.18518518518518517
bgs_topk_jaccard,0.25,16,,,2229,0.28
bgs_topk_jaccard,0.25,16,,,2230,0.03225806451612903
bgs_topk_jaccard,0.25,16,,,2231,0.14285714285714285
bgs_topk_jaccard,0.25,16,,,2232,0.10344827586206896
bgs_topk_jaccard,0.25,16,,,2233,0.10344827586206896
bgs_topk_jaccard,0.25,16,,,2234,0.14285714285714285
bgs_topk_jaccard,0.25,16,,,2235,0.18518518518518517
bgs_topk_jaccard,0.25,16,,,2236,0.18518518518518517
bgs_topk_jaccard,0.25,16,,,2237,0.18518518518518517
bgs_topk_jaccard,0.25,16,,,2238,0.3333333333333333
bgs_topk_jaccard,0.25,16,,,2239,0.14285714285714285
bgs_topk_jaccard,0.25,16,,,2240,0.14285714285714285
bgs_topk_jaccard,0.25,16,,,2241,0.10344827586206896
bgs_topk_jaccard,0.25,16,,,2242,0.06666666666666667
bgs_topk_jaccard,0.25,16,,,2243,0.14285714285714285
bgs_topk_jaccard,0.25,16,,,2244,0.14285714285714285
bgs_topk_jaccard,0.25,16,,,2245,0.18518518518518517
bgs_topk_jaccard,0.25,16,,,2246,0.10344827586206896
bgs_topk_jaccard,0.25,16,,,2247,0.10344827586206896
bgs_topk_jaccard,0.25,16,,,2248,0.14285714285714285
bgs_topk_jaccard,0.25,16,,,2249,0.18518518518518517
bgs_topk_jaccard,0.25,16,,,2250,0.28
bgs_topk_jaccard,0.25,16,,,2251,0.14285714285714285
bgs_topk_jaccard,0.25,16,,,2252,0.10344827586206896
bgs_topk_jaccard,0.25,16,,,2253,0.23076923076923078
bgs_topk_jaccard,0.25,16,,,2254,0.18518518518518517
bgs_topk_jaccard,0.25,16,,,2255,0.10344827586206896
bgs_topk_jaccard,0.25,16,,,2256,0.14285714285714285
bgs_topk_jaccard,0.25,16,,,2257,0.14285714285714285
bgs_topk_jaccard,0.25,16,,,2258,0.06666666666666667
bgs_topk_jaccard,0.25,16,,,2259,0.14285714285714285
bgs_topk_jaccard,0.25,16,,,2260,0.10344827586206896
bgs_topk_jaccard,0.25,16,,,2261,0.03225806451612903
bgs_topk_jaccard,0.25,16,,,2262,0.14285714285714285
bgs_topk_jaccard,0.25,16,,,2263,0.14285714285714285
bgs_topk_jaccard,0.25,16,,,2264,0.03225806451612903
bgs_topk_jaccard,0.25,16,,,2265,0.14285714285714285
bgs_topk_jaccard,0.25,16,,,2266,0.18518518518518517
bgs_topk_jaccard,0.25,16,,,2267,0.06666666666666667
bgs_topk_jaccard,0.25,16,,,2268,0.18518518518518517
bgs_topk_jaccard,0.25,16,,,2269,0.3333333333333333
bgs_topk_jaccard,0.25,16,,,2270,0.0
bgs_topk_jaccard,0.25,16,,,2271,0.23076923076923078
bgs_topk_jaccard,0.25,16,,,2272,0.18518518518518517
bgs_topk_jaccard,0.25,16,,,2273,0.10344827586206896
bgs_topk_jaccard,0.25,16,,,2274,0.03225806451612903
bgs_topk_jaccard,0.25,16,,,2275,0.18518518518518517
bgs_topk_jaccard,0.25,16,,,2276,0.28
bgs_topk_jaccard,0.25,16,,,2277,0.10344827586206896
bgs_topk_jaccard,0.25,16,,,2278,0.10344827586206896
bgs_topk_jaccard,0.25,16,,,2279,0.14285714285714285
bgs_topk_jaccard,0.25,16,,,2280,0.18518518518518517
bgs_topk_jaccard,0.25,16,,,2281,0.18518518518518517
bgs_topk_jaccard,0.25,16,,,2282,0.10344827586206896
bgs_topk_jaccard,0.25,16,,,2283,0.06666666666666667
bgs_topk_jaccard,0.25,16,,,2284,0.10344827586206896
bgs_topk_jaccard,0.25,16,,,2285,0.06666666666666667
bgs_topk_jaccard,0.25,16,,,2286,0.28
bgs_topk_jaccard,0.25,16,,,2287,0.10344827586206896
bgs_topk_jaccard,0.25,16,,,2288,0.14285714285714285
bgs_topk_jaccard,0.25,16,,,2289,0.06666666666666667
bgs_topk_jaccard,0.25,16,,,2290,0.18518518518518517
bgs_topk_jaccard,0.25,16,,,2291,0.14285714285714285
bgs_topk_jaccard,0.25,16,,,2292,0.0
bgs_topk_jaccard,0.25,16,,,2293,0.06666666666666667
bgs_topk_jaccard,0.25,16,,,2294,0.14285714285714285
bgs_topk_jaccard,0.25,16,,,2295,0.14285714285714285
bgs_topk_jaccard,0.25,16,,,2296,0.23076923076923078
bgs_topk_jaccard,0.25,16,,,2297,0.10344827586206896
bgs_topk_jaccard,0.25,16,,,2298,0.14285714285714285
bgs_topk_jaccard,0.25,16,,,2299,0.14285714285714285
bgs_topk_jaccard,0.25,16,,,2300,0.06666666666666667
bgs_topk_jaccard,0.25,16,,,2301,0.10344827586206896
bgs_topk_jaccard,0.25,16,,,2302,0.10344827586206896
bgs_topk_jaccard,0.25,16,,,2303,0.14285714285714285
bgs_topk_jaccard,0.25,16,,,2304,0.23076923076923078
bgs_topk_jaccard,0.25,16,,,2305,0.14285714285714285
bgs_topk_jaccard,0.25,16,,,2306,0.18518518518518517
bgs_topk_jaccard,0.25,16,,,2307,0.10344827586206896
bgs_topk_jaccard,0.25,16,,,2308,0.14285714285714285
bgs_topk_jaccard,0.25,16,,,2309,0.14285714285714285
bgs_topk_jaccard,0.25,16,,,2310,0.18518518518518517
bgs_topk_jaccard,0.25,16,,,2311,0.10344827586206896
bgs_topk_jaccard,0.25,16,,,2312,0.06666666666666667
bgs_topk_jaccard,0.25,16,,,2313,0.10344827586206896
bgs_topk_jaccard,0.25,16,,,2314,0.03225806451612903
bgs_topk_jaccard,0.25,16,,,2315,0.18518518518518517
bgs_topk_jaccard,0.25,16,,,2316,0.18518518518518517
bgs_topk_jaccard,0.25,16,,,2317,0.18518518518518517
bgs_topk_jaccard,0.25,16,,,2318,0.18518518518518517
bgs_topk_jaccard,0.25,16,,,2319,0.06666666666666667
bgs_topk_jaccard,0.25,16,,,2320,0.14285714285714285
bgs_topk_jaccard,0.25,16,,,2321,0.14285714285714285
bgs_topk_jaccard,0.25,16,,,2322,0.18518518518518517
bgs_topk_jaccard,0.25,16,,,2323,0.10344827586206896
bgs_topk_jaccard,0.25,16,,,2324,0.18518518518518517
bgs_topk_jaccard,0.25,16,,,2325,0.28
bgs_topk_jaccard,0.25,16,,,2326,0.10344827586206896
bgs_topk_jaccard,0.25,16,,,2327,0.14285714285714285
bgs_topk_jaccard,0.25,16,,,2328,0.23076923076923078
bgs_topk_jaccard,0.25,16,,,2329,0.28
bgs_topk_jaccard,0.25,16,,,2330,0.14285714285714285
bgs_topk_jaccard,0.25,16,,,2331,0.14285714285714285
bgs_topk_jaccard,0.25,16,,,2332,0.10344827586206896
bgs_topk_jaccard,0.25,16,,,2333,0.10344827586206896
bgs_topk_jaccard,0.25,16,,,2334,0.23076923076923078
bgs_topk_jaccard,0.25,16,,,2335,0.06666666666666667
bgs_topk_jaccard,0.25,16,,,2336,0.10344827586206896
bgs_topk_jaccard,0.25,16,,,2337,0.03225806451612903
bgs_topk_jaccard,0.25,16,,,2338,0.28
bgs_topk_jaccard,0.25,16,,,2339,0.23076923076923078
bgs_topk_jaccard,0.25,16,,,2340,0.18518518518518517
bgs_topk_jaccard,0.25,16,,,2341,0.18518518518518517
bgs_topk_jaccard,0.25,16,,,2342,0.18518518518518517
bgs_topk_jaccard,0.25,16,,,2343,0.14285714285714285
bgs_topk_jaccard,0.25,16,,,2344,0.06666666666666667
bgs_topk_jaccard,0.25,16,,,2345,0.23076923076923078
bgs_topk_jaccard,0.25,16,,,2346,0.10344827586206896
bgs_topk_jaccard,0.25,16,,,2347,0.14285714285714285
bgs_topk_jaccard,0.25,16,,,2348,0.18518518518518517
bgs_topk_jaccard,0.25,16,,,2349,0.3333333333333333
bgs_topk_jaccard,0.25,16,,,2350,0.10344827586206896
bgs_topk_jaccard,0.25,16,,,2351,0.18518518518518517
bgs_topk_jaccard,0.25,16,,,2352,0.18518518518518517
bgs_topk_jaccard,0.25,16,,,2353,0.18518518518518517
bgs_topk_jaccard,0.25,16,,,2354,0.10344827586206896
bgs_topk_jaccard,0.25,16,,,2355,0.10344827586206896
bgs_topk_jaccard,0.25,16,,,2356,0.28
bgs_topk_jaccard,0.25,16,,,2357,0.14285714285714285
bgs_topk_jaccard,0.25,16,,,2358,0.14285714285714285
bgs_topk_jaccard,0.25,16,,,2359,0.10344827586206896
bgs_topk_jaccard,0.25,16,,,2360,0.06666666666666667
bgs_topk_jaccard,0.25,16,,,2361,0.14285714285714285
bgs_topk_jaccard,0.25,16,,,2362,0.14285714285714285
bgs_topk_jaccard,0.25,16,,,2363,0.14285714285714285
bgs_topk_jaccard,0.25,16,,,2364,0.28
bgs_topk_jaccard,0.25,16,,,2365,0.18518518518518517
bgs_topk_jaccard,0.25,16,,,2366,0.23076923076923078
bgs_topk_jaccard,0.25,16,,,2367,0.03225806451612903
bgs_topk_jaccard,0.25,16,,,2368,0.14285714285714285
bgs_topk_jaccard,0.25,16,,,2369,0.23076923076923078
bgs_topk_jaccard,0.25,16,,,2370,0.14285714285714285
bgs_topk_jaccard,0.25,16,,,2371,0.23076923076923078
bgs_topk_jaccard,0.25,16,,,2372,0.14285714285714285
bgs_topk_jaccard,0.25,16,,,2373,0.10344827586206896
bgs_topk_jaccard,0.25,16,,,2374,0.18518518518518517
bgs_topk_jaccard,0.25,16,,,2375,0.10344827586206896
bgs_topk_jaccard,0.25,16,,,2376,0.18518518518518517
bgs_topk_jaccard,0.25,16,,,2377,0.23076923076923078
bgs_topk_jaccard,0.25,16,,,2378,0.06666666666666667
bgs_topk_jaccard,0.25,16,,,2379,0.14285714285714285
bgs_topk_jaccard,0.25,16,,,2380,0.14285714285714285
bgs_topk_jaccard,0.25,16,,,2381,0.06666666666666667
bgs_topk_jaccard,0.25,16,,,2382,0.06666666666666667
bgs_topk_jaccard,0.25,16,,,2383,0.23076923076923078
bgs_topk_jaccard,0.25,16,,,2384,0.14285714285714285
bgs_topk_jaccard,0.25,16,,,2385,0.14285714285714285
bgs_topk_jaccard,0.25,16,,,2386,0.23076923076923078
bgs_topk_jaccard,0.25,16,,,2387,0.14285714285714285
bgs_topk_jaccard,0.25,16,,,2388,0.18518518518518517
bgs_topk_jaccard,0.25,16,,,2389,0.14285714285714285
bgs_topk_jaccard,0.25,16,,,2390,0.14285714285714285
bgs_topk_jaccard,0.25,16,,,2391,0.23076923076923078
bgs_topk_jaccard,0.25,16,,,2392,0.23076923076923078
bgs_topk_jaccard,0.25,16,,,2393,0.03225806451612903
bgs_topk_jaccard,0.25,16,,,2394,0.14285714285714285
bgs_topk_jaccard,0.25,16,,,2395,0.14285714285714285
bgs_topk_jaccard,0.25,16,,,2396,0.10344827586206896
bgs_topk_jaccard,0.25,16,,,2397,0.14285714285714285
bgs_topk_jaccard,0.25,16,,,2398,0.14285714285714285
bgs_topk_jaccard,0.25,16,,,2399,0.14285714285714285
bgs_topk_jaccard,0.25,16,,,2400,0.18518518518518517
bgs_topk_jaccard,0.25,16,,,2401,0.06666666666666667
bgs_topk_jaccard,0.25,16,,,2402,0.14285714285714285
bgs_topk_jaccard,0.25,16,,,2403,0.18518518518518517
bgs_topk_jaccard,0.25,16,,,2404,0.06666666666666667
bgs_topk_jaccard,0.25,16,,,2405,0.14285714285714285
bgs_topk_jaccard,0.25,16,,,2406,0.18518518518518517
bgs_topk_jaccard,0.25,16,,,2407,0.14285714285714285
bgs_topk_jaccard,0.25,16,,,2408,0.18518518518518517
bgs_topk_jaccard,0.25,16,,,2409,0.28
bgs_topk_jaccard,0.25,16,,,2410,0.10344827586206896
bgs_topk_jaccard,0.25,16,,,2411,0.18518518518518517
bgs_topk_jaccard,0.25,16,,,2412,0.10344827586206896
bgs_topk_jaccard,0.25,16,,,2413,0.28
bgs_topk_jaccard,0.25,16,,,2414,0.18518518518518517
bgs_topk_jaccard,0.25,16,,,2415,0.14285714285714285
bgs_topk_jaccard,0.25,16,,,2416,0.10344827586206896
bgs_topk_jaccard,0.25,16,,,2417,0.18518518518518517
bgs_topk_jaccard,0.25,16,,,2418,0.10344827586206896
bgs_topk_jaccard,0.25,16,,,2419,0.18518518518518517
bgs_topk_jaccard,0.25,16,,,2420,0.14285714285714285
bgs_topk_jaccard,0.25,16,,,2421,0.14285714285714285
bgs_topk_jaccard,0.25,16,,,2422,0.14285714285714285
bgs_topk_jaccard,0.25,16,,,2423,0.06666666666666667
bgs_topk_jaccard,0.25,16,,,2424,0.391304347826087
bgs_topk_jaccard,0.25,16,,,2425,0.10344827586206896
bgs_topk_jaccard,0.25,16,,,2426,0.14285714285714285
bgs_topk_jaccard,0.25,16,,,2427,0.14285714285714285
bgs_topk_jaccard,0.25,16,,,2428,0.10344827586206896
bgs_topk_jaccard,0.25,16,,,2429,0.18518518518518517
bgs_topk_jaccard,0.25,16,,,2430,0.18518518518518517
bgs_topk_jaccard,0.25,16,,,2431,0.3333333333333333
bgs_topk_jaccard,0.25,16,,,2432,0.18518518518518517
bgs_topk_jaccard,0.25,16,,,2433,0.18518518518518517
bgs_topk_jaccard,0.25,16,,,2434,0.14285714285714285
bgs_topk_jaccard,0.25,16,,,2435,0.06666666666666667
bgs_topk_jaccard,0.25,16,,,2436,0.28
bgs_topk_jaccard,0.25,16,,,2437,0.23076923076923078
bgs_topk_jaccard,0.25,16,,,2438,0.23076923076923078
bgs_topk_jaccard,0.25,16,,,2439,0.14285714285714285
bgs_topk_jaccard,0.25,16,,,2440,0.18518518518518517
bgs_topk_jaccard,0.25,16,,,2441,0.06666666666666667
bgs_topk_jaccard,0.25,16,,,2442,0.14285714285714285
bgs_topk_jaccard,0.25,16,,,2443,0.10344827586206896
bgs_topk_jaccard,0.25,16,,,2444,0.03225806451612903
bgs_topk_jaccard,0.25,16,,,2445,0.06666666666666667
bgs_topk_jaccard,0.25,16,,,2446,0.18518518518518517
bgs_topk_jaccard,0.25,16,,,2447,0.18518518518518517
bgs_topk_jaccard,0.25,16,,,2448,0.14285714285714285
bgs_topk_jaccard,0.25,16,,,2449,0.23076923076923078
bgs_topk_jaccard,0.25,16,,,2450,0.03225806451612903
bgs_topk_jaccard,0.25,16,,,2451,0.06666666666666667
bgs_topk_jaccard,0.25,16,,,2452,0.06666666666666667
bgs_topk_jaccard,0.25,16,,,2453,0.10344827586206896
bgs_topk_jaccard,0.25,16,,,2454,0.18518518518518517
bgs_topk_jaccard,0.25,16,,,2455,0.10344827586206896
bgs_topk_jaccard,0.25,16,,,2456,0.06666666666666667
bgs_topk_jaccard,0.25,16,,,2457,0.18518518518518517
bgs_topk_jaccard,0.25,16,,,2458,0.18518518518518517
bgs_topk_jaccard,0.25,16,,,2459,0.06666666666666667
bgs_topk_jaccard,0.25,16,,,2460,0.18518518518518517
bgs_topk_jaccard,0.25,16,,,2461,0.14285714285714285
bgs_topk_jaccard,0.25,16,,,2462,0.3333333333333333
bgs_topk_jaccard,0.25,16,,,2463,0.23076923076923078
bgs_topk_jaccard,0.25,16,,,2464,0.06666666666666667
bgs_topk_jaccard,0.25,16,,,2465,0.18518518518518517
bgs_topk_jaccard,0.25,16,,,2466,0.14285714285714285
bgs_topk_jaccard,0.25,16,,,2467,0.23076923076923078
bgs_topk_jaccard,0.25,16,,,2468,0.14285714285714285
bgs_topk_jaccard,0.25,16,,,2469,0.18518518518518517
bgs_topk_jaccard,0.25,16,,,2470,0.06666666666666667
bgs_topk_jaccard,0.25,16,,,2471,0.06666666666666667
bgs_topk_jaccard,0.25,16,,,2472,0.18518518518518517
bgs_topk_jaccard,0.25,16,,,2473,0.23076923076923078
bgs_topk_jaccard,0.25,16,,,2474,0.14285714285714285
bgs_topk_jaccard,0.25,16,,,2475,0.18518518518518517
bgs_topk_jaccard,0.25,16,,,2476,0.10344827586206896
bgs_topk_jaccard,0.25,16,,,2477,0.14285714285714285
bgs_topk_jaccard,0.25,16,,,2478,0.14285714285714285
bgs_topk_jaccard,0.25,16,,,2479,0.14285714285714285
bgs_topk_jaccard,0.25,16,,,2480,0.14285714285714285
bgs_topk_jaccard,0.25,16,,,2481,0.18518518518518517
bgs_topk_jaccard,0.25,16,,,2482,0.23076923076923078
bgs_topk_jaccard,0.25,16,,,2483,0.03225806451612903
bgs_topk_jaccard,0.25,16,,,2484,0.03225806451612903
bgs_topk_jaccard,0.25,16,,,2485,0.28
bgs_topk_jaccard,0.25,16,,,2486,0.06666666666666667
bgs_topk_jaccard,0.25,16,,,2487,0.18518518518518517
bgs_topk_jaccard,0.25,16,,,2488,0.10344827586206896
bgs_topk_jaccard,0.25,16,,,2489,0.10344827586206896
bgs_topk_jaccard,0.25,16,,,2490,0.14285714285714285
bgs_topk_jaccard,0.25,16,,,2491,0.14285714285714285
bgs_topk_jaccard,0.25,16,,,2492,0.18518518518518517
bgs_topk_jaccard,0.25,16,,,2493,0.14285714285714285
bgs_topk_jaccard,0.25,16,,,2494,0.23076923076923078
bgs_topk_jaccard,0.25,16,,,2495,0.14285714285714285
bgs_topk_jaccard,0.25,16,,,2496,0.23076923076923078
bgs_topk_jaccard,0.25,16,,,2497,0.14285714285714285
bgs_topk_jaccard,0.25,16,,,2498,0.14285714285714285
bgs_topk_jaccard,0.25,16,,,2499,0.28
bgs_topk_jaccard,0.25,16,,,2500,0.10344827586206896
bgs_topk_jaccard,0.25,16,,,2501,0.23076923076923078
bgs_topk_jaccard,0.25,16,,,2502,0.10344827586206896
bgs_topk_jaccard,0.25,16,,,2503,0.10344827586206896
bgs_topk_jaccard,0.25,16,,,2504,0.23076923076923078
bgs_topk_jaccard,0.25,16,,,2505,0.23076923076923078
bgs_topk_jaccard,0.25,16,,,2506,0.18518518518518517
bgs_topk_jaccard,0.25,16,,,2507,0.10344827586206896
bgs_topk_jaccard,0.25,16,,,2508,0.18518518518518517
bgs_topk_jaccard,0.25,16,,,2509,0.18518518518518517
bgs_topk_jaccard,0.25,16,,,2510,0.23076923076923078
bgs_topk_jaccard,0.25,16,,,2511,0.23076923076923078
bgs_topk_jaccard,0.25,16,,,2512,0.03225806451612903
bgs_topk_jaccard,0.25,16,,,2513,0.23076923076923078
bgs_topk_jaccard,0.25,16,,,2514,0.23076923076923078
bgs_topk_jaccard,0.25,16,,,2515,0.18518518518518517
bgs_topk_jaccard,0.25,16,,,2516,0.10344827586206896
bgs_topk_jaccard,0.25,16,,,2517,0.23076923076923078
bgs_topk_jaccard,0.25,16,,,2518,0.18518518518518517
bgs_topk_jaccard,0.25,16,,,2519,0.18518518518518517
bgs_topk_jaccard,0.25,16,,,2520,0.28
bgs_topk_jaccard,0.25,16,,,2521,0.03225806451612903
bgs_topk_jaccard,0.25,16,,,2522,0.23076923076923078
bgs_topk_jaccard,0.25,16,,,2523,0.18518518518518517
bgs_topk_jaccard,0.25,16,,,2524,0.14285714285714285
bgs_topk_jaccard,0.25,16,,,2525,0.06666666666666667
bgs_topk_jaccard,0.25,16,,,2526,0.06666666666666667
bgs_topk_jaccard,0.25,16,,,2527,0.06666666666666667
bgs_topk_jaccard,0.25,16,,,2528,0.18518518518518517
bgs_topk_jaccard,0.25,16,,,2529,0.10344827586206896
bgs_topk_jaccard,0.25,16,,,2530,0.06666666666666667
bgs_topk_jaccard,0.25,16,,,2531,0.06666666666666667
bgs_topk_jaccard,0.25,16,,,2532,0.10344827586206896
bgs_topk_jaccard,0.25,16,,,2533,0.14285714285714285
bgs_topk_jaccard,0.25,16,,,2534,0.23076923076923078
bgs_topk_jaccard,0.25,16,,,2535,0.14285714285714285
bgs_topk_jaccard,0.25,16,,,2536,0.14285714285714285
bgs_topk_jaccard,0.25,16,,,2537,0.28
bgs_topk_jaccard,0.25,16,,,2538,0.06666666666666667
bgs_topk_jaccard,0.25,16,,,2539,0.18518518518518517
bgs_topk_jaccard,0.25,16,,,2540,0.14285714285714285
bgs_topk_jaccard,0.25,16,,,2541,0.18518518518518517
bgs_topk_jaccard,0.25,16,,,2542,0.06666666666666667
bgs_topk_jaccard,0.25,16,,,2543,0.10344827586206896
bgs_topk_jaccard,0.25,16,,,2544,0.28
bgs_topk_jaccard,0.25,16,,,2545,0.14285714285714285
bgs_topk_jaccard,0.25,16,,,2546,0.18518518518518517
bgs_topk_jaccard,0.25,16,,,2547,0.14285714285714285
bgs_topk_jaccard,0.25,16,,,2548,0.10344827586206896
bgs_topk_jaccard,0.25,16,,,2549,0.18518518518518517
bgs_topk_jaccard,0.25,16,,,2550,0.14285714285714285
bgs_topk_jaccard,0.25,16,,,2551,0.03225806451612903
bgs_topk_jaccard,0.25,16,,,2552,0.23076923076923078
bgs_topk_jaccard,0.25,16,,,2553,0.23076923076923078
bgs_topk_jaccard,0.25,16,,,2554,0.03225806451612903
bgs_topk_jaccard,0.25,16,,,2555,0.28
bgs_topk_jaccard,0.25,16,,,2556,0.10344827586206896
bgs_topk_jaccard,0.25,16,,,2557,0.14285714285714285
bgs_topk_jaccard,0.25,16,,,2558,0.14285714285714285
bgs_topk_jaccard,0.25,16,,,2559,0.14285714285714285
bgs_topk_jaccard,0.25,16,,,2560,0.18518518518518517
bgs_topk_jaccard,0.25,16,,,2561,0.18518518518518517
bgs_topk_jaccard,0.25,16,,,2562,0.14285714285714285
bgs_topk_jaccard,0.25,16,,,2563,0.10344827586206896
bgs_topk_jaccard,0.25,16,,,2564,0.18518518518518517
bgs_topk_jaccard,0.25,16,,,2565,0.3333333333333333
bgs_topk_jaccard,0.25,16,,,2566,0.10344827586206896
bgs_topk_jaccard,0.25,16,,,2567,0.10344827586206896
bgs_topk_jaccard,0.25,16,,,2568,0.10344827586206896
bgs_topk_jaccard,0.25,16,,,2569,0.14285714285714285
bgs_topk_jaccard,0.25,16,,,2570,0.10344827586206896
bgs_topk_jaccard,0.25,16,,,2571,0.10344827586206896
bgs_topk_jaccard,0.25,16,,,2572,0.18518518518518517
bgs_topk_jaccard,0.25,16,,,2573,0.14285714285714285
bgs_topk_jaccard,0.25,16,,,2574,0.23076923076923078
bgs_topk_jaccard,0.25,16,,,2575,0.14285714285714285
bgs_topk_jaccard,0.25,16,,,2576,0.18518518518518517
bgs_topk_jaccard,0.25,16,,,2577,0.14285714285714285
bgs_topk_jaccard,0.25,16,,,2578,0.18518518518518517
bgs_topk_jaccard,0.25,16,,,2579,0.18518518518518517
bgs_topk_jaccard,0.25,16,,,2580,0.10344827586206896
bgs_topk_jaccard,0.25,16,,,2581,0.10344827586206896
bgs_topk_jaccard,0.25,16,,,2582,0.10344827586206896
bgs_topk_jaccard,0.25,16,,,2583,0.14285714285714285
bgs_topk_jaccard,0.25,16,,,2584,0.10344827586206896
bgs_topk_jaccard,0.25,16,,,2585,0.23076923076923078
bgs_topk_jaccard,0.25,16,,,2586,0.18518518518518517
bgs_topk_jaccard,0.25,16,,,2587,0.10344827586206896
bgs_topk_jaccard,0.25,16,,,2588,0.28
bgs_topk_jaccard,0.25,16,,,2589,0.18518518518518517
bgs_topk_jaccard,0.25,16,,,2590,0.14285714285714285
bgs_topk_jaccard,0.25,16,,,2591,0.10344827586206896
bgs_topk_jaccard,0.25,16,,,2592,0.18518518518518517
bgs_topk_jaccard,0.25,16,,,2593,0.14285714285714285
bgs_topk_jaccard,0.25,16,,,2594,0.03225806451612903
bgs_topk_jaccard,0.25,16,,,2595,0.23076923076923078
bgs_topk_jaccard,0.25,16,,,2596,0.23076923076923078
bgs_topk_jaccard,0.25,16,,,2597,0.23076923076923078
bgs_topk_jaccard,0.25,16,,,2598,0.06666666666666667
bgs_topk_jaccard,0.25,16,,,2599,0.23076923076923078
bgs_topk_jaccard,0.25,16,,,2600,0.14285714285714285
bgs_topk_jaccard,0.25,16,,,2601,0.14285714285714285
bgs_topk_jaccard,0.25,16,,,2602,0.06666666666666667
bgs_topk_jaccard,0.25,16,,,2603,0.28
bgs_topk_jaccard,0.25,16,,,2604,0.10344827586206896
bgs_topk_jaccard,0.25,16,,,2605,0.06666666666666667
bgs_topk_jaccard,0.25,16,,,2606,0.06666666666666667
bgs_topk_jaccard,0.25,16,,,2607,0.14285714285714285
bgs_topk_jaccard,0.25,16,,,2608,0.10344827586206896
bgs_topk_jaccard,0.25,16,,,2609,0.18518518518518517
bgs_topk_jaccard,0.25,16,,,2610,0.18518518518518517
bgs_topk_jaccard,0.25,16,,,2611,0.18518518518518517
bgs_topk_jaccard,0.25,16,,,2612,0.03225806451612903
bgs_topk_jaccard,0.25,16,,,2613,0.23076923076923078
bgs_topk_jaccard,0.25,16,,,2614,0.14285714285714285
bgs_topk_jaccard,0.25,16,,,2615,0.14285714285714285
bgs_topk_jaccard,0.25,16,,,2616,0.18518518518518517
bgs_topk_jaccard,0.25,16,,,2617,0.18518518518518517
bgs_topk_jaccard,0.25,16,,,2618,0.18518518518518517
bgs_topk_jaccard,0.25,16,,,2619,0.10344827586206896
bgs_topk_jaccard,0.25,16,,,2620,0.10344827586206896
bgs_topk_jaccard,0.25,16,,,2621,0.18518518518518517
bgs_topk_jaccard,0.25,16,,,2622,0.14285714285714285
bgs_topk_jaccard,0.25,16,,,2623,0.18518518518518517
bgs_topk_jaccard,0.25,16,,,2624,0.06666666666666667
bgs_topk_jaccard,0.25,16,,,2625,0.10344827586206896
bgs_topk_jaccard,0.25,16,,,2626,0.3333333333333333
bgs_topk_jaccard,0.25,16,,,2627,0.10344827586206896
bgs_topk_jaccard,0.25,16,,,2628,0.10344827586206896
bgs_topk_jaccard,0.25,16,,,2629,0.10344827586206896
bgs_topk_jaccard,0.25,16,,,2630,0.14285714285714285
bgs_topk_jaccard,0.25,16,,,2631,0.18518518518518517
bgs_topk_jaccard,0.25,16,,,2632,0.14285714285714285
bgs_topk_jaccard,0.25,16,,,2633,0.10344827586206896
bgs_topk_jaccard,0.25,16,,,2634,0.23076923076923078
bgs_topk_jaccard,0.25,16,,,2635,0.18518518518518517
bgs_topk_jaccard,0.25,16,,,2636,0.14285714285714285
bgs_topk_jaccard,0.25,16,,,2637,0.18518518518518517
bgs_topk_jaccard,0.25,16,,,2638,0.14285714285714285
bgs_topk_jaccard,0.25,16,,,2639,0.3333333333333333
bgs_topk_jaccard,0.25,16,,,2640,0.14285714285714285
bgs_topk_jaccard,0.25,16,,,2641,0.18518518518518517
bgs_topk_jaccard,0.25,16,,,2642,0.14285714285714285
bgs_topk_jaccard,0.25,16,,,2643,0.23076923076923078
bgs_topk_jaccard,0.25,16,,,2644,0.06666666666666667
bgs_topk_jaccard,0.25,16,,,2645,0.06666666666666667
bgs_topk_jaccard,0.25,16,,,2646,0.14285714285714285
bgs_topk_jaccard,0.25,16,,,2647,0.14285714285714285
bgs_topk_jaccard,0.25,16,,,2648,0.18518518518518517
bgs_topk_jaccard,0.25,16,,,2649,0.06666666666666667
bgs_topk_jaccard,0.25,16,,,2650,0.18518518518518517
bgs_topk_jaccard,0.25,16,,,2651,0.10344827586206896
bgs_topk_jaccard,0.25,16,,,2652,0.06666666666666667
bgs_topk_jaccard,0.25,16,,,2653,0.14285714285714285
bgs_topk_jaccard,0.25,16,,,2654,0.18518518518518517
bgs_topk_jaccard,0.25,16,,,2655,0.06666666666666667
bgs_topk_jaccard,0.25,16,,,2656,0.14285714285714285
bgs_topk_jaccard,0.25,16,,,2657,0.10344827586206896
bgs_topk_jaccard,0.25,16,,,2658,0.10344827586206896
bgs_topk_jaccard,0.25,16,,,2659,0.14285714285714285
bgs_topk_jaccard,0.25,16,,,2660,0.03225806451612903
bgs_topk_jaccard,0.25,16,,,2661,0.23076923076923078
bgs_topk_jaccard,0.25,16,,,2662,0.10344827586206896
bgs_topk_jaccard,0.25,16,,,2663,0.14285714285714285
bgs_topk_jaccard,0.25,16,,,2664,0.06666666666666667
bgs_topk_jaccard,0.25,16,,,2665,0.23076923076923078
bgs_topk_jaccard,0.25,16,,,2666,0.06666666666666667
bgs_topk_jaccard,0.25,16,,,2667,0.18518518518518517
bgs_topk_jaccard,0.25,16,,,2668,0.10344827586206896
bgs_topk_jaccard,0.25,16,,,2669,0.10344827586206896
bgs_topk_jaccard,0.25,16,,,2670,0.18518518518518517
bgs_topk_jaccard,0.25,16,,,2671,0.06666666666666667
bgs_topk_jaccard,0.25,16,,,2672,0.23076923076923078
bgs_topk_jaccard,0.25,16,,,2673,0.14285714285714285
bgs_topk_jaccard,0.25,16,,,2674,0.14285714285714285
bgs_topk_jaccard,0.25,16,,,2675,0.14285714285714285
bgs_topk_jaccard,0.25,16,,,2676,0.23076923076923078
bgs_topk_jaccard,0.25,16,,,2677,0.0
bgs_topk_jaccard,0.25,16,,,2678,0.10344827586206896
bgs_topk_jaccard,0.25,16,,,2679,0.18518518518518517
bgs_topk_jaccard,0.25,16,,,2680,0.14285714285714285
bgs_topk_jaccard,0.25,16,,,2681,0.18518518518518517
bgs_topk_jaccard,0.25,16,,,2682,0.10344827586206896
bgs_topk_jaccard,0.25,16,,,2683,0.06666666666666667
bgs_topk_jaccard,0.25,16,,,2684,0.23076923076923078
bgs_topk_jaccard,0.25,16,,,2685,0.10344827586206896
bgs_topk_jaccard,0.25,16,,,2686,0.10344827586206896
bgs_topk_jaccard,0.25,16,,,2687,0.23076923076923078
bgs_topk_jaccard,0.25,16,,,2688,0.10344827586206896
bgs_topk_jaccard,0.25,16,,,2689,0.14285714285714285
bgs_topk_jaccard,0.25,16,,,2690,0.23076923076923078
bgs_topk_jaccard,0.25,16,,,2691,0.14285714285714285
bgs_topk_jaccard,0.25,16,,,2692,0.10344827586206896
bgs_topk_jaccard,0.25,16,,,2693,0.28
bgs_topk_jaccard,0.25,16,,,2694,0.14285714285714285
bgs_topk_jaccard,0.25,16,,,2695,0.10344827586206896
bgs_topk_jaccard,0.25,16,,,2696,0.28
bgs_topk_jaccard,0.25,16,,,2697,0.14285714285714285
bgs_topk_jaccard,0.25,16,,,2698,0.14285714285714285
bgs_topk_jaccard,0.25,16,,,2699,0.23076923076923078
bgs_topk_jaccard,0.25,16,,,2700,0.23076923076923078
bgs_topk_jaccard,0.25,16,,,2701,0.10344827586206896
bgs_topk_jaccard,0.25,16,,,2702,0.3333333333333333
bgs_topk_jaccard,0.25,16,,,2703,0.18518518518518517
bgs_topk_jaccard,0.25,16,,,2704,0.18518518518518517
bgs_topk_jaccard,0.25,16,,,2705,0.10344827586206896
bgs_topk_jaccard,0.25,16,,,2706,0.14285714285714285
bgs_topk_jaccard,0.25,16,,,2707,0.10344827586206896
bgs_topk_jaccard,0.25,16,,,2708,0.14285714285714285
bgs_topk_jaccard,0.25,16,,,2709,0.18518518518518517
bgs_topk_jaccard,0.25,16,,,2710,0.18518518518518517
bgs_topk_jaccard,0.25,16,,,2711,0.14285714285714285
bgs_topk_jaccard,0.25,16,,,2712,0.14285714285714285
bgs_topk_jaccard,0.25,16,,,2713,0.06666666666666667
bgs_topk_jaccard,0.25,16,,,2714,0.18518518518518517
bgs_topk_jaccard,0.25,16,,,2715,0.14285714285714285
bgs_topk_jaccard,0.25,16,,,2716,0.10344827586206896
bgs_topk_jaccard,0.25,16,,,2717,0.23076923076923078
bgs_topk_jaccard,0.25,16,,,2718,0.10344827586206896
bgs_topk_jaccard,0.25,16,,,2719,0.14285714285714285
bgs_topk_jaccard,0.25,16,,,2720,0.14285714285714285
bgs_topk_jaccard,0.25,16,,,2721,0.14285714285714285
bgs_topk_jaccard,0.25,16,,,2722,0.14285714285714285
bgs_topk_jaccard,0.25,16,,,2723,0.14285714285714285
bgs_topk_jaccard,0.25,16,,,2724,0.10344827586206896
bgs_topk_jaccard,0.25,16,,,2725,0.18518518518518517
bgs_topk_jaccard,0.25,16,,,2726,0.14285714285714285
bgs_topk_jaccard,0.25,16,,,2727,0.28
bgs_topk_jaccard,0.25,16,,,2728,0.18518518518518517
bgs_topk_jaccard,0.25,16,,,2729,0.10344827586206896
bgs_topk_jaccard,0.25,16,,,2730,0.14285714285714285
bgs_topk_jaccard,0.25,16,,,2731,0.14285714285714285
bgs_topk_jaccard,0.25,16,,,2732,0.10344827586206896
bgs_topk_jaccard,0.25,16,,,2733,0.14285714285714285
bgs_topk_jaccard,0.25,16,,,2734,0.14285714285714285
bgs_topk_jaccard,0.25,16,,,2735,0.14285714285714285
bgs_topk_jaccard,0.25,16,,,2736,0.14285714285714285
bgs_topk_jaccard,0.25,16,,,2737,0.10344827586206896
bgs_topk_jaccard,0.25,16,,,2738,0.10344827586206896
bgs_topk_jaccard,0.25,16,,,2739,0.03225806451612903
bgs_topk_jaccard,0.25,16,,,2740,0.18518518518518517
bgs_topk_jaccard,0.25,16,,,2741,0.18518518518518517
bgs_topk_jaccard,0.25,16,,,2742,0.3333333333333333
bgs_topk_jaccard,0.25,16,,,2743,0.18518518518518517
bgs_topk_jaccard,0.25,16,,,2744,0.14285714285714285
bgs_topk_jaccard,0.25,16,,,2745,0.18518518518518517
bgs_topk_jaccard,0.25,16,,,2746,0.14285714285714285
bgs_topk_jaccard,0.25,16,,,2747,0.10344827586206896
bgs_topk_jaccard,0.25,16,,,2748,0.06666666666666667
bgs_topk_jaccard,0.25,16,,,2749,0.23076923076923078
bgs_topk_jaccard,0.25,16,,,2750,0.10344827586206896
bgs_topk_jaccard,0.25,16,,,2751,0.10344827586206896
bgs_topk_jaccard,0.25,16,,,2752,0.14285714285714285
bgs_topk_jaccard,0.25,16,,,2753,0.0
bgs_topk_jaccard,0.25,16,,,2754,0.06666666666666667
bgs_topk_jaccard,0.25,16,,,2755,0.06666666666666667
bgs_topk_jaccard,0.25,16,,,2756,0.10344827586206896
bgs_topk_jaccard,0.25,16,,,2757,0.14285714285714285
bgs_topk_jaccard,0.25,16,,,2758,0.10344827586206896
bgs_topk_jaccard,0.25,16,,,2759,0.10344827586206896
bgs_topk_jaccard,0.25,16,,,2760,0.10344827586206896
bgs_topk_jaccard,0.25,16,,,2761,0.18518518518518517
bgs_topk_jaccard,0.25,16,,,2762,0.10344827586206896
bgs_topk_jaccard,0.25,16,,,2763,0.10344827586206896
bgs_topk_jaccard,0.25,16,,,2764,0.14285714285714285
bgs_topk_jaccard,0.25,16,,,2765,0.10344827586206896
bgs_topk_jaccard,0.25,16,,,2766,0.10344827586206896
bgs_topk_jaccard,0.25,16,,,2767,0.14285714285714285
bgs_topk_jaccard,0.25,16,,,2768,0.23076923076923078
bgs_topk_jaccard,0.25,16,,,2769,0.10344827586206896
bgs_topk_jaccard,0.25,16,,,2770,0.3333333333333333
bgs_topk_jaccard,0.25,16,,,2771,0.03225806451612903
bgs_topk_jaccard,0.25,16,,,2772,0.14285714285714285
bgs_topk_jaccard,0.25,16,,,2773,0.03225806451612903
bgs_topk_jaccard,0.25,16,,,2774,0.18518518518518517
bgs_topk_jaccard,0.25,16,,,2775,0.10344827586206896
bgs_topk_jaccard,0.25,16,,,2776,0.23076923076923078
bgs_topk_jaccard,0.25,16,,,2777,0.10344827586206896
bgs_topk_jaccard,0.25,16,,,2778,0.14285714285714285
bgs_topk_jaccard,0.25,16,,,2779,0.06666666666666667
bgs_topk_jaccard,0.25,16,,,2780,0.14285714285714285
bgs_topk_jaccard,0.25,16,,,2781,0.14285714285714285
bgs_topk_jaccard,0.25,16,,,2782,0.10344827586206896
bgs_topk_jaccard,0.25,16,,,2783,0.23076923076923078
bgs_topk_jaccard,0.25,16,,,2784,0.10344827586206896
bgs_topk_jaccard,0.25,16,,,2785,0.18518518518518517
bgs_topk_jaccard,0.25,16,,,2786,0.14285714285714285
bgs_topk_jaccard,0.25,16,,,2787,0.10344827586206896
bgs_topk_jaccard,0.25,16,,,2788,0.18518518518518517
bgs_topk_jaccard,0.25,16,,,2789,0.18518518518518517
bgs_topk_jaccard,0.25,16,,,2790,0.14285714285714285
bgs_topk_jaccard,0.25,16,,,2791,0.14285714285714285
bgs_topk_jaccard,0.25,16,,,2792,0.10344827586206896
bgs_topk_jaccard,0.25,16,,,2793,0.18518518518518517
bgs_topk_jaccard,0.25,16,,,2794,0.23076923076923078
bgs_topk_jaccard,0.25,16,,,2795,0.10344827586206896
bgs_topk_jaccard,0.25,16,,,2796,0.23076923076923078
bgs_topk_jaccard,0.25,16,,,2797,0.18518518518518517
bgs_topk_jaccard,0.25,16,,,2798,0.10344827586206896
bgs_topk_jaccard,0.25,16,,,2799,0.06666666666666667
bgs_topk_jaccard,0.25,16,,,2800,0.10344827586206896
bgs_topk_jaccard,0.25,16,,,2801,0.18518518518518517
bgs_topk_jaccard,0.25,16,,,2802,0.06666666666666667
bgs_topk_jaccard,0.25,16,,,2803,0.14285714285714285
bgs_topk_jaccard,0.25,16,,,2804,0.10344827586206896
bgs_topk_jaccard,0.25,16,,,2805,0.23076923076923078
bgs_topk_jaccard,0.25,16,,,2806,0.10344827586206896
bgs_topk_jaccard,0.25,16,,,2807,0.23076923076923078
bgs_topk_jaccard,0.25,16,,,2808,0.28
bgs_topk_jaccard,0.25,16,,,2809,0.18518518518518517
bgs_topk_jaccard,0.25,16,,,2810,0.10344827586206896
bgs_topk_jaccard,0.25,16,,,2811,0.14285714285714285
bgs_topk_jaccard,0.25,16,,,2812,0.23076923076923078
bgs_topk_jaccard,0.25,16,,,2813,0.10344827586206896
bgs_topk_jaccard,0.25,16,,,2814,0.14285714285714285
bgs_topk_jaccard,0.25,16,,,2815,0.10344827586206896
bgs_topk_jaccard,0.25,16,,,2816,0.18518518518518517
bgs_topk_jaccard,0.25,16,,,2817,0.14285714285714285
bgs_topk_jaccard,0.25,16,,,2818,0.18518518518518517
bgs_topk_jaccard,0.25,16,,,2819,0.10344827586206896
bgs_topk_jaccard,0.25,16,,,2820,0.23076923076923078
bgs_topk_jaccard,0.25,16,,,2821,0.06666666666666667
bgs_topk_jaccard,0.25,16,,,2822,0.18518518518518517
bgs_topk_jaccard,0.25,16,,,2823,0.14285714285714285
bgs_topk_jaccard,0.25,16,,,2824,0.06666666666666667
bgs_topk_jaccard,0.25,16,,,2825,0.18518518518518517
bgs_topk_jaccard,0.25,16,,,2826,0.14285714285714285
bgs_topk_jaccard,0.25,16,,,2827,0.10344827586206896
bgs_topk_jaccard,0.25,16,,,2828,0.14285714285714285
bgs_topk_jaccard,0.25,16,,,2829,0.10344827586206896
bgs_topk_jaccard,0.25,16,,,2830,0.18518518518518517
bgs_topk_jaccard,0.25,16,,,2831,0.18518518518518517
bgs_topk_jaccard,0.25,16,,,2832,0.14285714285714285
bgs_topk_jaccard,0.25,16,,,2833,0.18518518518518517
bgs_topk_jaccard,0.25,16,,,2834,0.10344827586206896
bgs_topk_jaccard,0.25,16,,,2835,0.23076923076923078
bgs_topk_jaccard,0.25,16,,,2836,0.06666666666666667
bgs_topk_jaccard,0.25,16,,,2837,0.18518518518518517
bgs_topk_jaccard,0.25,16,,,2838,0.10344827586206896
bgs_topk_jaccard,0.25,16,,,2839,0.14285714285714285
bgs_topk_jaccard,0.25,16,,,2840,0.14285714285714285
bgs_topk_jaccard,0.25,16,,,2841,0.10344827586206896
bgs_topk_jaccard,0.25,16,,,2842,0.28
bgs_topk_jaccard,0.25,16,,,2843,0.28
bgs_topk_jaccard,0.25,16,,,2844,0.06666666666666667
bgs_topk_jaccard,0.25,16,,,2845,0.06666666666666667
bgs_topk_jaccard,0.25,16,,,2846,0.18518518518518517
bgs_topk_jaccard,0.25,16,,,2847,0.14285714285714285
bgs_topk_jaccard,0.25,16,,,2848,0.28
bgs_topk_jaccard,0.25,16,,,2849,0.10344827586206896
bgs_topk_jaccard,0.25,16,,,2850,0.06666666666666667
bgs_topk_jaccard,0.25,16,,,2851,0.06666666666666667
bgs_topk_jaccard,0.25,16,,,2852,0.03225806451612903
bgs_topk_jaccard,0.25,16,,,2853,0.14285714285714285
bgs_topk_jaccard,0.25,16,,,2854,0.18518518518518517
bgs_topk_jaccard,0.25,16,,,2855,0.18518518518518517
bgs_topk_jaccard,0.25,16,,,2856,0.03225806451612903
bgs_topk_jaccard,0.25,16,,,2857,0.10344827586206896
bgs_topk_jaccard,0.25,16,,,2858,0.18518518518518517
bgs_topk_jaccard,0.25,16,,,2859,0.10344827586206896
bgs_topk_jaccard,0.25,16,,,2860,0.06666666666666667
bgs_topk_jaccard,0.25,16,,,2861,0.06666666666666667
bgs_topk_jaccard,0.25,16,,,2862,0.14285714285714285
bgs_topk_jaccard,0.25,16,,,2863,0.10344827586206896
bgs_topk_jaccard,0.25,16,,,2864,0.10344827586206896
bgs_topk_jaccard,0.25,16,,,2865,0.14285714285714285
bgs_topk_jaccard,0.25,16,,,2866,0.391304347826087
bgs_topk_jaccard,0.25,16,,,2867,0.10344827586206896
bgs_topk_jaccard,0.25,16,,,2868,0.18518518518518517
bgs_topk_jaccard,0.25,16,,,2869,0.06666666666666667
bgs_topk_jaccard,0.25,16,,,2870,0.28
bgs_topk_jaccard,0.25,16,,,2871,0.10344827586206896
bgs_topk_jaccard,0.25,16,,,2872,0.03225806451612903
bgs_topk_jaccard,0.25,16,,,2873,0.28
bgs_topk_jaccard,0.25,16,,,2874,0.18518518518518517
bgs_topk_jaccard,0.25,16,,,2875,0.10344827586206896
bgs_topk_jaccard,0.25,16,,,2876,0.18518518518518517
bgs_topk_jaccard,0.25,16,,,2877,0.14285714285714285
bgs_topk_jaccard,0.25,16,,,2878,0.14285714285714285
bgs_topk_jaccard,0.25,16,,,2879,0.18518518518518517
bgs_topk_jaccard,0.25,16,,,2880,0.14285714285714285
bgs_topk_jaccard,0.25,16,,,2881,0.03225806451612903
bgs_topk_jaccard,0.25,16,,,2882,0.06666666666666667
bgs_topk_jaccard,0.25,16,,,2883,0.10344827586206896
bgs_topk_jaccard,0.25,16,,,2884,0.06666666666666667
bgs_topk_jaccard,0.25,16,,,2885,0.18518518518518517
bgs_topk_jaccard,0.25,16,,,2886,0.18518518518518517
bgs_topk_jaccard,0.25,16,,,2887,0.28
bgs_topk_jaccard,0.25,16,,,2888,0.18518518518518517
bgs_topk_jaccard,0.25,16,,,2889,0.3333333333333333
bgs_topk_jaccard,0.25,16,,,2890,0.03225806451612903
bgs_topk_jaccard,0.25,16,,,2891,0.14285714285714285
bgs_topk_jaccard,0.25,16,,,2892,0.14285714285714285
bgs_topk_jaccard,0.25,16,,,2893,0.03225806451612903
bgs_topk_jaccard,0.25,16,,,2894,0.14285714285714285
bgs_topk_jaccard,0.25,16,,,2895,0.10344827586206896
bgs_topk_jaccard,0.25,16,,,2896,0.18518518518518517
bgs_topk_jaccard,0.25,16,,,2897,0.14285714285714285
bgs_topk_jaccard,0.25,16,,,2898,0.18518518518518517
bgs_topk_jaccard,0.25,16,,,2899,0.10344827586206896
bgs_topk_jaccard,0.25,16,,,2900,0.14285714285714285
bgs_topk_jaccard,0.25,16,,,2901,0.0
bgs_topk_jaccard,0.25,16,,,2902,0.06666666666666667
bgs_topk_jaccard,0.25,16,,,2903,0.14285714285714285
bgs_topk_jaccard,0.25,16,,,2904,0.18518518518518517
bgs_topk_jaccard,0.25,16,,,2905,0.10344827586206896
bgs_topk_jaccard,0.25,16,,,2906,0.14285714285714285
bgs_topk_jaccard,0.25,16,,,2907,0.10344827586206896
bgs_topk_jaccard,0.25,16,,,2908,0.23076923076923078
bgs_topk_jaccard,0.25,16,,,2909,0.23076923076923078
bgs_topk_jaccard,0.25,16,,,2910,0.23076923076923078
bgs_topk_jaccard,0.25,16,,,2911,0.23076923076923078
bgs_topk_jaccard,0.25,16,,,2912,0.10344827586206896
bgs_topk_jaccard,0.25,16,,,2913,0.10344827586206896
bgs_topk_jaccard,0.25,16,,,2914,0.10344827586206896
bgs_topk_jaccard,0.25,16,,,2915,0.06666666666666667
bgs_topk_jaccard,0.25,16,,,2916,0.18518518518518517
bgs_topk_jaccard,0.25,16,,,2917,0.14285714285714285
bgs_topk_jaccard,0.25,16,,,2918,0.23076923076923078
bgs_topk_jaccard,0.25,16,,,2919,0.23076923076923078
bgs_topk_jaccard,0.25,16,,,2920,0.06666666666666667
bgs_topk_jaccard,0.25,16,,,2921,0.03225806451612903
bgs_topk_jaccard,0.25,16,,,2922,0.23076923076923078
bgs_topk_jaccard,0.25,16,,,2923,0.10344827586206896
bgs_topk_jaccard,0.25,16,,,2924,0.06666666666666667
bgs_topk_jaccard,0.25,16,,,2925,0.06666666666666667
bgs_topk_jaccard,0.25,16,,,2926,0.18518518518518517
bgs_topk_jaccard,0.25,16,,,2927,0.10344827586206896
bgs_topk_jaccard,0.25,16,,,2928,0.18518518518518517
bgs_topk_jaccard,0.25,16,,,2929,0.10344827586206896
bgs_topk_jaccard,0.25,16,,,2930,0.18518518518518517
bgs_topk_jaccard,0.25,16,,,2931,0.06666666666666667
bgs_topk_jaccard,0.25,16,,,2932,0.14285714285714285
bgs_topk_jaccard,0.25,16,,,2933,0.14285714285714285
bgs_topk_jaccard,0.25,16,,,2934,0.14285714285714285
bgs_topk_jaccard,0.25,16,,,2935,0.14285714285714285
bgs_topk_jaccard,0.25,16,,,2936,0.10344827586206896
bgs_topk_jaccard,0.25,16,,,2937,0.14285714285714285
bgs_topk_jaccard,0.25,16,,,2938,0.06666666666666667
bgs_topk_jaccard,0.25,16,,,2939,0.14285714285714285
bgs_topk_jaccard,0.25,16,,,2940,0.18518518518518517
bgs_topk_jaccard,0.25,16,,,2941,0.10344827586206896
bgs_topk_jaccard,0.25,16,,,2942,0.10344827586206896
bgs_topk_jaccard,0.25,16,,,2943,0.14285714285714285
bgs_topk_jaccard,0.25,16,,,2944,0.23076923076923078
bgs_topk_jaccard,0.25,16,,,2945,0.23076923076923078
bgs_topk_jaccard,0.25,16,,,2946,0.28
bgs_topk_jaccard,0.25,16,,,2947,0.10344827586206896
bgs_topk_jaccard,0.25,16,,,2948,0.14285714285714285
bgs_topk_jaccard,0.25,16,,,2949,0.14285714285714285
bgs_topk_jaccard,0.25,16,,,2950,0.18518518518518517
bgs_topk_jaccard,0.25,16,,,2951,0.10344827586206896
bgs_topk_jaccard,0.25,16,,,2952,0.10344827586206896
bgs_topk_jaccard,0.25,16,,,2953,0.18518518518518517
bgs_topk_jaccard,0.25,16,,,2954,0.23076923076923078
bgs_topk_jaccard,0.25,16,,,2955,0.18518518518518517
bgs_topk_jaccard,0.25,16,,,2956,0.10344827586206896
bgs_topk_jaccard,0.25,16,,,2957,0.10344827586206896
bgs_topk_jaccard,0.25,16,,,2958,0.10344827586206896
bgs_topk_jaccard,0.25,16,,,2959,0.3333333333333333
bgs_topk_jaccard,0.25,16,,,2960,0.23076923076923078
bgs_topk_jaccard,0.25,16,,,2961,0.10344827586206896
bgs_topk_jaccard,0.25,16,,,2962,0.18518518518518517
bgs_topk_jaccard,0.25,16,,,2963,0.10344827586206896
bgs_topk_jaccard,0.25,16,,,2964,0.06666666666666667
bgs_topk_jaccard,0.25,16,,,2965,0.18518518518518517
bgs_topk_jaccard,0.25,16,,,2966,0.10344827586206896
bgs_topk_jaccard,0.25,16,,,2967,0.391304347826087
bgs_topk_jaccard,0.25,16,,,2968,0.03225806451612903
bgs_topk_jaccard,0.25,16,,,2969,0.10344827586206896
bgs_topk_jaccard,0.25,16,,,2970,0.14285714285714285
bgs_topk_jaccard,0.25,16,,,2971,0.10344827586206896
bgs_topk_jaccard,0.25,16,,,2972,0.23076923076923078
bgs_topk_jaccard,0.25,16,,,2973,0.06666666666666667
bgs_topk_jaccard,0.25,16,,,2974,0.23076923076923078
bgs_topk_jaccard,0.25,16,,,2975,0.18518518518518517
bgs_topk_jaccard,0.25,16,,,2976,0.06666666666666667
bgs_topk_jaccard,0.25,16,,,2977,0.10344827586206896
bgs_topk_jaccard,0.25,16,,,2978,0.18518518518518517
bgs_topk_jaccard,0.25,16,,,2979,0.10344827586206896
bgs_topk_jaccard,0.25,16,,,2980,0.23076923076923078
bgs_topk_jaccard,0.25,16,,,2981,0.06666666666666667
bgs_topk_jaccard,0.25,16,,,2982,0.18518518518518517
bgs_topk_jaccard,0.25,16,,,2983,0.10344827586206896
bgs_topk_jaccard,0.25,16,,,2984,0.0
bgs_topk_jaccard,0.25,16,,,2985,0.18518518518518517
bgs_topk_jaccard,0.25,16,,,2986,0.10344827586206896
bgs_topk_jaccard,0.25,16,,,2987,0.23076923076923078
bgs_topk_jaccard,0.25,16,,,2988,0.14285714285714285
bgs_topk_jaccard,0.25,16,,,2989,0.18518518518518517
bgs_topk_jaccard,0.25,16,,,2990,0.23076923076923078
bgs_topk_jaccard,0.25,16,,,2991,0.18518518518518517
bgs_topk_jaccard,0.25,16,,,2992,0.23076923076923078
bgs_topk_jaccard,0.25,16,,,2993,0.28
bgs_topk_jaccard,0.25,16,,,2994,0.10344827586206896
bgs_topk_jaccard,0.25,16,,,2995,0.14285714285714285
bgs_topk_jaccard,0.25,16,,,2996,0.06666666666666667
bgs_topk_jaccard,0.25,16,,,2997,0.14285714285714285
bgs_topk_jaccard,0.25,16,,,2998,0.14285714285714285
bgs_topk_jaccard,0.25,16,,,2999,0.10344827586206896
bgs_topk_jaccard,0.25,16,,,3000,0.10344827586206896
bgs_topk_jaccard,0.25,16,,,3001,0.06666666666666667
bgs_topk_jaccard,0.25,16,,,3002,0.18518518518518517
bgs_topk_jaccard,0.25,16,,,3003,0.06666666666666667
bgs_topk_jaccard,0.25,16,,,3004,0.23076923076923078
bgs_topk_jaccard,0.25,16,,,3005,0.18518518518518517
bgs_topk_jaccard,0.25,16,,,3006,0.06666666666666667
bgs_topk_jaccard,0.25,16,,,3007,0.23076923076923078
bgs_topk_jaccard,0.25,16,,,3008,0.18518518518518517
bgs_topk_jaccard,0.25,16,,,3009,0.23076923076923078
bgs_topk_jaccard,0.25,16,,,3010,0.23076923076923078
bgs_topk_jaccard,0.25,16,,,3011,0.18518518518518517
bgs_topk_jaccard,0.25,16,,,3012,0.10344827586206896
bgs_topk_jaccard,0.25,16,,,3013,0.03225806451612903
bgs_topk_jaccard,0.25,16,,,3014,0.14285714285714285
bgs_topk_jaccard,0.25,16,,,3015,0.14285714285714285
bgs_topk_jaccard,0.25,16,,,3016,0.14285714285714285
bgs_topk_jaccard,0.25,16,,,3017,0.10344827586206896
bgs_topk_jaccard,0.25,16,,,3018,0.18518518518518517
bgs_topk_jaccard,0.25,16,,,3019,0.06666666666666667
bgs_topk_jaccard,0.25,16,,,3020,0.18518518518518517
bgs_topk_jaccard,0.25,16,,,3021,0.14285714285714285
bgs_topk_jaccard,0.25,16,,,3022,0.23076923076923078
bgs_topk_jaccard,0.25,16,,,3023,0.23076923076923078
bgs_topk_jaccard,0.25,16,,,3024,0.06666666666666667
bgs_topk_jaccard,0.25,16,,,3025,0.18518518518518517
bgs_topk_jaccard,0.25,16,,,3026,0.10344827586206896
bgs_topk_jaccard,0.25,16,,,3027,0.23076923076923078
bgs_topk_jaccard,0.25,16,,,3028,0.10344827586206896
bgs_topk_jaccard,0.25,16,,,3029,0.06666666666666667
bgs_topk_jaccard,0.25,16,,,3030,0.28
bgs_topk_jaccard,0.25,16,,,3031,0.23076923076923078
bgs_topk_jaccard,0.25,16,,,3032,0.14285714285714285
bgs_topk_jaccard,0.25,16,,,3033,0.28
bgs_topk_jaccard,0.25,16,,,3034,0.14285714285714285
bgs_topk_jaccard,0.25,16,,,3035,0.14285714285714285
bgs_topk_jaccard,0.25,16,,,3036,0.06666666666666667
bgs_topk_jaccard,0.25,16,,,3037,0.14285714285714285
bgs_topk_jaccard,0.25,16,,,3038,0.03225806451612903
bgs_topk_jaccard,0.25,16,,,3039,0.14285714285714285
bgs_topk_jaccard,0.25,16,,,3040,0.23076923076923078
bgs_topk_jaccard,0.25,16,,,3041,0.10344827586206896
bgs_topk_jaccard,0.25,16,,,3042,0.23076923076923078
bgs_topk_jaccard,0.25,16,,,3043,0.28
bgs_topk_jaccard,0.25,16,,,3044,0.18518518518518517
bgs_topk_jaccard,0.25,16,,,3045,0.06666666666666667
bgs_topk_jaccard,0.25,16,,,3046,0.14285714285714285
bgs_topk_jaccard,0.25,16,,,3047,0.14285714285714285
bgs_topk_jaccard,0.25,16,,,3048,0.18518518518518517
bgs_topk_jaccard,0.25,16,,,3049,0.03225806451612903
bgs_topk_jaccard,0.25,16,,,3050,0.23076923076923078
bgs_topk_jaccard,0.25,16,,,3051,0.28
bgs_topk_jaccard,0.25,16,,,3052,0.14285714285714285
bgs_topk_jaccard,0.25,16,,,3053,0.10344827586206896
bgs_topk_jaccard,0.25,16,,,3054,0.10344827586206896
bgs_topk_jaccard,0.25,16,,,3055,0.14285714285714285
bgs_topk_jaccard,0.25,16,,,3056,0.03225806451612903
bgs_topk_jaccard,0.25,16,,,3057,0.10344827586206896
bgs_topk_jaccard,0.25,16,,,3058,0.18518518518518517
bgs_topk_jaccard,0.25,16,,,3059,0.23076923076923078
bgs_topk_jaccard,0.25,16,,,3060,0.06666666666666667
bgs_topk_jaccard,0.25,16,,,3061,0.06666666666666667
bgs_topk_jaccard,0.25,16,,,3062,0.10344827586206896
bgs_topk_jaccard,0.25,16,,,3063,0.10344827586206896
bgs_topk_jaccard,0.25,16,,,3064,0.3333333333333333
bgs_topk_jaccard,0.25,16,,,3065,0.18518518518518517
bgs_topk_jaccard,0.25,16,,,3066,0.18518518518518517
bgs_topk_jaccard,0.25,16,,,3067,0.18518518518518517
bgs_topk_jaccard,0.25,16,,,3068,0.23076923076923078
bgs_topk_jaccard,0.25,16,,,3069,0.23076923076923078
bgs_topk_jaccard,0.25,16,,,3070,0.23076923076923078
bgs_topk_jaccard,0.25,16,,,3071,0.18518518518518517
bgs_topk_jaccard,0.25,16,,,3072,0.10344827586206896
bgs_topk_jaccard,0.25,16,,,3073,0.06666666666666667
bgs_topk_jaccard,0.25,16,,,3074,0.23076923076923078
bgs_topk_jaccard,0.25,16,,,3075,0.18518518518518517
bgs_topk_jaccard,0.25,16,,,3076,0.10344827586206896
bgs_topk_jaccard,0.25,16,,,3077,0.03225806451612903
bgs_topk_jaccard,0.25,16,,,3078,0.06666666666666667
bgs_topk_jaccard,0.25,16,,,3079,0.06666666666666667
bgs_topk_jaccard,0.25,16,,,3080,0.10344827586206896
bgs_topk_jaccard,0.25,16,,,3081,0.10344827586206896
bgs_topk_jaccard,0.25,16,,,3082,0.14285714285714285
bgs_topk_jaccard,0.25,16,,,3083,0.28
bgs_topk_jaccard,0.25,16,,,3084,0.18518518518518517
bgs_topk_jaccard,0.25,16,,,3085,0.10344827586206896
bgs_topk_jaccard,0.25,16,,,3086,0.14285714285714285
bgs_topk_jaccard,0.25,16,,,3087,0.14285714285714285
bgs_topk_jaccard,0.25,16,,,3088,0.18518518518518517
bgs_topk_jaccard,0.25,16,,,3089,0.14285714285714285
bgs_topk_jaccard,0.25,16,,,3090,0.23076923076923078
bgs_topk_jaccard,0.25,16,,,3091,0.10344827586206896
bgs_topk_jaccard,0.25,16,,,3092,0.23076923076923078
bgs_topk_jaccard,0.25,16,,,3093,0.28
bgs_topk_jaccard,0.25,16,,,3094,0.10344827586206896
bgs_topk_jaccard,0.25,16,,,3095,0.14285714285714285
bgs_topk_jaccard,0.25,16,,,3096,0.14285714285714285
bgs_topk_jaccard,0.25,16,,,3097,0.18518518518518517
bgs_topk_jaccard,0.25,16,,,3098,0.14285714285714285
bgs_topk_jaccard,0.25,16,,,3099,0.10344827586206896
bgs_topk_jaccard,0.25,16,,,3100,0.10344827586206896
bgs_topk_jaccard,0.25,16,,,3101,0.23076923076923078
bgs_topk_jaccard,0.25,16,,,3102,0.3333333333333333
bgs_topk_jaccard,0.25,16,,,3103,0.14285714285714285
bgs_topk_jaccard,0.25,16,,,3104,0.14285714285714285
bgs_topk_jaccard,0.25,16,,,3105,0.23076923076923078
bgs_topk_jaccard,0.25,16,,,3106,0.10344827586206896
bgs_topk_jaccard,0.25,16,,,3107,0.18518518518518517
bgs_topk_jaccard,0.25,16,,,3108,0.18518518518518517
bgs_topk_jaccard,0.25,16,,,3109,0.14285714285714285
bgs_topk_jaccard,0.25,16,,,3110,0.10344827586206896
bgs_topk_jaccard,0.25,16,,,3111,0.14285714285714285
bgs_topk_jaccard,0.25,16,,,3112,0.10344827586206896
bgs_topk_jaccard,0.25,16,,,3113,0.28
bgs_topk_jaccard,0.25,16,,,3114,0.03225806451612903
bgs_topk_jaccard,0.25,16,,,3115,0.14285714285714285
bgs_topk_jaccard,0.25,16,,,3116,0.23076923076923078
bgs_topk_jaccard,0.25,16,,,3117,0.14285714285714285
bgs_topk_jaccard,0.25,16,,,3118,0.18518518518518517
bgs_topk_jaccard,0.25,16,,,3119,0.06666666666666667
bgs_topk_jaccard,0.25,16,,,3120,0.23076923076923078
bgs_topk_jaccard,0.25,16,,,3121,0.06666666666666667
bgs_topk_jaccard,0.25,16,,,3122,0.06666666666666667
bgs_topk_jaccard,0.25,16,,,3123,0.14285714285714285
bgs_topk_jaccard,0.25,16,,,3124,0.14285714285714285
bgs_topk_jaccard,0.25,16,,,3125,0.03225806451612903
bgs_topk_jaccard,0.25,16,,,3126,0.14285714285714285
bgs_topk_jaccard,0.25,16,,,3127,0.14285714285714285
bgs_topk_jaccard,0.25,16,,,3128,0.10344827586206896
bgs_topk_jaccard,0.25,16,,,3129,0.10344827586206896
bgs_topk_jaccard,0.25,16,,,3130,0.10344827586206896
bgs_topk_jaccard,0.25,16,,,3131,0.10344827586206896
bgs_topk_jaccard,0.25,16,,,3132,0.28
bgs_topk_jaccard,0.25,16,,,3133,0.10344827586206896
bgs_topk_jaccard,0.25,16,,,3134,0.14285714285714285
bgs_topk_jaccard,0.25,16,,,3135,0.28
bgs_topk_jaccard,0.25,16,,,3136,0.18518518518518517
bgs_topk_jaccard,0.25,16,,,3137,0.28
bgs_topk_jaccard,0.25,16,,,3138,0.14285714285714285
bgs_topk_jaccard,0.25,16,,,3139,0.18518518518518517
bgs_topk_jaccard,0.25,16,,,3140,0.10344827586206896
bgs_topk_jaccard,0.25,16,,,3141,0.14285714285714285
bgs_topk_jaccard,0.25,16,,,3142,0.23076923076923078
bgs_topk_jaccard,0.25,16,,,3143,0.03225806451612903
bgs_topk_jaccard,0.25,16,,,3144,0.03225806451612903
bgs_topk_jaccard,0.25,16,,,3145,0.14285714285714285
bgs_topk_jaccard,0.25,16,,,3146,0.14285714285714285
bgs_topk_jaccard,0.25,16,,,3147,0.23076923076923078
bgs_topk_jaccard,0.25,16,,,3148,0.06666666666666667
bgs_topk_jaccard,0.25,16,,,3149,0.10344827586206896
bgs_topk_jaccard,0.25,16,,,3150,0.10344827586206896
bgs_topk_jaccard,0.25,16,,,3151,0.14285714285714285
bgs_topk_jaccard,0.25,16,,,3152,0.28
bgs_topk_jaccard,0.25,16,,,3153,0.10344827586206896
bgs_topk_jaccard,0.25,16,,,3154,0.06666666666666667
bgs_topk_jaccard,0.25,16,,,3155,0.28
bgs_topk_jaccard,0.25,16,,,3156,0.14285714285714285
bgs_topk_jaccard,0.25,16,,,3157,0.23076923076923078
bgs_topk_jaccard,0.25,16,,,3158,0.14285714285714285
bgs_topk_jaccard,0.25,16,,,3159,0.14285714285714285
bgs_topk_jaccard,0.25,16,,,3160,0.10344827586206896
bgs_topk_jaccard,0.25,16,,,3161,0.14285714285714285
bgs_topk_jaccard,0.25,16,,,3162,0.28
bgs_topk_jaccard,0.25,16,,,3163,0.06666666666666667
bgs_topk_jaccard,0.25,16,,,3164,0.23076923076923078
bgs_topk_jaccard,0.25,16,,,3165,0.06666666666666667
bgs_topk_jaccard,0.25,16,,,3166,0.18518518518518517
bgs_topk_jaccard,0.25,16,,,3167,0.10344827586206896
bgs_topk_jaccard,0.25,16,,,3168,0.23076923076923078
bgs_topk_jaccard,0.25,16,,,3169,0.06666666666666667
bgs_topk_jaccard,0.25,16,,,3170,0.03225806451612903
bgs_topk_jaccard,0.25,16,,,3171,0.06666666666666667
bgs_topk_jaccard,0.25,16,,,3172,0.18518518518518517
bgs_topk_jaccard,0.25,16,,,3173,0.10344827586206896
bgs_topk_jaccard,0.25,16,,,3174,0.10344827586206896
bgs_topk_jaccard,0.25,16,,,3175,0.10344827586206896
bgs_topk_jaccard,0.25,16,,,3176,0.10344827586206896
bgs_topk_jaccard,0.25,16,,,3177,0.23076923076923078
bgs_topk_jaccard,0.25,16,,,3178,0.23076923076923078
bgs_topk_jaccard,0.25,16,,,3179,0.18518518518518517
bgs_topk_jaccard,0.25,16,,,3180,0.06666666666666667
bgs_topk_jaccard,0.25,16,,,3181,0.18518518518518517
bgs_topk_jaccard,0.25,16,,,3182,0.28
bgs_topk_jaccard,0.25,16,,,3183,0.28
bgs_topk_jaccard,0.25,16,,,3184,0.10344827586206896
bgs_topk_jaccard,0.25,16,,,3185,0.06666666666666667
bgs_topk_jaccard,0.25,16,,,3186,0.10344827586206896
bgs_topk_jaccard,0.25,16,,,3187,0.10344827586206896
bgs_topk_jaccard,0.25,16,,,3188,0.23076923076923078
bgs_topk_jaccard,0.25,16,,,3189,0.14285714285714285
bgs_topk_jaccard,0.25,16,,,3190,0.18518518518518517
bgs_topk_jaccard,0.25,16,,,3191,0.14285714285714285
bgs_topk_jaccard,0.25,16,,,3192,0.14285714285714285
bgs_topk_jaccard,0.25,16,,,3193,0.06666666666666667
bgs_topk_jaccard,0.25,16,,,3194,0.14285714285714285
bgs_topk_jaccard,0.25,16,,,3195,0.14285714285714285
bgs_topk_jaccard,0.25,16,,,3196,0.18518518518518517
bgs_topk_jaccard,0.25,16,,,3197,0.06666666666666667
bgs_topk_jaccard,0.25,16,,,3198,0.18518518518518517
bgs_topk_jaccard,0.25,16,,,3199,0.10344827586206896
bgs_topk_jaccard,0.25,16,,,3200,0.10344827586206896
bgs_topk_jaccard,0.25,16,,,3201,0.18518518518518517
bgs_topk_jaccard,0.25,16,,,3202,0.23076923076923078
bgs_topk_jaccard,0.25,16,,,3203,0.14285714285714285
bgs_topk_jaccard,0.25,16,,,3204,0.10344827586206896
bgs_topk_jaccard,0.25,16,,,3205,0.18518518518518517
bgs_topk_jaccard,0.25,16,,,3206,0.23076923076923078
bgs_topk_jaccard,0.25,16,,,3207,0.28
bgs_topk_jaccard,0.25,16,,,3208,0.06666666666666667
bgs_topk_jaccard,0.25,16,,,3209,0.18518518518518517
bgs_topk_jaccard,0.25,16,,,3210,0.10344827586206896
bgs_topk_jaccard,0.25,16,,,3211,0.06666666666666667
bgs_topk_jaccard,0.25,16,,,3212,0.10344827586206896
bgs_topk_jaccard,0.25,16,,,3213,0.06666666666666667
bgs_topk_jaccard,0.25,16,,,3214,0.18518518518518517
bgs_topk_jaccard,0.25,16,,,3215,0.0
bgs_topk_jaccard,0.25,16,,,3216,0.23076923076923078
bgs_topk_jaccard,0.25,16,,,3217,0.06666666666666667
bgs_topk_jaccard,0.25,16,,,3218,0.18518518518518517
bgs_topk_jaccard,0.25,16,,,3219,0.14285714285714285
bgs_topk_jaccard,0.25,16,,,3220,0.23076923076923078
bgs_topk_jaccard,0.25,16,,,3221,0.18518518518518517
bgs_topk_jaccard,0.25,16,,,3222,0.06666666666666667
bgs_topk_jaccard,0.25,16,,,3223,0.10344827586206896
bgs_topk_jaccard,0.25,16,,,3224,0.06666666666666667
bgs_topk_jaccard,0.25,16,,,3225,0.06666666666666667
bgs_topk_jaccard,0.25,16,,,3226,0.23076923076923078
bgs_topk_jaccard,0.25,16,,,3227,0.18518518518518517
bgs_topk_jaccard,0.25,16,,,3228,0.03225806451612903
bgs_topk_jaccard,0.25,16,,,3229,0.18518518518518517
bgs_topk_jaccard,0.25,16,,,3230,0.14285714285714285
bgs_topk_jaccard,0.25,16,,,3231,0.10344827586206896
bgs_topk_jaccard,0.25,16,,,3232,0.14285714285714285
bgs_topk_jaccard,0.25,16,,,3233,0.14285714285714285
bgs_topk_jaccard,0.25,16,,,3234,0.10344827586206896
bgs_topk_jaccard,0.25,16,,,3235,0.14285714285714285
bgs_topk_jaccard,0.25,16,,,3236,0.14285714285714285
bgs_topk_jaccard,0.25,16,,,3237,0.14285714285714285
bgs_topk_jaccard,0.25,16,,,3238,0.06666666666666667
bgs_topk_jaccard,0.25,16,,,3239,0.28
bgs_topk_jaccard,0.25,16,,,3240,0.03225806451612903
bgs_topk_jaccard,0.25,16,,,3241,0.14285714285714285
bgs_topk_jaccard,0.25,16,,,3242,0.03225806451612903
bgs_topk_jaccard,0.25,16,,,3243,0.03225806451612903
bgs_topk_jaccard,0.25,16,,,3244,0.14285714285714285
bgs_topk_jaccard,0.25,16,,,3245,0.06666666666666667
bgs_topk_jaccard,0.25,16,,,3246,0.23076923076923078
bgs_topk_jaccard,0.25,16,,,3247,0.06666666666666667
bgs_topk_jaccard,0.25,16,,,3248,0.18518518518518517
bgs_topk_jaccard,0.25,16,,,3249,0.10344827586206896
bgs_topk_jaccard,0.25,16,,,3250,0.18518518518518517
bgs_topk_jaccard,0.25,16,,,3251,0.14285714285714285
bgs_topk_jaccard,0.25,16,,,3252,0.14285714285714285
bgs_topk_jaccard,0.25,16,,,3253,0.28
bgs_topk_jaccard,0.25,16,,,3254,0.10344827586206896
bgs_topk_jaccard,0.25,16,,,3255,0.10344827586206896
bgs_topk_jaccard,0.25,16,,,3256,0.10344827586206896
bgs_topk_jaccard,0.25,16,,,3257,0.06666666666666667
bgs_topk_jaccard,0.25,16,,,3258,0.14285714285714285
bgs_topk_jaccard,0.25,16,,,3259,0.14285714285714285
bgs_topk_jaccard,0.25,16,,,3260,0.28
bgs_topk_jaccard,0.25,16,,,3261,0.10344827586206896
bgs_topk_jaccard,0.25,16,,,3262,0.14285714285714285
bgs_topk_jaccard,0.25,16,,,3263,0.06666666666666667
bgs_topk_jaccard,0.25,16,,,3264,0.14285714285714285
bgs_topk_jaccard,0.25,16,,,3265,0.23076923076923078
bgs_topk_jaccard,0.25,16,,,3266,0.18518518518518517
bgs_topk_jaccard,0.25,16,,,3267,0.28
bgs_topk_jaccard,0.25,16,,,3268,0.10344827586206896
bgs_topk_jaccard,0.25,16,,,3269,0.03225806451612903
bgs_topk_jaccard,0.25,16,,,3270,0.10344827586206896
bgs_topk_jaccard,0.25,16,,,3271,0.14285714285714285
bgs_topk_jaccard,0.25,16,,,3272,0.10344827586206896
bgs_topk_jaccard,0.25,16,,,3273,0.06666666666666667
bgs_topk_jaccard,0.25,16,,,3274,0.10344827586206896
bgs_topk_jaccard,0.25,16,,,3275,0.23076923076923078
bgs_topk_jaccard,0.25,16,,,3276,0.14285714285714285
bgs_topk_jaccard,0.25,16,,,3277,0.28
bgs_topk_jaccard,0.25,16,,,3278,0.14285714285714285
bgs_topk_jaccard,0.25,16,,,3279,0.18518518518518517
bgs_topk_jaccard,0.25,16,,,3280,0.10344827586206896
bgs_topk_jaccard,0.25,16,,,3281,0.18518518518518517
bgs_topk_jaccard,0.25,16,,,3282,0.14285714285714285
bgs_topk_jaccard,0.25,16,,,3283,0.14285714285714285
bgs_topk_jaccard,0.25,16,,,3284,0.06666666666666667
bgs_topk_jaccard,0.25,16,,,3285,0.10344827586206896
bgs_topk_jaccard,0.25,16,,,3286,0.14285714285714285
bgs_topk_jaccard,0.25,16,,,3287,0.23076923076923078
bgs_topk_jaccard,0.25,16,,,3288,0.14285714285714285
bgs_topk_jaccard,0.25,16,,,3289,0.10344827586206896
bgs_topk_jaccard,0.25,16,,,3290,0.18518518518518517
bgs_topk_jaccard,0.25,16,,,3291,0.18518518518518517
bgs_topk_jaccard,0.25,16,,,3292,0.3333333333333333
bgs_topk_jaccard,0.25,16,,,3293,0.10344827586206896
bgs_topk_jaccard,0.25,16,,,3294,0.10344827586206896
bgs_topk_jaccard,0.25,16,,,3295,0.14285714285714285
bgs_topk_jaccard,0.25,16,,,3296,0.18518518518518517
bgs_topk_jaccard,0.25,16,,,3297,0.10344827586206896
bgs_topk_jaccard,0.25,16,,,3298,0.06666666666666667
bgs_topk_jaccard,0.25,16,,,3299,0.10344827586206896
bgs_topk_jaccard,0.25,16,,,3300,0.18518518518518517
bgs_topk_jaccard,0.25,16,,,3301,0.10344827586206896
bgs_topk_jaccard,0.25,16,,,3302,0.23076923076923078
bgs_topk_jaccard,0.25,16,,,3303,0.10344827586206896
bgs_topk_jaccard,0.25,16,,,3304,0.18518518518518517
bgs_topk_jaccard,0.25,16,,,3305,0.06666666666666667
bgs_topk_jaccard,0.25,16,,,3306,0.10344827586206896
bgs_topk_jaccard,0.25,16,,,3307,0.06666666666666667
bgs_topk_jaccard,0.25,16,,,3308,0.06666666666666667
bgs_topk_jaccard,0.25,16,,,3309,0.03225806451612903
bgs_topk_jaccard,0.25,16,,,3310,0.18518518518518517
bgs_topk_jaccard,0.25,16,,,3311,0.10344827586206896
bgs_topk_jaccard,0.25,16,,,3312,0.14285714285714285
bgs_topk_jaccard,0.25,16,,,3313,0.14285714285714285
bgs_topk_jaccard,0.25,16,,,3314,0.18518518518518517
bgs_topk_jaccard,0.25,16,,,3315,0.10344827586206896
bgs_topk_jaccard,0.25,16,,,3316,0.18518518518518517
bgs_topk_jaccard,0.25,16,,,3317,0.18518518518518517
bgs_topk_jaccard,0.25,16,,,3318,0.06666666666666667
bgs_topk_jaccard,0.25,16,,,3319,0.10344827586206896
bgs_topk_jaccard,0.25,16,,,3320,0.10344827586206896
bgs_topk_jaccard,0.25,16,,,3321,0.10344827586206896
bgs_topk_jaccard,0.25,16,,,3322,0.14285714285714285
bgs_topk_jaccard,0.25,16,,,3323,0.06666666666666667
bgs_topk_jaccard,0.25,16,,,3324,0.10344827586206896
bgs_topk_jaccard,0.25,16,,,3325,0.06666666666666667
bgs_topk_jaccard,0.25,16,,,3326,0.23076923076923078
bgs_topk_jaccard,0.25,16,,,3327,0.23076923076923078
bgs_topk_jaccard,0.25,16,,,3328,0.06666666666666667
bgs_topk_jaccard,0.25,16,,,3329,0.18518518518518517
bgs_topk_jaccard,0.25,16,,,3330,0.06666666666666667
bgs_topk_jaccard,0.25,16,,,3331,0.06666666666666667
bgs_topk_jaccard,0.25,16,,,3332,0.10344827586206896
bgs_topk_jaccard,0.25,16,,,3333,0.14285714285714285
bgs_topk_jaccard,0.25,16,,,3334,0.10344827586206896
bgs_topk_jaccard,0.25,16,,,3335,0.18518518518518517
bgs_topk_jaccard,0.25,16,,,3336,0.06666666666666667
bgs_topk_jaccard,0.25,16,,,3337,0.18518518518518517
bgs_topk_jaccard,0.25,16,,,3338,0.10344827586206896
bgs_topk_jaccard,0.25,16,,,3339,0.10344827586206896
bgs_topk_jaccard,0.25,16,,,3340,0.14285714285714285
bgs_topk_jaccard,0.25,16,,,3341,0.23076923076923078
bgs_topk_jaccard,0.25,16,,,3342,0.18518518518518517
bgs_topk_jaccard,0.25,16,,,3343,0.18518518518518517
bgs_topk_jaccard,0.25,16,,,3344,0.14285714285714285
bgs_topk_jaccard,0.25,16,,,3345,0.23076923076923078
bgs_topk_jaccard,0.25,16,,,3346,0.14285714285714285
bgs_topk_jaccard,0.25,16,,,3347,0.10344827586206896
bgs_topk_jaccard,0.25,16,,,3348,0.18518518518518517
bgs_topk_jaccard,0.25,16,,,3349,0.10344827586206896
bgs_topk_jaccard,0.25,16,,,3350,0.10344827586206896
bgs_topk_jaccard,0.25,16,,,3351,0.14285714285714285
bgs_topk_jaccard,0.25,16,,,3352,0.06666666666666667
bgs_topk_jaccard,0.25,16,,,3353,0.06666666666666667
bgs_topk_jaccard,0.25,16,,,3354,0.10344827586206896
bgs_topk_jaccard,0.25,16,,,3355,0.23076923076923078
bgs_topk_jaccard,0.25,16,,,3356,0.06666666666666667
bgs_topk_jaccard,0.25,16,,,3357,0.18518518518518517
bgs_topk_jaccard,0.25,16,,,3358,0.14285714285714285
bgs_topk_jaccard,0.25,16,,,3359,0.14285714285714285
bgs_topk_jaccard,0.25,16,,,3360,0.14285714285714285
bgs_topk_jaccard,0.25,16,,,3361,0.14285714285714285
bgs_topk_jaccard,0.25,16,,,3362,0.14285714285714285
bgs_topk_jaccard,0.25,16,,,3363,0.10344827586206896
bgs_topk_jaccard,0.25,16,,,3364,0.14285714285714285
bgs_topk_jaccard,0.25,16,,,3365,0.06666666666666667
bgs_topk_jaccard,0.25,16,,,3366,0.06666666666666667
bgs_topk_jaccard,0.25,16,,,3367,0.06666666666666667
bgs_topk_jaccard,0.25,16,,,3368,0.06666666666666667
bgs_topk_jaccard,0.25,16,,,3369,0.10344827586206896
bgs_topk_jaccard,0.25,16,,,3370,0.28
bgs_topk_jaccard,0.25,16,,,3371,0.18518518518518517
bgs_topk_jaccard,0.25,16,,,3372,0.14285714285714285
bgs_topk_jaccard,0.25,16,,,3373,0.23076923076923078
bgs_topk_jaccard,0.25,16,,,3374,0.10344827586206896
bgs_topk_jaccard,0.25,16,,,3375,0.23076923076923078
bgs_topk_jaccard,0.25,16,,,3376,0.18518518518518517
bgs_topk_jaccard,0.25,16,,,3377,0.06666666666666667
bgs_topk_jaccard,0.25,16,,,3378,0.14285714285714285
bgs_topk_jaccard,0.25,16,,,3379,0.23076923076923078
bgs_topk_jaccard,0.25,16,,,3380,0.14285714285714285
bgs_topk_jaccard,0.25,16,,,3381,0.28
bgs_topk_jaccard,0.25,16,,,3382,0.23076923076923078
bgs_topk_jaccard,0.25,16,,,3383,0.14285714285714285
bgs_topk_jaccard,0.25,16,,,3384,0.10344827586206896
bgs_topk_jaccard,0.25,16,,,3385,0.14285714285714285
bgs_topk_jaccard,0.25,16,,,3386,0.10344827586206896
bgs_topk_jaccard,0.25,16,,,3387,0.14285714285714285
bgs_topk_jaccard,0.25,16,,,3388,0.14285714285714285
bgs_topk_jaccard,0.25,16,,,3389,0.10344827586206896
bgs_topk_jaccard,0.25,16,,,3390,0.10344827586206896
bgs_topk_jaccard,0.25,16,,,3391,0.10344827586206896
bgs_topk_jaccard,0.25,16,,,3392,0.10344827586206896
bgs_topk_jaccard,0.25,16,,,3393,0.23076923076923078
bgs_topk_jaccard,0.25,16,,,3394,0.14285714285714285
bgs_topk_jaccard,0.25,16,,,3395,0.10344827586206896
bgs_topk_jaccard,0.25,16,,,3396,0.14285714285714285
bgs_topk_jaccard,0.25,16,,,3397,0.06666666666666667
bgs_topk_jaccard,0.25,16,,,3398,0.10344827586206896
bgs_topk_jaccard,0.25,16,,,3399,0.18518518518518517
bgs_topk_jaccard,0.25,16,,,3400,0.10344827586206896
bgs_topk_jaccard,0.25,16,,,3401,0.14285714285714285
bgs_topk_jaccard,0.25,16,,,3402,0.06666666666666667
bgs_topk_jaccard,0.25,16,,,3403,0.14285714285714285
bgs_topk_jaccard,0.25,16,,,3404,0.28
bgs_topk_jaccard,0.25,16,,,3405,0.14285714285714285
bgs_topk_jaccard,0.25,16,,,3406,0.14285714285714285
bgs_topk_jaccard,0.25,16,,,3407,0.28
bgs_topk_jaccard,0.25,16,,,3408,0.14285714285714285
bgs_topk_jaccard,0.25,16,,,3409,0.18518518518518517
bgs_topk_jaccard,0.25,16,,,3410,0.10344827586206896
bgs_topk_jaccard,0.25,16,,,3411,0.03225806451612903
bgs_topk_jaccard,0.25,16,,,3412,0.14285714285714285
bgs_topk_jaccard,0.25,16,,,3413,0.06666666666666667
bgs_topk_jaccard,0.25,16,,,3414,0.10344827586206896
bgs_topk_jaccard,0.25,16,,,3415,0.14285714285714285
bgs_topk_jaccard,0.25,16,,,3416,0.14285714285714285
bgs_topk_jaccard,0.25,16,,,3417,0.28
bgs_topk_jaccard,0.25,16,,,3418,0.10344827586206896
bgs_topk_jaccard,0.25,16,,,3419,0.18518518518518517
bgs_topk_jaccard,0.25,16,,,3420,0.10344827586206896
bgs_topk_jaccard,0.25,16,,,3421,0.03225806451612903
bgs_topk_jaccard,0.25,16,,,3422,0.06666666666666667
bgs_topk_jaccard,0.25,16,,,3423,0.23076923076923078
bgs_topk_jaccard,0.25,16,,,3424,0.06666666666666667
bgs_topk_jaccard,0.25,16,,,3425,0.14285714285714285
bgs_topk_jaccard,0.25,16,,,3426,0.23076923076923078
bgs_topk_jaccard,0.25,16,,,3427,0.0
bgs_topk_jaccard,0.25,16,,,3428,0.10344827586206896
bgs_topk_jaccard,0.25,16,,,3429,0.18518518518518517
bgs_topk_jaccard,0.25,16,,,3430,0.03225806451612903
bgs_topk_jaccard,0.25,16,,,3431,0.23076923076923078
bgs_topk_jaccard,0.25,16,,,3432,0.03225806451612903
bgs_topk_jaccard,0.25,16,,,3433,0.14285714285714285
bgs_topk_jaccard,0.25,16,,,3434,0.14285714285714285
bgs_topk_jaccard,0.25,16,,,3435,0.18518518518518517
bgs_topk_jaccard,0.25,16,,,3436,0.14285714285714285
bgs_topk_jaccard,0.25,16,,,3437,0.10344827586206896
bgs_topk_jaccard,0.25,16,,,3438,0.18518518518518517
bgs_topk_jaccard,0.25,16,,,3439,0.18518518518518517
bgs_topk_jaccard,0.25,16,,,3440,0.03225806451612903
bgs_topk_jaccard,0.25,16,,,3441,0.18518518518518517
bgs_topk_jaccard,0.25,16,,,3442,0.10344827586206896
bgs_topk_jaccard,0.25,16,,,3443,0.18518518518518517
bgs_topk_jaccard,0.25,16,,,3444,0.23076923076923078
bgs_topk_jaccard,0.25,16,,,3445,0.06666666666666667
bgs_topk_jaccard,0.25,16,,,3446,0.18518518518518517
bgs_topk_jaccard,0.25,16,,,3447,0.10344827586206896
bgs_topk_jaccard,0.25,16,,,3448,0.03225806451612903
bgs_topk_jaccard,0.25,16,,,3449,0.10344827586206896
bgs_topk_jaccard,0.25,16,,,3450,0.10344827586206896
bgs_topk_jaccard,0.25,16,,,3451,0.10344827586206896
bgs_topk_jaccard,0.25,16,,,3452,0.14285714285714285
bgs_topk_jaccard,0.25,16,,,3453,0.14285714285714285
bgs_topk_jaccard,0.25,16,,,3454,0.14285714285714285
bgs_topk_jaccard,0.25,16,,,3455,0.06666666666666667
bgs_topk_jaccard,0.25,16,,,3456,0.10344827586206896
bgs_topk_jaccard,0.25,16,,,3457,0.14285714285714285
bgs_topk_jaccard,0.25,16,,,3458,0.10344827586206896
bgs_topk_jaccard,0.25,16,,,3459,0.18518518518518517
bgs_topk_jaccard,0.25,16,,,3460,0.10344827586206896
bgs_topk_jaccard,0.25,16,,,3461,0.23076923076923078
bgs_topk_jaccard,0.25,16,,,3462,0.03225806451612903
bgs_topk_jaccard,0.25,16,,,3463,0.14285714285714285
bgs_topk_jaccard,0.25,16,,,3464,0.10344827586206896
bgs_topk_jaccard,0.25,16,,,3465,0.14285714285714285
bgs_topk_jaccard,0.25,16,,,3466,0.06666666666666667
bgs_topk_jaccard,0.25,16,,,3467,0.14285714285714285
bgs_topk_jaccard,0.25,16,,,3468,0.14285714285714285
bgs_topk_jaccard,0.25,16,,,3469,0.10344827586206896
bgs_topk_jaccard,0.25,16,,,3470,0.23076923076923078
bgs_topk_jaccard,0.25,16,,,3471,0.18518518518518517
bgs_topk_jaccard,0.25,16,,,3472,0.10344827586206896
bgs_topk_jaccard,0.25,16,,,3473,0.23076923076923078
bgs_topk_jaccard,0.25,16,,,3474,0.06666666666666667
bgs_topk_jaccard,0.25,16,,,3475,0.14285714285714285
bgs_topk_jaccard,0.25,16,,,3476,0.18518518518518517
bgs_topk_jaccard,0.25,16,,,3477,0.10344827586206896
bgs_topk_jaccard,0.25,16,,,3478,0.23076923076923078
bgs_topk_jaccard,0.25,16,,,3479,0.06666666666666667
bgs_topk_jaccard,0.25,16,,,3480,0.14285714285714285
bgs_topk_jaccard,0.25,16,,,3481,0.10344827586206896
bgs_topk_jaccard,0.25,16,,,3482,0.18518518518518517
bgs_topk_jaccard,0.25,16,,,3483,0.10344827586206896
bgs_topk_jaccard,0.25,16,,,3484,0.06666666666666667
bgs_topk_jaccard,0.25,16,,,3485,0.10344827586206896
bgs_topk_jaccard,0.25,16,,,3486,0.06666666666666667
bgs_topk_jaccard,0.25,16,,,3487,0.18518518518518517
bgs_topk_jaccard,0.25,16,,,3488,0.18518518518518517
bgs_topk_jaccard,0.25,16,,,3489,0.10344827586206896
bgs_topk_jaccard,0.25,16,,,3490,0.23076923076923078
bgs_topk_jaccard,0.25,16,,,3491,0.06666666666666667
bgs_topk_jaccard,0.25,16,,,3492,0.10344827586206896
bgs_topk_jaccard,0.25,16,,,3493,0.14285714285714285
bgs_topk_jaccard,0.25,16,,,3494,0.14285714285714285
bgs_topk_jaccard,0.25,16,,,3495,0.18518518518518517
bgs_topk_jaccard,0.25,16,,,3496,0.14285714285714285
bgs_topk_jaccard,0.25,16,,,3497,0.14285714285714285
bgs_topk_jaccard,0.25,16,,,3498,0.06666666666666667
bgs_topk_jaccard,0.25,16,,,3499,0.10344827586206896
bgs_topk_jaccard,0.25,16,,,3500,0.18518518518518517
bgs_topk_jaccard,0.25,16,,,3501,0.18518518518518517
bgs_topk_jaccard,0.25,16,,,3502,0.06666666666666667
bgs_topk_jaccard,0.25,16,,,3503,0.06666666666666667
bgs_topk_jaccard,0.25,16,,,3504,0.18518518518518517
bgs_topk_jaccard,0.25,16,,,3505,0.14285714285714285
bgs_topk_jaccard,0.25,16,,,3506,0.06666666666666667
bgs_topk_jaccard,0.25,16,,,3507,0.14285714285714285
bgs_topk_jaccard,0.25,16,,,3508,0.10344827586206896
bgs_topk_jaccard,0.25,16,,,3509,0.18518518518518517
bgs_topk_jaccard,0.25,16,,,3510,0.28
bgs_topk_jaccard,0.25,16,,,3511,0.14285714285714285
bgs_topk_jaccard,0.25,16,,,3512,0.18518518518518517
bgs_topk_jaccard,0.25,16,,,3513,0.10344827586206896
bgs_topk_jaccard,0.25,16,,,3514,0.10344827586206896
bgs_topk_jaccard,0.25,16,,,3515,0.18518518518518517
bgs_topk_jaccard,0.25,16,,,3516,0.18518518518518517
bgs_topk_jaccard,0.25,16,,,3517,0.10344827586206896
bgs_topk_jaccard,0.25,16,,,3518,0.18518518518518517
bgs_topk_jaccard,0.25,16,,,3519,0.18518518518518517
bgs_topk_jaccard,0.25,16,,,3520,0.10344827586206896
bgs_topk_jaccard,0.25,16,,,3521,0.23076923076923078
bgs_topk_jaccard,0.25,16,,,3522,0.06666666666666667
bgs_topk_jaccard,0.25,16,,,3523,0.18518518518518517
bgs_topk_jaccard,0.25,16,,,3524,0.06666666666666667
bgs_topk_jaccard,0.25,16,,,3525,0.10344827586206896
bgs_topk_jaccard,0.25,16,,,3526,0.28
bgs_topk_jaccard,0.25,16,,,3527,0.23076923076923078
bgs_topk_jaccard,0.25,16,,,3528,0.18518518518518517
bgs_topk_jaccard,0.25,16,,,3529,0.14285714285714285
bgs_topk_jaccard,0.25,16,,,3530,0.10344827586206896
bgs_topk_jaccard,0.25,16,,,3531,0.18518518518518517
bgs_topk_jaccard,0.25,16,,,3532,0.18518518518518517
bgs_topk_jaccard,0.25,16,,,3533,0.10344827586206896
bgs_topk_jaccard,0.25,16,,,3534,0.18518518518518517
bgs_topk_jaccard,0.25,16,,,3535,0.14285714285714285
bgs_topk_jaccard,0.25,16,,,3536,0.10344827586206896
bgs_topk_jaccard,0.25,16,,,3537,0.14285714285714285
bgs_topk_jaccard,0.25,16,,,3538,0.18518518518518517
bgs_topk_jaccard,0.25,16,,,3539,0.23076923076923078
bgs_topk_jaccard,0.25,16,,,3540,0.14285714285714285
bgs_topk_jaccard,0.25,16,,,3541,0.14285714285714285
bgs_topk_jaccard,0.25,16,,,3542,0.03225806451612903
bgs_topk_jaccard,0.25,16,,,3543,0.14285714285714285
bgs_topk_jaccard,0.25,16,,,3544,0.23076923076923078
bgs_topk_jaccard,0.25,16,,,3545,0.03225806451612903
bgs_topk_jaccard,0.25,16,,,3546,0.18518518518518517
bgs_topk_jaccard,0.25,16,,,3547,0.06666666666666667
bgs_topk_jaccard,0.25,16,,,3548,0.28
bgs_topk_jaccard,0.25,16,,,3549,0.3333333333333333
bgs_topk_jaccard,0.25,16,,,3550,0.18518518518518517
bgs_topk_jaccard,0.25,16,,,3551,0.06666666666666667
bgs_topk_jaccard,0.25,16,,,3552,0.14285714285714285
bgs_topk_jaccard,0.25,16,,,3553,0.23076923076923078
bgs_topk_jaccard,0.25,16,,,3554,0.10344827586206896
bgs_topk_jaccard,0.25,16,,,3555,0.23076923076923078
bgs_topk_jaccard,0.25,16,,,3556,0.18518518518518517
bgs_topk_jaccard,0.25,16,,,3557,0.23076923076923078
bgs_topk_jaccard,0.25,16,,,3558,0.14285714285714285
bgs_topk_jaccard,0.25,16,,,3559,0.14285714285714285
bgs_topk_jaccard,0.25,16,,,3560,0.14285714285714285
bgs_topk_jaccard,0.25,16,,,3561,0.14285714285714285
bgs_topk_jaccard,0.25,16,,,3562,0.06666666666666667
bgs_topk_jaccard,0.25,16,,,3563,0.10344827586206896
bgs_topk_jaccard,0.25,16,,,3564,0.14285714285714285
bgs_topk_jaccard,0.25,16,,,3565,0.10344827586206896
bgs_topk_jaccard,0.25,16,,,3566,0.23076923076923078
bgs_topk_jaccard,0.25,16,,,3567,0.10344827586206896
bgs_topk_jaccard,0.25,16,,,3568,0.14285714285714285
bgs_topk_jaccard,0.25,16,,,3569,0.18518518518518517
bgs_topk_jaccard,0.25,16,,,3570,0.18518518518518517
bgs_topk_jaccard,0.25,16,,,3571,0.10344827586206896
bgs_topk_jaccard,0.25,16,,,3572,0.10344827586206896
bgs_topk_jaccard,0.25,16,,,3573,0.03225806451612903
bgs_topk_jaccard,0.25,16,,,3574,0.10344827586206896
bgs_topk_jaccard,0.25,16,,,3575,0.10344827586206896
bgs_topk_jaccard,0.25,16,,,3576,0.14285714285714285
bgs_topk_jaccard,0.25,16,,,3577,0.06666666666666667
bgs_topk_jaccard,0.25,16,,,3578,0.23076923076923078
bgs_topk_jaccard,0.25,16,,,3579,0.14285714285714285
bgs_topk_jaccard,0.25,16,,,3580,0.06666666666666667
bgs_topk_jaccard,0.25,16,,,3581,0.14285714285714285
bgs_topk_jaccard,0.25,16,,,3582,0.06666666666666667
bgs_topk_jaccard,0.25,16,,,3583,0.14285714285714285
bgs_topk_jaccard,0.25,16,,,3584,0.10344827586206896
bgs_topk_jaccard,0.25,16,,,3585,0.14285714285714285
bgs_topk_jaccard,0.25,16,,,3586,0.28
bgs_topk_jaccard,0.25,16,,,3587,0.10344827586206896
bgs_topk_jaccard,0.25,16,,,3588,0.18518518518518517
bgs_topk_jaccard,0.25,16,,,3589,0.14285714285714285
bgs_topk_jaccard,0.25,16,,,3590,0.23076923076923078
bgs_topk_jaccard,0.25,16,,,3591,0.18518518518518517
bgs_topk_jaccard,0.25,16,,,3592,0.18518518518518517
bgs_topk_jaccard,0.25,16,,,3593,0.23076923076923078
bgs_topk_jaccard,0.25,16,,,3594,0.06666666666666667
bgs_topk_jaccard,0.25,16,,,3595,0.18518518518518517
bgs_topk_jaccard,0.25,16,,,3596,0.10344827586206896
bgs_topk_jaccard,0.25,16,,,3597,0.14285714285714285
bgs_topk_jaccard,0.25,16,,,3598,0.10344827586206896
bgs_topk_jaccard,0.25,16,,,3599,0.03225806451612903
bgs_topk_jaccard,0.25,16,,,3600,0.18518518518518517
bgs_topk_jaccard,0.25,16,,,3601,0.14285714285714285
bgs_topk_jaccard,0.25,16,,,3602,0.14285714285714285
bgs_topk_jaccard,0.25,16,,,3603,0.14285714285714285
bgs_topk_jaccard,0.25,16,,,3604,0.23076923076923078
bgs_topk_jaccard,0.25,16,,,3605,0.10344827586206896
bgs_topk_jaccard,0.25,16,,,3606,0.14285714285714285
bgs_topk_jaccard,0.25,16,,,3607,0.03225806451612903
bgs_topk_jaccard,0.25,16,,,3608,0.14285714285714285
bgs_topk_jaccard,0.25,16,,,3609,0.18518518518518517
bgs_topk_jaccard,0.25,16,,,3610,0.23076923076923078
bgs_topk_jaccard,0.25,16,,,3611,0.23076923076923078
bgs_topk_jaccard,0.25,16,,,3612,0.10344827586206896
bgs_topk_jaccard,0.25,16,,,3613,0.14285714285714285
bgs_topk_jaccard,0.25,16,,,3614,0.06666666666666667
bgs_topk_jaccard,0.25,16,,,3615,0.23076923076923078
bgs_topk_jaccard,0.25,16,,,3616,0.14285714285714285
bgs_topk_jaccard,0.25,16,,,3617,0.23076923076923078
bgs_topk_jaccard,0.25,16,,,3618,0.18518518518518517
bgs_topk_jaccard,0.25,16,,,3619,0.10344827586206896
bgs_topk_jaccard,0.25,16,,,3620,0.10344827586206896
bgs_topk_jaccard,0.25,16,,,3621,0.14285714285714285
bgs_topk_jaccard,0.25,16,,,3622,0.14285714285714285
bgs_topk_jaccard,0.25,16,,,3623,0.23076923076923078
bgs_topk_jaccard,0.25,16,,,3624,0.18518518518518517
bgs_topk_jaccard,0.25,16,,,3625,0.18518518518518517
bgs_topk_jaccard,0.25,16,,,3626,0.14285714285714285
bgs_topk_jaccard,0.25,16,,,3627,0.28
bgs_topk_jaccard,0.25,16,,,3628,0.14285714285714285
bgs_topk_jaccard,0.25,16,,,3629,0.06666666666666667
bgs_topk_jaccard,0.25,16,,,3630,0.14285714285714285
bgs_topk_jaccard,0.25,16,,,3631,0.03225806451612903
bgs_topk_jaccard,0.25,16,,,3632,0.06666666666666667
bgs_topk_jaccard,0.25,16,,,3633,0.18518518518518517
bgs_topk_jaccard,0.25,16,,,3634,0.18518518518518517
bgs_topk_jaccard,0.25,16,,,3635,0.14285714285714285
bgs_topk_jaccard,0.25,16,,,3636,0.18518518518518517
bgs_topk_jaccard,0.25,16,,,3637,0.23076923076923078
bgs_topk_jaccard,0.25,16,,,3638,0.18518518518518517
bgs_topk_jaccard,0.25,16,,,3639,0.06666666666666667
bgs_topk_jaccard,0.25,16,,,3640,0.14285714285714285
bgs_topk_jaccard,0.25,16,,,3641,0.10344827586206896
bgs_topk_jaccard,0.25,16,,,3642,0.23076923076923078
bgs_topk_jaccard,0.25,16,,,3643,0.06666666666666667
bgs_topk_jaccard,0.25,16,,,3644,0.23076923076923078
bgs_topk_jaccard,0.25,16,,,3645,0.06666666666666667
bgs_topk_jaccard,0.25,16,,,3646,0.06666666666666667
bgs_topk_jaccard,0.25,16,,,3647,0.14285714285714285
bgs_topk_jaccard,0.25,16,,,3648,0.23076923076923078
bgs_topk_jaccard,0.25,16,,,3649,0.10344827586206896
bgs_topk_jaccard,0.25,16,,,3650,0.14285714285714285
bgs_topk_jaccard,0.25,16,,,3651,0.10344827586206896
bgs_topk_jaccard,0.25,16,,,3652,0.03225806451612903
bgs_topk_jaccard,0.25,16,,,3653,0.06666666666666667
bgs_topk_jaccard,0.25,16,,,3654,0.18518518518518517
bgs_topk_jaccard,0.25,16,,,3655,0.06666666666666667
bgs_topk_jaccard,0.25,16,,,3656,0.18518518518518517
bgs_topk_jaccard,0.25,16,,,3657,0.10344827586206896
bgs_topk_jaccard,0.25,16,,,3658,0.23076923076923078
bgs_topk_jaccard,0.25,16,,,3659,0.14285714285714285
bgs_topk_jaccard,0.25,16,,,3660,0.06666666666666667
bgs_topk_jaccard,0.25,16,,,3661,0.14285714285714285
bgs_topk_jaccard,0.25,16,,,3662,0.14285714285714285
bgs_topk_jaccard,0.25,16,,,3663,0.10344827586206896
bgs_topk_jaccard,0.25,16,,,3664,0.18518518518518517
bgs_topk_jaccard,0.25,16,,,3665,0.18518518518518517
bgs_topk_jaccard,0.25,16,,,3666,0.18518518518518517
bgs_topk_jaccard,0.25,16,,,3667,0.03225806451612903
bgs_topk_jaccard,0.25,16,,,3668,0.18518518518518517
bgs_topk_jaccard,0.25,16,,,3669,0.18518518518518517
bgs_topk_jaccard,0.25,16,,,3670,0.06666666666666667
bgs_topk_jaccard,0.25,16,,,3671,0.18518518518518517
bgs_topk_jaccard,0.25,16,,,3672,0.14285714285714285
bgs_topk_jaccard,0.25,16,,,3673,0.14285714285714285
bgs_topk_jaccard,0.25,16,,,3674,0.10344827586206896
bgs_topk_jaccard,0.25,16,,,3675,0.18518518518518517
bgs_topk_jaccard,0.25,16,,,3676,0.10344827586206896
bgs_topk_jaccard,0.25,16,,,3677,0.06666666666666667
bgs_topk_jaccard,0.25,16,,,3678,0.14285714285714285
bgs_topk_jaccard,0.25,16,,,3679,0.18518518518518517
bgs_topk_jaccard,0.25,16,,,3680,0.18518518518518517
bgs_topk_jaccard,0.25,16,,,3681,0.18518518518518517
bgs_topk_jaccard,0.25,16,,,3682,0.10344827586206896
bgs_topk_jaccard,0.25,16,,,3683,0.10344827586206896
bgs_topk_jaccard,0.25,16,,,3684,0.10344827586206896
bgs_topk_jaccard,0.25,16,,,3685,0.23076923076923078
bgs_topk_jaccard,0.25,16,,,3686,0.10344827586206896
bgs_topk_jaccard,0.25,16,,,3687,0.18518518518518517
bgs_topk_jaccard,0.25,16,,,3688,0.23076923076923078
bgs_topk_jaccard,0.25,16,,,3689,0.28
bgs_topk_jaccard,0.25,16,,,3690,0.03225806451612903
bgs_topk_jaccard,0.25,16,,,3691,0.23076923076923078
bgs_topk_jaccard,0.25,16,,,3692,0.23076923076923078
bgs_topk_jaccard,0.25,16,,,3693,0.28
bgs_topk_jaccard,0.25,16,,,3694,0.23076923076923078
bgs_topk_jaccard,0.25,16,,,3695,0.10344827586206896
bgs_topk_jaccard,0.25,16,,,3696,0.10344827586206896
bgs_topk_jaccard,0.25,16,,,3697,0.14285714285714285
bgs_topk_jaccard,0.25,16,,,3698,0.14285714285714285
bgs_topk_jaccard,0.25,16,,,3699,0.23076923076923078
bgs_topk_jaccard,0.25,16,,,3700,0.14285714285714285
bgs_topk_jaccard,0.25,16,,,3701,0.14285714285714285
bgs_topk_jaccard,0.25,16,,,3702,0.18518518518518517
bgs_topk_jaccard,0.25,16,,,3703,0.14285714285714285
bgs_topk_jaccard,0.25,16,,,3704,0.23076923076923078
bgs_topk_jaccard,0.25,16,,,3705,0.06666666666666667
bgs_topk_jaccard,0.25,16,,,3706,0.10344827586206896
bgs_topk_jaccard,0.25,16,,,3707,0.23076923076923078
bgs_topk_jaccard,0.25,16,,,3708,0.14285714285714285
bgs_topk_jaccard,0.25,16,,,3709,0.10344827586206896
bgs_topk_jaccard,0.25,16,,,3710,0.06666666666666667
bgs_topk_jaccard,0.25,16,,,3711,0.14285714285714285
bgs_topk_jaccard,0.25,16,,,3712,0.18518518518518517
bgs_topk_jaccard,0.25,16,,,3713,0.06666666666666667
bgs_topk_jaccard,0.25,16,,,3714,0.10344827586206896
bgs_topk_jaccard,0.25,16,,,3715,0.10344827586206896
bgs_topk_jaccard,0.25,16,,,3716,0.06666666666666667
bgs_topk_jaccard,0.25,16,,,3717,0.14285714285714285
bgs_topk_jaccard,0.25,16,,,3718,0.3333333333333333
bgs_topk_jaccard,0.25,16,,,3719,0.18518518518518517
bgs_topk_jaccard,0.25,16,,,3720,0.18518518518518517
bgs_topk_jaccard,0.25,16,,,3721,0.14285714285714285
bgs_topk_jaccard,0.25,16,,,3722,0.18518518518518517
bgs_topk_jaccard,0.25,16,,,3723,0.10344827586206896
bgs_topk_jaccard,0.25,16,,,3724,0.06666666666666667
bgs_topk_jaccard,0.25,16,,,3725,0.28
bgs_topk_jaccard,0.25,16,,,3726,0.10344827586206896
bgs_topk_jaccard,0.25,16,,,3727,0.18518518518518517
bgs_topk_jaccard,0.25,16,,,3728,0.28
bgs_topk_jaccard,0.25,16,,,3729,0.06666666666666667
bgs_topk_jaccard,0.25,16,,,3730,0.14285714285714285
bgs_topk_jaccard,0.25,16,,,3731,0.03225806451612903
bgs_topk_jaccard,0.25,16,,,3732,0.10344827586206896
bgs_topk_jaccard,0.25,16,,,3733,0.14285714285714285
bgs_topk_jaccard,0.25,16,,,3734,0.14285714285714285
bgs_topk_jaccard,0.25,16,,,3735,0.14285714285714285
bgs_topk_jaccard,0.25,16,,,3736,0.14285714285714285
bgs_topk_jaccard,0.25,16,,,3737,0.18518518518518517
bgs_topk_jaccard,0.25,16,,,3738,0.28
bgs_topk_jaccard,0.25,16,,,3739,0.18518518518518517
bgs_topk_jaccard,0.25,16,,,3740,0.14285714285714285
bgs_topk_jaccard,0.25,16,,,3741,0.03225806451612903
bgs_topk_jaccard,0.25,16,,,3742,0.14285714285714285
bgs_topk_jaccard,0.25,16,,,3743,0.18518518518518517
bgs_topk_jaccard,0.25,16,,,3744,0.18518518518518517
bgs_topk_jaccard,0.25,16,,,3745,0.18518518518518517
bgs_topk_jaccard,0.25,16,,,3746,0.06666666666666667
bgs_topk_jaccard,0.25,16,,,3747,0.10344827586206896
bgs_topk_jaccard,0.25,16,,,3748,0.10344827586206896
bgs_topk_jaccard,0.25,16,,,3749,0.18518518518518517
bgs_topk_jaccard,0.25,16,,,3750,0.23076923076923078
bgs_topk_jaccard,0.25,16,,,3751,0.14285714285714285
bgs_topk_jaccard,0.25,16,,,3752,0.23076923076923078
bgs_topk_jaccard,0.25,16,,,3753,0.14285714285714285
bgs_topk_jaccard,0.25,16,,,3754,0.3333333333333333
bgs_topk_jaccard,0.25,16,,,3755,0.23076923076923078
bgs_topk_jaccard,0.25,16,,,3756,0.06666666666666667
bgs_topk_jaccard,0.25,16,,,3757,0.14285714285714285
bgs_topk_jaccard,0.25,16,,,3758,0.03225806451612903
bgs_topk_jaccard,0.25,16,,,3759,0.06666666666666667
bgs_topk_jaccard,0.25,16,,,3760,0.18518518518518517
bgs_topk_jaccard,0.25,16,,,3761,0.18518518518518517
bgs_topk_jaccard,0.25,16,,,3762,0.18518518518518517
bgs_topk_jaccard,0.25,16,,,3763,0.14285714285714285
bgs_topk_jaccard,0.25,16,,,3764,0.23076923076923078
bgs_topk_jaccard,0.25,16,,,3765,0.14285714285714285
bgs_topk_jaccard,0.25,16,,,3766,0.10344827586206896
bgs_topk_jaccard,0.25,16,,,3767,0.06666666666666667
bgs_topk_jaccard,0.25,16,,,3768,0.10344827586206896
bgs_topk_jaccard,0.25,16,,,3769,0.23076923076923078
bgs_topk_jaccard,0.25,16,,,3770,0.18518518518518517
bgs_topk_jaccard,0.25,16,,,3771,0.28
bgs_topk_jaccard,0.25,16,,,3772,0.10344827586206896
bgs_topk_jaccard,0.25,16,,,3773,0.06666666666666667
bgs_topk_jaccard,0.25,16,,,3774,0.18518518518518517
bgs_topk_jaccard,0.25,16,,,3775,0.10344827586206896
bgs_topk_jaccard,0.25,16,,,3776,0.03225806451612903
bgs_topk_jaccard,0.25,16,,,3777,0.06666666666666667
bgs_topk_jaccard,0.25,16,,,3778,0.10344827586206896
bgs_topk_jaccard,0.25,16,,,3779,0.10344827586206896
bgs_topk_jaccard,0.25,16,,,3780,0.10344827586206896
bgs_topk_jaccard,0.25,16,,,3781,0.10344827586206896
bgs_topk_jaccard,0.25,16,,,3782,0.10344827586206896
bgs_topk_jaccard,0.25,16,,,3783,0.23076923076923078
bgs_topk_jaccard,0.25,16,,,3784,0.18518518518518517
bgs_topk_jaccard,0.25,16,,,3785,0.14285714285714285
bgs_topk_jaccard,0.25,16,,,3786,0.14285714285714285
bgs_topk_jaccard,0.25,16,,,3787,0.23076923076923078
bgs_topk_jaccard,0.25,16,,,3788,0.06666666666666667
bgs_topk_jaccard,0.25,16,,,3789,0.10344827586206896
bgs_topk_jaccard,0.25,16,,,3790,0.10344827586206896
bgs_topk_jaccard,0.25,16,,,3791,0.18518518518518517
bgs_topk_jaccard,0.25,16,,,3792,0.03225806451612903
bgs_topk_jaccard,0.25,16,,,3793,0.28
bgs_topk_jaccard,0.25,16,,,3794,0.28
bgs_topk_jaccard,0.25,16,,,3795,0.10344827586206896
bgs_topk_jaccard,0.25,16,,,3796,0.03225806451612903
bgs_topk_jaccard,0.25,16,,,3797,0.14285714285714285
bgs_topk_jaccard,0.25,16,,,3798,0.06666666666666667
bgs_topk_jaccard,0.25,16,,,3799,0.10344827586206896
bgs_topk_jaccard,0.25,16,,,3800,0.14285714285714285
bgs_topk_jaccard,0.25,16,,,3801,0.14285714285714285
bgs_topk_jaccard,0.25,16,,,3802,0.23076923076923078
bgs_topk_jaccard,0.25,16,,,3803,0.14285714285714285
bgs_topk_jaccard,0.25,16,,,3804,0.18518518518518517
bgs_topk_jaccard,0.25,16,,,3805,0.06666666666666667
bgs_topk_jaccard,0.25,16,,,3806,0.03225806451612903
bgs_topk_jaccard,0.25,16,,,3807,0.28
bgs_topk_jaccard,0.25,16,,,3808,0.0
bgs_topk_jaccard,0.25,16,,,3809,0.14285714285714285
bgs_topk_jaccard,0.25,16,,,3810,0.14285714285714285
bgs_topk_jaccard,0.25,16,,,3811,0.10344827586206896
bgs_topk_jaccard,0.25,16,,,3812,0.03225806451612903
bgs_topk_jaccard,0.25,16,,,3813,0.18518518518518517
bgs_topk_jaccard,0.25,16,,,3814,0.18518518518518517
bgs_topk_jaccard,0.25,16,,,3815,0.18518518518518517
bgs_topk_jaccard,0.25,16,,,3816,0.18518518518518517
bgs_topk_jaccard,0.25,16,,,3817,0.10344827586206896
bgs_topk_jaccard,0.25,16,,,3818,0.14285714285714285
bgs_topk_jaccard,0.25,16,,,3819,0.18518518518518517
bgs_topk_jaccard,0.25,16,,,3820,0.18518518518518517
bgs_topk_jaccard,0.25,16,,,3821,0.06666666666666667
bgs_topk_jaccard,0.25,16,,,3822,0.14285714285714285
bgs_topk_jaccard,0.25,16,,,3823,0.18518518518518517
bgs_topk_jaccard,0.25,16,,,3824,0.18518518518518517
bgs_topk_jaccard,0.25,16,,,3825,0.0
bgs_topk_jaccard,0.25,16,,,3826,0.14285714285714285
bgs_topk_jaccard,0.25,16,,,3827,0.06666666666666667
bgs_topk_jaccard,0.25,16,,,3828,0.14285714285714285
bgs_topk_jaccard,0.25,16,,,3829,0.14285714285714285
bgs_topk_jaccard,0.25,16,,,3830,0.14285714285714285
bgs_topk_jaccard,0.25,16,,,3831,0.06666666666666667
bgs_topk_jaccard,0.25,16,,,3832,0.10344827586206896
bgs_topk_jaccard,0.25,16,,,3833,0.14285714285714285
bgs_topk_jaccard,0.25,16,,,3834,0.28
bgs_topk_jaccard,0.25,16,,,3835,0.10344827586206896
bgs_topk_jaccard,0.25,16,,,3836,0.10344827586206896
bgs_topk_jaccard,0.25,16,,,3837,0.10344827586206896
bgs_topk_jaccard,0.25,16,,,3838,0.23076923076923078
bgs_topk_jaccard,0.25,16,,,3839,0.10344827586206896
bgs_topk_jaccard,0.25,16,,,3840,0.14285714285714285
bgs_topk_jaccard,0.25,16,,,3841,0.10344827586206896
bgs_topk_jaccard,0.25,16,,,3842,0.18518518518518517
bgs_topk_jaccard,0.25,16,,,3843,0.23076923076923078
bgs_topk_jaccard,0.25,16,,,3844,0.06666666666666667
bgs_topk_jaccard,0.25,16,,,3845,0.14285714285714285
bgs_topk_jaccard,0.25,16,,,3846,0.18518518518518517
bgs_topk_jaccard,0.25,16,,,3847,0.18518518518518517
bgs_topk_jaccard,0.25,16,,,3848,0.06666666666666667
bgs_topk_jaccard,0.25,16,,,3849,0.18518518518518517
bgs_topk_jaccard,0.25,16,,,3850,0.14285714285714285
bgs_topk_jaccard,0.25,16,,,3851,0.06666666666666667
bgs_topk_jaccard,0.25,16,,,3852,0.18518518518518517
bgs_topk_jaccard,0.25,16,,,3853,0.18518518518518517
bgs_topk_jaccard,0.25,16,,,3854,0.03225806451612903
bgs_topk_jaccard,0.25,16,,,3855,0.10344827586206896
bgs_topk_jaccard,0.25,16,,,3856,0.0
bgs_topk_jaccard,0.25,16,,,3857,0.23076923076923078
bgs_topk_jaccard,0.25,16,,,3858,0.14285714285714285
bgs_topk_jaccard,0.25,16,,,3859,0.18518518518518517
bgs_topk_jaccard,0.25,16,,,3860,0.28
bgs_topk_jaccard,0.25,16,,,3861,0.14285714285714285
bgs_topk_jaccard,0.25,16,,,3862,0.14285714285714285
bgs_topk_jaccard,0.25,16,,,3863,0.14285714285714285
bgs_topk_jaccard,0.25,16,,,3864,0.23076923076923078
bgs_topk_jaccard,0.25,16,,,3865,0.18518518518518517
bgs_topk_jaccard,0.25,16,,,3866,0.18518518518518517
bgs_topk_jaccard,0.25,16,,,3867,0.06666666666666667
bgs_topk_jaccard,0.25,16,,,3868,0.23076923076923078
bgs_topk_jaccard,0.25,16,,,3869,0.23076923076923078
bgs_topk_jaccard,0.25,16,,,3870,0.14285714285714285
bgs_topk_jaccard,0.25,16,,,3871,0.10344827586206896
bgs_topk_jaccard,0.25,16,,,3872,0.10344827586206896
bgs_topk_jaccard,0.25,16,,,3873,0.18518518518518517
bgs_topk_jaccard,0.25,16,,,3874,0.10344827586206896
bgs_topk_jaccard,0.25,16,,,3875,0.10344827586206896
bgs_topk_jaccard,0.25,16,,,3876,0.28
bgs_topk_jaccard,0.25,16,,,3877,0.10344827586206896
bgs_topk_jaccard,0.25,16,,,3878,0.10344827586206896
bgs_topk_jaccard,0.25,16,,,3879,0.14285714285714285
bgs_topk_jaccard,0.25,16,,,3880,0.10344827586206896
bgs_topk_jaccard,0.25,16,,,3881,0.10344827586206896
bgs_topk_jaccard,0.25,16,,,3882,0.18518518518518517
bgs_topk_jaccard,0.25,16,,,3883,0.18518518518518517
bgs_topk_jaccard,0.25,16,,,3884,0.23076923076923078
bgs_topk_jaccard,0.25,16,,,3885,0.06666666666666667
bgs_topk_jaccard,0.25,16,,,3886,0.14285714285714285
bgs_topk_jaccard,0.25,16,,,3887,0.10344827586206896
bgs_topk_jaccard,0.25,16,,,3888,0.18518518518518517
bgs_topk_jaccard,0.25,16,,,3889,0.06666666666666667
bgs_topk_jaccard,0.25,16,,,3890,0.06666666666666667
bgs_topk_jaccard,0.25,16,,,3891,0.18518518518518517
bgs_topk_jaccard,0.25,16,,,3892,0.14285714285714285
bgs_topk_jaccard,0.25,16,,,3893,0.23076923076923078
bgs_topk_jaccard,0.25,16,,,3894,0.10344827586206896
bgs_topk_jaccard,0.25,16,,,3895,0.03225806451612903
bgs_topk_jaccard,0.25,16,,,3896,0.10344827586206896
bgs_topk_jaccard,0.25,16,,,3897,0.18518518518518517
bgs_topk_jaccard,0.25,16,,,3898,0.10344827586206896
bgs_topk_jaccard,0.25,16,,,3899,0.23076923076923078
bgs_topk_jaccard,0.25,16,,,3900,0.03225806451612903
bgs_topk_jaccard,0.25,16,,,3901,0.14285714285714285
bgs_topk_jaccard,0.25,16,,,3902,0.14285714285714285
bgs_topk_jaccard,0.25,16,,,3903,0.03225806451612903
bgs_topk_jaccard,0.25,16,,,3904,0.18518518518518517
bgs_topk_jaccard,0.25,16,,,3905,0.18518518518518517
bgs_topk_jaccard,0.25,16,,,3906,0.10344827586206896
bgs_topk_jaccard,0.25,16,,,3907,0.10344827586206896
bgs_topk_jaccard,0.25,16,,,3908,0.18518518518518517
bgs_topk_jaccard,0.25,16,,,3909,0.10344827586206896
bgs_topk_jaccard,0.25,16,,,3910,0.23076923076923078
bgs_topk_jaccard,0.25,16,,,3911,0.06666666666666667
bgs_topk_jaccard,0.25,16,,,3912,0.10344827586206896
bgs_topk_jaccard,0.25,16,,,3913,0.14285714285714285
bgs_topk_jaccard,0.25,16,,,3914,0.14285714285714285
bgs_topk_jaccard,0.25,16,,,3915,0.14285714285714285
bgs_topk_jaccard,0.25,16,,,3916,0.18518518518518517
bgs_topk_jaccard,0.25,16,,,3917,0.10344827586206896
bgs_topk_jaccard,0.25,16,,,3918,0.06666666666666667
bgs_topk_jaccard,0.25,16,,,3919,0.14285714285714285
bgs_topk_jaccard,0.25,16,,,3920,0.18518518518518517
bgs_topk_jaccard,0.25,16,,,3921,0.14285714285714285
bgs_topk_jaccard,0.25,16,,,3922,0.06666666666666667
bgs_topk_jaccard,0.25,16,,,3923,0.18518518518518517
bgs_topk_jaccard,0.25,16,,,3924,0.18518518518518517
bgs_topk_jaccard,0.25,16,,,3925,0.03225806451612903
bgs_topk_jaccard,0.25,16,,,3926,0.23076923076923078
bgs_topk_jaccard,0.25,16,,,3927,0.28
bgs_topk_jaccard,0.25,16,,,3928,0.14285714285714285
bgs_topk_jaccard,0.25,16,,,3929,0.10344827586206896
bgs_topk_jaccard,0.25,16,,,3930,0.10344827586206896
bgs_topk_jaccard,0.25,16,,,3931,0.06666666666666667
bgs_topk_jaccard,0.25,16,,,3932,0.0
bgs_topk_jaccard,0.25,16,,,3933,0.14285714285714285
bgs_topk_jaccard,0.25,16,,,3934,0.06666666666666667
bgs_topk_jaccard,0.25,16,,,3935,0.14285714285714285
bgs_topk_jaccard,0.25,16,,,3936,0.06666666666666667
bgs_topk_jaccard,0.25,16,,,3937,0.23076923076923078
bgs_topk_jaccard,0.25,16,,,3938,0.18518518518518517
bgs_topk_jaccard,0.25,16,,,3939,0.03225806451612903
bgs_topk_jaccard,0.25,16,,,3940,0.10344827586206896
bgs_topk_jaccard,0.25,16,,,3941,0.14285714285714285
bgs_topk_jaccard,0.25,16,,,3942,0.18518518518518517
bgs_topk_jaccard,0.25,16,,,3943,0.18518518518518517
bgs_topk_jaccard,0.25,16,,,3944,0.18518518518518517
bgs_topk_jaccard,0.25,16,,,3945,0.28
bgs_topk_jaccard,0.25,16,,,3946,0.18518518518518517
bgs_topk_jaccard,0.25,16,,,3947,0.06666666666666667
bgs_topk_jaccard,0.25,16,,,3948,0.14285714285714285
bgs_topk_jaccard,0.25,16,,,3949,0.14285714285714285
bgs_topk_jaccard,0.25,16,,,3950,0.18518518518518517
bgs_topk_jaccard,0.25,16,,,3951,0.18518518518518517
bgs_topk_jaccard,0.25,16,,,3952,0.06666666666666667
bgs_topk_jaccard,0.25,16,,,3953,0.10344827586206896
bgs_topk_jaccard,0.25,16,,,3954,0.06666666666666667
bgs_topk_jaccard,0.25,16,,,3955,0.23076923076923078
bgs_topk_jaccard,0.25,16,,,3956,0.23076923076923078
bgs_topk_jaccard,0.25,16,,,3957,0.03225806451612903
bgs_topk_jaccard,0.25,16,,,3958,0.18518518518518517
bgs_topk_jaccard,0.25,16,,,3959,0.10344827586206896
bgs_topk_jaccard,0.25,16,,,3960,0.3333333333333333
bgs_topk_jaccard,0.25,16,,,3961,0.28
bgs_topk_jaccard,0.25,16,,,3962,0.10344827586206896
bgs_topk_jaccard,0.25,16,,,3963,0.14285714285714285
bgs_topk_jaccard,0.25,16,,,3964,0.18518518518518517
bgs_topk_jaccard,0.25,16,,,3965,0.14285714285714285
bgs_topk_jaccard,0.25,16,,,3966,0.14285714285714285
bgs_topk_jaccard,0.25,16,,,3967,0.14285714285714285
bgs_topk_jaccard,0.25,16,,,3968,0.14285714285714285
bgs_topk_jaccard,0.25,16,,,3969,0.14285714285714285
bgs_topk_jaccard,0.25,16,,,3970,0.03225806451612903
bgs_topk_jaccard,0.25,16,,,3971,0.18518518518518517
bgs_topk_jaccard,0.25,16,,,3972,0.23076923076923078
bgs_topk_jaccard,0.25,16,,,3973,0.14285714285714285
bgs_topk_jaccard,0.25,16,,,3974,0.10344827586206896
bgs_topk_jaccard,0.25,16,,,3975,0.18518518518518517
bgs_topk_jaccard,0.25,16,,,3976,0.18518518518518517
bgs_topk_jaccard,0.25,16,,,3977,0.10344827586206896
bgs_topk_jaccard,0.25,16,,,3978,0.10344827586206896
bgs_topk_jaccard,0.25,16,,,3979,0.14285714285714285
bgs_topk_jaccard,0.25,16,,,3980,0.03225806451612903
bgs_topk_jaccard,0.25,16,,,3981,0.03225806451612903
bgs_topk_jaccard,0.25,16,,,3982,0.14285714285714285
bgs_topk_jaccard,0.25,16,,,3983,0.06666666666666667
bgs_topk_jaccard,0.25,16,,,3984,0.10344827586206896
bgs_topk_jaccard,0.25,16,,,3985,0.18518518518518517
bgs_topk_jaccard,0.25,16,,,3986,0.14285714285714285
bgs_topk_jaccard,0.25,16,,,3987,0.10344827586206896
bgs_topk_jaccard,0.25,16,,,3988,0.23076923076923078
bgs_topk_jaccard,0.25,16,,,3989,0.10344827586206896
bgs_topk_jaccard,0.25,16,,,3990,0.10344827586206896
bgs_topk_jaccard,0.25,16,,,3991,0.10344827586206896
bgs_topk_jaccard,0.25,16,,,3992,0.10344827586206896
bgs_topk_jaccard,0.25,16,,,3993,0.18518518518518517
bgs_topk_jaccard,0.25,16,,,3994,0.14285714285714285
bgs_topk_jaccard,0.25,16,,,3995,0.06666666666666667
bgs_topk_jaccard,0.25,16,,,3996,0.10344827586206896
bgs_topk_jaccard,0.25,16,,,3997,0.14285714285714285
bgs_topk_jaccard,0.25,16,,,3998,0.23076923076923078
bgs_topk_jaccard,0.25,16,,,3999,0.10344827586206896
bgs_topk_jaccard,0.25,16,,,4000,0.10344827586206896
bgs_topk_jaccard,0.25,16,,,4001,0.18518518518518517
bgs_topk_jaccard,0.25,16,,,4002,0.10344827586206896
bgs_topk_jaccard,0.25,16,,,4003,0.03225806451612903
bgs_topk_jaccard,0.25,16,,,4004,0.14285714285714285
bgs_topk_jaccard,0.25,16,,,4005,0.18518518518518517
bgs_topk_jaccard,0.25,16,,,4006,0.10344827586206896
bgs_topk_jaccard,0.25,16,,,4007,0.18518518518518517
bgs_topk_jaccard,0.25,16,,,4008,0.23076923076923078
bgs_topk_jaccard,0.25,16,,,4009,0.10344827586206896
bgs_topk_jaccard,0.25,16,,,4010,0.14285714285714285
bgs_topk_jaccard,0.25,16,,,4011,0.10344827586206896
bgs_topk_jaccard,0.25,16,,,4012,0.18518518518518517
bgs_topk_jaccard,0.25,16,,,4013,0.23076923076923078
bgs_topk_jaccard,0.25,16,,,4014,0.18518518518518517
bgs_topk_jaccard,0.25,16,,,4015,0.10344827586206896
bgs_topk_jaccard,0.25,16,,,4016,0.14285714285714285
bgs_topk_jaccard,0.25,16,,,4017,0.14285714285714285
bgs_topk_jaccard,0.25,16,,,4018,0.18518518518518517
bgs_topk_jaccard,0.25,16,,,4019,0.14285714285714285
bgs_topk_jaccard,0.25,16,,,4020,0.23076923076923078
bgs_topk_jaccard,0.25,16,,,4021,0.10344827586206896
bgs_topk_jaccard,0.25,16,,,4022,0.18518518518518517
bgs_topk_jaccard,0.25,16,,,4023,0.23076923076923078
bgs_topk_jaccard,0.25,16,,,4024,0.03225806451612903
bgs_topk_jaccard,0.25,16,,,4025,0.23076923076923078
bgs_topk_jaccard,0.25,16,,,4026,0.10344827586206896
bgs_topk_jaccard,0.25,16,,,4027,0.14285714285714285
bgs_topk_jaccard,0.25,16,,,4028,0.06666666666666667
bgs_topk_jaccard,0.25,16,,,4029,0.18518518518518517
bgs_topk_jaccard,0.25,16,,,4030,0.18518518518518517
bgs_topk_jaccard,0.25,16,,,4031,0.14285714285714285
bgs_topk_jaccard,0.25,16,,,4032,0.28
bgs_topk_jaccard,0.25,16,,,4033,0.03225806451612903
bgs_topk_jaccard,0.25,16,,,4034,0.3333333333333333
bgs_topk_jaccard,0.25,16,,,4035,0.10344827586206896
bgs_topk_jaccard,0.25,16,,,4036,0.06666666666666667
bgs_topk_jaccard,0.25,16,,,4037,0.18518518518518517
bgs_topk_jaccard,0.25,16,,,4038,0.14285714285714285
bgs_topk_jaccard,0.25,16,,,4039,0.18518518518518517
bgs_topk_jaccard,0.25,16,,,4040,0.23076923076923078
bgs_topk_jaccard,0.25,16,,,4041,0.14285714285714285
bgs_topk_jaccard,0.25,16,,,4042,0.23076923076923078
bgs_topk_jaccard,0.25,16,,,4043,0.10344827586206896
bgs_topk_jaccard,0.25,16,,,4044,0.06666666666666667
bgs_topk_jaccard,0.25,16,,,4045,0.06666666666666667
bgs_topk_jaccard,0.25,16,,,4046,0.06666666666666667
bgs_topk_jaccard,0.25,16,,,4047,0.18518518518518517
bgs_topk_jaccard,0.25,16,,,4048,0.18518518518518517
bgs_topk_jaccard,0.25,16,,,4049,0.18518518518518517
bgs_topk_jaccard,0.25,16,,,4050,0.18518518518518517
bgs_topk_jaccard,0.25,16,,,4051,0.10344827586206896
bgs_topk_jaccard,0.25,16,,,4052,0.14285714285714285
bgs_topk_jaccard,0.25,16,,,4053,0.06666666666666667
bgs_topk_jaccard,0.25,16,,,4054,0.3333333333333333
bgs_topk_jaccard,0.25,16,,,4055,0.14285714285714285
bgs_topk_jaccard,0.25,16,,,4056,0.14285714285714285
bgs_topk_jaccard,0.25,16,,,4057,0.18518518518518517
bgs_topk_jaccard,0.25,16,,,4058,0.28
bgs_topk_jaccard,0.25,16,,,4059,0.28
bgs_topk_jaccard,0.25,16,,,4060,0.10344827586206896
bgs_topk_jaccard,0.25,16,,,4061,0.23076923076923078
bgs_topk_jaccard,0.25,16,,,4062,0.18518518518518517
bgs_topk_jaccard,0.25,16,,,4063,0.10344827586206896
bgs_topk_jaccard,0.25,16,,,4064,0.14285714285714285
bgs_topk_jaccard,0.25,16,,,4065,0.10344827586206896
bgs_topk_jaccard,0.25,16,,,4066,0.14285714285714285
bgs_topk_jaccard,0.25,16,,,4067,0.14285714285714285
bgs_topk_jaccard,0.25,16,,,4068,0.28
bgs_topk_jaccard,0.25,16,,,4069,0.14285714285714285
bgs_topk_jaccard,0.25,16,,,4070,0.28
bgs_topk_jaccard,0.25,16,,,4071,0.06666666666666667
bgs_topk_jaccard,0.25,16,,,4072,0.18518518518518517
bgs_topk_jaccard,0.25,16,,,4073,0.14285714285714285
bgs_topk_jaccard,0.25,16,,,4074,0.18518518518518517
bgs_topk_jaccard,0.25,16,,,4075,0.03225806451612903
bgs_topk_jaccard,0.25,16,,,4076,0.23076923076923078
bgs_topk_jaccard,0.25,16,,,4077,0.10344827586206896
bgs_topk_jaccard,0.25,16,,,4078,0.06666666666666667
bgs_topk_jaccard,0.25,16,,,4079,0.14285714285714285
bgs_topk_jaccard,0.25,16,,,4080,0.10344827586206896
bgs_topk_jaccard,0.25,16,,,4081,0.10344827586206896
bgs_topk_jaccard,0.25,16,,,4082,0.14285714285714285
bgs_topk_jaccard,0.25,16,,,4083,0.14285714285714285
bgs_topk_jaccard,0.25,16,,,4084,0.18518518518518517
bgs_topk_jaccard,0.25,16,,,4085,0.10344827586206896
bgs_topk_jaccard,0.25,16,,,4086,0.3333333333333333
bgs_topk_jaccard,0.25,16,,,4087,0.03225806451612903
bgs_topk_jaccard,0.25,16,,,4088,0.10344827586206896
bgs_topk_jaccard,0.25,16,,,4089,0.14285714285714285
bgs_topk_jaccard,0.25,16,,,4090,0.06666666666666667
bgs_topk_jaccard,0.25,16,,,4091,0.06666666666666667
bgs_topk_jaccard,0.25,16,,,4092,0.03225806451612903
bgs_topk_jaccard,0.25,16,,,4093,0.10344827586206896
bgs_topk_jaccard,0.25,16,,,4094,0.14285714285714285
bgs_topk_jaccard,0.25,16,,,4095,0.14285714285714285
bgs_topk_jaccard,0.25,16,,,4096,0.10344827586206896
bgs_topk_jaccard,0.25,16,,,4097,0.18518518518518517
bgs_topk_jaccard,0.25,16,,,4098,0.23076923076923078
bgs_topk_jaccard,0.25,16,,,4099,0.06666666666666667
bgs_topk_jaccard,0.25,16,,,4100,0.18518518518518517
bgs_topk_jaccard,0.25,16,,,4101,0.10344827586206896
bgs_topk_jaccard,0.25,16,,,4102,0.14285714285714285
bgs_topk_jaccard,0.25,16,,,4103,0.14285714285714285
bgs_topk_jaccard,0.25,16,,,4104,0.23076923076923078
bgs_topk_jaccard,0.25,16,,,4105,0.14285714285714285
bgs_topk_jaccard,0.25,16,,,4106,0.18518518518518517
bgs_topk_jaccard,0.25,16,,,4107,0.06666666666666667
bgs_topk_jaccard,0.25,16,,,4108,0.10344827586206896
bgs_topk_jaccard,0.25,16,,,4109,0.10344827586206896
bgs_topk_jaccard,0.25,16,,,4110,0.10344827586206896
bgs_topk_jaccard,0.25,16,,,4111,0.14285714285714285
bgs_topk_jaccard,0.25,16,,,4112,0.18518518518518517
bgs_topk_jaccard,0.25,16,,,4113,0.14285714285714285
bgs_topk_jaccard,0.25,16,,,4114,0.14285714285714285
bgs_topk_jaccard,0.25,16,,,4115,0.18518518518518517
bgs_topk_jaccard,0.25,16,,,4116,0.06666666666666667
bgs_topk_jaccard,0.25,16,,,4117,0.10344827586206896
bgs_topk_jaccard,0.25,16,,,4118,0.14285714285714285
bgs_topk_jaccard,0.25,16,,,4119,0.06666666666666667
bgs_topk_jaccard,0.25,16,,,4120,0.14285714285714285
bgs_topk_jaccard,0.25,16,,,4121,0.0
bgs_topk_jaccard,0.25,16,,,4122,0.14285714285714285
bgs_topk_jaccard,0.25,16,,,4123,0.10344827586206896
bgs_topk_jaccard,0.25,16,,,4124,0.23076923076923078
bgs_topk_jaccard,0.25,16,,,4125,0.14285714285714285
bgs_topk_jaccard,0.25,16,,,4126,0.06666666666666667
bgs_topk_jaccard,0.25,16,,,4127,0.14285714285714285
bgs_topk_jaccard,0.25,16,,,4128,0.14285714285714285
bgs_topk_jaccard,0.25,16,,,4129,0.23076923076923078
bgs_topk_jaccard,0.25,16,,,4130,0.10344827586206896
bgs_topk_jaccard,0.25,16,,,4131,0.14285714285714285
bgs_topk_jaccard,0.25,16,,,4132,0.14285714285714285
bgs_topk_jaccard,0.25,16,,,4133,0.0
bgs_topk_jaccard,0.25,16,,,4134,0.14285714285714285
bgs_topk_jaccard,0.25,16,,,4135,0.14285714285714285
bgs_topk_jaccard,0.25,16,,,4136,0.06666666666666667
bgs_topk_jaccard,0.25,16,,,4137,0.10344827586206896
bgs_topk_jaccard,0.25,16,,,4138,0.3333333333333333
bgs_topk_jaccard,0.25,16,,,4139,0.18518518518518517
bgs_topk_jaccard,0.25,16,,,4140,0.28
bgs_topk_jaccard,0.25,16,,,4141,0.06666666666666667
bgs_topk_jaccard,0.25,16,,,4142,0.10344827586206896
bgs_topk_jaccard,0.25,16,,,4143,0.06666666666666667
bgs_topk_jaccard,0.25,16,,,4144,0.14285714285714285
bgs_topk_jaccard,0.25,16,,,4145,0.23076923076923078
bgs_topk_jaccard,0.25,16,,,4146,0.10344827586206896
bgs_topk_jaccard,0.25,16,,,4147,0.10344827586206896
bgs_topk_jaccard,0.25,16,,,4148,0.06666666666666667
bgs_topk_jaccard,0.25,16,,,4149,0.10344827586206896
bgs_topk_jaccard,0.25,16,,,4150,0.10344827586206896
bgs_topk_jaccard,0.25,16,,,4151,0.18518518518518517
bgs_topk_jaccard,0.25,16,,,4152,0.18518518518518517
bgs_topk_jaccard,0.25,16,,,4153,0.28
bgs_topk_jaccard,0.25,16,,,4154,0.14285714285714285
bgs_topk_jaccard,0.25,16,,,4155,0.06666666666666667
bgs_topk_jaccard,0.25,16,,,4156,0.18518518518518517
bgs_topk_jaccard,0.25,16,,,4157,0.23076923076923078
bgs_topk_jaccard,0.25,16,,,4158,0.06666666666666667
bgs_topk_jaccard,0.25,16,,,4159,0.14285714285714285
bgs_topk_jaccard,0.25,16,,,4160,0.14285714285714285
bgs_topk_jaccard,0.25,16,,,4161,0.10344827586206896
bgs_topk_jaccard,0.25,16,,,4162,0.06666666666666667
bgs_topk_jaccard,0.25,16,,,4163,0.23076923076923078
bgs_topk_jaccard,0.25,16,,,4164,0.23076923076923078
bgs_topk_jaccard,0.25,16,,,4165,0.23076923076923078
bgs_topk_jaccard,0.25,16,,,4166,0.18518518518518517
bgs_topk_jaccard,0.25,16,,,4167,0.14285714285714285
bgs_topk_jaccard,0.25,16,,,4168,0.28
bgs_topk_jaccard,0.25,16,,,4169,0.18518518518518517
bgs_topk_jaccard,0.25,16,,,4170,0.14285714285714285
bgs_topk_jaccard,0.25,16,,,4171,0.14285714285714285
bgs_topk_jaccard,0.25,16,,,4172,0.14285714285714285
bgs_topk_jaccard,0.25,16,,,4173,0.14285714285714285
bgs_topk_jaccard,0.25,16,,,4174,0.06666666666666667
bgs_topk_jaccard,0.25,16,,,4175,0.18518518518518517
bgs_topk_jaccard,0.25,16,,,4176,0.10344827586206896
bgs_topk_jaccard,0.25,16,,,4177,0.10344827586206896
bgs_topk_jaccard,0.25,16,,,4178,0.10344827586206896
bgs_topk_jaccard,0.25,16,,,4179,0.28
bgs_topk_jaccard,0.25,16,,,4180,0.23076923076923078
bgs_topk_jaccard,0.25,16,,,4181,0.06666666666666667
bgs_topk_jaccard,0.25,16,,,4182,0.23076923076923078
bgs_topk_jaccard,0.25,16,,,4183,0.14285714285714285
bgs_topk_jaccard,0.25,16,,,4184,0.18518518518518517
bgs_topk_jaccard,0.25,16,,,4185,0.23076923076923078
bgs_topk_jaccard,0.25,16,,,4186,0.10344827586206896
bgs_topk_jaccard,0.25,16,,,4187,0.18518518518518517
bgs_topk_jaccard,0.25,16,,,4188,0.14285714285714285
bgs_topk_jaccard,0.25,16,,,4189,0.23076923076923078
bgs_topk_jaccard,0.25,16,,,4190,0.06666666666666667
bgs_topk_jaccard,0.25,16,,,4191,0.14285714285714285
bgs_topk_jaccard,0.25,16,,,4192,0.18518518518518517
bgs_topk_jaccard,0.25,16,,,4193,0.14285714285714285
bgs_topk_jaccard,0.25,16,,,4194,0.10344827586206896
bgs_topk_jaccard,0.25,16,,,4195,0.14285714285714285
bgs_topk_jaccard,0.25,16,,,4196,0.06666666666666667
bgs_topk_jaccard,0.25,16,,,4197,0.14285714285714285
bgs_topk_jaccard,0.25,16,,,4198,0.14285714285714285
bgs_topk_jaccard,0.25,16,,,4199,0.14285714285714285
bgs_topk_jaccard,0.25,16,,,4200,0.03225806451612903
bgs_topk_jaccard,0.25,16,,,4201,0.06666666666666667
bgs_topk_jaccard,0.25,16,,,4202,0.18518518518518517
bgs_topk_jaccard,0.25,16,,,4203,0.18518518518518517
bgs_topk_jaccard,0.25,16,,,4204,0.14285714285714285
bgs_topk_jaccard,0.25,16,,,4205,0.14285714285714285
bgs_topk_jaccard,0.25,16,,,4206,0.10344827586206896
bgs_topk_jaccard,0.25,16,,,4207,0.18518518518518517
bgs_topk_jaccard,0.25,16,,,4208,0.10344827586206896
bgs_topk_jaccard,0.25,16,,,4209,0.14285714285714285
bgs_topk_jaccard,0.25,16,,,4210,0.14285714285714285
bgs_topk_jaccard,0.25,16,,,4211,0.18518518518518517
bgs_topk_jaccard,0.25,16,,,4212,0.0
bgs_topk_jaccard,0.25,16,,,4213,0.06666666666666667
bgs_topk_jaccard,0.25,16,,,4214,0.23076923076923078
bgs_topk_jaccard,0.25,16,,,4215,0.14285714285714285
bgs_topk_jaccard,0.25,16,,,4216,0.10344827586206896
bgs_topk_jaccard,0.25,16,,,4217,0.23076923076923078
bgs_topk_jaccard,0.25,16,,,4218,0.18518518518518517
bgs_topk_jaccard,0.25,16,,,4219,0.14285714285714285
bgs_topk_jaccard,0.25,16,,,4220,0.18518518518518517
bgs_topk_jaccard,0.25,16,,,4221,0.23076923076923078
bgs_topk_jaccard,0.25,16,,,4222,0.14285714285714285
bgs_topk_jaccard,0.25,16,,,4223,0.3333333333333333
bgs_topk_jaccard,0.25,16,,,4224,0.06666666666666667
bgs_topk_jaccard,0.25,16,,,4225,0.18518518518518517
bgs_topk_jaccard,0.25,16,,,4226,0.18518518518518517
bgs_topk_jaccard,0.25,16,,,4227,0.18518518518518517
bgs_topk_jaccard,0.25,16,,,4228,0.10344827586206896
bgs_topk_jaccard,0.25,16,,,4229,0.18518518518518517
bgs_topk_jaccard,0.25,16,,,4230,0.14285714285714285
bgs_topk_jaccard,0.25,16,,,4231,0.18518518518518517
bgs_topk_jaccard,0.25,16,,,4232,0.10344827586206896
bgs_topk_jaccard,0.25,16,,,4233,0.18518518518518517
bgs_topk_jaccard,0.25,16,,,4234,0.06666666666666667
bgs_topk_jaccard,0.25,16,,,4235,0.10344827586206896
bgs_topk_jaccard,0.25,16,,,4236,0.14285714285714285
bgs_topk_jaccard,0.25,16,,,4237,0.10344827586206896
bgs_topk_jaccard,0.25,16,,,4238,0.18518518518518517
bgs_topk_jaccard,0.25,16,,,4239,0.23076923076923078
bgs_topk_jaccard,0.25,16,,,4240,0.03225806451612903
bgs_topk_jaccard,0.25,16,,,4241,0.18518518518518517
bgs_topk_jaccard,0.25,16,,,4242,0.14285714285714285
bgs_topk_jaccard,0.25,16,,,4243,0.18518518518518517
bgs_topk_jaccard,0.25,16,,,4244,0.10344827586206896
bgs_topk_jaccard,0.25,16,,,4245,0.23076923076923078
bgs_topk_jaccard,0.25,16,,,4246,0.10344827586206896
bgs_topk_jaccard,0.25,16,,,4247,0.14285714285714285
bgs_topk_jaccard,0.25,16,,,4248,0.10344827586206896
bgs_topk_jaccard,0.25,16,,,4249,0.14285714285714285
bgs_topk_jaccard,0.25,16,,,4250,0.14285714285714285
bgs_topk_jaccard,0.25,16,,,4251,0.14285714285714285
bgs_topk_jaccard,0.25,16,,,4252,0.28
bgs_topk_jaccard,0.25,16,,,4253,0.18518518518518517
bgs_topk_jaccard,0.25,16,,,4254,0.14285714285714285
bgs_topk_jaccard,0.25,16,,,4255,0.06666666666666667
bgs_topk_jaccard,0.25,16,,,4256,0.3333333333333333
bgs_topk_jaccard,0.25,16,,,4257,0.06666666666666667
bgs_topk_jaccard,0.25,16,,,4258,0.23076923076923078
bgs_topk_jaccard,0.25,16,,,4259,0.10344827586206896
bgs_topk_jaccard,0.25,16,,,4260,0.06666666666666667
bgs_topk_jaccard,0.25,16,,,4261,0.10344827586206896
bgs_topk_jaccard,0.25,16,,,4262,0.18518518518518517
bgs_topk_jaccard,0.25,16,,,4263,0.18518518518518517
bgs_topk_jaccard,0.25,16,,,4264,0.10344827586206896
bgs_topk_jaccard,0.25,16,,,4265,0.06666666666666667
bgs_topk_jaccard,0.25,16,,,4266,0.23076923076923078
bgs_topk_jaccard,0.25,16,,,4267,0.03225806451612903
bgs_topk_jaccard,0.25,16,,,4268,0.06666666666666667
bgs_topk_jaccard,0.25,16,,,4269,0.10344827586206896
bgs_topk_jaccard,0.25,16,,,4270,0.10344827586206896
bgs_topk_jaccard,0.25,16,,,4271,0.14285714285714285
bgs_topk_jaccard,0.25,16,,,4272,0.10344827586206896
bgs_topk_jaccard,0.25,16,,,4273,0.18518518518518517
bgs_topk_jaccard,0.25,16,,,4274,0.10344827586206896
bgs_topk_jaccard,0.25,16,,,4275,0.06666666666666667
bgs_topk_jaccard,0.25,16,,,4276,0.3333333333333333
bgs_topk_jaccard,0.25,16,,,4277,0.06666666666666667
bgs_topk_jaccard,0.25,16,,,4278,0.10344827586206896
bgs_topk_jaccard,0.25,16,,,4279,0.14285714285714285
bgs_topk_jaccard,0.25,16,,,4280,0.14285714285714285
bgs_topk_jaccard,0.25,16,,,4281,0.18518518518518517
bgs_topk_jaccard,0.25,16,,,4282,0.10344827586206896
bgs_topk_jaccard,0.25,16,,,4283,0.10344827586206896
bgs_topk_jaccard,0.25,16,,,4284,0.18518518518518517
bgs_topk_jaccard,0.25,16,,,4285,0.18518518518518517
bgs_topk_jaccard,0.25,16,,,4286,0.14285714285714285
bgs_topk_jaccard,0.25,16,,,4287,0.14285714285714285
bgs_topk_jaccard,0.25,16,,,4288,0.10344827586206896
bgs_topk_jaccard,0.25,16,,,4289,0.28
bgs_topk_jaccard,0.25,16,,,4290,0.14285714285714285
bgs_topk_jaccard,0.25,16,,,4291,0.10344827586206896
bgs_topk_jaccard,0.25,16,,,4292,0.18518518518518517
bgs_topk_jaccard,0.25,16,,,4293,0.14285714285714285
bgs_topk_jaccard,0.25,16,,,4294,0.06666666666666667
bgs_topk_jaccard,0.25,16,,,4295,0.10344827586206896
bgs_topk_jaccard,0.25,16,,,4296,0.14285714285714285
bgs_topk_jaccard,0.25,16,,,4297,0.18518518518518517
bgs_topk_jaccard,0.25,16,,,4298,0.03225806451612903
bgs_topk_jaccard,0.25,16,,,4299,0.10344827586206896
bgs_topk_jaccard,0.25,16,,,4300,0.14285714285714285
bgs_topk_jaccard,0.25,16,,,4301,0.23076923076923078
bgs_topk_jaccard,0.25,16,,,4302,0.18518518518518517
bgs_topk_jaccard,0.25,16,,,4303,0.14285714285714285
bgs_topk_jaccard,0.25,16,,,4304,0.10344827586206896
bgs_topk_jaccard,0.25,16,,,4305,0.14285714285714285
bgs_topk_jaccard,0.25,16,,,4306,0.23076923076923078
bgs_topk_jaccard,0.25,16,,,4307,0.14285714285714285
bgs_topk_jaccard,0.25,16,,,4308,0.18518518518518517
bgs_topk_jaccard,0.25,16,,,4309,0.10344827586206896
bgs_topk_jaccard,0.25,16,,,4310,0.18518518518518517
bgs_topk_jaccard,0.25,16,,,4311,0.18518518518518517
bgs_topk_jaccard,0.25,16,,,4312,0.10344827586206896
bgs_topk_jaccard,0.25,16,,,4313,0.14285714285714285
bgs_topk_jaccard,0.25,16,,,4314,0.14285714285714285
bgs_topk_jaccard,0.25,16,,,4315,0.18518518518518517
bgs_topk_jaccard,0.25,16,,,4316,0.14285714285714285
bgs_topk_jaccard,0.25,16,,,4317,0.14285714285714285
bgs_topk_jaccard,0.25,16,,,4318,0.10344827586206896
bgs_topk_jaccard,0.25,16,,,4319,0.10344827586206896
bgs_topk_jaccard,0.25,16,,,4320,0.06666666666666667
bgs_topk_jaccard,0.25,16,,,4321,0.14285714285714285
bgs_topk_jaccard,0.25,16,,,4322,0.18518518518518517
bgs_topk_jaccard,0.25,16,,,4323,0.18518518518518517
bgs_topk_jaccard,0.25,16,,,4324,0.06666666666666667
bgs_topk_jaccard,0.25,16,,,4325,0.14285714285714285
bgs_topk_jaccard,0.25,16,,,4326,0.18518518518518517
bgs_topk_jaccard,0.25,16,,,4327,0.10344827586206896
bgs_topk_jaccard,0.25,16,,,4328,0.14285714285714285
bgs_topk_jaccard,0.25,16,,,4329,0.06666666666666667
bgs_topk_jaccard,0.25,16,,,4330,0.14285714285714285
bgs_topk_jaccard,0.25,16,,,4331,0.10344827586206896
bgs_topk_jaccard,0.25,16,,,4332,0.18518518518518517
bgs_topk_jaccard,0.25,16,,,4333,0.18518518518518517
bgs_topk_jaccard,0.25,16,,,4334,0.14285714285714285
bgs_topk_jaccard,0.25,16,,,4335,0.28
bgs_topk_jaccard,0.25,16,,,4336,0.14285714285714285
bgs_topk_jaccard,0.25,16,,,4337,0.14285714285714285
bgs_topk_jaccard,0.25,16,,,4338,0.14285714285714285
bgs_topk_jaccard,0.25,16,,,4339,0.10344827586206896
bgs_topk_jaccard,0.25,16,,,4340,0.23076923076923078
bgs_topk_jaccard,0.25,16,,,4341,0.14285714285714285
bgs_topk_jaccard,0.25,16,,,4342,0.23076923076923078
bgs_topk_jaccard,0.25,16,,,4343,0.23076923076923078
bgs_topk_jaccard,0.25,16,,,4344,0.10344827586206896
bgs_topk_jaccard,0.25,16,,,4345,0.10344827586206896
bgs_topk_jaccard,0.25,16,,,4346,0.18518518518518517
bgs_topk_jaccard,0.25,16,,,4347,0.06666666666666667
bgs_topk_jaccard,0.25,16,,,4348,0.06666666666666667
bgs_topk_jaccard,0.25,16,,,4349,0.06666666666666667
bgs_topk_jaccard,0.25,16,,,4350,0.06666666666666667
bgs_topk_jaccard,0.25,16,,,4351,0.14285714285714285
bgs_topk_jaccard,0.25,16,,,4352,0.10344827586206896
bgs_topk_jaccard,0.25,16,,,4353,0.06666666666666667
bgs_topk_jaccard,0.25,16,,,4354,0.18518518518518517
bgs_topk_jaccard,0.25,16,,,4355,0.10344827586206896
bgs_topk_jaccard,0.25,16,,,4356,0.10344827586206896
bgs_topk_jaccard,0.25,16,,,4357,0.18518518518518517
bgs_topk_jaccard,0.25,16,,,4358,0.06666666666666667
bgs_topk_jaccard,0.25,16,,,4359,0.23076923076923078
bgs_topk_jaccard,0.25,16,,,4360,0.14285714285714285
bgs_topk_jaccard,0.25,16,,,4361,0.10344827586206896
bgs_topk_jaccard,0.25,16,,,4362,0.06666666666666667
bgs_topk_jaccard,0.25,16,,,4363,0.14285714285714285
bgs_topk_jaccard,0.25,16,,,4364,0.23076923076923078
bgs_topk_jaccard,0.25,16,,,4365,0.06666666666666667
bgs_topk_jaccard,0.25,16,,,4366,0.14285714285714285
bgs_topk_jaccard,0.25,16,,,4367,0.10344827586206896
bgs_topk_jaccard,0.25,16,,,4368,0.18518518518518517
bgs_topk_jaccard,0.25,16,,,4369,0.18518518518518517
bgs_topk_jaccard,0.25,16,,,4370,0.23076923076923078
bgs_topk_jaccard,0.25,16,,,4371,0.06666666666666667
bgs_topk_jaccard,0.25,16,,,4372,0.14285714285714285
bgs_topk_jaccard,0.25,16,,,4373,0.23076923076923078
bgs_topk_jaccard,0.25,16,,,4374,0.10344827586206896
bgs_topk_jaccard,0.25,16,,,4375,0.10344827586206896
bgs_topk_jaccard,0.25,16,,,4376,0.06666666666666667
bgs_topk_jaccard,0.25,16,,,4377,0.23076923076923078
bgs_topk_jaccard,0.25,16,,,4378,0.03225806451612903
bgs_topk_jaccard,0.25,16,,,4379,0.18518518518518517
bgs_topk_jaccard,0.25,16,,,4380,0.14285714285714285
bgs_topk_jaccard,0.25,16,,,4381,0.18518518518518517
bgs_topk_jaccard,0.25,16,,,4382,0.10344827586206896
bgs_topk_jaccard,0.25,16,,,4383,0.14285714285714285
bgs_topk_jaccard,0.25,16,,,4384,0.06666666666666667
bgs_topk_jaccard,0.25,16,,,4385,0.10344827586206896
bgs_topk_jaccard,0.25,16,,,4386,0.10344827586206896
bgs_topk_jaccard,0.25,16,,,4387,0.23076923076923078
bgs_topk_jaccard,0.25,16,,,4388,0.23076923076923078
bgs_topk_jaccard,0.25,16,,,4389,0.18518518518518517
bgs_topk_jaccard,0.25,16,,,4390,0.14285714285714285
bgs_topk_jaccard,0.25,16,,,4391,0.03225806451612903
bgs_topk_jaccard,0.25,16,,,4392,0.18518518518518517
bgs_topk_jaccard,0.25,16,,,4393,0.14285714285714285
bgs_topk_jaccard,0.25,16,,,4394,0.14285714285714285
bgs_topk_jaccard,0.25,16,,,4395,0.14285714285714285
bgs_topk_jaccard,0.25,16,,,4396,0.18518518518518517
bgs_topk_jaccard,0.25,16,,,4397,0.23076923076923078
bgs_topk_jaccard,0.25,16,,,4398,0.23076923076923078
bgs_topk_jaccard,0.25,16,,,4399,0.23076923076923078
bgs_topk_jaccard,0.25,16,,,4400,0.14285714285714285
bgs_topk_jaccard,0.25,16,,,4401,0.18518518518518517
bgs_topk_jaccard,0.25,16,,,4402,0.18518518518518517
bgs_topk_jaccard,0.25,16,,,4403,0.14285714285714285
bgs_topk_jaccard,0.25,16,,,4404,0.14285714285714285
bgs_topk_jaccard,0.25,16,,,4405,0.14285714285714285
bgs_topk_jaccard,0.25,16,,,4406,0.14285714285714285
bgs_topk_jaccard,0.25,16,,,4407,0.10344827586206896
bgs_topk_jaccard,0.25,16,,,4408,0.3333333333333333
bgs_topk_jaccard,0.25,16,,,4409,0.06666666666666667
bgs_topk_jaccard,0.25,16,,,4410,0.06666666666666667
bgs_topk_jaccard,0.25,16,,,4411,0.18518518518518517
bgs_topk_jaccard,0.25,16,,,4412,0.14285714285714285
bgs_topk_jaccard,0.25,16,,,4413,0.14285714285714285
bgs_topk_jaccard,0.25,16,,,4414,0.18518518518518517
bgs_topk_jaccard,0.25,16,,,4415,0.23076923076923078
bgs_topk_jaccard,0.25,16,,,4416,0.18518518518518517
bgs_topk_jaccard,0.25,16,,,4417,0.06666666666666667
bgs_topk_jaccard,0.25,16,,,4418,0.10344827586206896
bgs_topk_jaccard,0.25,16,,,4419,0.18518518518518517
bgs_topk_jaccard,0.25,16,,,4420,0.18518518518518517
bgs_topk_jaccard,0.25,16,,,4421,0.10344827586206896
bgs_topk_jaccard,0.25,16,,,4422,0.10344827586206896
bgs_topk_jaccard,0.25,16,,,4423,0.06666666666666667
bgs_topk_jaccard,0.25,16,,,4424,0.10344827586206896
bgs_topk_jaccard,0.25,16,,,4425,0.18518518518518517
bgs_topk_jaccard,0.25,16,,,4426,0.23076923076923078
bgs_topk_jaccard,0.25,16,,,4427,0.14285714285714285
bgs_topk_jaccard,0.25,16,,,4428,0.23076923076923078
bgs_topk_jaccard,0.25,16,,,4429,0.10344827586206896
bgs_topk_jaccard,0.25,16,,,4430,0.06666666666666667
bgs_topk_jaccard,0.25,16,,,4431,0.06666666666666667
bgs_topk_jaccard,0.25,16,,,4432,0.14285714285714285
bgs_topk_jaccard,0.25,16,,,4433,0.10344827586206896
bgs_topk_jaccard,0.25,16,,,4434,0.14285714285714285
bgs_topk_jaccard,0.25,16,,,4435,0.18518518518518517
bgs_topk_jaccard,0.25,16,,,4436,0.06666666666666667
bgs_topk_jaccard,0.25,16,,,4437,0.06666666666666667
bgs_topk_jaccard,0.25,16,,,4438,0.10344827586206896
bgs_topk_jaccard,0.25,16,,,4439,0.18518518518518517
bgs_topk_jaccard,0.25,16,,,4440,0.18518518518518517
bgs_topk_jaccard,0.25,16,,,4441,0.14285714285714285
bgs_topk_jaccard,0.25,16,,,4442,0.06666666666666667
bgs_topk_jaccard,0.25,16,,,4443,0.06666666666666667
bgs_topk_jaccard,0.25,16,,,4444,0.14285714285714285
bgs_topk_jaccard,0.25,16,,,4445,0.23076923076923078
bgs_topk_jaccard,0.25,16,,,4446,0.10344827586206896
bgs_topk_jaccard,0.25,16,,,4447,0.10344827586206896
bgs_topk_jaccard,0.25,16,,,4448,0.06666666666666667
bgs_topk_jaccard,0.25,16,,,4449,0.14285714285714285
bgs_topk_jaccard,0.25,16,,,4450,0.06666666666666667
bgs_topk_jaccard,0.25,16,,,4451,0.10344827586206896
bgs_topk_jaccard,0.25,16,,,4452,0.10344827586206896
bgs_topk_jaccard,0.25,16,,,4453,0.06666666666666667
bgs_topk_jaccard,0.25,16,,,4454,0.18518518518518517
bgs_topk_jaccard,0.25,16,,,4455,0.10344827586206896
bgs_topk_jaccard,0.25,16,,,4456,0.03225806451612903
bgs_topk_jaccard,0.25,16,,,4457,0.10344827586206896
bgs_topk_jaccard,0.25,16,,,4458,0.14285714285714285
bgs_topk_jaccard,0.25,16,,,4459,0.14285714285714285
bgs_topk_jaccard,0.25,16,,,4460,0.10344827586206896
bgs_topk_jaccard,0.25,16,,,4461,0.3333333333333333
bgs_topk_jaccard,0.25,16,,,4462,0.10344827586206896
bgs_topk_jaccard,0.25,16,,,4463,0.10344827586206896
bgs_topk_jaccard,0.25,16,,,4464,0.06666666666666667
bgs_topk_jaccard,0.25,16,,,4465,0.23076923076923078
bgs_topk_jaccard,0.25,16,,,4466,0.18518518518518517
bgs_topk_jaccard,0.25,16,,,4467,0.18518518518518517
bgs_topk_jaccard,0.25,16,,,4468,0.18518518518518517
bgs_topk_jaccard,0.25,16,,,4469,0.18518518518518517
bgs_topk_jaccard,0.25,16,,,4470,0.18518518518518517
bgs_topk_jaccard,0.25,16,,,4471,0.14285714285714285
bgs_topk_jaccard,0.25,16,,,4472,0.14285714285714285
bgs_topk_jaccard,0.25,16,,,4473,0.18518518518518517
bgs_topk_jaccard,0.25,16,,,4474,0.06666666666666667
bgs_topk_jaccard,0.25,16,,,4475,0.10344827586206896
bgs_topk_jaccard,0.25,16,,,4476,0.03225806451612903
bgs_topk_jaccard,0.25,16,,,4477,0.14285714285714285
bgs_topk_jaccard,0.25,16,,,4478,0.14285714285714285
bgs_topk_jaccard,0.25,16,,,4479,0.14285714285714285
bgs_topk_jaccard,0.25,16,,,4480,0.06666666666666667
bgs_topk_jaccard,0.25,16,,,4481,0.14285714285714285
bgs_topk_jaccard,0.25,16,,,4482,0.10344827586206896
bgs_topk_jaccard,0.25,16,,,4483,0.0
bgs_topk_jaccard,0.25,16,,,4484,0.18518518518518517
bgs_topk_jaccard,0.25,16,,,4485,0.06666666666666667
bgs_topk_jaccard,0.25,16,,,4486,0.14285714285714285
bgs_topk_jaccard,0.25,16,,,4487,0.10344827586206896
bgs_topk_jaccard,0.25,16,,,4488,0.06666666666666667
bgs_topk_jaccard,0.25,16,,,4489,0.06666666666666667
bgs_topk_jaccard,0.25,16,,,4490,0.391304347826087
bgs_topk_jaccard,0.25,16,,,4491,0.28
bgs_topk_jaccard,0.25,16,,,4492,0.3333333333333333
bgs_topk_jaccard,0.25,16,,,4493,0.14285714285714285
bgs_topk_jaccard,0.25,16,,,4494,0.18518518518518517
bgs_topk_jaccard,0.25,16,,,4495,0.10344827586206896
bgs_topk_jaccard,0.25,16,,,4496,0.28
bgs_topk_jaccard,0.25,16,,,4497,0.23076923076923078
bgs_topk_jaccard,0.25,16,,,4498,0.14285714285714285
bgs_topk_jaccard,0.25,16,,,4499,0.14285714285714285
bgs_topk_jaccard,0.25,16,,,4500,0.28
bgs_topk_jaccard,0.25,16,,,4501,0.10344827586206896
bgs_topk_jaccard,0.25,16,,,4502,0.14285714285714285
bgs_topk_jaccard,0.25,16,,,4503,0.14285714285714285
bgs_topk_jaccard,0.25,16,,,4504,0.14285714285714285
bgs_topk_jaccard,0.25,16,,,4505,0.06666666666666667
bgs_topk_jaccard,0.25,16,,,4506,0.10344827586206896
bgs_topk_jaccard,0.25,16,,,4507,0.06666666666666667
bgs_topk_jaccard,0.25,16,,,4508,0.14285714285714285
bgs_topk_jaccard,0.25,16,,,4509,0.14285714285714285
bgs_topk_jaccard,0.25,16,,,4510,0.10344827586206896
bgs_topk_jaccard,0.25,16,,,4511,0.14285714285714285
bgs_topk_jaccard,0.25,16,,,4512,0.06666666666666667
bgs_topk_jaccard,0.25,16,,,4513,0.06666666666666667
bgs_topk_jaccard,0.25,16,,,4514,0.18518518518518517
bgs_topk_jaccard,0.25,16,,,4515,0.14285714285714285
bgs_topk_jaccard,0.25,16,,,4516,0.14285714285714285
bgs_topk_jaccard,0.25,16,,,4517,0.14285714285714285
bgs_topk_jaccard,0.25,16,,,4518,0.10344827586206896
bgs_topk_jaccard,0.25,16,,,4519,0.14285714285714285
bgs_topk_jaccard,0.25,16,,,4520,0.18518518518518517
bgs_topk_jaccard,0.25,16,,,4521,0.23076923076923078
bgs_topk_jaccard,0.25,16,,,4522,0.14285714285714285
bgs_topk_jaccard,0.25,16,,,4523,0.14285714285714285
bgs_topk_jaccard,0.25,16,,,4524,0.23076923076923078
bgs_topk_jaccard,0.25,16,,,4525,0.18518518518518517
bgs_topk_jaccard,0.25,16,,,4526,0.18518518518518517
bgs_topk_jaccard,0.25,16,,,4527,0.10344827586206896
bgs_topk_jaccard,0.25,16,,,4528,0.18518518518518517
bgs_topk_jaccard,0.25,16,,,4529,0.18518518518518517
bgs_topk_jaccard,0.25,16,,,4530,0.14285714285714285
bgs_topk_jaccard,0.25,16,,,4531,0.18518518518518517
bgs_topk_jaccard,0.25,16,,,4532,0.14285714285714285
bgs_topk_jaccard,0.25,16,,,4533,0.14285714285714285
bgs_topk_jaccard,0.25,16,,,4534,0.10344827586206896
bgs_topk_jaccard,0.25,16,,,4535,0.10344827586206896
bgs_topk_jaccard,0.25,16,,,4536,0.06666666666666667
bgs_topk_jaccard,0.25,16,,,4537,0.18518518518518517
bgs_topk_jaccard,0.25,16,,,4538,0.18518518518518517
bgs_topk_jaccard,0.25,16,,,4539,0.18518518518518517
bgs_topk_jaccard,0.25,16,,,4540,0.06666666666666667
bgs_topk_jaccard,0.25,16,,,4541,0.14285714285714285
bgs_topk_jaccard,0.25,16,,,4542,0.23076923076923078
bgs_topk_jaccard,0.25,16,,,4543,0.10344827586206896
bgs_topk_jaccard,0.25,16,,,4544,0.18518518518518517
bgs_topk_jaccard,0.25,16,,,4545,0.18518518518518517
bgs_topk_jaccard,0.25,16,,,4546,0.14285714285714285
bgs_topk_jaccard,0.25,16,,,4547,0.06666666666666667
bgs_topk_jaccard,0.25,16,,,4548,0.23076923076923078
bgs_topk_jaccard,0.25,16,,,4549,0.10344827586206896
bgs_topk_jaccard,0.25,16,,,4550,0.14285714285714285
bgs_topk_jaccard,0.25,16,,,4551,0.28
bgs_topk_jaccard,0.25,16,,,4552,0.06666666666666667
bgs_topk_jaccard,0.25,16,,,4553,0.14285714285714285
bgs_topk_jaccard,0.25,16,,,4554,0.18518518518518517
bgs_topk_jaccard,0.25,16,,,4555,0.06666666666666667
bgs_topk_jaccard,0.25,16,,,4556,0.14285714285714285
bgs_topk_jaccard,0.25,16,,,4557,0.10344827586206896
bgs_topk_jaccard,0.25,16,,,4558,0.14285714285714285
bgs_topk_jaccard,0.25,16,,,4559,0.14285714285714285
bgs_topk_jaccard,0.25,16,,,4560,0.14285714285714285
bgs_topk_jaccard,0.25,16,,,4561,0.10344827586206896
bgs_topk_jaccard,0.25,16,,,4562,0.10344827586206896
bgs_topk_jaccard,0.25,16,,,4563,0.10344827586206896
bgs_topk_jaccard,0.25,16,,,4564,0.10344827586206896
bgs_topk_jaccard,0.25,16,,,4565,0.03225806451612903
bgs_topk_jaccard,0.25,16,,,4566,0.10344827586206896
bgs_topk_jaccard,0.25,16,,,4567,0.14285714285714285
bgs_topk_jaccard,0.25,16,,,4568,0.18518518518518517
bgs_topk_jaccard,0.25,16,,,4569,0.06666666666666667
bgs_topk_jaccard,0.25,16,,,4570,0.06666666666666667
bgs_topk_jaccard,0.25,16,,,4571,0.18518518518518517
bgs_topk_jaccard,0.25,16,,,4572,0.14285714285714285
bgs_topk_jaccard,0.25,16,,,4573,0.06666666666666667
bgs_topk_jaccard,0.25,16,,,4574,0.23076923076923078
bgs_topk_jaccard,0.25,16,,,4575,0.23076923076923078
bgs_topk_jaccard,0.25,16,,,4576,0.18518518518518517
bgs_topk_jaccard,0.25,16,,,4577,0.14285714285714285
bgs_topk_jaccard,0.25,16,,,4578,0.14285714285714285
bgs_topk_jaccard,0.25,16,,,4579,0.14285714285714285
bgs_topk_jaccard,0.25,16,,,4580,0.18518518518518517
bgs_topk_jaccard,0.25,16,,,4581,0.06666666666666667
bgs_topk_jaccard,0.25,16,,,4582,0.23076923076923078
bgs_topk_jaccard,0.25,16,,,4583,0.23076923076923078
bgs_topk_jaccard,0.25,16,,,4584,0.23076923076923078
bgs_topk_jaccard,0.25,16,,,4585,0.10344827586206896
bgs_topk_jaccard,0.25,16,,,4586,0.06666666666666667
bgs_topk_jaccard,0.25,16,,,4587,0.28
bgs_topk_jaccard,0.25,16,,,4588,0.10344827586206896
bgs_topk_jaccard,0.25,16,,,4589,0.14285714285714285
bgs_topk_jaccard,0.25,16,,,4590,0.14285714285714285
bgs_topk_jaccard,0.25,16,,,4591,0.10344827586206896
bgs_topk_jaccard,0.25,16,,,4592,0.14285714285714285
bgs_topk_jaccard,0.25,16,,,4593,0.10344827586206896
bgs_topk_jaccard,0.25,16,,,4594,0.10344827586206896
bgs_topk_jaccard,0.25,16,,,4595,0.14285714285714285
bgs_topk_jaccard,0.25,16,,,4596,0.14285714285714285
bgs_topk_jaccard,0.25,16,,,4597,0.14285714285714285
bgs_topk_jaccard,0.25,16,,,4598,0.10344827586206896
bgs_topk_jaccard,0.25,16,,,4599,0.14285714285714285
bgs_topk_jaccard,0.25,16,,,4600,0.10344827586206896
bgs_topk_jaccard,0.25,16,,,4601,0.23076923076923078
bgs_topk_jaccard,0.25,16,,,4602,0.14285714285714285
bgs_topk_jaccard,0.25,16,,,4603,0.14285714285714285
bgs_topk_jaccard,0.25,16,,,4604,0.14285714285714285
bgs_topk_jaccard,0.25,16,,,4605,0.18518518518518517
bgs_topk_jaccard,0.25,16,,,4606,0.23076923076923078
bgs_topk_jaccard,0.25,16,,,4607,0.03225806451612903
bgs_topk_jaccard,0.25,16,,,4608,0.18518518518518517
bgs_topk_jaccard,0.25,16,,,4609,0.06666666666666667
bgs_topk_jaccard,0.25,16,,,4610,0.18518518518518517
bgs_topk_jaccard,0.25,16,,,4611,0.23076923076923078
bgs_topk_jaccard,0.25,16,,,4612,0.18518518518518517
bgs_topk_jaccard,0.25,16,,,4613,0.14285714285714285
bgs_topk_jaccard,0.25,16,,,4614,0.28
bgs_topk_jaccard,0.25,16,,,4615,0.14285714285714285
bgs_topk_jaccard,0.25,16,,,4616,0.06666666666666667
bgs_topk_jaccard,0.25,16,,,4617,0.06666666666666667
bgs_topk_jaccard,0.25,16,,,4618,0.14285714285714285
bgs_topk_jaccard,0.25,16,,,4619,0.10344827586206896
bgs_topk_jaccard,0.25,16,,,4620,0.3333333333333333
bgs_topk_jaccard,0.25,16,,,4621,0.18518518518518517
bgs_topk_jaccard,0.25,16,,,4622,0.14285714285714285
bgs_topk_jaccard,0.25,16,,,4623,0.06666666666666667
bgs_topk_jaccard,0.25,16,,,4624,0.23076923076923078
bgs_topk_jaccard,0.25,16,,,4625,0.18518518518518517
bgs_topk_jaccard,0.25,16,,,4626,0.06666666666666667
bgs_topk_jaccard,0.25,16,,,4627,0.18518518518518517
bgs_topk_jaccard,0.25,16,,,4628,0.18518518518518517
bgs_topk_jaccard,0.25,16,,,4629,0.14285714285714285
bgs_topk_jaccard,0.25,16,,,4630,0.14285714285714285
bgs_topk_jaccard,0.25,16,,,4631,0.06666666666666667
bgs_topk_jaccard,0.25,16,,,4632,0.28
bgs_topk_jaccard,0.25,16,,,4633,0.06666666666666667
bgs_topk_jaccard,0.25,16,,,4634,0.06666666666666667
bgs_topk_jaccard,0.25,16,,,4635,0.10344827586206896
bgs_topk_jaccard,0.25,16,,,4636,0.28
bgs_topk_jaccard,0.25,16,,,4637,0.10344827586206896
bgs_topk_jaccard,0.25,16,,,4638,0.03225806451612903
bgs_topk_jaccard,0.25,16,,,4639,0.14285714285714285
bgs_topk_jaccard,0.25,16,,,4640,0.18518518518518517
bgs_topk_jaccard,0.25,16,,,4641,0.14285714285714285
bgs_topk_jaccard,0.25,16,,,4642,0.23076923076923078
bgs_topk_jaccard,0.25,16,,,4643,0.14285714285714285
bgs_topk_jaccard,0.25,16,,,4644,0.10344827586206896
bgs_topk_jaccard,0.25,16,,,4645,0.18518518518518517
bgs_topk_jaccard,0.25,16,,,4646,0.10344827586206896
bgs_topk_jaccard,0.25,16,,,4647,0.06666666666666667
bgs_topk_jaccard,0.25,16,,,4648,0.18518518518518517
bgs_topk_jaccard,0.25,16,,,4649,0.23076923076923078
bgs_topk_jaccard,0.25,16,,,4650,0.10344827586206896
bgs_topk_jaccard,0.25,16,,,4651,0.10344827586206896
bgs_topk_jaccard,0.25,16,,,4652,0.23076923076923078
bgs_topk_jaccard,0.25,16,,,4653,0.06666666666666667
bgs_topk_jaccard,0.25,16,,,4654,0.23076923076923078
bgs_topk_jaccard,0.25,16,,,4655,0.10344827586206896
bgs_topk_jaccard,0.25,16,,,4656,0.14285714285714285
bgs_topk_jaccard,0.25,16,,,4657,0.18518518518518517
bgs_topk_jaccard,0.25,16,,,4658,0.14285714285714285
bgs_topk_jaccard,0.25,16,,,4659,0.0
bgs_topk_jaccard,0.25,16,,,4660,0.18518518518518517
bgs_topk_jaccard,0.25,16,,,4661,0.06666666666666667
bgs_topk_jaccard,0.25,16,,,4662,0.14285714285714285
bgs_topk_jaccard,0.25,16,,,4663,0.10344827586206896
bgs_topk_jaccard,0.25,16,,,4664,0.10344827586206896
bgs_topk_jaccard,0.25,16,,,4665,0.10344827586206896
bgs_topk_jaccard,0.25,16,,,4666,0.28
bgs_topk_jaccard,0.25,16,,,4667,0.14285714285714285
bgs_topk_jaccard,0.25,16,,,4668,0.14285714285714285
bgs_topk_jaccard,0.25,16,,,4669,0.10344827586206896
bgs_topk_jaccard,0.25,16,,,4670,0.10344827586206896
bgs_topk_jaccard,0.25,16,,,4671,0.18518518518518517
bgs_topk_jaccard,0.25,16,,,4672,0.14285714285714285
bgs_topk_jaccard,0.25,16,,,4673,0.06666666666666667
bgs_topk_jaccard,0.25,16,,,4674,0.06666666666666667
bgs_topk_jaccard,0.25,16,,,4675,0.10344827586206896
bgs_topk_jaccard,0.25,16,,,4676,0.14285714285714285
bgs_topk_jaccard,0.25,16,,,4677,0.10344827586206896
bgs_topk_jaccard,0.25,16,,,4678,0.391304347826087
bgs_topk_jaccard,0.25,16,,,4679,0.10344827586206896
bgs_topk_jaccard,0.25,16,,,4680,0.10344827586206896
bgs_topk_jaccard,0.25,16,,,4681,0.18518518518518517
bgs_topk_jaccard,0.25,16,,,4682,0.14285714285714285
bgs_topk_jaccard,0.25,16,,,4683,0.10344827586206896
bgs_topk_jaccard,0.25,16,,,4684,0.10344827586206896
bgs_topk_jaccard,0.25,16,,,4685,0.14285714285714285
bgs_topk_jaccard,0.25,16,,,4686,0.14285714285714285
bgs_topk_jaccard,0.25,16,,,4687,0.06666666666666667
bgs_topk_jaccard,0.25,16,,,4688,0.23076923076923078
bgs_topk_jaccard,0.25,16,,,4689,0.18518518518518517
bgs_topk_jaccard,0.25,16,,,4690,0.10344827586206896
bgs_topk_jaccard,0.25,16,,,4691,0.18518518518518517
bgs_topk_jaccard,0.25,16,,,4692,0.14285714285714285
bgs_topk_jaccard,0.25,16,,,4693,0.18518518518518517
bgs_topk_jaccard,0.25,16,,,4694,0.10344827586206896
bgs_topk_jaccard,0.25,16,,,4695,0.14285714285714285
bgs_topk_jaccard,0.25,16,,,4696,0.06666666666666667
bgs_topk_jaccard,0.25,16,,,4697,0.14285714285714285
bgs_topk_jaccard,0.25,16,,,4698,0.03225806451612903
bgs_topk_jaccard,0.25,16,,,4699,0.18518518518518517
bgs_topk_jaccard,0.25,16,,,4700,0.10344827586206896
bgs_topk_jaccard,0.25,16,,,4701,0.10344827586206896
bgs_topk_jaccard,0.25,16,,,4702,0.3333333333333333
bgs_topk_jaccard,0.25,16,,,4703,0.06666666666666667
bgs_topk_jaccard,0.25,16,,,4704,0.23076923076923078
bgs_topk_jaccard,0.25,16,,,4705,0.18518518518518517
bgs_topk_jaccard,0.25,16,,,4706,0.18518518518518517
bgs_topk_jaccard,0.25,16,,,4707,0.18518518518518517
bgs_topk_jaccard,0.25,16,,,4708,0.14285714285714285
bgs_topk_jaccard,0.25,16,,,4709,0.391304347826087
bgs_topk_jaccard,0.25,16,,,4710,0.23076923076923078
bgs_topk_jaccard,0.25,16,,,4711,0.10344827586206896
bgs_topk_jaccard,0.25,16,,,4712,0.10344827586206896
bgs_topk_jaccard,0.25,16,,,4713,0.14285714285714285
bgs_topk_jaccard,0.25,16,,,4714,0.06666666666666667
bgs_topk_jaccard,0.25,16,,,4715,0.14285714285714285
bgs_topk_jaccard,0.25,16,,,4716,0.14285714285714285
bgs_topk_jaccard,0.25,16,,,4717,0.10344827586206896
bgs_topk_jaccard,0.25,16,,,4718,0.28
bgs_topk_jaccard,0.25,16,,,4719,0.14285714285714285
bgs_topk_jaccard,0.25,16,,,4720,0.23076923076923078
bgs_topk_jaccard,0.25,16,,,4721,0.23076923076923078
bgs_topk_jaccard,0.25,16,,,4722,0.18518518518518517
bgs_topk_jaccard,0.25,16,,,4723,0.10344827586206896
bgs_topk_jaccard,0.25,16,,,4724,0.10344827586206896
bgs_topk_jaccard,0.25,16,,,4725,0.06666666666666667
bgs_topk_jaccard,0.25,16,,,4726,0.14285714285714285
bgs_topk_jaccard,0.25,16,,,4727,0.18518518518518517
bgs_topk_jaccard,0.25,16,,,4728,0.10344827586206896
bgs_topk_jaccard,0.25,16,,,4729,0.18518518518518517
bgs_topk_jaccard,0.25,16,,,4730,0.14285714285714285
bgs_topk_jaccard,0.25,16,,,4731,0.06666666666666667
bgs_topk_jaccard,0.25,16,,,4732,0.18518518518518517
bgs_topk_jaccard,0.25,16,,,4733,0.10344827586206896
bgs_topk_jaccard,0.25,16,,,4734,0.14285714285714285
bgs_topk_jaccard,0.25,16,,,4735,0.18518518518518517
bgs_topk_jaccard,0.25,16,,,4736,0.14285714285714285
bgs_topk_jaccard,0.25,16,,,4737,0.14285714285714285
bgs_topk_jaccard,0.25,16,,,4738,0.06666666666666667
bgs_topk_jaccard,0.25,16,,,4739,0.14285714285714285
bgs_topk_jaccard,0.25,16,,,4740,0.10344827586206896
bgs_topk_jaccard,0.25,16,,,4741,0.14285714285714285
bgs_topk_jaccard,0.25,16,,,4742,0.03225806451612903
bgs_topk_jaccard,0.25,16,,,4743,0.06666666666666667
bgs_topk_jaccard,0.25,16,,,4744,0.03225806451612903
bgs_topk_jaccard,0.25,16,,,4745,0.10344827586206896
bgs_topk_jaccard,0.25,16,,,4746,0.14285714285714285
bgs_topk_jaccard,0.25,16,,,4747,0.14285714285714285
bgs_topk_jaccard,0.25,16,,,4748,0.18518518518518517
bgs_topk_jaccard,0.25,16,,,4749,0.14285714285714285
bgs_topk_jaccard,0.25,16,,,4750,0.06666666666666667
bgs_topk_jaccard,0.25,16,,,4751,0.14285714285714285
bgs_topk_jaccard,0.25,16,,,4752,0.18518518518518517
bgs_topk_jaccard,0.25,16,,,4753,0.23076923076923078
bgs_topk_jaccard,0.25,16,,,4754,0.18518518518518517
bgs_topk_jaccard,0.25,16,,,4755,0.14285714285714285
bgs_topk_jaccard,0.25,16,,,4756,0.06666666666666667
bgs_topk_jaccard,0.25,16,,,4757,0.18518518518518517
bgs_topk_jaccard,0.25,16,,,4758,0.03225806451612903
bgs_topk_jaccard,0.25,16,,,4759,0.14285714285714285
bgs_topk_jaccard,0.25,16,,,4760,0.10344827586206896
bgs_topk_jaccard,0.25,16,,,4761,0.10344827586206896
bgs_topk_jaccard,0.25,16,,,4762,0.14285714285714285
bgs_topk_jaccard,0.25,16,,,4763,0.10344827586206896
bgs_topk_jaccard,0.25,16,,,4764,0.14285714285714285
bgs_topk_jaccard,0.25,16,,,4765,0.10344827586206896
bgs_topk_jaccard,0.25,16,,,4766,0.14285714285714285
bgs_topk_jaccard,0.25,16,,,4767,0.14285714285714285
bgs_topk_jaccard,0.25,16,,,4768,0.14285714285714285
bgs_topk_jaccard,0.25,16,,,4769,0.14285714285714285
bgs_topk_jaccard,0.25,16,,,4770,0.10344827586206896
bgs_topk_jaccard,0.25,16,,,4771,0.18518518518518517
bgs_topk_jaccard,0.25,16,,,4772,0.18518518518518517
bgs_topk_jaccard,0.25,16,,,4773,0.10344827586206896
bgs_topk_jaccard,0.25,16,,,4774,0.14285714285714285
bgs_topk_jaccard,0.25,16,,,4775,0.18518518518518517
bgs_topk_jaccard,0.25,16,,,4776,0.14285714285714285
bgs_topk_jaccard,0.25,16,,,4777,0.10344827586206896
bgs_topk_jaccard,0.25,16,,,4778,0.23076923076923078
bgs_topk_jaccard,0.25,16,,,4779,0.18518518518518517
bgs_topk_jaccard,0.25,16,,,4780,0.06666666666666667
bgs_topk_jaccard,0.25,16,,,4781,0.06666666666666667
bgs_topk_jaccard,0.25,16,,,4782,0.14285714285714285
bgs_topk_jaccard,0.25,16,,,4783,0.10344827586206896
bgs_topk_jaccard,0.25,16,,,4784,0.10344827586206896
bgs_topk_jaccard,0.25,16,,,4785,0.14285714285714285
bgs_topk_jaccard,0.25,16,,,4786,0.391304347826087
bgs_topk_jaccard,0.25,16,,,4787,0.10344827586206896
bgs_topk_jaccard,0.25,16,,,4788,0.0
bgs_topk_jaccard,0.25,16,,,4789,0.10344827586206896
bgs_topk_jaccard,0.25,16,,,4790,0.23076923076923078
bgs_topk_jaccard,0.25,16,,,4791,0.28
bgs_topk_jaccard,0.25,16,,,4792,0.0
bgs_topk_jaccard,0.25,16,,,4793,0.18518518518518517
bgs_topk_jaccard,0.25,16,,,4794,0.18518518518518517
bgs_topk_jaccard,0.25,16,,,4795,0.06666666666666667
bgs_topk_jaccard,0.25,16,,,4796,0.18518518518518517
bgs_topk_jaccard,0.25,16,,,4797,0.14285714285714285
bgs_topk_jaccard,0.25,16,,,4798,0.14285714285714285
bgs_topk_jaccard,0.25,16,,,4799,0.10344827586206896
bgs_topk_jaccard,0.25,16,,,4800,0.18518518518518517
bgs_topk_jaccard,0.25,16,,,4801,0.14285714285714285
bgs_topk_jaccard,0.25,16,,,4802,0.14285714285714285
bgs_topk_jaccard,0.25,16,,,4803,0.23076923076923078
bgs_topk_jaccard,0.25,16,,,4804,0.06666666666666667
bgs_topk_jaccard,0.25,16,,,4805,0.06666666666666667
bgs_topk_jaccard,0.25,16,,,4806,0.06666666666666667
bgs_topk_jaccard,0.25,16,,,4807,0.0
bgs_topk_jaccard,0.25,16,,,4808,0.23076923076923078
bgs_topk_jaccard,0.25,16,,,4809,0.28
bgs_topk_jaccard,0.25,16,,,4810,0.18518518518518517
bgs_topk_jaccard,0.25,16,,,4811,0.06666666666666667
bgs_topk_jaccard,0.25,16,,,4812,0.14285714285714285
bgs_topk_jaccard,0.25,16,,,4813,0.14285714285714285
bgs_topk_jaccard,0.25,16,,,4814,0.10344827586206896
bgs_topk_jaccard,0.25,16,,,4815,0.10344827586206896
bgs_topk_jaccard,0.25,16,,,4816,0.06666666666666667
bgs_topk_jaccard,0.25,16,,,4817,0.10344827586206896
bgs_topk_jaccard,0.25,16,,,4818,0.18518518518518517
bgs_topk_jaccard,0.25,16,,,4819,0.10344827586206896
bgs_topk_jaccard,0.25,16,,,4820,0.14285714285714285
bgs_topk_jaccard,0.25,16,,,4821,0.23076923076923078
bgs_topk_jaccard,0.25,16,,,4822,0.28
bgs_topk_jaccard,0.25,16,,,4823,0.18518518518518517
bgs_topk_jaccard,0.25,16,,,4824,0.06666666666666667
bgs_topk_jaccard,0.25,16,,,4825,0.14285714285714285
bgs_topk_jaccard,0.25,16,,,4826,0.23076923076923078
bgs_topk_jaccard,0.25,16,,,4827,0.10344827586206896
bgs_topk_jaccard,0.25,16,,,4828,0.06666666666666667
bgs_topk_jaccard,0.25,16,,,4829,0.18518518518518517
bgs_topk_jaccard,0.25,16,,,4830,0.10344827586206896
bgs_topk_jaccard,0.25,16,,,4831,0.10344827586206896
bgs_topk_jaccard,0.25,16,,,4832,0.18518518518518517
bgs_topk_jaccard,0.25,16,,,4833,0.10344827586206896
bgs_topk_jaccard,0.25,16,,,4834,0.10344827586206896
bgs_topk_jaccard,0.25,16,,,4835,0.18518518518518517
bgs_topk_jaccard,0.25,16,,,4836,0.14285714285714285
bgs_topk_jaccard,0.25,16,,,4837,0.14285714285714285
bgs_topk_jaccard,0.25,16,,,4838,0.18518518518518517
bgs_topk_jaccard,0.25,16,,,4839,0.10344827586206896
bgs_topk_jaccard,0.25,16,,,4840,0.18518518518518517
bgs_topk_jaccard,0.25,16,,,4841,0.10344827586206896
bgs_topk_jaccard,0.25,16,,,4842,0.10344827586206896
bgs_topk_jaccard,0.25,16,,,4843,0.23076923076923078
bgs_topk_jaccard,0.25,16,,,4844,0.10344827586206896
bgs_topk_jaccard,0.25,16,,,4845,0.10344827586206896
bgs_topk_jaccard,0.25,16,,,4846,0.10344827586206896
bgs_topk_jaccard,0.25,16,,,4847,0.06666666666666667
bgs_topk_jaccard,0.25,16,,,4848,0.10344827586206896
bgs_topk_jaccard,0.25,16,,,4849,0.18518518518518517
bgs_topk_jaccard,0.25,16,,,4850,0.18518518518518517
bgs_topk_jaccard,0.25,16,,,4851,0.18518518518518517
bgs_topk_jaccard,0.25,16,,,4852,0.28
bgs_topk_jaccard,0.25,16,,,4853,0.23076923076923078
bgs_topk_jaccard,0.25,16,,,4854,0.18518518518518517
bgs_topk_jaccard,0.25,16,,,4855,0.23076923076923078
bgs_topk_jaccard,0.25,16,,,4856,0.18518518518518517
bgs_topk_jaccard,0.25,16,,,4857,0.23076923076923078
bgs_topk_jaccard,0.25,16,,,4858,0.14285714285714285
bgs_topk_jaccard,0.25,16,,,4859,0.28
bgs_topk_jaccard,0.25,16,,,4860,0.23076923076923078
bgs_topk_jaccard,0.25,16,,,4861,0.23076923076923078
bgs_topk_jaccard,0.25,16,,,4862,0.10344827586206896
bgs_topk_jaccard,0.25,16,,,4863,0.23076923076923078
bgs_topk_jaccard,0.25,16,,,4864,0.14285714285714285
bgs_topk_jaccard,0.25,16,,,4865,0.14285714285714285
bgs_topk_jaccard,0.25,16,,,4866,0.18518518518518517
bgs_topk_jaccard,0.25,16,,,4867,0.14285714285714285
bgs_topk_jaccard,0.25,16,,,4868,0.10344827586206896
bgs_topk_jaccard,0.25,16,,,4869,0.10344827586206896
bgs_topk_jaccard,0.25,16,,,4870,0.10344827586206896
bgs_topk_jaccard,0.25,16,,,4871,0.14285714285714285
bgs_topk_jaccard,0.25,16,,,4872,0.10344827586206896
bgs_topk_jaccard,0.25,16,,,4873,0.10344827586206896
bgs_topk_jaccard,0.25,16,,,4874,0.18518518518518517
bgs_topk_jaccard,0.25,16,,,4875,0.10344827586206896
bgs_topk_jaccard,0.25,16,,,4876,0.14285714285714285
bgs_topk_jaccard,0.25,16,,,4877,0.18518518518518517
bgs_topk_jaccard,0.25,16,,,4878,0.23076923076923078
bgs_topk_jaccard,0.25,16,,,4879,0.14285714285714285
bgs_topk_jaccard,0.25,16,,,4880,0.23076923076923078
bgs_topk_jaccard,0.25,16,,,4881,0.10344827586206896
bgs_topk_jaccard,0.25,16,,,4882,0.14285714285714285
bgs_topk_jaccard,0.25,16,,,4883,0.10344827586206896
bgs_topk_jaccard,0.25,16,,,4884,0.14285714285714285
bgs_topk_jaccard,0.25,16,,,4885,0.18518518518518517
bgs_topk_jaccard,0.25,16,,,4886,0.14285714285714285
bgs_topk_jaccard,0.25,16,,,4887,0.18518518518518517
bgs_topk_jaccard,0.25,16,,,4888,0.10344827586206896
bgs_topk_jaccard,0.25,16,,,4889,0.10344827586206896
bgs_topk_jaccard,0.25,16,,,4890,0.10344827586206896
bgs_topk_jaccard,0.25,16,,,4891,0.03225806451612903
bgs_topk_jaccard,0.25,16,,,4892,0.14285714285714285
bgs_topk_jaccard,0.25,16,,,4893,0.10344827586206896
bgs_topk_jaccard,0.25,16,,,4894,0.18518518518518517
bgs_topk_jaccard,0.25,16,,,4895,0.3333333333333333
bgs_topk_jaccard,0.25,16,,,4896,0.18518518518518517
bgs_topk_jaccard,0.25,16,,,4897,0.18518518518518517
bgs_topk_jaccard,0.25,16,,,4898,0.14285714285714285
bgs_topk_jaccard,0.25,16,,,4899,0.18518518518518517
bgs_topk_jaccard,0.25,16,,,4900,0.14285714285714285
bgs_topk_jaccard,0.25,16,,,4901,0.10344827586206896
bgs_topk_jaccard,0.25,16,,,4902,0.06666666666666667
bgs_topk_jaccard,0.25,16,,,4903,0.23076923076923078
bgs_topk_jaccard,0.25,16,,,4904,0.23076923076923078
bgs_topk_jaccard,0.25,16,,,4905,0.14285714285714285
bgs_topk_jaccard,0.25,16,,,4906,0.10344827586206896
bgs_topk_jaccard,0.25,16,,,4907,0.18518518518518517
bgs_topk_jaccard,0.25,16,,,4908,0.10344827586206896
bgs_topk_jaccard,0.25,16,,,4909,0.28
bgs_topk_jaccard,0.25,16,,,4910,0.10344827586206896
bgs_topk_jaccard,0.25,16,,,4911,0.18518518518518517
bgs_topk_jaccard,0.25,16,,,4912,0.10344827586206896
bgs_topk_jaccard,0.25,16,,,4913,0.14285714285714285
bgs_topk_jaccard,0.25,16,,,4914,0.23076923076923078
bgs_topk_jaccard,0.25,16,,,4915,0.10344827586206896
bgs_topk_jaccard,0.25,16,,,4916,0.28
bgs_topk_jaccard,0.25,16,,,4917,0.14285714285714285
bgs_topk_jaccard,0.25,16,,,4918,0.14285714285714285
bgs_topk_jaccard,0.25,16,,,4919,0.18518518518518517
bgs_topk_jaccard,0.25,16,,,4920,0.18518518518518517
bgs_topk_jaccard,0.25,16,,,4921,0.28
bgs_topk_jaccard,0.25,16,,,4922,0.10344827586206896
bgs_topk_jaccard,0.25,16,,,4923,0.18518518518518517
bgs_topk_jaccard,0.25,16,,,4924,0.10344827586206896
bgs_topk_jaccard,0.25,16,,,4925,0.14285714285714285
bgs_topk_jaccard,0.25,16,,,4926,0.14285714285714285
bgs_topk_jaccard,0.25,16,,,4927,0.14285714285714285
bgs_topk_jaccard,0.25,16,,,4928,0.18518518518518517
bgs_topk_jaccard,0.25,16,,,4929,0.06666666666666667
bgs_topk_jaccard,0.25,16,,,4930,0.28
bgs_topk_jaccard,0.25,16,,,4931,0.14285714285714285
bgs_topk_jaccard,0.25,16,,,4932,0.06666666666666667
bgs_topk_jaccard,0.25,16,,,4933,0.23076923076923078
bgs_topk_jaccard,0.25,16,,,4934,0.14285714285714285
bgs_topk_jaccard,0.25,16,,,4935,0.10344827586206896
bgs_topk_jaccard,0.25,16,,,4936,0.06666666666666667
bgs_topk_jaccard,0.25,16,,,4937,0.23076923076923078
bgs_topk_jaccard,0.25,16,,,4938,0.28
bgs_topk_jaccard,0.25,16,,,4939,0.23076923076923078
bgs_topk_jaccard,0.25,16,,,4940,0.14285714285714285
bgs_topk_jaccard,0.25,16,,,4941,0.23076923076923078
bgs_topk_jaccard,0.25,16,,,4942,0.23076923076923078
bgs_topk_jaccard,0.25,16,,,4943,0.10344827586206896
bgs_topk_jaccard,0.25,16,,,4944,0.10344827586206896
bgs_topk_jaccard,0.25,16,,,4945,0.23076923076923078
bgs_topk_jaccard,0.25,16,,,4946,0.03225806451612903
bgs_topk_jaccard,0.25,16,,,4947,0.14285714285714285
bgs_topk_jaccard,0.25,16,,,4948,0.06666666666666667
bgs_topk_jaccard,0.25,16,,,4949,0.10344827586206896
bgs_topk_jaccard,0.25,16,,,4950,0.14285714285714285
bgs_topk_jaccard,0.25,16,,,4951,0.06666666666666667
bgs_topk_jaccard,0.25,16,,,4952,0.06666666666666667
bgs_topk_jaccard,0.25,16,,,4953,0.23076923076923078
bgs_topk_jaccard,0.25,16,,,4954,0.10344827586206896
bgs_topk_jaccard,0.25,16,,,4955,0.14285714285714285
bgs_topk_jaccard,0.25,16,,,4956,0.06666666666666667
bgs_topk_jaccard,0.25,16,,,4957,0.10344827586206896
bgs_topk_jaccard,0.25,16,,,4958,0.10344827586206896
bgs_topk_jaccard,0.25,16,,,4959,0.14285714285714285
bgs_topk_jaccard,0.25,16,,,4960,0.03225806451612903
bgs_topk_jaccard,0.25,16,,,4961,0.18518518518518517
bgs_topk_jaccard,0.25,16,,,4962,0.18518518518518517
bgs_topk_jaccard,0.25,16,,,4963,0.3333333333333333
bgs_topk_jaccard,0.25,16,,,4964,0.28
bgs_topk_jaccard,0.25,16,,,4965,0.23076923076923078
bgs_topk_jaccard,0.25,16,,,4966,0.23076923076923078
bgs_topk_jaccard,0.25,16,,,4967,0.14285714285714285
bgs_topk_jaccard,0.25,16,,,4968,0.10344827586206896
bgs_topk_jaccard,0.25,16,,,4969,0.10344827586206896
bgs_topk_jaccard,0.25,16,,,4970,0.14285714285714285
bgs_topk_jaccard,0.25,16,,,4971,0.10344827586206896
bgs_topk_jaccard,0.25,16,,,4972,0.10344827586206896
bgs_topk_jaccard,0.25,16,,,4973,0.18518518518518517
bgs_topk_jaccard,0.25,16,,,4974,0.06666666666666667
bgs_topk_jaccard,0.25,16,,,4975,0.18518518518518517
bgs_topk_jaccard,0.25,16,,,4976,0.23076923076923078
bgs_topk_jaccard,0.25,16,,,4977,0.10344827586206896
bgs_topk_jaccard,0.25,16,,,4978,0.28
bgs_topk_jaccard,0.25,16,,,4979,0.10344827586206896
bgs_topk_jaccard,0.25,16,,,4980,0.18518518518518517
bgs_topk_jaccard,0.25,16,,,4981,0.14285714285714285
bgs_topk_jaccard,0.25,16,,,4982,0.14285714285714285
bgs_topk_jaccard,0.25,16,,,4983,0.14285714285714285
bgs_topk_jaccard,0.25,16,,,4984,0.10344827586206896
bgs_topk_jaccard,0.25,16,,,4985,0.23076923076923078
bgs_topk_jaccard,0.25,16,,,4986,0.10344827586206896
bgs_topk_jaccard,0.25,16,,,4987,0.18518518518518517
bgs_topk_jaccard,0.25,16,,,4988,0.10344827586206896
bgs_topk_jaccard,0.25,16,,,4989,0.10344827586206896
bgs_topk_jaccard,0.25,16,,,4990,0.18518518518518517
bgs_topk_jaccard,0.25,16,,,4991,0.23076923076923078
bgs_topk_jaccard,0.25,16,,,4992,0.10344827586206896
bgs_topk_jaccard,0.25,16,,,4993,0.14285714285714285
bgs_topk_jaccard,0.25,16,,,4994,0.28
bgs_topk_jaccard,0.25,16,,,4995,0.10344827586206896
bgs_topk_jaccard,0.25,16,,,4996,0.10344827586206896
bgs_topk_jaccard,0.25,16,,,4997,0.14285714285714285
bgs_topk_jaccard,0.25,16,,,4998,0.14285714285714285
bgs_topk_jaccard,0.25,16,,,4999,0.14285714285714285
