checkpoint,case_id,patch_index,channel,bgs,w,utility,g_boundary,g_nonboundary,selected_group,bgs_boundary_voxels,bgs_nonboundary_voxels,inner_voxels,outer_voxels,feature_shape,boundary_ce,full_ce,supervised_ce_dice
baseline_ema,06SR5RBREL16DQ6M8LWS,0,0,0.1907860882540032,0.888536810874939,0.034204430878162384,0.5408739326646808,0.3675576363750549,high,3221,9673,25699,28153,"[1, 64, 28, 28, 20]",0.6463192142234132,0.05325141176581383,0.03860624134540558
baseline_ema,06SR5RBREL16DQ6M8LWS,0,1,0.007359063672398153,0.0342729315161705,-0.015975015237927437,0.5625048891097986,0.5542863439578143,,3221,9673,25699,28153,"[1, 64, 28, 28, 20]",0.6463192142234132,0.05325141176581383,0.03860624134540558
baseline_ema,06SR5RBREL16DQ6M8LWS,0,2,0.1486800468227154,0.6924388408660889,-0.018784649670124054,0.5201256282297094,0.38547999333282995,,3221,9673,25699,28153,"[1, 64, 28, 28, 20]",0.6463192142234132,0.05325141176581383,0.03860624134540558
baseline_ema,06SR5RBREL16DQ6M8LWS,0,3,0.020181340866534312,0.09398937225341797,-0.012645022943615913,0.352441524864086,0.3384974301143581,middle,3221,9673,25699,28153,"[1, 64, 28, 28, 20]",0.6463192142234132,0.05325141176581383,0.03860624134540558
baseline_ema,06SR5RBREL16DQ6M8LWS,0,4,-0.03643052405987472,0.0,-0.026968970894813538,0.47025886687468327,0.5058178911216783,,3221,9673,25699,28153,"[1, 64, 28, 28, 20]",0.6463192142234132,0.05325141176581383,0.03860624134540558
baseline_ema,06SR5RBREL16DQ6M8LWS,0,5,-0.17984489856293231,0.0,-0.007715173065662384,0.2872600132558343,0.41324188614087554,low,3221,9673,25699,28153,"[1, 64, 28, 28, 20]",0.6463192142234132,0.05325141176581383,0.03860624134540558
baseline_ema,06SR5RBREL16DQ6M8LWS,0,6,0.05322070310094278,0.24786163866519928,-0.012826407328248024,0.5074729461892465,0.4561862718355586,,3221,9673,25699,28153,"[1, 64, 28, 28, 20]",0.6463192142234132,0.05325141176581383,0.03860624134540558
baseline_ema,06SR5RBREL16DQ6M8LWS,0,7,0.06445441160585853,0.30017971992492676,-0.04053601622581482,0.3728926453457637,0.32773409649093777,,3221,9673,25699,28153,"[1, 64, 28, 28, 20]",0.6463192142234132,0.05325141176581383,0.03860624134540558
baseline_ema,06SR5RBREL16DQ6M8LWS,0,8,0.04732696326635049,0.22041307389736176,-0.007645367179065943,0.41607929357910395,0.3784753861132345,middle,3221,9673,25699,28153,"[1, 64, 28, 28, 20]",0.6463192142234132,0.05325141176581383,0.03860624134540558
baseline_ema,06SR5RBREL16DQ6M8LWS,0,9,0.014768450776029559,0.06878023594617844,-0.052722200751304626,0.3213316338133521,0.3119786079139956,,3221,9673,25699,28153,"[1, 64, 28, 28, 20]",0.6463192142234132,0.05325141176581383,0.03860624134540558
baseline_ema,06SR5RBREL16DQ6M8LWS,0,10,-0.018719730857525825,0.0,-0.038882553577423096,0.49853780213624177,0.5175588772187233,,3221,9673,25699,28153,"[1, 64, 28, 28, 20]",0.6463192142234132,0.05325141176581383,0.03860624134540558
baseline_ema,06SR5RBREL16DQ6M8LWS,0,11,-0.007751111273891503,0.0,-0.013490846380591393,0.3971129854899539,0.40331721680604493,,3221,9673,25699,28153,"[1, 64, 28, 28, 20]",0.6463192142234132,0.05325141176581383,0.03860624134540558
baseline_ema,06SR5RBREL16DQ6M8LWS,0,12,0.06921497146491708,0.32235080003738403,-0.002990808105096221,0.5452589111674279,0.4746648480610653,,3221,9673,25699,28153,"[1, 64, 28, 28, 20]",0.6463192142234132,0.05325141176581383,0.03860624134540558
baseline_ema,06SR5RBREL16DQ6M8LWS,0,13,-0.15815064156299602,0.0,-0.005754248239099979,0.3207507929205562,0.441264094378022,low,3221,9673,25699,28153,"[1, 64, 28, 28, 20]",0.6463192142234132,0.05325141176581383,0.03860624134540558
baseline_ema,06SR5RBREL16DQ6M8LWS,0,14,0.08172225767676954,0.380600243806839,0.004256152082234621,0.6166790195281604,0.5235008635991072,,3221,9673,25699,28153,"[1, 64, 28, 28, 20]",0.6463192142234132,0.05325141176581383,0.03860624134540558
baseline_ema,06SR5RBREL16DQ6M8LWS,0,15,-0.1901254563202729,0.0,0.004245826508849859,0.40179627309146904,0.5904472078027558,low,3221,9673,25699,28153,"[1, 64, 28, 28, 20]",0.6463192142234132,0.05325141176581383,0.03860624134540558
baseline_ema,06SR5RBREL16DQ6M8LWS,0,16,-0.07546813618372493,0.0,0.018652981147170067,0.38656435209533613,0.44967375923107483,,3221,9673,25699,28153,"[1, 64, 28, 28, 20]",0.6463192142234132,0.05325141176581383,0.03860624134540558
baseline_ema,06SR5RBREL16DQ6M8LWS,0,17,0.04966072042310592,0.23128195106983185,-0.013007357716560364,0.3349555045548509,0.30326115575701457,,3221,9673,25699,28153,"[1, 64, 28, 28, 20]",0.6463192142234132,0.05325141176581383,0.03860624134540558
baseline_ema,06SR5RBREL16DQ6M8LWS,0,18,0.10450635632672929,0.4867112934589386,-0.0848635733127594,0.6153353184375628,0.4988914357312641,,3221,9673,25699,28153,"[1, 64, 28, 28, 20]",0.6463192142234132,0.05325141176581383,0.03860624134540558
baseline_ema,06SR5RBREL16DQ6M8LWS,0,19,0.0933744010949655,0.43486708402633667,0.07043623924255371,0.6629400561969263,0.5497095336340063,,3221,9673,25699,28153,"[1, 64, 28, 28, 20]",0.6463192142234132,0.05325141176581383,0.03860624134540558
baseline_ema,06SR5RBREL16DQ6M8LWS,0,20,0.05232306212518061,0.24368111789226532,-0.03920174017548561,0.370030527707339,0.3332335455868951,,3221,9673,25699,28153,"[1, 64, 28, 28, 20]",0.6463192142234132,0.05325141176581383,0.03860624134540558
baseline_ema,06SR5RBREL16DQ6M8LWS,0,21,0.1932755645091585,0.9001308679580688,-0.02751089632511139,0.7737206418812622,0.5230804797636646,high,3221,9673,25699,28153,"[1, 64, 28, 28, 20]",0.6463192142234132,0.05325141176581383,0.03860624134540558
baseline_ema,06SR5RBREL16DQ6M8LWS,0,22,-0.0616133155229266,0.0,-0.01680353283882141,0.40155949608728725,0.45429136696650513,,3221,9673,25699,28153,"[1, 64, 28, 28, 20]",0.6463192142234132,0.05325141176581383,0.03860624134540558
baseline_ema,06SR5RBREL16DQ6M8LWS,0,23,0.005932585093924373,0.02762947790324688,-0.019061516970396042,0.40874077690047395,0.4039195941640882,,3221,9673,25699,28153,"[1, 64, 28, 28, 20]",0.6463192142234132,0.05325141176581383,0.03860624134540558
baseline_ema,06SR5RBREL16DQ6M8LWS,0,24,0.1131609182959273,0.5270176529884338,-0.05165048688650131,0.7114199373058024,0.5667777949940599,,3221,9673,25699,28153,"[1, 64, 28, 28, 20]",0.6463192142234132,0.05325141176581383,0.03860624134540558
baseline_ema,06SR5RBREL16DQ6M8LWS,0,25,-0.06136786122074484,0.0,-0.0025683478452265263,0.4638195664159481,0.5244687692106216,,3221,9673,25699,28153,"[1, 64, 28, 28, 20]",0.6463192142234132,0.05325141176581383,0.03860624134540558
baseline_ema,06SR5RBREL16DQ6M8LWS,0,26,0.055761001626512416,0.2596924304962158,0.008307188749313354,0.39889426095835423,0.3567582635492082,,3221,9673,25699,28153,"[1, 64, 28, 28, 20]",0.6463192142234132,0.05325141176581383,0.03860624134540558
baseline_ema,06SR5RBREL16DQ6M8LWS,0,27,-0.0468641576387302,0.0,0.007912608794867992,0.4738799479127863,0.5204798280681259,,3221,9673,25699,28153,"[1, 64, 28, 28, 20]",0.6463192142234132,0.05325141176581383,0.03860624134540558
baseline_ema,06SR5RBREL16DQ6M8LWS,0,28,0.0799559647921449,0.37237420678138733,-0.0035085570998489857,0.46624768285779933,0.39720908404760663,,3221,9673,25699,28153,"[1, 64, 28, 28, 20]",0.6463192142234132,0.05325141176581383,0.03860624134540558
baseline_ema,06SR5RBREL16DQ6M8LWS,0,29,0.12259856697499201,0.5709710717201233,-0.02187628671526909,0.5930291794586576,0.46350008328105685,,3221,9673,25699,28153,"[1, 64, 28, 28, 20]",0.6463192142234132,0.05325141176581383,0.03860624134540558
baseline_ema,06SR5RBREL16DQ6M8LWS,0,30,0.0056610639625456404,0.026364939287304878,-0.03403979539871216,0.5133794783174224,0.5075996445374532,,3221,9673,25699,28153,"[1, 64, 28, 28, 20]",0.6463192142234132,0.05325141176581383,0.03860624134540558
baseline_ema,06SR5RBREL16DQ6M8LWS,0,31,-0.05159443455210823,0.0,-0.02523217350244522,0.569479107514017,0.6314398960396861,,3221,9673,25699,28153,"[1, 64, 28, 28, 20]",0.6463192142234132,0.05325141176581383,0.03860624134540558
baseline_ema,06SR5RBREL16DQ6M8LWS,0,32,0.006436152441000257,0.029974713921546936,-0.04321993514895439,0.39200046411387274,0.3869867770440338,,3221,9673,25699,28153,"[1, 64, 28, 28, 20]",0.6463192142234132,0.05325141176581383,0.03860624134540558
baseline_ema,06SR5RBREL16DQ6M8LWS,0,33,0.15709200998356135,0.7316153645515442,0.1810251772403717,0.43881333575580234,0.31966265997081494,,3221,9673,25699,28153,"[1, 64, 28, 28, 20]",0.6463192142234132,0.05325141176581383,0.03860624134540558
baseline_ema,06SR5RBREL16DQ6M8LWS,0,34,0.07868724356965075,0.3664654493331909,-0.012991472147405148,0.4522778399664754,0.3862929382067256,,3221,9673,25699,28153,"[1, 64, 28, 28, 20]",0.6463192142234132,0.05325141176581383,0.03860624134540558
baseline_ema,06SR5RBREL16DQ6M8LWS,0,35,0.06280005198329947,0.29247498512268066,0.00490990374237299,0.48297519014356183,0.42589785298859106,,3221,9673,25699,28153,"[1, 64, 28, 28, 20]",0.6463192142234132,0.05325141176581383,0.03860624134540558
baseline_ema,06SR5RBREL16DQ6M8LWS,0,36,-0.05614247916876898,0.0,0.0051703439094126225,0.4738588392245446,0.5302309875503035,,3221,9673,25699,28153,"[1, 64, 28, 28, 20]",0.6463192142234132,0.05325141176581383,0.03860624134540558
baseline_ema,06SR5RBREL16DQ6M8LWS,0,37,-0.02663036303203633,0.0,-0.015424640849232674,0.2420023541934184,0.25524423809280655,,3221,9673,25699,28153,"[1, 64, 28, 28, 20]",0.6463192142234132,0.05325141176581383,0.03860624134540558
baseline_ema,06SR5RBREL16DQ6M8LWS,0,38,0.06775840854739221,0.3155672252178192,-0.009104195050895214,0.4810331340657322,0.4199817328477273,,3221,9673,25699,28153,"[1, 64, 28, 28, 20]",0.6463192142234132,0.05325141176581383,0.03860624134540558
baseline_ema,06SR5RBREL16DQ6M8LWS,0,39,0.14426785385178337,0.671890139579773,-0.030440855771303177,0.451434916649673,0.337602095962621,,3221,9673,25699,28153,"[1, 64, 28, 28, 20]",0.6463192142234132,0.05325141176581383,0.03860624134540558
baseline_ema,06SR5RBREL16DQ6M8LWS,0,40,0.0841184026064584,0.3917596638202667,0.03053084760904312,0.48872721484978,0.4128849552149867,,3221,9673,25699,28153,"[1, 64, 28, 28, 20]",0.6463192142234132,0.05325141176581383,0.03860624134540558
baseline_ema,06SR5RBREL16DQ6M8LWS,0,41,0.009313556361811292,0.04337547719478607,-0.07770760357379913,0.5680592613019603,0.5575755883731359,,3221,9673,25699,28153,"[1, 64, 28, 28, 20]",0.6463192142234132,0.05325141176581383,0.03860624134540558
baseline_ema,06SR5RBREL16DQ6M8LWS,0,42,-0.047731878293539746,0.0,-0.02956341952085495,0.46715995760223816,0.5139922427487065,,3221,9673,25699,28153,"[1, 64, 28, 28, 20]",0.6463192142234132,0.05325141176581383,0.03860624134540558
baseline_ema,06SR5RBREL16DQ6M8LWS,0,43,-0.04184508532522995,0.0,-0.031044110655784607,0.34946071431285514,0.3799844513554053,,3221,9673,25699,28153,"[1, 64, 28, 28, 20]",0.6463192142234132,0.05325141176581383,0.03860624134540558
baseline_ema,06SR5RBREL16DQ6M8LWS,0,44,0.08058702743554164,0.3753132224082947,-0.009061305783689022,0.5129568088204157,0.43644709017743805,,3221,9673,25699,28153,"[1, 64, 28, 28, 20]",0.6463192142234132,0.05325141176581383,0.03860624134540558
baseline_ema,06SR5RBREL16DQ6M8LWS,0,45,0.014998178445691733,0.0698501318693161,-0.07040078938007355,0.6164834789967192,0.598264457677761,middle,3221,9673,25699,28153,"[1, 64, 28, 28, 20]",0.6463192142234132,0.05325141176581383,0.03860624134540558
baseline_ema,06SR5RBREL16DQ6M8LWS,0,46,0.10234612741763216,0.476650595664978,-0.04711952805519104,0.43717889662854287,0.35600000531874115,,3221,9673,25699,28153,"[1, 64, 28, 28, 20]",0.6463192142234132,0.05325141176581383,0.03860624134540558
baseline_ema,06SR5RBREL16DQ6M8LWS,0,47,0.12101196829835435,0.5635818839073181,-0.04400303587317467,0.6571269276169622,0.5152546092340083,,3221,9673,25699,28153,"[1, 64, 28, 28, 20]",0.6463192142234132,0.05325141176581383,0.03860624134540558
baseline_ema,06SR5RBREL16DQ6M8LWS,0,48,0.014963132712976956,0.06968691200017929,-0.08310207724571228,0.42484245201425963,0.4123159251518106,,3221,9673,25699,28153,"[1, 64, 28, 28, 20]",0.6463192142234132,0.05325141176581383,0.03860624134540558
baseline_ema,06SR5RBREL16DQ6M8LWS,0,49,-0.06427623135395996,0.0,-0.00010761409066617489,0.4437455882105836,0.5047087211007719,,3221,9673,25699,28153,"[1, 64, 28, 28, 20]",0.6463192142234132,0.05325141176581383,0.03860624134540558
baseline_ema,06SR5RBREL16DQ6M8LWS,0,50,0.06616700131420675,0.30815568566322327,-0.01541677676141262,0.41686956304961936,0.3651271212451788,,3221,9673,25699,28153,"[1, 64, 28, 28, 20]",0.6463192142234132,0.05325141176581383,0.03860624134540558
baseline_ema,06SR5RBREL16DQ6M8LWS,0,51,-0.013525191003498697,0.0,-0.06945537030696869,0.33669733501750226,0.3459300138199315,,3221,9673,25699,28153,"[1, 64, 28, 28, 20]",0.6463192142234132,0.05325141176581383,0.03860624134540558
baseline_ema,06SR5RBREL16DQ6M8LWS,0,52,-0.054141044069175796,0.0,0.0013779475120827556,0.3549976105413975,0.39563785235923066,,3221,9673,25699,28153,"[1, 64, 28, 28, 20]",0.6463192142234132,0.05325141176581383,0.03860624134540558
baseline_ema,06SR5RBREL16DQ6M8LWS,0,53,0.21471840052163296,0.9999953508377075,-0.04953589662909508,0.6301362135350554,0.4073653274068743,high,3221,9673,25699,28153,"[1, 64, 28, 28, 20]",0.6463192142234132,0.05325141176581383,0.03860624134540558
baseline_ema,06SR5RBREL16DQ6M8LWS,0,54,-0.04995035432525939,0.0,0.005026765633374453,0.3735154236489615,0.4127917979254689,,3221,9673,25699,28153,"[1, 64, 28, 28, 20]",0.6463192142234132,0.05325141176581383,0.03860624134540558
baseline_ema,06SR5RBREL16DQ6M8LWS,0,55,-0.06406478704499248,0.0,0.03110455349087715,0.3613085503668187,0.41077177613027,,3221,9673,25699,28153,"[1, 64, 28, 28, 20]",0.6463192142234132,0.05325141176581383,0.03860624134540558
baseline_ema,06SR5RBREL16DQ6M8LWS,0,56,0.023736247222586118,0.11054542660713196,-0.0205023605376482,0.41621917457200813,0.39691831827948404,middle,3221,9673,25699,28153,"[1, 64, 28, 28, 20]",0.6463192142234132,0.05325141176581383,0.03860624134540558
baseline_ema,06SR5RBREL16DQ6M8LWS,0,57,0.17092245226636057,0.7960270643234253,-0.007097884081304073,0.6248267336341968,0.4424115740156348,high,3221,9673,25699,28153,"[1, 64, 28, 28, 20]",0.6463192142234132,0.05325141176581383,0.03860624134540558
baseline_ema,06SR5RBREL16DQ6M8LWS,0,58,-0.09112476597635619,0.0,0.01553295087069273,0.30047272764446237,0.36072423748051924,low,3221,9673,25699,28153,"[1, 64, 28, 28, 20]",0.6463192142234132,0.05325141176581383,0.03860624134540558
baseline_ema,06SR5RBREL16DQ6M8LWS,0,59,0.07139959672367419,0.3325251340866089,-0.06719888746738434,0.3464150958279528,0.3002438373795771,,3221,9673,25699,28153,"[1, 64, 28, 28, 20]",0.6463192142234132,0.05325141176581383,0.03860624134540558
baseline_ema,06SR5RBREL16DQ6M8LWS,0,60,-0.007229525026594877,0.0,0.02909792587161064,0.554447226008155,0.5625223930526261,,3221,9673,25699,28153,"[1, 64, 28, 28, 20]",0.6463192142234132,0.05325141176581383,0.03860624134540558
baseline_ema,06SR5RBREL16DQ6M8LWS,0,61,0.11950058689506643,0.5565430521965027,-0.013224223628640175,0.4908069536039686,0.38602491160286884,,3221,9673,25699,28153,"[1, 64, 28, 28, 20]",0.6463192142234132,0.05325141176581383,0.03860624134540558
baseline_ema,06SR5RBREL16DQ6M8LWS,0,62,0.009142913237107664,0.042580749839544296,0.0008098268881440163,0.5536332148572417,0.5436012858733872,,3221,9673,25699,28153,"[1, 64, 28, 28, 20]",0.6463192142234132,0.05325141176581383,0.03860624134540558
baseline_ema,06SR5RBREL16DQ6M8LWS,0,63,0.06454670643400233,0.3006095588207245,-0.046924933791160583,0.4316844627638057,0.37933571677627387,,3221,9673,25699,28153,"[1, 64, 28, 28, 20]",0.6463192142234132,0.05325141176581383,0.03860624134540558
baseline_ema,06SR5RBREL16DQ6M8LWS,1,0,0.20057833152255278,0.9543650150299072,0.0355360209941864,0.5611249602215646,0.373632639844047,high,3202,9631,24682,27237,"[1, 64, 28, 28, 20]",0.6045022281613737,0.041002530604600906,0.03072185255587101
baseline_ema,06SR5RBREL16DQ6M8LWS,1,1,-0.017164974046050788,0.0,-0.00899642426520586,0.5451682169336638,0.5642106943175001,,3202,9631,24682,27237,"[1, 64, 28, 28, 20]",0.6045022281613737,0.041002530604600906,0.03072185255587101
baseline_ema,06SR5RBREL16DQ6M8LWS,1,2,0.15372124110255533,0.731415867805481,-0.017290454357862473,0.4983806541517274,0.3655725427484679,,3202,9631,24682,27237,"[1, 64, 28, 28, 20]",0.6045022281613737,0.041002530604600906,0.03072185255587101
baseline_ema,06SR5RBREL16DQ6M8LWS,1,3,0.02658246025408517,0.12648111581802368,-0.012551871128380299,0.3417870470942993,0.32408646435937366,,3202,9631,24682,27237,"[1, 64, 28, 28, 20]",0.6045022281613737,0.041002530604600906,0.03072185255587101
baseline_ema,06SR5RBREL16DQ6M8LWS,1,4,-0.058421020505949134,0.0,-0.03227449208498001,0.4524082263971825,0.5085483485909089,,3202,9631,24682,27237,"[1, 64, 28, 28, 20]",0.6045022281613737,0.041002530604600906,0.03072185255587101
baseline_ema,06SR5RBREL16DQ6M8LWS,1,5,-0.19614533189372133,0.0,-0.008083107881247997,0.27579425776024363,0.41038538832584825,low,3202,9631,24682,27237,"[1, 64, 28, 28, 20]",0.6045022281613737,0.041002530604600906,0.03072185255587101
baseline_ema,06SR5RBREL16DQ6M8LWS,1,6,0.042708218922831186,0.2032085359096527,-0.010789128951728344,0.5177478456104696,0.4753350031872872,middle,3202,9631,24682,27237,"[1, 64, 28, 28, 20]",0.6045022281613737,0.041002530604600906,0.03072185255587101
baseline_ema,06SR5RBREL16DQ6M8LWS,1,7,0.1262297588415566,0.6006096005439758,-0.05226750671863556,0.3733213424423682,0.28963624040731284,,3202,9631,24682,27237,"[1, 64, 28, 28, 20]",0.6045022281613737,0.041002530604600906,0.03072185255587101
baseline_ema,06SR5RBREL16DQ6M8LWS,1,8,0.04980176285017103,0.23696009814739227,-0.012109351344406605,0.41995352394740243,0.3801089524316876,,3202,9631,24682,27237,"[1, 64, 28, 28, 20]",0.6045022281613737,0.041002530604600906,0.03072185255587101
baseline_ema,06SR5RBREL16DQ6M8LWS,1,9,0.04333819264031011,0.20620599389076233,-0.0470941886305809,0.3023952502317899,0.2772734146283377,,3202,9631,24682,27237,"[1, 64, 28, 28, 20]",0.6045022281613737,0.041002530604600906,0.03072185255587101
baseline_ema,06SR5RBREL16DQ6M8LWS,1,10,-0.03714023284699329,0.0,-0.03136089816689491,0.502724611193498,0.5415076787277552,,3202,9631,24682,27237,"[1, 64, 28, 28, 20]",0.6045022281613737,0.041002530604600906,0.03072185255587101
baseline_ema,06SR5RBREL16DQ6M8LWS,1,11,0.00992411675404541,0.04721960797905922,-0.01068550068885088,0.38239501012152677,0.37487971738673015,,3202,9631,24682,27237,"[1, 64, 28, 28, 20]",0.6045022281613737,0.041002530604600906,0.03072185255587101
baseline_ema,06SR5RBREL16DQ6M8LWS,1,12,0.04354928206207886,0.20721037685871124,-0.012757338583469391,0.551537124904281,0.5055037118059684,,3202,9631,24682,27237,"[1, 64, 28, 28, 20]",0.6045022281613737,0.041002530604600906,0.03072185255587101
baseline_ema,06SR5RBREL16DQ6M8LWS,1,13,-0.1686143403611429,0.0,-0.008386166766285896,0.30962606600002485,0.43521754951697245,low,3202,9631,24682,27237,"[1, 64, 28, 28, 20]",0.6045022281613737,0.041002530604600906,0.03072185255587101
baseline_ema,06SR5RBREL16DQ6M8LWS,1,14,0.09102362451561527,0.43309643864631653,0.008245200850069523,0.6156040521786119,0.5128848143023702,,3202,9631,24682,27237,"[1, 64, 28, 28, 20]",0.6045022281613737,0.041002530604600906,0.03072185255587101
baseline_ema,06SR5RBREL16DQ6M8LWS,1,15,-0.2000462702786175,0.0,0.006531674414873123,0.41078707139710946,0.6162402582043626,low,3202,9631,24682,27237,"[1, 64, 28, 28, 20]",0.6045022281613737,0.041002530604600906,0.03072185255587101
baseline_ema,06SR5RBREL16DQ6M8LWS,1,16,-0.07628704520276312,0.0,0.020263515412807465,0.39486316376616437,0.4600846852576981,,3202,9631,24682,27237,"[1, 64, 28, 28, 20]",0.6045022281613737,0.041002530604600906,0.03072185255587101
baseline_ema,06SR5RBREL16DQ6M8LWS,1,17,0.0803208016107993,0.38217172026634216,-0.02938372828066349,0.322191057927141,0.27428179955434256,,3202,9631,24682,27237,"[1, 64, 28, 28, 20]",0.6045022281613737,0.041002530604600906,0.03072185255587101
baseline_ema,06SR5RBREL16DQ6M8LWS,1,18,0.10229473760223011,0.4867251515388489,-0.06947604566812515,0.6098900208670739,0.49669236388851346,,3202,9631,24682,27237,"[1, 64, 28, 28, 20]",0.6045022281613737,0.041002530604600906,0.03072185255587101
baseline_ema,06SR5RBREL16DQ6M8LWS,1,19,0.09575628299617056,0.45561474561691284,0.07126244902610779,0.6504759975470256,0.5367879219264936,,3202,9631,24682,27237,"[1, 64, 28, 28, 20]",0.6045022281613737,0.041002530604600906,0.03072185255587101
baseline_ema,06SR5RBREL16DQ6M8LWS,1,20,0.033058780359700835,0.15729586780071259,-0.036522574722766876,0.38040215384277576,0.3560557216344228,middle,3202,9631,24682,27237,"[1, 64, 28, 28, 20]",0.6045022281613737,0.041002530604600906,0.03072185255587101
baseline_ema,06SR5RBREL16DQ6M8LWS,1,21,0.19186453886209107,0.9129042029380798,-0.04268879443407059,0.7623013296525926,0.5168729537741382,high,3202,9631,24682,27237,"[1, 64, 28, 28, 20]",0.6045022281613737,0.041002530604600906,0.03072185255587101
baseline_ema,06SR5RBREL16DQ6M8LWS,1,22,-0.06914749668925277,0.0,-0.01054292917251587,0.4058701930231089,0.46616963316483284,,3202,9631,24682,27237,"[1, 64, 28, 28, 20]",0.6045022281613737,0.041002530604600906,0.03072185255587101
baseline_ema,06SR5RBREL16DQ6M8LWS,1,23,-0.01849736520905573,0.0,-0.017004763707518578,0.41891962083531104,0.43470952947913855,,3202,9631,24682,27237,"[1, 64, 28, 28, 20]",0.6045022281613737,0.041002530604600906,0.03072185255587101
baseline_ema,06SR5RBREL16DQ6M8LWS,1,24,0.11788107083135534,0.5608859658241272,-0.04690942168235779,0.6997974097784783,0.552209389688144,,3202,9631,24682,27237,"[1, 64, 28, 28, 20]",0.6045022281613737,0.041002530604600906,0.03072185255587101
baseline_ema,06SR5RBREL16DQ6M8LWS,1,25,-0.07614073319240082,0.0,-0.005777923855930567,0.4886622311481083,0.5692094312903713,,3202,9631,24682,27237,"[1, 64, 28, 28, 20]",0.6045022281613737,0.041002530604600906,0.03072185255587101
baseline_ema,06SR5RBREL16DQ6M8LWS,1,26,0.06278171806805401,0.298719584941864,0.013041519559919834,0.4022522583787125,0.35472769366463963,,3202,9631,24682,27237,"[1, 64, 28, 28, 20]",0.6045022281613737,0.041002530604600906,0.03072185255587101
baseline_ema,06SR5RBREL16DQ6M8LWS,1,27,-0.0666197570996972,0.0,0.012414400465786457,0.4621988071737998,0.528177503015674,,3202,9631,24682,27237,"[1, 64, 28, 28, 20]",0.6045022281613737,0.041002530604600906,0.03072185255587101
baseline_ema,06SR5RBREL16DQ6M8LWS,1,28,0.07406681477658329,0.3524148166179657,-0.008565450087189674,0.46871710228404323,0.4040722974110469,,3202,9631,24682,27237,"[1, 64, 28, 28, 20]",0.6045022281613737,0.041002530604600906,0.03072185255587101
baseline_ema,06SR5RBREL16DQ6M8LWS,1,29,0.12041339027364037,0.5729349255561829,-0.01154630072414875,0.6049573441658624,0.4749249371614209,,3202,9631,24682,27237,"[1, 64, 28, 28, 20]",0.6045022281613737,0.041002530604600906,0.03072185255587101
baseline_ema,06SR5RBREL16DQ6M8LWS,1,30,0.0024746072040904474,0.011774345301091671,-0.021542571485042572,0.5229094401958939,0.5203278352439077,,3202,9631,24682,27237,"[1, 64, 28, 28, 20]",0.6045022281613737,0.041002530604600906,0.03072185255587101
baseline_ema,06SR5RBREL16DQ6M8LWS,1,31,-0.059182640715744216,0.0,-0.026847925037145615,0.5742314078534394,0.646476164722851,,3202,9631,24682,27237,"[1, 64, 28, 28, 20]",0.6045022281613737,0.041002530604600906,0.03072185255587101
baseline_ema,06SR5RBREL16DQ6M8LWS,1,32,-0.013492652899492035,0.0,-0.03799334168434143,0.383885464298797,0.3943864303270667,,3202,9631,24682,27237,"[1, 64, 28, 28, 20]",0.6045022281613737,0.041002530604600906,0.03072185255587101
baseline_ema,06SR5RBREL16DQ6M8LWS,1,33,0.17679267108771288,0.841191291809082,0.1968931257724762,0.42669661777484624,0.29848894780845037,high,3202,9631,24682,27237,"[1, 64, 28, 28, 20]",0.6045022281613737,0.041002530604600906,0.03072185255587101
baseline_ema,06SR5RBREL16DQ6M8LWS,1,34,0.06538035929523017,0.3110840916633606,-0.0179523266851902,0.4390398863665056,0.3851537452239235,,3202,9631,24682,27237,"[1, 64, 28, 28, 20]",0.6045022281613737,0.041002530604600906,0.03072185255587101
baseline_ema,06SR5RBREL16DQ6M8LWS,1,35,0.0466307912106659,0.22187240421772003,0.009593900293111801,0.4682958362313051,0.42656759956388907,,3202,9631,24682,27237,"[1, 64, 28, 28, 20]",0.6045022281613737,0.041002530604600906,0.03072185255587101
baseline_ema,06SR5RBREL16DQ6M8LWS,1,36,-0.057255420960517764,0.0,0.003451978787779808,0.48638512394134137,0.5454641454856048,,3202,9631,24682,27237,"[1, 64, 28, 28, 20]",0.6045022281613737,0.041002530604600906,0.03072185255587101
baseline_ema,06SR5RBREL16DQ6M8LWS,1,37,-0.037257887436519296,0.0,-0.027258435264229774,0.21929059630497064,0.2362636213245296,,3202,9631,24682,27237,"[1, 64, 28, 28, 20]",0.6045022281613737,0.041002530604600906,0.03072185255587101
baseline_ema,06SR5RBREL16DQ6M8LWS,1,38,0.08058061000494905,0.3834078907966614,-0.015487986616790295,0.472894214532933,0.4023651966838982,,3202,9631,24682,27237,"[1, 64, 28, 28, 20]",0.6045022281613737,0.041002530604600906,0.03072185255587101
baseline_ema,06SR5RBREL16DQ6M8LWS,1,39,0.16766178648371852,0.7977458834648132,-0.04278475046157837,0.43212256476307326,0.308027512826548,,3202,9631,24682,27237,"[1, 64, 28, 28, 20]",0.6045022281613737,0.041002530604600906,0.03072185255587101
baseline_ema,06SR5RBREL16DQ6M8LWS,1,40,0.056647443251234,0.26953229308128357,0.018120568245649338,0.48952801538963114,0.437040236286944,,3202,9631,24682,27237,"[1, 64, 28, 28, 20]",0.6045022281613737,0.041002530604600906,0.03072185255587101
baseline_ema,06SR5RBREL16DQ6M8LWS,1,41,0.0266559672969476,0.12683086097240448,-0.062013786286115646,0.5690823146962645,0.5395311244611602,middle,3202,9631,24682,27237,"[1, 64, 28, 28, 20]",0.6045022281613737,0.041002530604600906,0.03072185255587101
baseline_ema,06SR5RBREL16DQ6M8LWS,1,42,-0.08034916719533249,0.0,-0.032930050045251846,0.4679381122760929,0.549704966507626,,3202,9631,24682,27237,"[1, 64, 28, 28, 20]",0.6045022281613737,0.041002530604600906,0.03072185255587101
baseline_ema,06SR5RBREL16DQ6M8LWS,1,43,-0.043494911752124873,0.0,-0.04472203552722931,0.3351874186326229,0.36567124798267914,,3202,9631,24682,27237,"[1, 64, 28, 28, 20]",0.6045022281613737,0.041002530604600906,0.03072185255587101
baseline_ema,06SR5RBREL16DQ6M8LWS,1,44,0.07914748120591153,0.37658897042274475,-0.006877723149955273,0.49948747524861326,0.42621998248776954,,3202,9631,24682,27237,"[1, 64, 28, 28, 20]",0.6045022281613737,0.041002530604600906,0.03072185255587101
baseline_ema,06SR5RBREL16DQ6M8LWS,1,45,0.024020487949467158,0.11429107934236526,-0.07534441351890564,0.6410541519582692,0.6109796647316555,,3202,9631,24682,27237,"[1, 64, 28, 28, 20]",0.6045022281613737,0.041002530604600906,0.03072185255587101
baseline_ema,06SR5RBREL16DQ6M8LWS,1,46,0.09551906609013522,0.45448607206344604,-0.08019178360700607,0.4244628072373462,0.3504443077847669,,3202,9631,24682,27237,"[1, 64, 28, 28, 20]",0.6045022281613737,0.041002530604600906,0.03072185255587101
baseline_ema,06SR5RBREL16DQ6M8LWS,1,47,0.09434267347136088,0.4488886892795563,-0.03135000914335251,0.6730076220096104,0.5569683099412629,,3202,9631,24682,27237,"[1, 64, 28, 28, 20]",0.6045022281613737,0.041002530604600906,0.03072185255587101
baseline_ema,06SR5RBREL16DQ6M8LWS,1,48,0.02517233706722989,0.11977165192365646,-0.08151579648256302,0.4170268834586193,0.3965472948409314,,3202,9631,24682,27237,"[1, 64, 28, 28, 20]",0.6045022281613737,0.041002530604600906,0.03072185255587101
baseline_ema,06SR5RBREL16DQ6M8LWS,1,49,-0.07554857424206932,0.0,0.004638228565454483,0.4503543192817702,0.5239626529416757,,3202,9631,24682,27237,"[1, 64, 28, 28, 20]",0.6045022281613737,0.041002530604600906,0.03072185255587101
baseline_ema,06SR5RBREL16DQ6M8LWS,1,50,0.0677269419356481,0.32224929332733154,-0.02731984853744507,0.40845608392912824,0.3566384997575592,,3202,9631,24682,27237,"[1, 64, 28, 28, 20]",0.6045022281613737,0.041002530604600906,0.03072185255587101
baseline_ema,06SR5RBREL16DQ6M8LWS,1,51,-0.005882336493411422,0.0,-0.08871947228908539,0.3247629722411908,0.3286063161322003,,3202,9631,24682,27237,"[1, 64, 28, 28, 20]",0.6045022281613737,0.041002530604600906,0.03072185255587101
baseline_ema,06SR5RBREL16DQ6M8LWS,1,52,-0.058514871205573075,0.0,-0.00812448002398014,0.3508070880101767,0.3944136415340516,,3202,9631,24682,27237,"[1, 64, 28, 28, 20]",0.6045022281613737,0.041002530604600906,0.03072185255587101
baseline_ema,06SR5RBREL16DQ6M8LWS,1,53,0.21016840911485501,0.999995231628418,-0.06476394832134247,0.6220660517567743,0.40599903734526743,high,3202,9631,24682,27237,"[1, 64, 28, 28, 20]",0.6045022281613737,0.041002530604600906,0.03072185255587101
baseline_ema,06SR5RBREL16DQ6M8LWS,1,54,-0.04120576892974236,0.0,0.010058220475912094,0.39483009648058426,0.4287670931744643,,3202,9631,24682,27237,"[1, 64, 28, 28, 20]",0.6045022281613737,0.041002530604600906,0.03072185255587101
baseline_ema,06SR5RBREL16DQ6M8LWS,1,55,-0.062369096317929675,0.0,0.036857277154922485,0.34093496199799567,0.3862914803978221,,3202,9631,24682,27237,"[1, 64, 28, 28, 20]",0.6045022281613737,0.041002530604600906,0.03072185255587101
baseline_ema,06SR5RBREL16DQ6M8LWS,1,56,0.026817321810449744,0.1275985985994339,-0.012532660737633705,0.3956846852949737,0.37501651633387084,middle,3202,9631,24682,27237,"[1, 64, 28, 28, 20]",0.6045022281613737,0.041002530604600906,0.03072185255587101
baseline_ema,06SR5RBREL16DQ6M8LWS,1,57,0.16175479947086757,0.7696400880813599,-0.03600623458623886,0.6274668166962913,0.45273829389103293,,3202,9631,24682,27237,"[1, 64, 28, 28, 20]",0.6045022281613737,0.041002530604600906,0.03072185255587101
baseline_ema,06SR5RBREL16DQ6M8LWS,1,58,-0.13250219977922797,0.0,0.0116008585318923,0.29198589027458216,0.38118228710033153,low,3202,9631,24682,27237,"[1, 64, 28, 28, 20]",0.6045022281613737,0.041002530604600906,0.03072185255587101
baseline_ema,06SR5RBREL16DQ6M8LWS,1,59,0.1076443175363031,0.5121788382530212,-0.07574357092380524,0.3365751307485662,0.2711561988808591,,3202,9631,24682,27237,"[1, 64, 28, 28, 20]",0.6045022281613737,0.041002530604600906,0.03072185255587101
baseline_ema,06SR5RBREL16DQ6M8LWS,1,60,-0.025763783788424494,0.0,0.025788862258195877,0.5663168763655757,0.5962695268573572,,3202,9631,24682,27237,"[1, 64, 28, 28, 20]",0.6045022281613737,0.041002530604600906,0.03072185255587101
baseline_ema,06SR5RBREL16DQ6M8LWS,1,61,0.13857009546143703,0.6593257188796997,-0.009544430300593376,0.46826699099859376,0.35428565390249667,,3202,9631,24682,27237,"[1, 64, 28, 28, 20]",0.6045022281613737,0.041002530604600906,0.03072185255587101
baseline_ema,06SR5RBREL16DQ6M8LWS,1,62,0.025909119491975045,0.12327731400728226,0.004874890670180321,0.5217856605870484,0.49543046064379564,,3202,9631,24682,27237,"[1, 64, 28, 28, 20]",0.6045022281613737,0.041002530604600906,0.03072185255587101
baseline_ema,06SR5RBREL16DQ6M8LWS,1,63,0.052248706653197155,0.24860280752182007,-0.053218305110931396,0.4401014308667079,0.39639549606637375,,3202,9631,24682,27237,"[1, 64, 28, 28, 20]",0.6045022281613737,0.041002530604600906,0.03072185255587101
baseline_ema,06SR5RBREL16DQ6M8LWS,2,0,0.118950755693008,0.493133544921875,0.007443795446306467,0.5039715009991517,0.39682138726632965,,2856,10346,23674,25824,"[1, 64, 28, 28, 20]",0.7993334419616362,0.055487409234046936,0.040542565286159515
baseline_ema,06SR5RBREL16DQ6M8LWS,2,1,-0.0005928333100431403,0.0,-0.015377952717244625,0.5547276545567358,0.5553857673640097,,2856,10346,23674,25824,"[1, 64, 28, 28, 20]",0.7993334419616362,0.055487409234046936,0.040542565286159515
baseline_ema,06SR5RBREL16DQ6M8LWS,2,2,0.21410931368484268,0.887631893157959,0.013166438788175583,0.5818591801338474,0.3766361818912379,high,2856,10346,23674,25824,"[1, 64, 28, 28, 20]",0.7993334419616362,0.055487409234046936,0.040542565286159515
baseline_ema,06SR5RBREL16DQ6M8LWS,2,3,0.02200907198071167,0.09124289453029633,-0.036756813526153564,0.3814661773793166,0.36503632799566504,,2856,10346,23674,25824,"[1, 64, 28, 28, 20]",0.7993334419616362,0.055487409234046936,0.040542565286159515
baseline_ema,06SR5RBREL16DQ6M8LWS,2,4,0.04319061026045448,0.1790550947189331,-0.1094125285744667,0.5649508420456925,0.518170142544718,middle,2856,10346,23674,25824,"[1, 64, 28, 28, 20]",0.7993334419616362,0.055487409234046936,0.040542565286159515
baseline_ema,06SR5RBREL16DQ6M8LWS,2,5,-0.08769782549327297,0.0,-0.008623754605650902,0.30522448833958166,0.36390585184299296,low,2856,10346,23674,25824,"[1, 64, 28, 28, 20]",0.7993334419616362,0.055487409234046936,0.040542565286159515
baseline_ema,06SR5RBREL16DQ6M8LWS,2,6,0.015392646138606452,0.063813216984272,-0.01896311156451702,0.496518448083924,0.481464684403375,,2856,10346,23674,25824,"[1, 64, 28, 28, 20]",0.7993334419616362,0.055487409234046936,0.040542565286159515
baseline_ema,06SR5RBREL16DQ6M8LWS,2,7,0.08262828669745866,0.34255164861679077,-0.055462080985307693,0.41628733166343146,0.3527435452577069,,2856,10346,23674,25824,"[1, 64, 28, 28, 20]",0.7993334419616362,0.055487409234046936,0.040542565286159515
baseline_ema,06SR5RBREL16DQ6M8LWS,2,8,0.04450010044691011,0.1844838410615921,-0.029867004603147507,0.4052074691462112,0.37068033923750254,middle,2856,10346,23674,25824,"[1, 64, 28, 28, 20]",0.7993334419616362,0.055487409234046936,0.040542565286159515
baseline_ema,06SR5RBREL16DQ6M8LWS,2,9,-0.013798825289431068,0.0,-0.04691010341048241,0.34059413433011076,0.3501252644365379,,2856,10346,23674,25824,"[1, 64, 28, 28, 20]",0.7993334419616362,0.055487409234046936,0.040542565286159515
baseline_ema,06SR5RBREL16DQ6M8LWS,2,10,0.04595039110694246,0.1904962956905365,-0.0664692297577858,0.5778870298986972,0.5271118531017032,middle,2856,10346,23674,25824,"[1, 64, 28, 28, 20]",0.7993334419616362,0.055487409234046936,0.040542565286159515
baseline_ema,06SR5RBREL16DQ6M8LWS,2,11,0.022366991696102533,0.09272672235965729,0.003928492311388254,0.4239029971258864,0.4053549687228296,,2856,10346,23674,25824,"[1, 64, 28, 28, 20]",0.7993334419616362,0.055487409234046936,0.040542565286159515
baseline_ema,06SR5RBREL16DQ6M8LWS,2,12,0.11386387532044503,0.4720448851585388,0.030673572793602943,0.5510949500135658,0.43842433558690286,,2856,10346,23674,25824,"[1, 64, 28, 28, 20]",0.7993334419616362,0.055487409234046936,0.040542565286159515
baseline_ema,06SR5RBREL16DQ6M8LWS,2,13,-0.0712618978672051,0.0,0.005213865078985691,0.37310090556001996,0.4303569052785007,,2856,10346,23674,25824,"[1, 64, 28, 28, 20]",0.7993334419616362,0.055487409234046936,0.040542565286159515
baseline_ema,06SR5RBREL16DQ6M8LWS,2,14,0.1116127306175985,0.4627123177051544,0.016319848597049713,0.6540207050371051,0.5226852307924961,,2856,10346,23674,25824,"[1, 64, 28, 28, 20]",0.7993334419616362,0.055487409234046936,0.040542565286159515
baseline_ema,06SR5RBREL16DQ6M8LWS,2,15,-0.06420703030619845,0.0,-0.01576591469347477,0.47068691787126354,0.5352769335750472,,2856,10346,23674,25824,"[1, 64, 28, 28, 20]",0.7993334419616362,0.055487409234046936,0.040542565286159515
baseline_ema,06SR5RBREL16DQ6M8LWS,2,16,-0.0862152783088609,0.0,0.033662810921669006,0.34701351708333406,0.4124948265203018,low,2856,10346,23674,25824,"[1, 64, 28, 28, 20]",0.7993334419616362,0.055487409234046936,0.040542565286159515
baseline_ema,06SR5RBREL16DQ6M8LWS,2,17,0.13701331617283002,0.5680153965950012,-0.12092854082584381,0.40801648771145665,0.3096820887276932,high,2856,10346,23674,25824,"[1, 64, 28, 28, 20]",0.7993334419616362,0.055487409234046936,0.040542565286159515
baseline_ema,06SR5RBREL16DQ6M8LWS,2,18,0.10405066190496219,0.4313623011112213,-0.10447074472904205,0.5960341952712613,0.48368825554003597,,2856,10346,23674,25824,"[1, 64, 28, 28, 20]",0.7993334419616362,0.055487409234046936,0.040542565286159515
baseline_ema,06SR5RBREL16DQ6M8LWS,2,19,0.13178923484630942,0.5463579297065735,0.11242502927780151,0.7268417342037683,0.5575699670753164,,2856,10346,23674,25824,"[1, 64, 28, 28, 20]",0.7993334419616362,0.055487409234046936,0.040542565286159515
baseline_ema,06SR5RBREL16DQ6M8LWS,2,20,0.0213721119389966,0.08860225230455399,-0.1124410629272461,0.35376606561602725,0.33896100377374405,,2856,10346,23674,25824,"[1, 64, 28, 28, 20]",0.7993334419616362,0.055487409234046936,0.040542565286159515
baseline_ema,06SR5RBREL16DQ6M8LWS,2,21,0.11189444463139382,0.4638802111148834,-0.027645258232951164,0.7532151369257928,0.6016168520554458,,2856,10346,23674,25824,"[1, 64, 28, 28, 20]",0.7993334419616362,0.055487409234046936,0.040542565286159515
baseline_ema,06SR5RBREL16DQ6M8LWS,2,22,-0.014771496232435349,0.0,-0.03573484346270561,0.42573124160482584,0.43849720359860805,,2856,10346,23674,25824,"[1, 64, 28, 28, 20]",0.7993334419616362,0.055487409234046936,0.040542565286159515
baseline_ema,06SR5RBREL16DQ6M8LWS,2,23,-0.07234834951303878,0.0,-0.04687412455677986,0.36525402952786606,0.4222270588964459,,2856,10346,23674,25824,"[1, 64, 28, 28, 20]",0.7993334419616362,0.055487409234046936,0.040542565286159515
baseline_ema,06SR5RBREL16DQ6M8LWS,2,24,0.12746151503848357,0.5284165740013123,-0.03980657085776329,0.7551140250962264,0.5843799643543929,,2856,10346,23674,25824,"[1, 64, 28, 28, 20]",0.7993334419616362,0.055487409234046936,0.040542565286159515
baseline_ema,06SR5RBREL16DQ6M8LWS,2,25,-0.15765456931829558,0.0,-0.032584503293037415,0.3671862113760373,0.5046325860647243,low,2856,10346,23674,25824,"[1, 64, 28, 28, 20]",0.7993334419616362,0.055487409234046936,0.040542565286159515
baseline_ema,06SR5RBREL16DQ6M8LWS,2,26,-0.02000794341039786,0.0,0.013301118277013302,0.36660685531000337,0.3815764852566059,,2856,10346,23674,25824,"[1, 64, 28, 28, 20]",0.7993334419616362,0.055487409234046936,0.040542565286159515
baseline_ema,06SR5RBREL16DQ6M8LWS,2,27,0.05967317558938077,0.24738678336143494,0.044413141906261444,0.5251698616827044,0.4660222227144907,,2856,10346,23674,25824,"[1, 64, 28, 28, 20]",0.7993334419616362,0.055487409234046936,0.040542565286159515
baseline_ema,06SR5RBREL16DQ6M8LWS,2,28,0.07698747847759131,0.3191666007041931,-0.019846662878990173,0.4933848260461418,0.42284641602891326,,2856,10346,23674,25824,"[1, 64, 28, 28, 20]",0.7993334419616362,0.055487409234046936,0.040542565286159515
baseline_ema,06SR5RBREL16DQ6M8LWS,2,29,0.08053120252552773,0.33385780453681946,0.06636877357959747,0.6039514121878631,0.5139272210448378,,2856,10346,23674,25824,"[1, 64, 28, 28, 20]",0.7993334419616362,0.055487409234046936,0.040542565286159515
baseline_ema,06SR5RBREL16DQ6M8LWS,2,30,-0.06165071169758624,0.0,-0.03497055917978287,0.4302708659495015,0.4868095904192968,,2856,10346,23674,25824,"[1, 64, 28, 28, 20]",0.7993334419616362,0.055487409234046936,0.040542565286159515
baseline_ema,06SR5RBREL16DQ6M8LWS,2,31,-0.04519547818936907,0.0,-0.053143974393606186,0.569637113566002,0.6235644751393327,,2856,10346,23674,25824,"[1, 64, 28, 28, 20]",0.7993334419616362,0.055487409234046936,0.040542565286159515
baseline_ema,06SR5RBREL16DQ6M8LWS,2,32,0.003487820198183381,0.014459438621997833,-0.06863285601139069,0.38195999095384064,0.37930483263812986,,2856,10346,23674,25824,"[1, 64, 28, 28, 20]",0.7993334419616362,0.055487409234046936,0.040542565286159515
baseline_ema,06SR5RBREL16DQ6M8LWS,2,33,0.13600504381743012,0.5638353824615479,0.23742537200450897,0.46007989470177074,0.3499162038246884,,2856,10346,23674,25824,"[1, 64, 28, 28, 20]",0.7993334419616362,0.055487409234046936,0.040542565286159515
baseline_ema,06SR5RBREL16DQ6M8LWS,2,34,0.06904725013434145,0.2862488329410553,-0.019689910113811493,0.4532142310792388,0.3946700817959138,,2856,10346,23674,25824,"[1, 64, 28, 28, 20]",0.7993334419616362,0.055487409234046936,0.040542565286159515
baseline_ema,06SR5RBREL16DQ6M8LWS,2,35,0.11351550551753085,0.4706006348133087,-0.029261261224746704,0.5540189968152504,0.44106178528846196,,2856,10346,23674,25824,"[1, 64, 28, 28, 20]",0.7993334419616362,0.055487409234046936,0.040542565286159515
baseline_ema,06SR5RBREL16DQ6M8LWS,2,36,-0.10977654512662506,0.0,0.026504432782530785,0.4366251695250599,0.5443088241213733,low,2856,10346,23674,25824,"[1, 64, 28, 28, 20]",0.7993334419616362,0.055487409234046936,0.040542565286159515
baseline_ema,06SR5RBREL16DQ6M8LWS,2,37,-0.006549302379760392,0.0,-0.03385864943265915,0.25656242071727065,0.25994519180241255,,2856,10346,23674,25824,"[1, 64, 28, 28, 20]",0.7993334419616362,0.055487409234046936,0.040542565286159515
baseline_ema,06SR5RBREL16DQ6M8LWS,2,38,0.10493174754183568,0.4350149929523468,-0.026223348453640938,0.5175264496160186,0.41923077235990236,,2856,10346,23674,25824,"[1, 64, 28, 28, 20]",0.7993334419616362,0.055487409234046936,0.040542565286159515
baseline_ema,06SR5RBREL16DQ6M8LWS,2,39,0.225882284720384,0.936439037322998,-0.09098731726408005,0.538998015519457,0.34036521420737875,high,2856,10346,23674,25824,"[1, 64, 28, 28, 20]",0.7993334419616362,0.055487409234046936,0.040542565286159515
baseline_ema,06SR5RBREL16DQ6M8LWS,2,40,0.045279572475533936,0.1877152919769287,0.03481448441743851,0.4426620333112779,0.4043113933732902,middle,2856,10346,23674,25824,"[1, 64, 28, 28, 20]",0.7993334419616362,0.055487409234046936,0.040542565286159515
baseline_ema,06SR5RBREL16DQ6M8LWS,2,41,0.00434470745934315,0.018011830747127533,-0.06587700545787811,0.5841559266534946,0.5791019073203815,,2856,10346,23674,25824,"[1, 64, 28, 28, 20]",0.7993334419616362,0.055487409234046936,0.040542565286159515
baseline_ema,06SR5RBREL16DQ6M8LWS,2,42,0.028393209336419804,0.11770958453416824,-0.11669160425662994,0.5490705440277895,0.5187516174691299,,2856,10346,23674,25824,"[1, 64, 28, 28, 20]",0.7993334419616362,0.055487409234046936,0.040542565286159515
baseline_ema,06SR5RBREL16DQ6M8LWS,2,43,-0.029237434934131785,0.0,-0.06377667188644409,0.3998817162138556,0.4239690279800973,,2856,10346,23674,25824,"[1, 64, 28, 28, 20]",0.7993334419616362,0.055487409234046936,0.040542565286159515
baseline_ema,06SR5RBREL16DQ6M8LWS,2,44,0.08812336230501631,0.36533257365226746,-0.010965168476104736,0.5317458783370171,0.44561726392456796,,2856,10346,23674,25824,"[1, 64, 28, 28, 20]",0.7993334419616362,0.055487409234046936,0.040542565286159515
baseline_ema,06SR5RBREL16DQ6M8LWS,2,45,-0.02270152517629139,0.0,-0.06754161417484283,0.5638585553843827,0.5900541565675268,,2856,10346,23674,25824,"[1, 64, 28, 28, 20]",0.7993334419616362,0.055487409234046936,0.040542565286159515
baseline_ema,06SR5RBREL16DQ6M8LWS,2,46,0.04841928839961063,0.20073159039020538,-0.0898098573088646,0.454931817939978,0.41291141761280803,,2856,10346,23674,25824,"[1, 64, 28, 28, 20]",0.7993334419616362,0.055487409234046936,0.040542565286159515
baseline_ema,06SR5RBREL16DQ6M8LWS,2,47,0.07829373605210961,0.32458195090293884,-0.04039950668811798,0.6355500560139237,0.5432567859769345,,2856,10346,23674,25824,"[1, 64, 28, 28, 20]",0.7993334419616362,0.055487409234046936,0.040542565286159515
baseline_ema,06SR5RBREL16DQ6M8LWS,2,48,0.09608515021055627,0.39833971858024597,-0.0993177741765976,0.5060254653859165,0.41730684551371516,,2856,10346,23674,25824,"[1, 64, 28, 28, 20]",0.7993334419616362,0.055487409234046936,0.040542565286159515
baseline_ema,06SR5RBREL16DQ6M8LWS,2,49,-0.03344184107532956,0.0,-0.01834036037325859,0.458346740057345,0.4900633531090967,,2856,10346,23674,25824,"[1, 64, 28, 28, 20]",0.7993334419616362,0.055487409234046936,0.040542565286159515
baseline_ema,06SR5RBREL16DQ6M8LWS,2,50,0.06573336187998578,0.27251046895980835,-0.021893080323934555,0.4267677586565299,0.3741224847285844,,2856,10346,23674,25824,"[1, 64, 28, 28, 20]",0.7993334419616362,0.055487409234046936,0.040542565286159515
baseline_ema,06SR5RBREL16DQ6M8LWS,2,51,0.07014721491527255,0.29080894589424133,-0.18545205891132355,0.3875314298809021,0.3367266710720157,,2856,10346,23674,25824,"[1, 64, 28, 28, 20]",0.7993334419616362,0.055487409234046936,0.040542565286159515
baseline_ema,06SR5RBREL16DQ6M8LWS,2,52,-0.03862541606752158,0.0,-0.04206055402755737,0.383260986930063,0.41405779525585995,,2856,10346,23674,25824,"[1, 64, 28, 28, 20]",0.7993334419616362,0.055487409234046936,0.040542565286159515
baseline_ema,06SR5RBREL16DQ6M8LWS,2,53,0.2412130881382234,0.9999958276748657,-0.13999837636947632,0.6585744827898045,0.4026040827232278,high,2856,10346,23674,25824,"[1, 64, 28, 28, 20]",0.7993334419616362,0.055487409234046936,0.040542565286159515
baseline_ema,06SR5RBREL16DQ6M8LWS,2,54,-0.001030448673223494,0.0,0.009201047010719776,0.3953716110338283,0.3961872728659698,,2856,10346,23674,25824,"[1, 64, 28, 28, 20]",0.7993334419616362,0.055487409234046936,0.040542565286159515
baseline_ema,06SR5RBREL16DQ6M8LWS,2,55,-0.049022630124151124,0.0,0.03364965319633484,0.3635045429100628,0.40098171919485726,,2856,10346,23674,25824,"[1, 64, 28, 28, 20]",0.7993334419616362,0.055487409234046936,0.040542565286159515
baseline_ema,06SR5RBREL16DQ6M8LWS,2,56,0.0715517188799056,0.2966316044330597,-0.03098403848707676,0.4612511846376483,0.3996520097390735,,2856,10346,23674,25824,"[1, 64, 28, 28, 20]",0.7993334419616362,0.055487409234046936,0.040542565286159515
baseline_ema,06SR5RBREL16DQ6M8LWS,2,57,0.07249655595036049,0.30054858326911926,-0.049168556928634644,0.5813980233831374,0.5027975088247421,,2856,10346,23674,25824,"[1, 64, 28, 28, 20]",0.7993334419616362,0.055487409234046936,0.040542565286159515
baseline_ema,06SR5RBREL16DQ6M8LWS,2,58,-0.027765204042054903,0.0,0.041811197996139526,0.3302756979273527,0.3491398366391371,,2856,10346,23674,25824,"[1, 64, 28, 28, 20]",0.7993334419616362,0.055487409234046936,0.040542565286159515
baseline_ema,06SR5RBREL16DQ6M8LWS,2,59,0.0853823745525838,0.3539692759513855,-0.15862509608268738,0.3866833624688756,0.325845841696775,,2856,10346,23674,25824,"[1, 64, 28, 28, 20]",0.7993334419616362,0.055487409234046936,0.040542565286159515
baseline_ema,06SR5RBREL16DQ6M8LWS,2,60,-0.037588402272805674,0.0,0.0693398118019104,0.5103441609571236,0.5502086855724486,,2856,10346,23674,25824,"[1, 64, 28, 28, 20]",0.7993334419616362,0.055487409234046936,0.040542565286159515
baseline_ema,06SR5RBREL16DQ6M8LWS,2,61,0.1325812065194155,0.5496412515640259,-0.016417229548096657,0.5255499598364627,0.4025069256577786,,2856,10346,23674,25824,"[1, 64, 28, 28, 20]",0.7993334419616362,0.055487409234046936,0.040542565286159515
baseline_ema,06SR5RBREL16DQ6M8LWS,2,62,0.12229230311000297,0.5069865584373474,-0.018645402044057846,0.6626563925146248,0.5182415420647628,,2856,10346,23674,25824,"[1, 64, 28, 28, 20]",0.7993334419616362,0.055487409234046936,0.040542565286159515
baseline_ema,06SR5RBREL16DQ6M8LWS,2,63,0.030368735845725133,0.1258995085954666,-0.06452690064907074,0.4375364113758359,0.411744784704592,,2856,10346,23674,25824,"[1, 64, 28, 28, 20]",0.7993334419616362,0.055487409234046936,0.040542565286159515
baseline_ema,0RZDK210BSMWAA6467LU,0,0,0.23345504992291286,0.7254007458686829,-0.020855385810136795,0.4817064814358147,0.2993618918922525,,3513,9164,28177,30206,"[1, 64, 28, 28, 20]",0.675304406877027,0.0458197295665741,0.032532140612602234
baseline_ema,0RZDK210BSMWAA6467LU,0,1,0.14502460865057068,0.4506261944770813,-0.005655798129737377,0.5462599125220656,0.40788524013720695,,3513,9164,28177,30206,"[1, 64, 28, 28, 20]",0.675304406877027,0.0458197295665741,0.032532140612602234
baseline_ema,0RZDK210BSMWAA6467LU,0,2,0.29112420785111687,0.9045926332473755,-0.011673105880618095,0.48021202365753846,0.2636542522210238,high,3513,9164,28177,30206,"[1, 64, 28, 28, 20]",0.675304406877027,0.0458197295665741,0.032532140612602234
baseline_ema,0RZDK210BSMWAA6467LU,0,3,0.06650612252087969,0.20665045082569122,-0.024900084361433983,0.38274665158310917,0.3350112876312616,,3513,9164,28177,30206,"[1, 64, 28, 28, 20]",0.675304406877027,0.0458197295665741,0.032532140612602234
baseline_ema,0RZDK210BSMWAA6467LU,0,4,0.04225319987415391,0.13129080832004547,0.005478858947753906,0.40078576156709383,0.36828981524837956,,3513,9164,28177,30206,"[1, 64, 28, 28, 20]",0.675304406877027,0.0458197295665741,0.032532140612602234
baseline_ema,0RZDK210BSMWAA6467LU,0,5,0.0810529628663314,0.251850962638855,-0.013155099004507065,0.43212802244103166,0.36732953747128766,middle,3513,9164,28177,30206,"[1, 64, 28, 28, 20]",0.675304406877027,0.0458197295665741,0.032532140612602234
baseline_ema,0RZDK210BSMWAA6467LU,0,6,0.05382018883900251,0.1672322154045105,0.024369534105062485,0.4313853225588605,0.3873222714264565,,3513,9164,28177,30206,"[1, 64, 28, 28, 20]",0.675304406877027,0.0458197295665741,0.032532140612602234
baseline_ema,0RZDK210BSMWAA6467LU,0,7,0.22533857909777316,0.7001809477806091,-0.05234713479876518,0.4170182971390499,0.26363959053933245,,3513,9164,28177,30206,"[1, 64, 28, 28, 20]",0.675304406877027,0.0458197295665741,0.032532140612602234
baseline_ema,0RZDK210BSMWAA6467LU,0,8,0.07704170143985921,0.23938702046871185,-0.04027746617794037,0.32744181107945336,0.28059736163012183,middle,3513,9164,28177,30206,"[1, 64, 28, 28, 20]",0.675304406877027,0.0458197295665741,0.032532140612602234
baseline_ema,0RZDK210BSMWAA6467LU,0,9,0.2967725712107515,0.9221434593200684,-0.03991769999265671,0.435805033497151,0.23633269486946537,high,3513,9164,28177,30206,"[1, 64, 28, 28, 20]",0.675304406877027,0.0458197295665741,0.032532140612602234
baseline_ema,0RZDK210BSMWAA6467LU,0,10,0.039372035816303406,0.12233834713697433,-0.0024696129839867353,0.43907361608192136,0.4058088346010302,,3513,9164,28177,30206,"[1, 64, 28, 28, 20]",0.675304406877027,0.0458197295665741,0.032532140612602234
baseline_ema,0RZDK210BSMWAA6467LU,0,11,0.05313071270099709,0.16508984565734863,-0.023969337344169617,0.4013913430700621,0.3608907016255008,,3513,9164,28177,30206,"[1, 64, 28, 28, 20]",0.675304406877027,0.0458197295665741,0.032532140612602234
baseline_ema,0RZDK210BSMWAA6467LU,0,12,-0.07290543272076985,0.0,-0.0009193438454531133,0.3511714668491277,0.40640282103055797,,3513,9164,28177,30206,"[1, 64, 28, 28, 20]",0.675304406877027,0.0458197295665741,0.032532140612602234
baseline_ema,0RZDK210BSMWAA6467LU,0,13,-0.008751937771716848,0.0,0.0007522633532062173,0.4483216768533375,0.4562383385710528,,3513,9164,28177,30206,"[1, 64, 28, 28, 20]",0.675304406877027,0.0458197295665741,0.032532140612602234
baseline_ema,0RZDK210BSMWAA6467LU,0,14,0.11098409355917477,0.3448541462421417,-0.013417517766356468,0.49929330674634487,0.39953729604788685,,3513,9164,28177,30206,"[1, 64, 28, 28, 20]",0.675304406877027,0.0458197295665741,0.032532140612602234
baseline_ema,0RZDK210BSMWAA6467LU,0,15,-0.023729614809367146,0.0,0.012796436436474323,0.4136568583905179,0.43376589770292234,,3513,9164,28177,30206,"[1, 64, 28, 28, 20]",0.675304406877027,0.0458197295665741,0.032532140612602234
baseline_ema,0RZDK210BSMWAA6467LU,0,16,-0.07424372923404551,0.0,-0.0057219574227929115,0.3807296404751111,0.4417971727258768,,3513,9164,28177,30206,"[1, 64, 28, 28, 20]",0.675304406877027,0.0458197295665741,0.032532140612602234
baseline_ema,0RZDK210BSMWAA6467LU,0,17,0.17551285040318415,0.5453604459762573,-0.017178155481815338,0.4356017920773068,0.30552443920374883,,3513,9164,28177,30206,"[1, 64, 28, 28, 20]",0.675304406877027,0.0458197295665741,0.032532140612602234
baseline_ema,0RZDK210BSMWAA6467LU,0,18,0.1704769670904232,0.5297127962112427,-0.02624782919883728,0.5093738860438206,0.3609957412569894,,3513,9164,28177,30206,"[1, 64, 28, 28, 20]",0.675304406877027,0.0458197295665741,0.032532140612602234
baseline_ema,0RZDK210BSMWAA6467LU,0,19,0.2305841303899701,0.7164801359176636,0.033955514430999756,0.4782364158351896,0.2990144664617763,,3513,9164,28177,30206,"[1, 64, 28, 28, 20]",0.675304406877027,0.0458197295665741,0.032532140612602234
baseline_ema,0RZDK210BSMWAA6467LU,0,20,0.019472340404646488,0.060505226254463196,-0.0022256490774452686,0.3235302907253019,0.31117114876783203,,3513,9164,28177,30206,"[1, 64, 28, 28, 20]",0.675304406877027,0.0458197295665741,0.032532140612602234
baseline_ema,0RZDK210BSMWAA6467LU,0,21,0.21803514664315848,0.6774874329566956,-0.008248109370470047,0.5487631408876397,0.35229958030300695,,3513,9164,28177,30206,"[1, 64, 28, 28, 20]",0.675304406877027,0.0458197295665741,0.032532140612602234
baseline_ema,0RZDK210BSMWAA6467LU,0,22,-0.02864784715288526,0.0,-0.02686336264014244,0.39179581797841906,0.4149061204564856,,3513,9164,28177,30206,"[1, 64, 28, 28, 20]",0.675304406877027,0.0458197295665741,0.032532140612602234
baseline_ema,0RZDK210BSMWAA6467LU,0,23,-0.12194297866591482,0.0,-0.004306054208427668,0.32752546087213785,0.41849789270459875,low,3513,9164,28177,30206,"[1, 64, 28, 28, 20]",0.675304406877027,0.0458197295665741,0.032532140612602234
baseline_ema,0RZDK210BSMWAA6467LU,0,24,0.1269381581548149,0.39442726969718933,-0.03119240328669548,0.4766365729304908,0.3692599050835814,,3513,9164,28177,30206,"[1, 64, 28, 28, 20]",0.675304406877027,0.0458197295665741,0.032532140612602234
baseline_ema,0RZDK210BSMWAA6467LU,0,25,-0.076136832180468,0.0,0.01085803471505642,0.37700260187499857,0.4391412884225278,low,3513,9164,28177,30206,"[1, 64, 28, 28, 20]",0.675304406877027,0.0458197295665741,0.032532140612602234
baseline_ema,0RZDK210BSMWAA6467LU,0,26,0.07994467095432894,0.248407244682312,0.008544211275875568,0.364596416835578,0.3106166504061999,middle,3513,9164,28177,30206,"[1, 64, 28, 28, 20]",0.675304406877027,0.0458197295665741,0.032532140612602234
baseline_ema,0RZDK210BSMWAA6467LU,0,27,-0.022229710875175807,0.0,-0.00346760218963027,0.42029361883345373,0.439404481268366,,3513,9164,28177,30206,"[1, 64, 28, 28, 20]",0.675304406877027,0.0458197295665741,0.032532140612602234
baseline_ema,0RZDK210BSMWAA6467LU,0,28,0.052106233303139564,0.16190654039382935,0.011154381558299065,0.46368045560696186,0.4177522645435453,,3513,9164,28177,30206,"[1, 64, 28, 28, 20]",0.675304406877027,0.0458197295665741,0.032532140612602234
baseline_ema,0RZDK210BSMWAA6467LU,0,29,0.18978464251668917,0.5897063612937927,-0.007035640999674797,0.48473848077272924,0.33009534470860535,,3513,9164,28177,30206,"[1, 64, 28, 28, 20]",0.675304406877027,0.0458197295665741,0.032532140612602234
baseline_ema,0RZDK210BSMWAA6467LU,0,30,-0.0496973288296502,0.0,0.004455588757991791,0.39330151650852874,0.43443800962122686,,3513,9164,28177,30206,"[1, 64, 28, 28, 20]",0.675304406877027,0.0458197295665741,0.032532140612602234
baseline_ema,0RZDK210BSMWAA6467LU,0,31,0.05681313009537688,0.17653200030326843,-0.0034257161896675825,0.4942884304934821,0.44114355461500676,,3513,9164,28177,30206,"[1, 64, 28, 28, 20]",0.675304406877027,0.0458197295665741,0.032532140612602234
baseline_ema,0RZDK210BSMWAA6467LU,0,32,0.005530496685025932,0.017184577882289886,-0.026182107627391815,0.32342571637102696,0.31986797720073357,,3513,9164,28177,30206,"[1, 64, 28, 28, 20]",0.675304406877027,0.0458197295665741,0.032532140612602234
baseline_ema,0RZDK210BSMWAA6467LU,0,33,0.2762891673826408,0.8584966063499451,0.05143953114748001,0.29631417931325377,0.1680226633731701,high,3513,9164,28177,30206,"[1, 64, 28, 28, 20]",0.675304406877027,0.0458197295665741,0.032532140612602234
baseline_ema,0RZDK210BSMWAA6467LU,0,34,0.0361120455288788,0.1122087761759758,-0.003957257140427828,0.41305191549168546,0.38425933905477083,,3513,9164,28177,30206,"[1, 64, 28, 28, 20]",0.675304406877027,0.0458197295665741,0.032532140612602234
baseline_ema,0RZDK210BSMWAA6467LU,0,35,0.1240206727798995,0.3853619396686554,-0.011171102523803711,0.45255365586641977,0.3526870391055673,,3513,9164,28177,30206,"[1, 64, 28, 28, 20]",0.675304406877027,0.0458197295665741,0.032532140612602234
baseline_ema,0RZDK210BSMWAA6467LU,0,36,-0.10275336716331371,0.0,0.009537972509860992,0.38218255429617964,0.4697183427059644,low,3513,9164,28177,30206,"[1, 64, 28, 28, 20]",0.675304406877027,0.0458197295665741,0.032532140612602234
baseline_ema,0RZDK210BSMWAA6467LU,0,37,0.08557732106019915,0.26590922474861145,-0.06435741484165192,0.37448812662914693,0.3154453798570662,,3513,9164,28177,30206,"[1, 64, 28, 28, 20]",0.675304406877027,0.0458197295665741,0.032532140612602234
baseline_ema,0RZDK210BSMWAA6467LU,0,38,0.1609066870313531,0.49997562170028687,-0.02037036418914795,0.5622939944657582,0.4064210974427934,,3513,9164,28177,30206,"[1, 64, 28, 28, 20]",0.675304406877027,0.0458197295665741,0.032532140612602234
baseline_ema,0RZDK210BSMWAA6467LU,0,39,0.2280135738788592,0.7084927558898926,-0.002398114651441574,0.4215159996555786,0.2649843690942106,,3513,9164,28177,30206,"[1, 64, 28, 28, 20]",0.675304406877027,0.0458197295665741,0.032532140612602234
baseline_ema,0RZDK210BSMWAA6467LU,0,40,0.002767612593997296,0.00859963521361351,0.03504655882716179,0.44908905797946186,0.44661010692263337,,3513,9164,28177,30206,"[1, 64, 28, 28, 20]",0.675304406877027,0.0458197295665741,0.032532140612602234
baseline_ema,0RZDK210BSMWAA6467LU,0,41,0.07247084831828268,0.22518427670001984,-0.026804694905877113,0.44882789849604193,0.38816988650560097,,3513,9164,28177,30206,"[1, 64, 28, 28, 20]",0.675304406877027,0.0458197295665741,0.032532140612602234
baseline_ema,0RZDK210BSMWAA6467LU,0,42,-0.09231472951425973,0.0,-0.010477261617779732,0.3190755072481126,0.38397777295930274,low,3513,9164,28177,30206,"[1, 64, 28, 28, 20]",0.675304406877027,0.0458197295665741,0.032532140612602234
baseline_ema,0RZDK210BSMWAA6467LU,0,43,0.12416767957668844,0.3858187198638916,-0.028562845662236214,0.4137442551819749,0.32234556596273684,,3513,9164,28177,30206,"[1, 64, 28, 28, 20]",0.675304406877027,0.0458197295665741,0.032532140612602234
baseline_ema,0RZDK210BSMWAA6467LU,0,44,0.14552320925558948,0.45217546820640564,-0.013745911419391632,0.33343302599756364,0.24871659880600216,,3513,9164,28177,30206,"[1, 64, 28, 28, 20]",0.675304406877027,0.0458197295665741,0.032532140612602234
baseline_ema,0RZDK210BSMWAA6467LU,0,45,0.06512049774099128,0.20234498381614685,-0.029295939952135086,0.4454634367495814,0.39099291750162984,,3513,9164,28177,30206,"[1, 64, 28, 28, 20]",0.675304406877027,0.0458197295665741,0.032532140612602234
baseline_ema,0RZDK210BSMWAA6467LU,0,46,0.10557775846475065,0.32805538177490234,-0.019350264221429825,0.4384811881051567,0.3547350862981378,,3513,9164,28177,30206,"[1, 64, 28, 28, 20]",0.675304406877027,0.0458197295665741,0.032532140612602234
baseline_ema,0RZDK210BSMWAA6467LU,0,47,0.08409648860584737,0.2613079249858856,-0.03821144998073578,0.5065016685032133,0.4279200029595035,middle,3513,9164,28177,30206,"[1, 64, 28, 28, 20]",0.675304406877027,0.0458197295665741,0.032532140612602234
baseline_ema,0RZDK210BSMWAA6467LU,0,48,0.19426226771701605,0.603619396686554,-0.06571902334690094,0.35759436486642426,0.24125946716308003,,3513,9164,28177,30206,"[1, 64, 28, 28, 20]",0.675304406877027,0.0458197295665741,0.032532140612602234
baseline_ema,0RZDK210BSMWAA6467LU,0,49,-0.007310729285917059,0.0,0.012575591914355755,0.4316555068390123,0.43801342830293616,,3513,9164,28177,30206,"[1, 64, 28, 28, 20]",0.675304406877027,0.0458197295665741,0.032532140612602234
baseline_ema,0RZDK210BSMWAA6467LU,0,50,0.11531026172628193,0.35829660296440125,0.0003199452185072005,0.4123368024456026,0.3270749270802339,,3513,9164,28177,30206,"[1, 64, 28, 28, 20]",0.675304406877027,0.0458197295665741,0.032532140612602234
baseline_ema,0RZDK210BSMWAA6467LU,0,51,0.17862901018402313,0.55504310131073,-0.10225377976894379,0.46863234699243295,0.3265835413467804,,3513,9164,28177,30206,"[1, 64, 28, 28, 20]",0.675304406877027,0.0458197295665741,0.032532140612602234
baseline_ema,0RZDK210BSMWAA6467LU,0,52,0.09044575901278362,0.2810366451740265,-0.021198762580752373,0.38472043014143714,0.32089996727632647,,3513,9164,28177,30206,"[1, 64, 28, 28, 20]",0.675304406877027,0.0458197295665741,0.032532140612602234
baseline_ema,0RZDK210BSMWAA6467LU,0,53,0.20519878854906215,0.6376017928123474,-0.04125657677650452,0.46476943776743046,0.3065047114997981,,3513,9164,28177,30206,"[1, 64, 28, 28, 20]",0.675304406877027,0.0458197295665741,0.032532140612602234
baseline_ema,0RZDK210BSMWAA6467LU,0,54,-0.004037591500247743,0.0,-0.014191200956702232,0.4506269849667754,0.45428063632460236,,3513,9164,28177,30206,"[1, 64, 28, 28, 20]",0.675304406877027,0.0458197295665741,0.032532140612602234
baseline_ema,0RZDK210BSMWAA6467LU,0,55,0.07203917974261421,0.22384297847747803,-0.019909687340259552,0.47597749904232217,0.4120077015303093,,3513,9164,28177,30206,"[1, 64, 28, 28, 20]",0.675304406877027,0.0458197295665741,0.032532140612602234
baseline_ema,0RZDK210BSMWAA6467LU,0,56,-0.04763363876657279,0.0,-0.011273161508142948,0.4053729637662009,0.4459233526177887,,3513,9164,28177,30206,"[1, 64, 28, 28, 20]",0.675304406877027,0.0458197295665741,0.032532140612602234
baseline_ema,0RZDK210BSMWAA6467LU,0,57,0.1630940015789326,0.5067721009254456,-0.024876562878489494,0.5972812749576203,0.42977447909113864,,3513,9164,28177,30206,"[1, 64, 28, 28, 20]",0.675304406877027,0.0458197295665741,0.032532140612602234
baseline_ema,0RZDK210BSMWAA6467LU,0,58,-0.07332859967676084,0.0,0.017947163432836533,0.3487941736007827,0.4039952405182179,,3513,9164,28177,30206,"[1, 64, 28, 28, 20]",0.675304406877027,0.0458197295665741,0.032532140612602234
baseline_ema,0RZDK210BSMWAA6467LU,0,59,0.13201682832473505,0.4102078974246979,-0.049445927143096924,0.37565212739487913,0.28803422776715537,,3513,9164,28177,30206,"[1, 64, 28, 28, 20]",0.675304406877027,0.0458197295665741,0.032532140612602234
baseline_ema,0RZDK210BSMWAA6467LU,0,60,0.02514897290434335,0.0781438797712326,0.02504749223589897,0.48895805987574925,0.4649677796361389,,3513,9164,28177,30206,"[1, 64, 28, 28, 20]",0.675304406877027,0.0458197295665741,0.032532140612602234
baseline_ema,0RZDK210BSMWAA6467LU,0,61,0.3218280694174397,0.9999969005584717,-0.0026172769721597433,0.4977434386130296,0.25537005506298516,high,3513,9164,28177,30206,"[1, 64, 28, 28, 20]",0.675304406877027,0.0458197295665741,0.032532140612602234
baseline_ema,0RZDK210BSMWAA6467LU,0,62,0.16392018059520755,0.5093392729759216,0.005726581439375877,0.4342378851570943,0.3119263457525248,,3513,9164,28177,30206,"[1, 64, 28, 28, 20]",0.675304406877027,0.0458197295665741,0.032532140612602234
baseline_ema,0RZDK210BSMWAA6467LU,0,63,0.2093254365235373,0.6504242420196533,-0.04539673030376434,0.5287192886585047,0.3456841895577511,,3513,9164,28177,30206,"[1, 64, 28, 28, 20]",0.675304406877027,0.0458197295665741,0.032532140612602234
baseline_ema,0RZDK210BSMWAA6467LU,1,0,0.19547897744111964,0.6775057315826416,0.03234200179576874,0.4699156334226088,0.31623877757164826,,3854,8352,30281,32845,"[1, 64, 28, 28, 20]",0.6824536327317153,0.04593158885836601,0.03165855258703232
baseline_ema,0RZDK210BSMWAA6467LU,1,1,0.12936051122196374,0.4483473598957062,-0.03731739521026611,0.5529301302169205,0.4262612972191188,,3854,8352,30281,32845,"[1, 64, 28, 28, 20]",0.6824536327317153,0.04593158885836601,0.03165855258703232
baseline_ema,0RZDK210BSMWAA6467LU,1,2,0.21669653147959678,0.7510430812835693,-0.05183845013380051,0.46704334635298245,0.3006801178320533,,3854,8352,30281,32845,"[1, 64, 28, 28, 20]",0.6824536327317153,0.04593158885836601,0.03165855258703232
baseline_ema,0RZDK210BSMWAA6467LU,1,3,0.07103435746744631,0.2461962103843689,-0.002572042867541313,0.38962394372404685,0.33794171369924564,,3854,8352,30281,32845,"[1, 64, 28, 28, 20]",0.6824536327317153,0.04593158885836601,0.03165855258703232
baseline_ema,0RZDK210BSMWAA6467LU,1,4,0.043583084651852684,0.1510535180568695,-0.025085894390940666,0.38704622716206405,0.3547178183899838,,3854,8352,30281,32845,"[1, 64, 28, 28, 20]",0.6824536327317153,0.04593158885836601,0.03165855258703232
baseline_ema,0RZDK210BSMWAA6467LU,1,5,0.029052847104025566,0.10069353878498077,0.015250138938426971,0.4367835293571089,0.41212042355432305,,3854,8352,30281,32845,"[1, 64, 28, 28, 20]",0.6824536327317153,0.04593158885836601,0.03165855258703232
baseline_ema,0RZDK210BSMWAA6467LU,1,6,0.09963941465912454,0.34533774852752686,-0.025452973321080208,0.4579852094853729,0.37498813352204496,,3854,8352,30281,32845,"[1, 64, 28, 28, 20]",0.6824536327317153,0.04593158885836601,0.03165855258703232
baseline_ema,0RZDK210BSMWAA6467LU,1,7,0.2010117141267353,0.6966814994812012,-0.07198895514011383,0.4059911819950766,0.2700906192293498,,3854,8352,30281,32845,"[1, 64, 28, 28, 20]",0.6824536327317153,0.04593158885836601,0.03165855258703232
baseline_ema,0RZDK210BSMWAA6467LU,1,8,0.07915031719167658,0.27432510256767273,-0.05118732899427414,0.3401941662573041,0.2902909872242769,middle,3854,8352,30281,32845,"[1, 64, 28, 28, 20]",0.6824536327317153,0.04593158885836601,0.03165855258703232
baseline_ema,0RZDK210BSMWAA6467LU,1,9,0.20825620456234548,0.7217899560928345,-0.0742601677775383,0.4287960620514587,0.280980484188045,,3854,8352,30281,32845,"[1, 64, 28, 28, 20]",0.6824536327317153,0.04593158885836601,0.03165855258703232
baseline_ema,0RZDK210BSMWAA6467LU,1,10,0.04522690249000174,0.15675079822540283,0.002505280077457428,0.4437625354517347,0.4053593380498485,,3854,8352,30281,32845,"[1, 64, 28, 28, 20]",0.6824536327317153,0.04593158885836601,0.03165855258703232
baseline_ema,0RZDK210BSMWAA6467LU,1,11,0.03270486566406922,0.11335097998380661,-0.04367581009864807,0.3940490145550868,0.3690906031696059,,3854,8352,30281,32845,"[1, 64, 28, 28, 20]",0.6824536327317153,0.04593158885836601,0.03165855258703232
baseline_ema,0RZDK210BSMWAA6467LU,1,12,-0.020921262709637737,0.0,0.004469922743737698,0.36815817464865813,0.3838920355891442,,3854,8352,30281,32845,"[1, 64, 28, 28, 20]",0.6824536327317153,0.04593158885836601,0.03165855258703232
baseline_ema,0RZDK210BSMWAA6467LU,1,13,0.004691401095283573,0.01625980995595455,-0.03143477067351341,0.4772008382024465,0.472744260036707,,3854,8352,30281,32845,"[1, 64, 28, 28, 20]",0.6824536327317153,0.04593158885836601,0.03165855258703232
baseline_ema,0RZDK210BSMWAA6467LU,1,14,0.12077734526639272,0.4185991883277893,-0.007680422626435757,0.5089680239278097,0.3992729673605406,,3854,8352,30281,32845,"[1, 64, 28, 28, 20]",0.6824536327317153,0.04593158885836601,0.03165855258703232
baseline_ema,0RZDK210BSMWAA6467LU,1,15,-0.024287706323798106,0.0,0.027393922209739685,0.4148334778919372,0.4354858072588477,,3854,8352,30281,32845,"[1, 64, 28, 28, 20]",0.6824536327317153,0.04593158885836601,0.03165855258703232
baseline_ema,0RZDK210BSMWAA6467LU,1,16,-0.02088206224018333,0.0,0.0072546242736279964,0.38828165644700463,0.4048437718878269,,3854,8352,30281,32845,"[1, 64, 28, 28, 20]",0.6824536327317153,0.04593158885836601,0.03165855258703232
baseline_ema,0RZDK210BSMWAA6467LU,1,17,0.12029734018429218,0.416935533285141,-0.00919937714934349,0.4183320130846772,0.328491063130411,,3854,8352,30281,32845,"[1, 64, 28, 28, 20]",0.6824536327317153,0.04593158885836601,0.03165855258703232
baseline_ema,0RZDK210BSMWAA6467LU,1,18,0.14665650253706475,0.508293092250824,-0.07630525529384613,0.5072371904237025,0.3774865537370824,,3854,8352,30281,32845,"[1, 64, 28, 28, 20]",0.6824536327317153,0.04593158885836601,0.03165855258703232
baseline_ema,0RZDK210BSMWAA6467LU,1,19,0.21894235055374836,0.7588268518447876,0.04195151850581169,0.47005231821219995,0.301193686207101,high,3854,8352,30281,32845,"[1, 64, 28, 28, 20]",0.6824536327317153,0.04593158885836601,0.03165855258703232
baseline_ema,0RZDK210BSMWAA6467LU,1,20,0.026297429557366147,0.09114360064268112,-0.02990170195698738,0.32448514546166424,0.3078561680168218,,3854,8352,30281,32845,"[1, 64, 28, 28, 20]",0.6824536327317153,0.04593158885836601,0.03165855258703232
baseline_ema,0RZDK210BSMWAA6467LU,1,21,0.24336977743107838,0.8434892296791077,-0.023676371201872826,0.551265645247117,0.33546255672220526,high,3854,8352,30281,32845,"[1, 64, 28, 28, 20]",0.6824536327317153,0.04593158885836601,0.03165855258703232
baseline_ema,0RZDK210BSMWAA6467LU,1,22,-0.023449981667632493,0.0,-0.016797222197055817,0.40340106704680234,0.4227749018209718,,3854,8352,30281,32845,"[1, 64, 28, 28, 20]",0.6824536327317153,0.04593158885836601,0.03165855258703232
baseline_ema,0RZDK210BSMWAA6467LU,1,23,-0.0808734751216924,0.0,-0.01628972589969635,0.3379921202360146,0.3974717174929691,low,3854,8352,30281,32845,"[1, 64, 28, 28, 20]",0.6824536327317153,0.04593158885836601,0.03165855258703232
baseline_ema,0RZDK210BSMWAA6467LU,1,24,0.131764331859011,0.45667871832847595,-0.06360664963722229,0.4834023398118401,0.3708431251175031,,3854,8352,30281,32845,"[1, 64, 28, 28, 20]",0.6824536327317153,0.04593158885836601,0.03165855258703232
baseline_ema,0RZDK210BSMWAA6467LU,1,25,-0.021917625639975742,0.0,-0.030124623328447342,0.3877043471957151,0.40508032681133754,,3854,8352,30281,32845,"[1, 64, 28, 28, 20]",0.6824536327317153,0.04593158885836601,0.03165855258703232
baseline_ema,0RZDK210BSMWAA6467LU,1,26,0.07958647158597458,0.2758367657661438,-0.004973415285348892,0.36558324428974037,0.3116820125811462,middle,3854,8352,30281,32845,"[1, 64, 28, 28, 20]",0.6824536327317153,0.04593158885836601,0.03165855258703232
baseline_ema,0RZDK210BSMWAA6467LU,1,27,-0.012718480969475015,0.0,0.017851436510682106,0.4182842833314377,0.4290612440140318,,3854,8352,30281,32845,"[1, 64, 28, 28, 20]",0.6824536327317153,0.04593158885836601,0.03165855258703232
baseline_ema,0RZDK210BSMWAA6467LU,1,28,0.094724184762,0.32830217480659485,-0.00021019717678427696,0.4755037839571691,0.3932150097149635,middle,3854,8352,30281,32845,"[1, 64, 28, 28, 20]",0.6824536327317153,0.04593158885836601,0.03165855258703232
baseline_ema,0RZDK210BSMWAA6467LU,1,29,0.18595417075526013,0.6444939374923706,0.035609737038612366,0.47215780416453645,0.3240917016435393,,3854,8352,30281,32845,"[1, 64, 28, 28, 20]",0.6824536327317153,0.04593158885836601,0.03165855258703232
baseline_ema,0RZDK210BSMWAA6467LU,1,30,-0.04708037784561646,0.0,-0.019316155463457108,0.37818999245782775,0.41556009350009515,low,3854,8352,30281,32845,"[1, 64, 28, 28, 20]",0.6824536327317153,0.04593158885836601,0.03165855258703232
baseline_ema,0RZDK210BSMWAA6467LU,1,31,0.07350061851686454,0.2547439634799957,-0.03391864150762558,0.4941705160066374,0.42650054972422,,3854,8352,30281,32845,"[1, 64, 28, 28, 20]",0.6824536327317153,0.04593158885836601,0.03165855258703232
baseline_ema,0RZDK210BSMWAA6467LU,1,32,-0.010134693245194771,0.0,-0.0437091588973999,0.32566084898793807,0.3323293883362448,,3854,8352,30281,32845,"[1, 64, 28, 28, 20]",0.6824536327317153,0.04593158885836601,0.03165855258703232
baseline_ema,0RZDK210BSMWAA6467LU,1,33,0.22575573435398416,0.7824411392211914,0.18944409489631653,0.2864434486310025,0.1809308050233782,high,3854,8352,30281,32845,"[1, 64, 28, 28, 20]",0.6824536327317153,0.04593158885836601,0.03165855258703232
baseline_ema,0RZDK210BSMWAA6467LU,1,34,0.06249826323078031,0.21661117672920227,-0.008854704909026623,0.43082716049176456,0.38014287899347643,,3854,8352,30281,32845,"[1, 64, 28, 28, 20]",0.6824536327317153,0.04593158885836601,0.03165855258703232
baseline_ema,0RZDK210BSMWAA6467LU,1,35,0.1124997589924903,0.38991010189056396,-0.015075428411364555,0.44423356423850263,0.3543886456052693,,3854,8352,30281,32845,"[1, 64, 28, 28, 20]",0.6824536327317153,0.04593158885836601,0.03165855258703232
baseline_ema,0RZDK210BSMWAA6467LU,1,36,-0.04805678523252447,0.0,0.006061363033950329,0.3995892881553918,0.4399341329583125,low,3854,8352,30281,32845,"[1, 64, 28, 28, 20]",0.6824536327317153,0.04593158885836601,0.03165855258703232
baseline_ema,0RZDK210BSMWAA6467LU,1,37,0.04626946834651155,0.16036419570446014,-0.07204882800579071,0.36768946351829207,0.3351685506119333,,3854,8352,30281,32845,"[1, 64, 28, 28, 20]",0.6824536327317153,0.04593158885836601,0.03165855258703232
baseline_ema,0RZDK210BSMWAA6467LU,1,38,0.14199787977469552,0.49214690923690796,-0.02281232178211212,0.5657984183461876,0.4250936968981488,,3854,8352,30281,32845,"[1, 64, 28, 28, 20]",0.6824536327317153,0.04593158885836601,0.03165855258703232
baseline_ema,0RZDK210BSMWAA6467LU,1,39,0.16438165489738923,0.569726288318634,-0.03964831680059433,0.41300451760430706,0.29639249784399196,,3854,8352,30281,32845,"[1, 64, 28, 28, 20]",0.6824536327317153,0.04593158885836601,0.03165855258703232
baseline_ema,0RZDK210BSMWAA6467LU,1,40,0.06017530723401532,0.20856009423732758,-0.00802309438586235,0.4436047604894457,0.39324689484508857,,3854,8352,30281,32845,"[1, 64, 28, 28, 20]",0.6824536327317153,0.04593158885836601,0.03165855258703232
baseline_ema,0RZDK210BSMWAA6467LU,1,41,0.03489842671829773,0.12095358222723007,-0.0746707022190094,0.44823417961933637,0.4180038019988029,,3854,8352,30281,32845,"[1, 64, 28, 28, 20]",0.6824536327317153,0.04593158885836601,0.03165855258703232
baseline_ema,0RZDK210BSMWAA6467LU,1,42,-0.05928217581101837,0.0,-0.02454870566725731,0.3262022596135583,0.3673155644712018,low,3854,8352,30281,32845,"[1, 64, 28, 28, 20]",0.6824536327317153,0.04593158885836601,0.03165855258703232
baseline_ema,0RZDK210BSMWAA6467LU,1,43,0.10659766330605207,0.36945417523384094,-0.06564999371767044,0.420629561025917,0.3395916497625097,,3854,8352,30281,32845,"[1, 64, 28, 28, 20]",0.6824536327317153,0.04593158885836601,0.03165855258703232
baseline_ema,0RZDK210BSMWAA6467LU,1,44,0.12959546926893972,0.44916170835494995,-0.027504801750183105,0.3434342972493883,0.26463158437798767,,3854,8352,30281,32845,"[1, 64, 28, 28, 20]",0.6824536327317153,0.04593158885836601,0.03165855258703232
baseline_ema,0RZDK210BSMWAA6467LU,1,45,0.10584671178980577,0.36685147881507874,-0.06071394681930542,0.45470852218344043,0.3676630857659865,,3854,8352,30281,32845,"[1, 64, 28, 28, 20]",0.6824536327317153,0.04593158885836601,0.03165855258703232
baseline_ema,0RZDK210BSMWAA6467LU,1,46,0.11757222062961717,0.407490611076355,-0.04838825762271881,0.44711264113344146,0.3530371372771871,,3854,8352,30281,32845,"[1, 64, 28, 28, 20]",0.6824536327317153,0.04593158885836601,0.03165855258703232
baseline_ema,0RZDK210BSMWAA6467LU,1,47,0.11695261727959001,0.4053431451320648,-0.07890579104423523,0.5210554419300393,0.41193916391598945,,3854,8352,30281,32845,"[1, 64, 28, 28, 20]",0.6824536327317153,0.04593158885836601,0.03165855258703232
baseline_ema,0RZDK210BSMWAA6467LU,1,48,0.13309198527061397,0.4612801969051361,-0.11597753316164017,0.3576058381457883,0.2735975879633275,,3854,8352,30281,32845,"[1, 64, 28, 28, 20]",0.6824536327317153,0.04593158885836601,0.03165855258703232
baseline_ema,0RZDK210BSMWAA6467LU,1,49,0.005427855483285737,0.01881226897239685,-0.022141972556710243,0.4292349424917281,0.424600441990388,,3854,8352,30281,32845,"[1, 64, 28, 28, 20]",0.6824536327317153,0.04593158885836601,0.03165855258703232
baseline_ema,0RZDK210BSMWAA6467LU,1,50,0.1242149105284086,0.4305133521556854,-0.003502076491713524,0.41744134913137376,0.32519474849467683,,3854,8352,30281,32845,"[1, 64, 28, 28, 20]",0.6824536327317153,0.04593158885836601,0.03165855258703232
baseline_ema,0RZDK210BSMWAA6467LU,1,51,0.1197638504568792,0.4150865375995636,-0.27285754680633545,0.478613594532955,0.3762336743010028,,3854,8352,30281,32845,"[1, 64, 28, 28, 20]",0.6824536327317153,0.04593158885836601,0.03165855258703232
baseline_ema,0RZDK210BSMWAA6467LU,1,52,0.06971982108603868,0.24164018034934998,-0.031315650790929794,0.4048248119406014,0.35205520299581505,,3854,8352,30281,32845,"[1, 64, 28, 28, 20]",0.6824536327317153,0.04593158885836601,0.03165855258703232
baseline_ema,0RZDK210BSMWAA6467LU,1,53,0.16641125909272736,0.5767606496810913,-0.0729062408208847,0.45603559759109924,0.3259107542302797,,3854,8352,30281,32845,"[1, 64, 28, 28, 20]",0.6824536327317153,0.04593158885836601,0.03165855258703232
baseline_ema,0RZDK210BSMWAA6467LU,1,54,0.035180984729010906,0.12193289399147034,-0.01232902891933918,0.46487196860496643,0.4332742645122657,,3854,8352,30281,32845,"[1, 64, 28, 28, 20]",0.6824536327317153,0.04593158885836601,0.03165855258703232
baseline_ema,0RZDK210BSMWAA6467LU,1,55,0.038497896662645574,0.1334289014339447,0.011373981833457947,0.4715502658318292,0.43658878403677776,,3854,8352,30281,32845,"[1, 64, 28, 28, 20]",0.6824536327317153,0.04593158885836601,0.03165855258703232
baseline_ema,0RZDK210BSMWAA6467LU,1,56,-0.03925782314615724,0.0,-0.05129953473806381,0.4028011306236908,0.4357196712248582,,3854,8352,30281,32845,"[1, 64, 28, 28, 20]",0.6824536327317153,0.04593158885836601,0.03165855258703232
baseline_ema,0RZDK210BSMWAA6467LU,1,57,0.14243582409501615,0.49366477131843567,-0.05121928080916405,0.6030076156105485,0.4526447574587408,,3854,8352,30281,32845,"[1, 64, 28, 28, 20]",0.6824536327317153,0.04593158885836601,0.03165855258703232
baseline_ema,0RZDK210BSMWAA6467LU,1,58,-0.02981434948713767,0.0,0.02370734140276909,0.3632302764475787,0.385554847642314,,3854,8352,30281,32845,"[1, 64, 28, 28, 20]",0.6824536327317153,0.04593158885836601,0.03165855258703232
baseline_ema,0RZDK210BSMWAA6467LU,1,59,0.09135430379769015,0.3166225850582123,-0.10121355205774307,0.37935595852041354,0.3158461614935554,middle,3854,8352,30281,32845,"[1, 64, 28, 28, 20]",0.6824536327317153,0.04593158885836601,0.03165855258703232
baseline_ema,0RZDK210BSMWAA6467LU,1,60,0.05094754156500836,0.17657780647277832,0.06823282688856125,0.4937334864098913,0.4458632896592208,,3854,8352,30281,32845,"[1, 64, 28, 28, 20]",0.6824536327317153,0.04593158885836601,0.03165855258703232
baseline_ema,0RZDK210BSMWAA6467LU,1,61,0.2885264263963747,0.999996542930603,-0.015547769144177437,0.49916791028611857,0.2756206478638748,high,3854,8352,30281,32845,"[1, 64, 28, 28, 20]",0.6824536327317153,0.04593158885836601,0.03165855258703232
baseline_ema,0RZDK210BSMWAA6467LU,1,62,0.12271976296254435,0.42533135414123535,0.0117035498842597,0.40728171248217265,0.31824511007520084,,3854,8352,30281,32845,"[1, 64, 28, 28, 20]",0.6824536327317153,0.04593158885836601,0.03165855258703232
baseline_ema,0RZDK210BSMWAA6467LU,1,63,0.1719696723745839,0.5960254073143005,-0.052385494112968445,0.5301203634927731,0.3745451581564942,,3854,8352,30281,32845,"[1, 64, 28, 28, 20]",0.6824536327317153,0.04593158885836601,0.03165855258703232
baseline_ema,0RZDK210BSMWAA6467LU,2,0,0.32303503242774606,0.6810266375541687,0.00977153517305851,0.48380979340477864,0.24755350390637454,,2635,10522,21253,23200,"[1, 64, 28, 28, 20]",0.8345211113756804,0.04516502097249031,0.03159061819314957
baseline_ema,0RZDK210BSMWAA6467LU,2,1,0.20006457804377883,0.42177873849868774,-0.02699597179889679,0.5663967445175088,0.3775468645980956,,2635,10522,21253,23200,"[1, 64, 28, 28, 20]",0.8345211113756804,0.04516502097249031,0.03159061819314957
baseline_ema,0RZDK210BSMWAA6467LU,2,2,0.33701247853999655,0.7104941010475159,-0.05920039862394333,0.4918546519699936,0.24389687070966637,,2635,10522,21253,23200,"[1, 64, 28, 28, 20]",0.8345211113756804,0.04516502097249031,0.03159061819314957
baseline_ema,0RZDK210BSMWAA6467LU,2,3,0.10135629499037964,0.21368065476417542,-0.02313951775431633,0.4376377799353373,0.35708728995862027,,2635,10522,21253,23200,"[1, 64, 28, 28, 20]",0.8345211113756804,0.04516502097249031,0.03159061819314957
baseline_ema,0RZDK210BSMWAA6467LU,2,4,0.1466005588068433,0.30906519293785095,-0.085234634578228,0.5104626756735907,0.3799304057749314,,2635,10522,21253,23200,"[1, 64, 28, 28, 20]",0.8345211113756804,0.04516502097249031,0.03159061819314957
baseline_ema,0RZDK210BSMWAA6467LU,2,5,0.12975845449136558,0.27355846762657166,0.02667275257408619,0.4223734011267227,0.32534985700575014,middle,2635,10522,21253,23200,"[1, 64, 28, 28, 20]",0.8345211113756804,0.04516502097249031,0.03159061819314957
baseline_ema,0RZDK210BSMWAA6467LU,2,6,0.12620074735389625,0.2660580575466156,0.015520421788096428,0.453082285998557,0.3515384247632468,middle,2635,10522,21253,23200,"[1, 64, 28, 28, 20]",0.8345211113756804,0.04516502097249031,0.03159061819314957
baseline_ema,0RZDK210BSMWAA6467LU,2,7,0.2961866070527272,0.6244244575500488,-0.09714721143245697,0.4116661146733127,0.22352941094017348,,2635,10522,21253,23200,"[1, 64, 28, 28, 20]",0.8345211113756804,0.04516502097249031,0.03159061819314957
baseline_ema,0RZDK210BSMWAA6467LU,2,8,0.14104957309757957,0.2973625361919403,-0.09269407391548157,0.34237171869960914,0.25772779712667454,,2635,10522,21253,23200,"[1, 64, 28, 28, 20]",0.8345211113756804,0.04516502097249031,0.03159061819314957
baseline_ema,0RZDK210BSMWAA6467LU,2,9,0.3549877726360274,0.7483898401260376,-0.07796351611614227,0.4715654061948156,0.2244781127567014,high,2635,10522,21253,23200,"[1, 64, 28, 28, 20]",0.8345211113756804,0.04516502097249031,0.03159061819314957
baseline_ema,0RZDK210BSMWAA6467LU,2,10,0.1059427532888445,0.22334988415241241,0.014190350659191608,0.5241763952693397,0.42375032288884934,,2635,10522,21253,23200,"[1, 64, 28, 28, 20]",0.8345211113756804,0.04516502097249031,0.03159061819314957
baseline_ema,0RZDK210BSMWAA6467LU,2,11,0.045515791844037014,0.09595698118209839,-0.009049068205058575,0.39001707662737695,0.35605879694998005,,2635,10522,21253,23200,"[1, 64, 28, 28, 20]",0.8345211113756804,0.04516502097249031,0.03159061819314957
baseline_ema,0RZDK210BSMWAA6467LU,2,12,-0.06831424768967753,0.0,0.017008857801556587,0.3753260799398722,0.4303664256421683,,2635,10522,21253,23200,"[1, 64, 28, 28, 20]",0.8345211113756804,0.04516502097249031,0.03159061819314957
baseline_ema,0RZDK210BSMWAA6467LU,2,13,0.12107584228906211,0.2552536725997925,0.016611291095614433,0.5327548994429134,0.417680064559504,,2635,10522,21253,23200,"[1, 64, 28, 28, 20]",0.8345211113756804,0.04516502097249031,0.03159061819314957
baseline_ema,0RZDK210BSMWAA6467LU,2,14,0.09559816840783592,0.20154130458831787,-0.02256334014236927,0.5059706013434986,0.41767196786544714,,2635,10522,21253,23200,"[1, 64, 28, 28, 20]",0.8345211113756804,0.04516502097249031,0.03159061819314957
baseline_ema,0RZDK210BSMWAA6467LU,2,15,0.04390053974143946,0.09255168586969376,-0.01753835752606392,0.5030706015017866,0.46075796338452096,,2635,10522,21253,23200,"[1, 64, 28, 28, 20]",0.8345211113756804,0.04516502097249031,0.03159061819314957
baseline_ema,0RZDK210BSMWAA6467LU,2,16,-0.1327809428072108,0.0,0.01878751814365387,0.3588192937014478,0.4686979457222956,low,2635,10522,21253,23200,"[1, 64, 28, 28, 20]",0.8345211113756804,0.04516502097249031,0.03159061819314957
baseline_ema,0RZDK210BSMWAA6467LU,2,17,0.239757156243692,0.5054591298103333,-0.09048427641391754,0.4720577944898925,0.2894746915037188,,2635,10522,21253,23200,"[1, 64, 28, 28, 20]",0.8345211113756804,0.04516502097249031,0.03159061819314957
baseline_ema,0RZDK210BSMWAA6467LU,2,18,0.15905362791326086,0.335318922996521,-0.13030320405960083,0.4689106961368242,0.3402160005359232,,2635,10522,21253,23200,"[1, 64, 28, 28, 20]",0.8345211113756804,0.04516502097249031,0.03159061819314957
baseline_ema,0RZDK210BSMWAA6467LU,2,19,0.34065644168943593,0.7181763052940369,0.06197278946638107,0.48422871283299695,0.23814657653580318,high,2635,10522,21253,23200,"[1, 64, 28, 28, 20]",0.8345211113756804,0.04516502097249031,0.03159061819314957
baseline_ema,0RZDK210BSMWAA6467LU,2,20,-0.057092470800924736,0.0,-0.028380027040839195,0.27412784249315025,0.3073244474726228,,2635,10522,21253,23200,"[1, 64, 28, 28, 20]",0.8345211113756804,0.04516502097249031,0.03159061819314957
baseline_ema,0RZDK210BSMWAA6467LU,2,21,0.22316525552785543,0.4704798758029938,-0.03287553787231445,0.5585228347914567,0.35471880722656995,,2635,10522,21253,23200,"[1, 64, 28, 28, 20]",0.8345211113756804,0.04516502097249031,0.03159061819314957
baseline_ema,0RZDK210BSMWAA6467LU,2,22,0.05782705528664565,0.12191174924373627,-0.06214131414890289,0.4367320967302702,0.3889833463265321,,2635,10522,21253,23200,"[1, 64, 28, 28, 20]",0.8345211113756804,0.04516502097249031,0.03159061819314957
baseline_ema,0RZDK210BSMWAA6467LU,2,23,-0.1076066425274091,0.0,-0.015008574351668358,0.2934937645172465,0.3642740591962602,,2635,10522,21253,23200,"[1, 64, 28, 28, 20]",0.8345211113756804,0.04516502097249031,0.03159061819314957
baseline_ema,0RZDK210BSMWAA6467LU,2,24,0.19573627900254725,0.41265377402305603,-0.02658781409263611,0.5467489506360164,0.36774843874479396,,2635,10522,21253,23200,"[1, 64, 28, 28, 20]",0.8345211113756804,0.04516502097249031,0.03159061819314957
baseline_ema,0RZDK210BSMWAA6467LU,2,25,-0.10821431368903559,0.0,-0.026668276637792587,0.3409505973669896,0.4236964623644837,low,2635,10522,21253,23200,"[1, 64, 28, 28, 20]",0.8345211113756804,0.04516502097249031,0.03159061819314957
baseline_ema,0RZDK210BSMWAA6467LU,2,26,0.036565339317712324,0.07708752155303955,0.028087051585316658,0.3346917054439,0.31107884941862507,,2635,10522,21253,23200,"[1, 64, 28, 28, 20]",0.8345211113756804,0.04516502097249031,0.03159061819314957
baseline_ema,0RZDK210BSMWAA6467LU,2,27,0.023047197498167984,0.048588402569293976,-0.02609231323003769,0.46663954994680784,0.4456146247664653,,2635,10522,21253,23200,"[1, 64, 28, 28, 20]",0.8345211113756804,0.04516502097249031,0.03159061819314957
baseline_ema,0RZDK210BSMWAA6467LU,2,28,-0.0125893240130052,0.0,-0.012199055403470993,0.44999097176892433,0.4614656065464456,,2635,10522,21253,23200,"[1, 64, 28, 28, 20]",0.8345211113756804,0.04516502097249031,0.03159061819314957
baseline_ema,0RZDK210BSMWAA6467LU,2,29,0.2013649011751037,0.4245201051235199,0.07097680866718292,0.4904673337189753,0.3260493342089437,,2635,10522,21253,23200,"[1, 64, 28, 28, 20]",0.8345211113756804,0.04516502097249031,0.03159061819314957
baseline_ema,0RZDK210BSMWAA6467LU,2,30,-0.11576112353714768,0.0,-0.03153635188937187,0.320209201433653,0.4040504253204237,low,2635,10522,21253,23200,"[1, 64, 28, 28, 20]",0.8345211113756804,0.04516502097249031,0.03159061819314957
baseline_ema,0RZDK210BSMWAA6467LU,2,31,0.07703304297477885,0.16240206360816956,-0.017615117132663727,0.49104202573700806,0.42079998398299534,,2635,10522,21253,23200,"[1, 64, 28, 28, 20]",0.8345211113756804,0.04516502097249031,0.03159061819314957
baseline_ema,0RZDK210BSMWAA6467LU,2,32,0.06897021852878406,0.1454039067029953,-0.05752819404006004,0.33010066092717666,0.2875042465254977,,2635,10522,21253,23200,"[1, 64, 28, 28, 20]",0.8345211113756804,0.04516502097249031,0.03159061819314957
baseline_ema,0RZDK210BSMWAA6467LU,2,33,0.47433437789257527,0.9999979138374329,0.15282616019248962,0.35622570562729544,0.12700994810452337,high,2635,10522,21253,23200,"[1, 64, 28, 28, 20]",0.8345211113756804,0.04516502097249031,0.03159061819314957
baseline_ema,0RZDK210BSMWAA6467LU,2,34,0.09606059721348473,0.20251619815826416,-0.023007890209555626,0.43564178328232156,0.359280936062859,,2635,10522,21253,23200,"[1, 64, 28, 28, 20]",0.8345211113756804,0.04516502097249031,0.03159061819314957
baseline_ema,0RZDK210BSMWAA6467LU,2,35,0.16387131403083702,0.3454756438732147,-0.07552158832550049,0.5055306615388004,0.36317462144018925,,2635,10522,21253,23200,"[1, 64, 28, 28, 20]",0.8345211113756804,0.04516502097249031,0.03159061819314957
baseline_ema,0RZDK210BSMWAA6467LU,2,36,-0.1780135481337749,0.0,0.025953546166419983,0.34621515602899045,0.49617158708513964,low,2635,10522,21253,23200,"[1, 64, 28, 28, 20]",0.8345211113756804,0.04516502097249031,0.03159061819314957
baseline_ema,0RZDK210BSMWAA6467LU,2,37,0.13658592794693328,0.2879522144794464,-0.07627420872449875,0.41119458457588465,0.3123662235817176,middle,2635,10522,21253,23200,"[1, 64, 28, 28, 20]",0.8345211113756804,0.04516502097249031,0.03159061819314957
baseline_ema,0RZDK210BSMWAA6467LU,2,38,0.2029563033835337,0.4278751015663147,-0.022571884095668793,0.5737471044899461,0.3801478980101887,,2635,10522,21253,23200,"[1, 64, 28, 28, 20]",0.8345211113756804,0.04516502097249031,0.03159061819314957
baseline_ema,0RZDK210BSMWAA6467LU,2,39,0.27808382505984064,0.5862599015235901,-0.10178636014461517,0.4908238776628789,0.2772380115453437,,2635,10522,21253,23200,"[1, 64, 28, 28, 20]",0.8345211113756804,0.04516502097249031,0.03159061819314957
baseline_ema,0RZDK210BSMWAA6467LU,2,40,-0.0661841565665683,0.0,0.007018435746431351,0.4246705205668717,0.48486760013481073,,2635,10522,21253,23200,"[1, 64, 28, 28, 20]",0.8345211113756804,0.04516502097249031,0.03159061819314957
baseline_ema,0RZDK210BSMWAA6467LU,2,41,0.06254715768220633,0.13186272978782654,-0.056607913225889206,0.40717224825293946,0.3592355559287558,,2635,10522,21253,23200,"[1, 64, 28, 28, 20]",0.8345211113756804,0.04516502097249031,0.03159061819314957
baseline_ema,0RZDK210BSMWAA6467LU,2,42,-0.039130322271785783,0.0,-0.04638560116291046,0.38103555013470713,0.4120700676859141,,2635,10522,21253,23200,"[1, 64, 28, 28, 20]",0.8345211113756804,0.04516502097249031,0.03159061819314957
baseline_ema,0RZDK210BSMWAA6467LU,2,43,0.24357693607330722,0.5135120749473572,-0.049281369894742966,0.43661149731463117,0.2655748537844784,,2635,10522,21253,23200,"[1, 64, 28, 28, 20]",0.8345211113756804,0.04516502097249031,0.03159061819314957
baseline_ema,0RZDK210BSMWAA6467LU,2,44,0.32664369626052564,0.68863445520401,-0.034804537892341614,0.37931767495411345,0.1925276708632538,,2635,10522,21253,23200,"[1, 64, 28, 28, 20]",0.8345211113756804,0.04516502097249031,0.03159061819314957
baseline_ema,0RZDK210BSMWAA6467LU,2,45,0.018899765872187585,0.039844732731580734,-0.02117215283215046,0.3614722812187326,0.3480622262495777,,2635,10522,21253,23200,"[1, 64, 28, 28, 20]",0.8345211113756804,0.04516502097249031,0.03159061819314957
baseline_ema,0RZDK210BSMWAA6467LU,2,46,0.22841785829608666,0.48155349493026733,-0.027843153104186058,0.47756566062862976,0.29996381469521816,,2635,10522,21253,23200,"[1, 64, 28, 28, 20]",0.8345211113756804,0.04516502097249031,0.03159061819314957
baseline_ema,0RZDK210BSMWAA6467LU,2,47,0.10423884911993836,0.21975769102573395,-0.002148391678929329,0.5055657863607003,0.410116060269137,,2635,10522,21253,23200,"[1, 64, 28, 28, 20]",0.8345211113756804,0.04516502097249031,0.03159061819314957
baseline_ema,0RZDK210BSMWAA6467LU,2,48,0.3049125936709972,0.6428207159042358,-0.11586200445890427,0.43499247881032055,0.23170708170246077,,2635,10522,21253,23200,"[1, 64, 28, 28, 20]",0.8345211113756804,0.04516502097249031,0.03159061819314957
baseline_ema,0RZDK210BSMWAA6467LU,2,49,-0.04161626003196057,0.0,-0.04098795726895332,0.40957563766556665,0.4451459970887028,,2635,10522,21253,23200,"[1, 64, 28, 28, 20]",0.8345211113756804,0.04516502097249031,0.03159061819314957
baseline_ema,0RZDK210BSMWAA6467LU,2,50,0.16497032197426575,0.3477925658226013,0.005975252017378807,0.400230476941803,0.2868778328705445,,2635,10522,21253,23200,"[1, 64, 28, 28, 20]",0.8345211113756804,0.04516502097249031,0.03159061819314957
baseline_ema,0RZDK210BSMWAA6467LU,2,51,0.3283497726529782,0.6922312378883362,-0.33860963582992554,0.5116715522578089,0.2587149808930392,,2635,10522,21253,23200,"[1, 64, 28, 28, 20]",0.8345211113756804,0.04516502097249031,0.03159061819314957
baseline_ema,0RZDK210BSMWAA6467LU,2,52,0.2192596248757769,0.46224600076675415,-0.033602431416511536,0.40908254842411734,0.26195162747748174,,2635,10522,21253,23200,"[1, 64, 28, 28, 20]",0.8345211113756804,0.04516502097249031,0.03159061819314957
baseline_ema,0RZDK210BSMWAA6467LU,2,53,0.24622311024776436,0.5190907716751099,-0.11993277817964554,0.5305402792689781,0.32089659715348706,,2635,10522,21253,23200,"[1, 64, 28, 28, 20]",0.8345211113756804,0.04516502097249031,0.03159061819314957
baseline_ema,0RZDK210BSMWAA6467LU,2,54,-0.023326491542573824,0.0,0.013763178139925003,0.4456550166724812,0.4669427439437593,,2635,10522,21253,23200,"[1, 64, 28, 28, 20]",0.8345211113756804,0.04516502097249031,0.03159061819314957
baseline_ema,0RZDK210BSMWAA6467LU,2,55,0.12216995722888808,0.25756028294563293,-0.010709713213145733,0.49745857082460315,0.3891424409651971,middle,2635,10522,21253,23200,"[1, 64, 28, 28, 20]",0.8345211113756804,0.04516502097249031,0.03159061819314957
baseline_ema,0RZDK210BSMWAA6467LU,2,56,-0.06904418149276456,0.0,-0.012496072798967361,0.41122769323165265,0.47222503261979937,,2635,10522,21253,23200,"[1, 64, 28, 28, 20]",0.8345211113756804,0.04516502097249031,0.03159061819314957
baseline_ema,0RZDK210BSMWAA6467LU,2,57,0.24783509965627742,0.5224891901016235,-0.015361356548964977,0.5761589165726382,0.34729449936957124,,2635,10522,21253,23200,"[1, 64, 28, 28, 20]",0.8345211113756804,0.04516502097249031,0.03159061819314957
baseline_ema,0RZDK210BSMWAA6467LU,2,58,-0.042203955631361284,0.0,0.022951941937208176,0.3938617578692593,0.4285717472322646,,2635,10522,21253,23200,"[1, 64, 28, 28, 20]",0.8345211113756804,0.04516502097249031,0.03159061819314957
baseline_ema,0RZDK210BSMWAA6467LU,2,59,0.20123376508652846,0.42424362897872925,-0.12700705230236053,0.39627561584482607,0.2635052307240324,,2635,10522,21253,23200,"[1, 64, 28, 28, 20]",0.8345211113756804,0.04516502097249031,0.03159061819314957
baseline_ema,0RZDK210BSMWAA6467LU,2,60,-0.06424204035798954,0.0,0.03871259093284607,0.424154083114811,0.48239255293645655,,2635,10522,21253,23200,"[1, 64, 28, 28, 20]",0.8345211113756804,0.04516502097249031,0.03159061819314957
baseline_ema,0RZDK210BSMWAA6467LU,2,61,0.4074570875164256,0.8590063452720642,-0.010216863825917244,0.5059718568666407,0.2130151127907088,high,2635,10522,21253,23200,"[1, 64, 28, 28, 20]",0.8345211113756804,0.04516502097249031,0.03159061819314957
baseline_ema,0RZDK210BSMWAA6467LU,2,62,0.2033527115283164,0.42871081829071045,0.016945011913776398,0.5025965182903264,0.3327303344254476,,2635,10522,21253,23200,"[1, 64, 28, 28, 20]",0.8345211113756804,0.04516502097249031,0.03159061819314957
baseline_ema,0RZDK210BSMWAA6467LU,2,63,0.26935026867397344,0.567847728729248,-0.05581926554441452,0.5561543596938493,0.32012737080076253,,2635,10522,21253,23200,"[1, 64, 28, 28, 20]",0.8345211113756804,0.04516502097249031,0.03159061819314957
baseline_ema,1D7CUD1955YZPGK8XHJX,0,0,0.05276936503118766,0.19317282736301422,0.023911461234092712,0.3711515203961473,0.3339440234896109,middle,1822,12051,14567,16099,"[1, 64, 28, 28, 20]",0.8633834235393065,0.02976723574101925,0.026590388268232346
baseline_ema,1D7CUD1955YZPGK8XHJX,0,1,0.08504320153759265,0.31131768226623535,0.06085875257849693,0.4274878958456114,0.36047677269150546,,1822,12051,14567,16099,"[1, 64, 28, 28, 20]",0.8633834235393065,0.02976723574101925,0.026590388268232346
baseline_ema,1D7CUD1955YZPGK8XHJX,0,2,0.17098305005625059,0.6259177327156067,-0.006216260138899088,0.4902215481497568,0.34706036235216375,,1822,12051,14567,16099,"[1, 64, 28, 28, 20]",0.8633834235393065,0.02976723574101925,0.026590388268232346
baseline_ema,1D7CUD1955YZPGK8XHJX,0,3,0.028985069609059524,0.10610565543174744,0.008130411617457867,0.4345350689047045,0.4100545509957316,,1822,12051,14567,16099,"[1, 64, 28, 28, 20]",0.8633834235393065,0.02976723574101925,0.026590388268232346
baseline_ema,1D7CUD1955YZPGK8XHJX,0,4,0.1544258485161553,0.5653067827224731,-0.15142735838890076,0.47294738278722975,0.346416296884721,,1822,12051,14567,16099,"[1, 64, 28, 28, 20]",0.8633834235393065,0.02976723574101925,0.026590388268232346
baseline_ema,1D7CUD1955YZPGK8XHJX,0,5,0.19570937286994186,0.7164333462715149,0.0025300111155956984,0.43188181721145036,0.29050395504382825,high,1822,12051,14567,16099,"[1, 64, 28, 28, 20]",0.8633834235393065,0.02976723574101925,0.026590388268232346
baseline_ema,1D7CUD1955YZPGK8XHJX,0,6,0.0778929874492469,0.2851428985595703,-0.035064127296209335,0.4993486055013244,0.4271785588260022,,1822,12051,14567,16099,"[1, 64, 28, 28, 20]",0.8633834235393065,0.02976723574101925,0.026590388268232346
baseline_ema,1D7CUD1955YZPGK8XHJX,0,7,0.12962301660287734,0.4745110273361206,-0.06572146713733673,0.45134211556232534,0.34775996383428776,,1822,12051,14567,16099,"[1, 64, 28, 28, 20]",0.8633834235393065,0.02976723574101925,0.026590388268232346
baseline_ema,1D7CUD1955YZPGK8XHJX,0,8,0.10018852946830219,0.3667601943016052,-0.10229501128196716,0.29215995845422016,0.23894884796307655,,1822,12051,14567,16099,"[1, 64, 28, 28, 20]",0.8633834235393065,0.02976723574101925,0.026590388268232346
baseline_ema,1D7CUD1955YZPGK8XHJX,0,9,0.14721649592020017,0.5389154553413391,-0.07874678820371628,0.45417972834861065,0.337614420978118,,1822,12051,14567,16099,"[1, 64, 28, 28, 20]",0.8633834235393065,0.02976723574101925,0.026590388268232346
baseline_ema,1D7CUD1955YZPGK8XHJX,0,10,0.03450259232034,0.12630365788936615,0.052334681153297424,0.4155574011068899,0.38783813785163185,,1822,12051,14567,16099,"[1, 64, 28, 28, 20]",0.8633834235393065,0.02976723574101925,0.026590388268232346
baseline_ema,1D7CUD1955YZPGK8XHJX,0,11,0.019968369630627737,0.07309821993112564,-0.037777289748191833,0.37754489400271485,0.3627621493524717,,1822,12051,14567,16099,"[1, 64, 28, 28, 20]",0.8633834235393065,0.02976723574101925,0.026590388268232346
baseline_ema,1D7CUD1955YZPGK8XHJX,0,12,0.023382025501042434,0.08559458702802658,-0.05159861221909523,0.3268502847392227,0.311914643515572,,1822,12051,14567,16099,"[1, 64, 28, 28, 20]",0.8633834235393065,0.02976723574101925,0.026590388268232346
baseline_ema,1D7CUD1955YZPGK8XHJX,0,13,0.06727398806952653,0.24626991152763367,0.0066068219020962715,0.4501046321799063,0.39336125113475506,,1822,12051,14567,16099,"[1, 64, 28, 28, 20]",0.8633834235393065,0.02976723574101925,0.026590388268232346
baseline_ema,1D7CUD1955YZPGK8XHJX,0,14,0.06059652338835162,0.2218257188796997,0.03517480194568634,0.446701593506203,0.3956575003758642,,1822,12051,14567,16099,"[1, 64, 28, 28, 20]",0.8633834235393065,0.02976723574101925,0.026590388268232346
baseline_ema,1D7CUD1955YZPGK8XHJX,0,15,0.0744842155810443,0.2726643979549408,0.04373689740896225,0.41697283404806496,0.35916289835163817,,1822,12051,14567,16099,"[1, 64, 28, 28, 20]",0.8633834235393065,0.02976723574101925,0.026590388268232346
baseline_ema,1D7CUD1955YZPGK8XHJX,0,16,-0.10240122290888766,0.0,0.03407713770866394,0.33019787246921345,0.40553825395446946,,1822,12051,14567,16099,"[1, 64, 28, 28, 20]",0.8633834235393065,0.02976723574101925,0.026590388268232346
baseline_ema,1D7CUD1955YZPGK8XHJX,0,17,0.13047348828056987,0.4776243269443512,-0.1497391164302826,0.4774322334766944,0.367226527988143,,1822,12051,14567,16099,"[1, 64, 28, 28, 20]",0.8633834235393065,0.02976723574101925,0.026590388268232346
baseline_ema,1D7CUD1955YZPGK8XHJX,0,18,0.010955646121132085,0.040105339139699936,-0.0771079882979393,0.38711126559582265,0.3787210666202955,,1822,12051,14567,16099,"[1, 64, 28, 28, 20]",0.8633834235393065,0.02976723574101925,0.026590388268232346
baseline_ema,1D7CUD1955YZPGK8XHJX,0,19,0.12222158647722484,0.44741660356521606,0.03247435390949249,0.37321799410043116,0.2919232533803083,,1822,12051,14567,16099,"[1, 64, 28, 28, 20]",0.8633834235393065,0.02976723574101925,0.026590388268232346
baseline_ema,1D7CUD1955YZPGK8XHJX,0,20,-0.12978487240123487,0.0,-0.07442381978034973,0.2656515462109686,0.3448908419371957,,1822,12051,14567,16099,"[1, 64, 28, 28, 20]",0.8633834235393065,0.02976723574101925,0.026590388268232346
baseline_ema,1D7CUD1955YZPGK8XHJX,0,21,-0.06497403443800893,0.0,-0.08600352704524994,0.42122003987898465,0.47976044169048787,,1822,12051,14567,16099,"[1, 64, 28, 28, 20]",0.8633834235393065,0.02976723574101925,0.026590388268232346
baseline_ema,1D7CUD1955YZPGK8XHJX,0,22,0.03282480823242073,0.12016178667545319,-0.04213124141097069,0.45904260440284855,0.42986437058752025,,1822,12051,14567,16099,"[1, 64, 28, 28, 20]",0.8633834235393065,0.02976723574101925,0.026590388268232346
baseline_ema,1D7CUD1955YZPGK8XHJX,0,23,-0.13669318245737413,0.0,-0.036277398467063904,0.2830748644232025,0.37271732212655073,low,1822,12051,14567,16099,"[1, 64, 28, 28, 20]",0.8633834235393065,0.02976723574101925,0.026590388268232346
baseline_ema,1D7CUD1955YZPGK8XHJX,0,24,0.1913229983640526,0.7003761529922485,-0.07077591121196747,0.4942214126018934,0.3354802176345216,,1822,12051,14567,16099,"[1, 64, 28, 28, 20]",0.8633834235393065,0.02976723574101925,0.026590388268232346
baseline_ema,1D7CUD1955YZPGK8XHJX,0,25,-0.172385880594264,0.0,-0.009688150137662888,0.243086443156888,0.34435285651184,low,1822,12051,14567,16099,"[1, 64, 28, 28, 20]",0.8633834235393065,0.02976723574101925,0.026590388268232346
baseline_ema,1D7CUD1955YZPGK8XHJX,0,26,-0.07211808884395017,0.0,-0.010056779719889164,0.2994271185977868,0.345972152703395,,1822,12051,14567,16099,"[1, 64, 28, 28, 20]",0.8633834235393065,0.02976723574101925,0.026590388268232346
baseline_ema,1D7CUD1955YZPGK8XHJX,0,27,0.028833535716454833,0.10555093735456467,0.08657881617546082,0.33530559307388536,0.31651137637126164,,1822,12051,14567,16099,"[1, 64, 28, 28, 20]",0.8633834235393065,0.02976723574101925,0.026590388268232346
baseline_ema,1D7CUD1955YZPGK8XHJX,0,28,0.028168418587370007,0.10311613976955414,0.10815755277872086,0.4260713082054105,0.40272538778062794,,1822,12051,14567,16099,"[1, 64, 28, 28, 20]",0.8633834235393065,0.02976723574101925,0.026590388268232346
baseline_ema,1D7CUD1955YZPGK8XHJX,0,29,0.054036161331547435,0.19781018793582916,0.10884641110897064,0.3746744258567342,0.33625829653740685,middle,1822,12051,14567,16099,"[1, 64, 28, 28, 20]",0.8633834235393065,0.02976723574101925,0.026590388268232346
baseline_ema,1D7CUD1955YZPGK8XHJX,0,30,-0.1840678751460882,0.0,-0.025729849934577942,0.28469126127518685,0.4131397093097668,low,1822,12051,14567,16099,"[1, 64, 28, 28, 20]",0.8633834235393065,0.02976723574101925,0.026590388268232346
baseline_ema,1D7CUD1955YZPGK8XHJX,0,31,-0.0020025393277577144,0.0,0.03692179545760155,0.37642637904587484,0.3779370234292918,,1822,12051,14567,16099,"[1, 64, 28, 28, 20]",0.8633834235393065,0.02976723574101925,0.026590388268232346
baseline_ema,1D7CUD1955YZPGK8XHJX,0,32,0.08255363052186498,0.30220410227775574,-0.08155260980129242,0.356822625560503,0.3024012211355259,,1822,12051,14567,16099,"[1, 64, 28, 28, 20]",0.8633834235393065,0.02976723574101925,0.026590388268232346
baseline_ema,1D7CUD1955YZPGK8XHJX,0,33,0.09151302090094994,0.33500173687934875,0.045809146016836166,0.25735633308003225,0.21420247088383867,,1822,12051,14567,16099,"[1, 64, 28, 28, 20]",0.8633834235393065,0.02976723574101925,0.026590388268232346
baseline_ema,1D7CUD1955YZPGK8XHJX,0,34,0.04408254099770312,0.16137297451496124,-0.020069530233740807,0.4193290491331175,0.38391975663878075,,1822,12051,14567,16099,"[1, 64, 28, 28, 20]",0.8633834235393065,0.02976723574101925,0.026590388268232346
baseline_ema,1D7CUD1955YZPGK8XHJX,0,35,0.07132653011558937,0.2611050605773926,-0.08769312500953674,0.456491076587454,0.39570669522528445,,1822,12051,14567,16099,"[1, 64, 28, 28, 20]",0.8633834235393065,0.02976723574101925,0.026590388268232346
baseline_ema,1D7CUD1955YZPGK8XHJX,0,36,-0.23171359351930013,0.0,0.01316166017204523,0.3003419305798628,0.48150724416329194,low,1822,12051,14567,16099,"[1, 64, 28, 28, 20]",0.8633834235393065,0.02976723574101925,0.026590388268232346
baseline_ema,1D7CUD1955YZPGK8XHJX,0,37,0.05517783969903867,0.2019895315170288,-0.060325756669044495,0.38552768946540694,0.3452072584680117,,1822,12051,14567,16099,"[1, 64, 28, 28, 20]",0.8633834235393065,0.02976723574101925,0.026590388268232346
baseline_ema,1D7CUD1955YZPGK8XHJX,0,38,0.09872516955134726,0.3614032566547394,-0.05816441401839256,0.5343880567929179,0.4383538485345896,,1822,12051,14567,16099,"[1, 64, 28, 28, 20]",0.8633834235393065,0.02976723574101925,0.026590388268232346
baseline_ema,1D7CUD1955YZPGK8XHJX,0,39,0.21073655266626923,0.7714433670043945,-0.050021979957818985,0.513156778628094,0.3345200708562142,high,1822,12051,14567,16099,"[1, 64, 28, 28, 20]",0.8633834235393065,0.02976723574101925,0.026590388268232346
baseline_ema,1D7CUD1955YZPGK8XHJX,0,40,-0.10002569727874441,0.0,0.05569139122962952,0.35781645329907313,0.437354035969322,,1822,12051,14567,16099,"[1, 64, 28, 28, 20]",0.8633834235393065,0.02976723574101925,0.026590388268232346
baseline_ema,1D7CUD1955YZPGK8XHJX,0,41,-0.05621565042282669,0.0,-0.0667044073343277,0.32658281778242887,0.3654880902307568,,1822,12051,14567,16099,"[1, 64, 28, 28, 20]",0.8633834235393065,0.02976723574101925,0.026590388268232346
baseline_ema,1D7CUD1955YZPGK8XHJX,0,42,0.08449462308547764,0.3093094825744629,-0.09785982966423035,0.3880341119078562,0.3275693800791402,,1822,12051,14567,16099,"[1, 64, 28, 28, 20]",0.8633834235393065,0.02976723574101925,0.026590388268232346
baseline_ema,1D7CUD1955YZPGK8XHJX,0,43,0.06123690774122544,0.22416996955871582,-0.01986534893512726,0.4355721438522779,0.385304156352756,,1822,12051,14567,16099,"[1, 64, 28, 28, 20]",0.8633834235393065,0.02976723574101925,0.026590388268232346
baseline_ema,1D7CUD1955YZPGK8XHJX,0,44,0.14565888449906142,0.5332135558128357,-0.04526035487651825,0.3730598102536575,0.278198155746118,,1822,12051,14567,16099,"[1, 64, 28, 28, 20]",0.8633834235393065,0.02976723574101925,0.026590388268232346
baseline_ema,1D7CUD1955YZPGK8XHJX,0,45,0.07764573140671854,0.28423774242401123,-0.007948140613734722,0.32669734774498854,0.27961936543989896,,1822,12051,14567,16099,"[1, 64, 28, 28, 20]",0.8633834235393065,0.02976723574101925,0.026590388268232346
baseline_ema,1D7CUD1955YZPGK8XHJX,0,46,0.042126170638857235,0.15421128273010254,-0.07916828989982605,0.4732693660563179,0.43500711394629654,,1822,12051,14567,16099,"[1, 64, 28, 28, 20]",0.8633834235393065,0.02976723574101925,0.026590388268232346
baseline_ema,1D7CUD1955YZPGK8XHJX,0,47,-0.0623085524471467,0.0,-0.06324747204780579,0.39189188754375226,0.4439735130008962,,1822,12051,14567,16099,"[1, 64, 28, 28, 20]",0.8633834235393065,0.02976723574101925,0.026590388268232346
baseline_ema,1D7CUD1955YZPGK8XHJX,0,48,0.2731707731763931,0.9999963641166687,-0.0536118783056736,0.43687050379558895,0.24940093192118992,high,1822,12051,14567,16099,"[1, 64, 28, 28, 20]",0.8633834235393065,0.02976723574101925,0.026590388268232346
baseline_ema,1D7CUD1955YZPGK8XHJX,0,49,0.020923016584972837,0.07659289240837097,-0.02849743328988552,0.33344481482618293,0.31977741436806223,,1822,12051,14567,16099,"[1, 64, 28, 28, 20]",0.8633834235393065,0.02976723574101925,0.026590388268232346
baseline_ema,1D7CUD1955YZPGK8XHJX,0,50,0.01917911284254143,0.07020898163318634,-0.04117746651172638,0.4033652909655169,0.38818405751152274,,1822,12051,14567,16099,"[1, 64, 28, 28, 20]",0.8633834235393065,0.02976723574101925,0.026590388268232346
baseline_ema,1D7CUD1955YZPGK8XHJX,0,51,0.24233848776591987,0.8871285915374756,-0.3392563462257385,0.5124302724482129,0.312514227501177,high,1822,12051,14567,16099,"[1, 64, 28, 28, 20]",0.8633834235393065,0.02976723574101925,0.026590388268232346
baseline_ema,1D7CUD1955YZPGK8XHJX,0,52,0.09958049332759694,0.3645343482494354,-0.06886382400989532,0.4176018112742891,0.3419637940053723,,1822,12051,14567,16099,"[1, 64, 28, 28, 20]",0.8633834235393065,0.02976723574101925,0.026590388268232346
baseline_ema,1D7CUD1955YZPGK8XHJX,0,53,0.17032398009494898,0.6235050559043884,-0.13452908396720886,0.4219305114911329,0.2991184177035187,,1822,12051,14567,16099,"[1, 64, 28, 28, 20]",0.8633834235393065,0.02976723574101925,0.026590388268232346
baseline_ema,1D7CUD1955YZPGK8XHJX,0,54,0.0458790409678241,0.16794942319393158,-0.011806676164269447,0.42716485172707963,0.38968836371220106,middle,1822,12051,14567,16099,"[1, 64, 28, 28, 20]",0.8633834235393065,0.02976723574101925,0.026590388268232346
baseline_ema,1D7CUD1955YZPGK8XHJX,0,55,0.045684365432075456,0.16723677515983582,-0.03747754544019699,0.42532045386936596,0.3881571978720204,,1822,12051,14567,16099,"[1, 64, 28, 28, 20]",0.8633834235393065,0.02976723574101925,0.026590388268232346
baseline_ema,1D7CUD1955YZPGK8XHJX,0,56,-0.06806000109365735,0.0,-0.011289021000266075,0.39791803159573375,0.4560383735219823,,1822,12051,14567,16099,"[1, 64, 28, 28, 20]",0.8633834235393065,0.02976723574101925,0.026590388268232346
baseline_ema,1D7CUD1955YZPGK8XHJX,0,57,0.04926886949726656,0.18035857379436493,-0.03716856241226196,0.5359917581405973,0.4856562657123754,middle,1822,12051,14567,16099,"[1, 64, 28, 28, 20]",0.8633834235393065,0.02976723574101925,0.026590388268232346
baseline_ema,1D7CUD1955YZPGK8XHJX,0,58,-0.030593535164427182,0.0,0.06612861156463623,0.3454749721141264,0.367280719007641,,1822,12051,14567,16099,"[1, 64, 28, 28, 20]",0.8633834235393065,0.02976723574101925,0.026590388268232346
baseline_ema,1D7CUD1955YZPGK8XHJX,0,59,0.01798330813553923,0.0658315047621727,-0.06526017189025879,0.356610154703335,0.34401065678093373,,1822,12051,14567,16099,"[1, 64, 28, 28, 20]",0.8633834235393065,0.02976723574101925,0.026590388268232346
baseline_ema,1D7CUD1955YZPGK8XHJX,0,60,-0.0729720373837511,0.0,0.03510665521025658,0.3331531120491393,0.3856022264520566,,1822,12051,14567,16099,"[1, 64, 28, 28, 20]",0.8633834235393065,0.02976723574101925,0.026590388268232346
baseline_ema,1D7CUD1955YZPGK8XHJX,0,61,0.1587548302815061,0.5811538696289062,-0.053467169404029846,0.44950874854290945,0.3263390104800952,,1822,12051,14567,16099,"[1, 64, 28, 28, 20]",0.8633834235393065,0.02976723574101925,0.026590388268232346
baseline_ema,1D7CUD1955YZPGK8XHJX,0,62,0.1832977011799262,0.6709979772567749,0.024167930707335472,0.4604563450056009,0.31780301085659,,1822,12051,14567,16099,"[1, 64, 28, 28, 20]",0.8633834235393065,0.02976723574101925,0.026590388268232346
baseline_ema,1D7CUD1955YZPGK8XHJX,0,63,-0.02300639052649863,0.0,-0.06196288391947746,0.4231000719358122,0.4430265420694006,,1822,12051,14567,16099,"[1, 64, 28, 28, 20]",0.8633834235393065,0.02976723574101925,0.026590388268232346
baseline_ema,1D7CUD1955YZPGK8XHJX,1,0,0.10766074847436584,0.47940593957901,0.04167139530181885,0.44602703894199835,0.3593224071333608,,3819,8835,31785,34204,"[1, 64, 28, 28, 20]",0.9334762932156557,0.07220916450023651,0.04867158085107803
baseline_ema,1D7CUD1955YZPGK8XHJX,1,1,0.11440696526460446,0.509446382522583,-0.09232525527477264,0.48892100989671355,0.38853393777070644,,3819,8835,31785,34204,"[1, 64, 28, 28, 20]",0.9334762932156557,0.07220916450023651,0.04867158085107803
baseline_ema,1D7CUD1955YZPGK8XHJX,1,2,0.08452678534575359,0.3763920068740845,-0.0663541704416275,0.4735319611467553,0.3997187972149164,,3819,8835,31785,34204,"[1, 64, 28, 28, 20]",0.9334762932156557,0.07220916450023651,0.04867158085107803
baseline_ema,1D7CUD1955YZPGK8XHJX,1,3,-0.026624484490119907,0.0,-0.05566643923521042,0.3972429670648459,0.41897435923393955,,3819,8835,31785,34204,"[1, 64, 28, 28, 20]",0.9334762932156557,0.07220916450023651,0.04867158085107803
baseline_ema,1D7CUD1955YZPGK8XHJX,1,4,0.05264186812316015,0.23441064357757568,-0.014474017545580864,0.34717440867982063,0.31245047015554567,,3819,8835,31785,34204,"[1, 64, 28, 28, 20]",0.9334762932156557,0.07220916450023651,0.04867158085107803
baseline_ema,1D7CUD1955YZPGK8XHJX,1,5,0.021105045797240422,0.09397932887077332,0.010540090501308441,0.39113195271119483,0.3749634529838986,middle,3819,8835,31785,34204,"[1, 64, 28, 28, 20]",0.9334762932156557,0.07220916450023651,0.04867158085107803
baseline_ema,1D7CUD1955YZPGK8XHJX,1,6,0.08889302151542171,0.3958345353603363,-0.003668073797598481,0.49838864423290885,0.41701551382255636,,3819,8835,31785,34204,"[1, 64, 28, 28, 20]",0.9334762932156557,0.07220916450023651,0.04867158085107803
baseline_ema,1D7CUD1955YZPGK8XHJX,1,7,0.05386190455516987,0.23984338343143463,-0.07786346226930618,0.46770154326281366,0.41989390792540626,,3819,8835,31785,34204,"[1, 64, 28, 28, 20]",0.9334762932156557,0.07220916450023651,0.04867158085107803
baseline_ema,1D7CUD1955YZPGK8XHJX,1,8,0.11292999246481548,0.5028695464134216,-0.041451357305049896,0.31354794950169074,0.24991587151058575,,3819,8835,31785,34204,"[1, 64, 28, 28, 20]",0.9334762932156557,0.07220916450023651,0.04867158085107803
baseline_ema,1D7CUD1955YZPGK8XHJX,1,9,0.14658284103553046,0.6527233719825745,-0.03865169361233711,0.47570768276853576,0.35407555216542214,high,3819,8835,31785,34204,"[1, 64, 28, 28, 20]",0.9334762932156557,0.07220916450023651,0.04867158085107803
baseline_ema,1D7CUD1955YZPGK8XHJX,1,10,-0.11761265771283866,0.0,-0.004387380555272102,0.2966682113092128,0.37575365128589877,low,3819,8835,31785,34204,"[1, 64, 28, 28, 20]",0.9334762932156557,0.07220916450023651,0.04867158085107803
baseline_ema,1D7CUD1955YZPGK8XHJX,1,11,0.1456138172578813,0.6484083533287048,-0.057096052914857864,0.44503542091876697,0.33190239426416474,high,3819,8835,31785,34204,"[1, 64, 28, 28, 20]",0.9334762932156557,0.07220916450023651,0.04867158085107803
baseline_ema,1D7CUD1955YZPGK8XHJX,1,12,-0.11212437479007915,0.0,0.017003053799271584,0.1973728297045881,0.24722296764058743,,3819,8835,31785,34204,"[1, 64, 28, 28, 20]",0.9334762932156557,0.07220916450023651,0.04867158085107803
baseline_ema,1D7CUD1955YZPGK8XHJX,1,13,0.04402698114894304,0.19604913890361786,-0.029361948370933533,0.47008646036515306,0.4304389989181621,,3819,8835,31785,34204,"[1, 64, 28, 28, 20]",0.9334762932156557,0.07220916450023651,0.04867158085107803
baseline_ema,1D7CUD1955YZPGK8XHJX,1,14,-0.024426909002473598,0.0,-0.017344169318675995,0.39016636085248596,0.4097047644713874,,3819,8835,31785,34204,"[1, 64, 28, 28, 20]",0.9334762932156557,0.07220916450023651,0.04867158085107803
baseline_ema,1D7CUD1955YZPGK8XHJX,1,15,-0.060516392613777385,0.0,-0.009694540873169899,0.27398618803322744,0.30928363410596343,,3819,8835,31785,34204,"[1, 64, 28, 28, 20]",0.9334762932156557,0.07220916450023651,0.04867158085107803
baseline_ema,1D7CUD1955YZPGK8XHJX,1,16,-0.014682082563705763,0.0,0.010581530630588531,0.3561414981087111,0.3667551409301882,,3819,8835,31785,34204,"[1, 64, 28, 28, 20]",0.9334762932156557,0.07220916450023651,0.04867158085107803
baseline_ema,1D7CUD1955YZPGK8XHJX,1,17,-0.012300585394264842,0.0,-0.03227219730615616,0.3963954822067345,0.40626873424470145,,3819,8835,31785,34204,"[1, 64, 28, 28, 20]",0.9334762932156557,0.07220916450023651,0.04867158085107803
baseline_ema,1D7CUD1955YZPGK8XHJX,1,18,0.05051654489111785,0.22494672238826752,-0.04792476072907448,0.41313104777261617,0.3733982544520589,,3819,8835,31785,34204,"[1, 64, 28, 28, 20]",0.9334762932156557,0.07220916450023651,0.04867158085107803
baseline_ema,1D7CUD1955YZPGK8XHJX,1,19,0.055456814451047755,0.24694539606571198,-0.001794846961274743,0.3712981805717459,0.33227992468015694,,3819,8835,31785,34204,"[1, 64, 28, 28, 20]",0.9334762932156557,0.07220916450023651,0.04867158085107803
baseline_ema,1D7CUD1955YZPGK8XHJX,1,20,-0.11255912158013166,0.0,-0.026863757520914078,0.251615139165782,0.3154427946390161,,3819,8835,31785,34204,"[1, 64, 28, 28, 20]",0.9334762932156557,0.07220916450023651,0.04867158085107803
baseline_ema,1D7CUD1955YZPGK8XHJX,1,21,0.11634705991218167,0.5180854797363281,-0.03869190439581871,0.5203522185994949,0.4118886213896369,,3819,8835,31785,34204,"[1, 64, 28, 28, 20]",0.9334762932156557,0.07220916450023651,0.04867158085107803
baseline_ema,1D7CUD1955YZPGK8XHJX,1,22,-0.05343894468957322,0.0,-0.012068835087120533,0.3995524735136316,0.44466670916142537,,3819,8835,31785,34204,"[1, 64, 28, 28, 20]",0.9334762932156557,0.07220916450023651,0.04867158085107803
baseline_ema,1D7CUD1955YZPGK8XHJX,1,23,-0.10296129682451768,0.0,-0.03586972504854202,0.30401372823285316,0.3738026884664588,,3819,8835,31785,34204,"[1, 64, 28, 28, 20]",0.9334762932156557,0.07220916450023651,0.04867158085107803
baseline_ema,1D7CUD1955YZPGK8XHJX,1,24,0.13938661313373074,0.6206790804862976,-0.03861534595489502,0.4668534947135826,0.3526285312095727,high,3819,8835,31785,34204,"[1, 64, 28, 28, 20]",0.9334762932156557,0.07220916450023651,0.04867158085107803
baseline_ema,1D7CUD1955YZPGK8XHJX,1,25,-0.04112989351724532,0.0,-0.024822011590003967,0.2747361070007824,0.2983052793314972,,3819,8835,31785,34204,"[1, 64, 28, 28, 20]",0.9334762932156557,0.07220916450023651,0.04867158085107803
baseline_ema,1D7CUD1955YZPGK8XHJX,1,26,-0.025125543551169315,0.0,0.0007328084320761263,0.32560157151287383,0.3423851254854505,,3819,8835,31785,34204,"[1, 64, 28, 28, 20]",0.9334762932156557,0.07220916450023651,0.04867158085107803
baseline_ema,1D7CUD1955YZPGK8XHJX,1,27,-0.08451737777257193,0.0,0.057288967072963715,0.2644433241838155,0.3132702446419841,,3819,8835,31785,34204,"[1, 64, 28, 28, 20]",0.9334762932156557,0.07220916450023651,0.04867158085107803
baseline_ema,1D7CUD1955YZPGK8XHJX,1,28,0.10347357121556051,0.4607607424259186,0.002372753107920289,0.4228877034309263,0.3435785948571199,,3819,8835,31785,34204,"[1, 64, 28, 28, 20]",0.9334762932156557,0.07220916450023651,0.04867158085107803
baseline_ema,1D7CUD1955YZPGK8XHJX,1,29,0.0033599216374299375,0.014961501583456993,0.005027575884014368,0.31181348148805105,0.3097251570081473,middle,3819,8835,31785,34204,"[1, 64, 28, 28, 20]",0.9334762932156557,0.07220916450023651,0.04867158085107803
baseline_ema,1D7CUD1955YZPGK8XHJX,1,30,-0.12697204687394886,0.0,-0.0037019862793385983,0.3007292100699335,0.3882046836940305,low,3819,8835,31785,34204,"[1, 64, 28, 28, 20]",0.9334762932156557,0.07220916450023651,0.04867158085107803
baseline_ema,1D7CUD1955YZPGK8XHJX,1,31,0.060355191501471665,0.26875755190849304,-0.0010100171202793717,0.4549157829705197,0.4031283072343097,,3819,8835,31785,34204,"[1, 64, 28, 28, 20]",0.9334762932156557,0.07220916450023651,0.04867158085107803
baseline_ema,1D7CUD1955YZPGK8XHJX,1,32,0.08035453619320013,0.3578132390975952,-0.08939920365810394,0.3874518448479471,0.3298160365568492,,3819,8835,31785,34204,"[1, 64, 28, 28, 20]",0.9334762932156557,0.07220916450023651,0.04867158085107803
baseline_ema,1D7CUD1955YZPGK8XHJX,1,33,-0.0058780064653929055,0.0,0.16935870051383972,0.26062742722592064,0.26370948888688234,,3819,8835,31785,34204,"[1, 64, 28, 28, 20]",0.9334762932156557,0.07220916450023651,0.04867158085107803
baseline_ema,1D7CUD1955YZPGK8XHJX,1,34,0.0740756592484886,0.3298538327217102,0.023782968521118164,0.4285640703277608,0.3694505380468293,,3819,8835,31785,34204,"[1, 64, 28, 28, 20]",0.9334762932156557,0.07220916450023651,0.04867158085107803
baseline_ema,1D7CUD1955YZPGK8XHJX,1,35,-0.11787479385029703,0.0,-0.015288114547729492,0.33668784053688205,0.4266684202911089,low,3819,8835,31785,34204,"[1, 64, 28, 28, 20]",0.9334762932156557,0.07220916450023651,0.04867158085107803
baseline_ema,1D7CUD1955YZPGK8XHJX,1,36,-0.18863438885473016,0.0,-0.01045539416372776,0.28230388302020126,0.41356977358921343,low,3819,8835,31785,34204,"[1, 64, 28, 28, 20]",0.9334762932156557,0.07220916450023651,0.04867158085107803
baseline_ema,1D7CUD1955YZPGK8XHJX,1,37,0.11536516963618637,0.5137131810188293,-0.07786592096090317,0.41339276536622915,0.32787604764231437,,3819,8835,31785,34204,"[1, 64, 28, 28, 20]",0.9334762932156557,0.07220916450023651,0.04867158085107803
baseline_ema,1D7CUD1955YZPGK8XHJX,1,38,0.05753224394546518,0.2561871409416199,-0.020902905613183975,0.4976231620610921,0.44347936439886054,,3819,8835,31785,34204,"[1, 64, 28, 28, 20]",0.9334762932156557,0.07220916450023651,0.04867158085107803
baseline_ema,1D7CUD1955YZPGK8XHJX,1,39,0.06698945710699031,0.2982994616031647,-0.07379592955112457,0.4378971902684904,0.3829115887818026,,3819,8835,31785,34204,"[1, 64, 28, 28, 20]",0.9334762932156557,0.07220916450023651,0.04867158085107803
baseline_ema,1D7CUD1955YZPGK8XHJX,1,40,0.04789309015036364,0.21326465904712677,0.003706079674884677,0.362655664876665,0.3295058625518286,,3819,8835,31785,34204,"[1, 64, 28, 28, 20]",0.9334762932156557,0.07220916450023651,0.04867158085107803
baseline_ema,1D7CUD1955YZPGK8XHJX,1,41,-0.03056884798449906,0.0,-0.018163513392210007,0.36149946718302073,0.3842976566578365,,3819,8835,31785,34204,"[1, 64, 28, 28, 20]",0.9334762932156557,0.07220916450023651,0.04867158085107803
baseline_ema,1D7CUD1955YZPGK8XHJX,1,42,-0.019115603945443215,0.0,-0.019919458776712418,0.2719151273516535,0.28251338227331063,,3819,8835,31785,34204,"[1, 64, 28, 28, 20]",0.9334762932156557,0.07220916450023651,0.04867158085107803
baseline_ema,1D7CUD1955YZPGK8XHJX,1,43,0.0535115087913803,0.23828308284282684,-0.052626725286245346,0.45174451790615044,0.4058531208109638,,3819,8835,31785,34204,"[1, 64, 28, 28, 20]",0.9334762932156557,0.07220916450023651,0.04867158085107803
baseline_ema,1D7CUD1955YZPGK8XHJX,1,44,-0.07189690658108495,0.0,-0.04884196072816849,0.2995641734137307,0.3459766323143472,,3819,8835,31785,34204,"[1, 64, 28, 28, 20]",0.9334762932156557,0.07220916450023651,0.04867158085107803
baseline_ema,1D7CUD1955YZPGK8XHJX,1,45,0.22457015700196417,0.9999955296516418,-0.04778881371021271,0.42475185913840247,0.26896380006599324,high,3819,8835,31785,34204,"[1, 64, 28, 28, 20]",0.9334762932156557,0.07220916450023651,0.04867158085107803
baseline_ema,1D7CUD1955YZPGK8XHJX,1,46,-0.03120752763726094,0.0,-0.07875572144985199,0.4545393364264717,0.48382334701115337,,3819,8835,31785,34204,"[1, 64, 28, 28, 20]",0.9334762932156557,0.07220916450023651,0.04867158085107803
baseline_ema,1D7CUD1955YZPGK8XHJX,1,47,-0.03709502591744825,0.0,-0.0387866273522377,0.3501417284337112,0.37711954117357577,,3819,8835,31785,34204,"[1, 64, 28, 28, 20]",0.9334762932156557,0.07220916450023651,0.04867158085107803
baseline_ema,1D7CUD1955YZPGK8XHJX,1,48,0.031828224172947346,0.14172890782356262,-0.07606115937232971,0.3233678493855314,0.3034183266383158,middle,3819,8835,31785,34204,"[1, 64, 28, 28, 20]",0.9334762932156557,0.07220916450023651,0.04867158085107803
baseline_ema,1D7CUD1955YZPGK8XHJX,1,49,-0.010962838432670308,0.0,-0.022936420515179634,0.30325673413134635,0.30997955545800304,,3819,8835,31785,34204,"[1, 64, 28, 28, 20]",0.9334762932156557,0.07220916450023651,0.04867158085107803
baseline_ema,1D7CUD1955YZPGK8XHJX,1,50,-0.051065254917518905,0.0,-0.005310891196131706,0.4047265601036587,0.44828591042424354,,3819,8835,31785,34204,"[1, 64, 28, 28, 20]",0.9334762932156557,0.07220916450023651,0.04867158085107803
baseline_ema,1D7CUD1955YZPGK8XHJX,1,51,0.0018878058918251031,0.008406270295381546,-0.1765931397676468,0.4220130641517454,0.42042270705157764,,3819,8835,31785,34204,"[1, 64, 28, 28, 20]",0.9334762932156557,0.07220916450023651,0.04867158085107803
baseline_ema,1D7CUD1955YZPGK8XHJX,1,52,-0.05025023527883794,0.0,-0.028010942041873932,0.3755113345608783,0.4152471865454527,,3819,8835,31785,34204,"[1, 64, 28, 28, 20]",0.9334762932156557,0.07220916450023651,0.04867158085107803
baseline_ema,1D7CUD1955YZPGK8XHJX,1,53,0.0927999167903771,0.41323167085647583,-0.0429745614528656,0.38439985938197024,0.3191137611369964,,3819,8835,31785,34204,"[1, 64, 28, 28, 20]",0.9334762932156557,0.07220916450023651,0.04867158085107803
baseline_ema,1D7CUD1955YZPGK8XHJX,1,54,0.04333407482380871,0.19296367466449738,0.006009738892316818,0.38359857322245905,0.35173359086927963,middle,3819,8835,31785,34204,"[1, 64, 28, 28, 20]",0.9334762932156557,0.07220916450023651,0.04867158085107803
baseline_ema,1D7CUD1955YZPGK8XHJX,1,55,0.053673237099244056,0.2390032559633255,-0.009716740809381008,0.4761980284714534,0.4276837156370048,,3819,8835,31785,34204,"[1, 64, 28, 28, 20]",0.9334762932156557,0.07220916450023651,0.04867158085107803
baseline_ema,1D7CUD1955YZPGK8XHJX,1,56,-0.0342275193315111,0.0,-0.014371356926858425,0.38853943103286503,0.41607957794466405,,3819,8835,31785,34204,"[1, 64, 28, 28, 20]",0.9334762932156557,0.07220916450023651,0.04867158085107803
baseline_ema,1D7CUD1955YZPGK8XHJX,1,57,0.1225323975750842,0.5456283688545227,-0.060067061334848404,0.659289770426217,0.5153573232064093,,3819,8835,31785,34204,"[1, 64, 28, 28, 20]",0.9334762932156557,0.07220916450023651,0.04867158085107803
baseline_ema,1D7CUD1955YZPGK8XHJX,1,58,-0.046400690649227756,0.0,-0.013983100652694702,0.32732820897523773,0.359182842293107,,3819,8835,31785,34204,"[1, 64, 28, 28, 20]",0.9334762932156557,0.07220916450023651,0.04867158085107803
baseline_ema,1D7CUD1955YZPGK8XHJX,1,59,-0.07927860732962023,0.0,-0.054095588624477386,0.3426584653595819,0.40166768525818275,,3819,8835,31785,34204,"[1, 64, 28, 28, 20]",0.9334762932156557,0.07220916450023651,0.04867158085107803
baseline_ema,1D7CUD1955YZPGK8XHJX,1,60,0.0520593758544998,0.2318168431520462,0.02443445660173893,0.37942050790318377,0.3418704963527772,,3819,8835,31785,34204,"[1, 64, 28, 28, 20]",0.9334762932156557,0.07220916450023651,0.04867158085107803
baseline_ema,1D7CUD1955YZPGK8XHJX,1,61,0.11315130311622254,0.5038549900054932,0.015204822644591331,0.4786777420982137,0.381362908588756,,3819,8835,31785,34204,"[1, 64, 28, 28, 20]",0.9334762932156557,0.07220916450023651,0.04867158085107803
baseline_ema,1D7CUD1955YZPGK8XHJX,1,62,0.09733128367503517,0.43340954184532166,0.02634819969534874,0.3973185854415596,0.32683562885418466,,3819,8835,31785,34204,"[1, 64, 28, 28, 20]",0.9334762932156557,0.07220916450023651,0.04867158085107803
baseline_ema,1D7CUD1955YZPGK8XHJX,1,63,-0.0026096864681554297,0.0,-0.07350993156433105,0.4818382335941093,0.4843597099024985,,3819,8835,31785,34204,"[1, 64, 28, 28, 20]",0.9334762932156557,0.07220916450023651,0.04867158085107803
baseline_ema,1D7CUD1955YZPGK8XHJX,2,0,0.04752602984693236,0.3214222192764282,0.06782229989767075,0.42272311683602587,0.3843653583492266,,3027,9971,25421,26930,"[1, 64, 28, 28, 20]",1.0487367779825965,0.06528151035308838,0.04430001974105835
baseline_ema,1D7CUD1955YZPGK8XHJX,2,1,0.0821416373581391,0.5555302500724792,-0.06993316859006882,0.4800576821327173,0.40717856216128473,,3027,9971,25421,26930,"[1, 64, 28, 28, 20]",1.0487367779825965,0.06528151035308838,0.04430001974105835
baseline_ema,1D7CUD1955YZPGK8XHJX,2,2,0.0874590463459978,0.5914922952651978,-0.09134388715028763,0.4816128272378001,0.4041451884347124,,3027,9971,25421,26930,"[1, 64, 28, 28, 20]",1.0487367779825965,0.06528151035308838,0.04430001974105835
baseline_ema,1D7CUD1955YZPGK8XHJX,2,3,0.009155119660933922,0.0619167797267437,-0.037920258939266205,0.40726485248596583,0.3998753779381595,,3027,9971,25421,26930,"[1, 64, 28, 28, 20]",1.0487367779825965,0.06528151035308838,0.04430001974105835
baseline_ema,1D7CUD1955YZPGK8XHJX,2,4,0.10362451061934808,0.7008205652236938,-0.04134175926446915,0.3866733910606158,0.3140601202517807,,3027,9971,25421,26930,"[1, 64, 28, 28, 20]",1.0487367779825965,0.06528151035308838,0.04430001974105835
baseline_ema,1D7CUD1955YZPGK8XHJX,2,5,0.07447813880243609,0.503701388835907,0.037418901920318604,0.4377070093236744,0.3770270578997929,,3027,9971,25421,26930,"[1, 64, 28, 28, 20]",1.0487367779825965,0.06528151035308838,0.04430001974105835
baseline_ema,1D7CUD1955YZPGK8XHJX,2,6,0.08007099104400107,0.5415263175964355,-0.017936348915100098,0.4915922441462724,0.4187038534011709,,3027,9971,25421,26930,"[1, 64, 28, 28, 20]",1.0487367779825965,0.06528151035308838,0.04430001974105835
baseline_ema,1D7CUD1955YZPGK8XHJX,2,7,0.06299495792752297,0.42603975534439087,-0.07947684824466705,0.4804249320002005,0.4234832134144983,,3027,9971,25421,26930,"[1, 64, 28, 28, 20]",1.0487367779825965,0.06528151035308838,0.04430001974105835
baseline_ema,1D7CUD1955YZPGK8XHJX,2,8,0.06402974742870755,0.4330381155014038,-0.05177665501832962,0.30128213675710136,0.26502177621205036,,3027,9971,25421,26930,"[1, 64, 28, 28, 20]",1.0487367779825965,0.06528151035308838,0.04430001974105835
baseline_ema,1D7CUD1955YZPGK8XHJX,2,9,0.1287659507590403,0.8708540797233582,-0.05976250395178795,0.4697348911704797,0.3625631179458131,high,3027,9971,25421,26930,"[1, 64, 28, 28, 20]",1.0487367779825965,0.06528151035308838,0.04430001974105835
baseline_ema,1D7CUD1955YZPGK8XHJX,2,10,-0.034603133580253194,0.0,0.0006142593920230865,0.33890776778451126,0.36320303633057827,,3027,9971,25421,26930,"[1, 64, 28, 28, 20]",1.0487367779825965,0.06528151035308838,0.04430001974105835
baseline_ema,1D7CUD1955YZPGK8XHJX,2,11,0.05458513576699647,0.36916348338127136,-0.055360179394483566,0.39983386203298144,0.3584431536004992,,3027,9971,25421,26930,"[1, 64, 28, 28, 20]",1.0487367779825965,0.06528151035308838,0.04430001974105835
baseline_ema,1D7CUD1955YZPGK8XHJX,2,12,-0.058819777491198204,0.0,0.018101800233125687,0.20049882013264422,0.22555953669955733,,3027,9971,25421,26930,"[1, 64, 28, 28, 20]",1.0487367779825965,0.06528151035308838,0.04430001974105835
baseline_ema,1D7CUD1955YZPGK8XHJX,2,13,0.05872066727459137,0.39713239669799805,-0.019543994218111038,0.49112339266478955,0.4366442017257664,,3027,9971,25421,26930,"[1, 64, 28, 28, 20]",1.0487367779825965,0.06528151035308838,0.04430001974105835
baseline_ema,1D7CUD1955YZPGK8XHJX,2,14,-0.0010225471318034546,0.0,-0.008644216693937778,0.3886198439430504,0.38941542269594115,,3027,9971,25421,26930,"[1, 64, 28, 28, 20]",1.0487367779825965,0.06528151035308838,0.04430001974105835
baseline_ema,1D7CUD1955YZPGK8XHJX,2,15,-0.04444244643826586,0.0,0.013165201991796494,0.28746993621539424,0.3142101140654188,,3027,9971,25421,26930,"[1, 64, 28, 28, 20]",1.0487367779825965,0.06528151035308838,0.04430001974105835
baseline_ema,1D7CUD1955YZPGK8XHJX,2,16,-0.08263669725847915,0.0,0.01948152296245098,0.3136056798936494,0.37010538697548295,,3027,9971,25421,26930,"[1, 64, 28, 28, 20]",1.0487367779825965,0.06528151035308838,0.04430001974105835
baseline_ema,1D7CUD1955YZPGK8XHJX,2,17,0.03458267625857192,0.23388530313968658,-0.02664792165160179,0.4377072394628724,0.40844499605385426,middle,3027,9971,25421,26930,"[1, 64, 28, 28, 20]",1.0487367779825965,0.06528151035308838,0.04430001974105835
baseline_ema,1D7CUD1955YZPGK8XHJX,2,18,-0.036653643811860766,0.0,-0.07876740396022797,0.3506650155628512,0.37734943456123077,,3027,9971,25421,26930,"[1, 64, 28, 28, 20]",1.0487367779825965,0.06528151035308838,0.04430001974105835
baseline_ema,1D7CUD1955YZPGK8XHJX,2,19,0.055327400988516635,0.3741834759712219,0.020733803510665894,0.37131110173065895,0.33237777002450325,,3027,9971,25421,26930,"[1, 64, 28, 28, 20]",1.0487367779825965,0.06528151035308838,0.04430001974105835
baseline_ema,1D7CUD1955YZPGK8XHJX,2,20,-0.16200210384291944,0.0,-0.05662497878074646,0.22004972558868477,0.30513012891655594,low,3027,9971,25421,26930,"[1, 64, 28, 28, 20]",1.0487367779825965,0.06528151035308838,0.04430001974105835
baseline_ema,1D7CUD1955YZPGK8XHJX,2,21,0.0726450938117021,0.4913043677806854,-0.025830810889601707,0.48530546039245426,0.41957058270834136,,3027,9971,25421,26930,"[1, 64, 28, 28, 20]",1.0487367779825965,0.06528151035308838,0.04430001974105835
baseline_ema,1D7CUD1955YZPGK8XHJX,2,22,-0.002856194173210788,0.0,-0.021955156698822975,0.41238612313271045,0.41474858331792935,,3027,9971,25421,26930,"[1, 64, 28, 28, 20]",1.0487367779825965,0.06528151035308838,0.04430001974105835
baseline_ema,1D7CUD1955YZPGK8XHJX,2,23,-0.10863457347170448,0.0,-0.030379503965377808,0.2870787272681607,0.3570539102373493,low,3027,9971,25421,26930,"[1, 64, 28, 28, 20]",1.0487367779825965,0.06528151035308838,0.04430001974105835
baseline_ema,1D7CUD1955YZPGK8XHJX,2,24,0.13567558185970094,0.9175844192504883,-0.07608477771282196,0.4682529999141004,0.35637146072549886,high,3027,9971,25421,26930,"[1, 64, 28, 28, 20]",1.0487367779825965,0.06528151035308838,0.04430001974105835
baseline_ema,1D7CUD1955YZPGK8XHJX,2,25,-0.08552875714517057,0.0,-0.047750696539878845,0.26702189163606993,0.31697008511948066,,3027,9971,25421,26930,"[1, 64, 28, 28, 20]",1.0487367779825965,0.06528151035308838,0.04430001974105835
baseline_ema,1D7CUD1955YZPGK8XHJX,2,26,-0.08444180194466071,0.0,0.008065953850746155,0.28755776010714973,0.34060067468995703,,3027,9971,25421,26930,"[1, 64, 28, 28, 20]",1.0487367779825965,0.06528151035308838,0.04430001974105835
baseline_ema,1D7CUD1955YZPGK8XHJX,2,27,-0.01904791581666362,0.0,0.0771123617887497,0.2907657368862965,0.30205780892903883,,3027,9971,25421,26930,"[1, 64, 28, 28, 20]",1.0487367779825965,0.06528151035308838,0.04430001974105835
baseline_ema,1D7CUD1955YZPGK8XHJX,2,28,0.07013497958538317,0.47432827949523926,0.017051251605153084,0.39333124378670165,0.3417745442169864,,3027,9971,25421,26930,"[1, 64, 28, 28, 20]",1.0487367779825965,0.06528151035308838,0.04430001974105835
baseline_ema,1D7CUD1955YZPGK8XHJX,2,29,0.01630881001142654,0.11029773950576782,0.0327189639210701,0.30883382948105786,0.2989220381930216,,3027,9971,25421,26930,"[1, 64, 28, 28, 20]",1.0487367779825965,0.06528151035308838,0.04430001974105835
baseline_ema,1D7CUD1955YZPGK8XHJX,2,30,-0.1833918320743753,0.0,-0.016614291816949844,0.26306871484941935,0.381227575288338,low,3027,9971,25421,26930,"[1, 64, 28, 28, 20]",1.0487367779825965,0.06528151035308838,0.04430001974105835
baseline_ema,1D7CUD1955YZPGK8XHJX,2,31,0.027081993283358096,0.18315760791301727,0.02059710957109928,0.42542918056543366,0.40299380767999815,middle,3027,9971,25421,26930,"[1, 64, 28, 28, 20]",1.0487367779825965,0.06528151035308838,0.04430001974105835
baseline_ema,1D7CUD1955YZPGK8XHJX,2,32,0.04946183883658501,0.33451423048973083,-0.11678621172904968,0.37821107263682724,0.34256034354956016,,3027,9971,25421,26930,"[1, 64, 28, 28, 20]",1.0487367779825965,0.06528151035308838,0.04430001974105835
baseline_ema,1D7CUD1955YZPGK8XHJX,2,33,0.0420598756858752,0.28445419669151306,0.22692453861236572,0.2877426080096098,0.2645146925419198,,3027,9971,25421,26930,"[1, 64, 28, 28, 20]",1.0487367779825965,0.06528151035308838,0.04430001974105835
baseline_ema,1D7CUD1955YZPGK8XHJX,2,34,0.08866707491832727,0.5996623039245605,0.030916951596736908,0.4341525303252268,0.36343287662622314,,3027,9971,25421,26930,"[1, 64, 28, 28, 20]",1.0487367779825965,0.06528151035308838,0.04430001974105835
baseline_ema,1D7CUD1955YZPGK8XHJX,2,35,-0.0448602014925159,0.0,-0.05676766484975815,0.36915984455796286,0.4038366687585556,,3027,9971,25421,26930,"[1, 64, 28, 28, 20]",1.0487367779825965,0.06528151035308838,0.04430001974105835
baseline_ema,1D7CUD1955YZPGK8XHJX,2,36,-0.21569012346801236,0.0,0.0011374324094504118,0.26067158780799504,0.4040444981494548,low,3027,9971,25421,26930,"[1, 64, 28, 28, 20]",1.0487367779825965,0.06528151035308838,0.04430001974105835
baseline_ema,1D7CUD1955YZPGK8XHJX,2,37,0.07484270408381863,0.5061669945716858,-0.08497075736522675,0.39595793616566605,0.3408157279991257,,3027,9971,25421,26930,"[1, 64, 28, 28, 20]",1.0487367779825965,0.06528151035308838,0.04430001974105835
baseline_ema,1D7CUD1955YZPGK8XHJX,2,38,0.04186282596850396,0.2831215262413025,-0.0297075305134058,0.511610768251066,0.47049692302597984,,3027,9971,25421,26930,"[1, 64, 28, 28, 20]",1.0487367779825965,0.06528151035308838,0.04430001974105835
baseline_ema,1D7CUD1955YZPGK8XHJX,2,39,0.11385623130478278,0.770018458366394,-0.07773348689079285,0.4710879609105331,0.37478045683056116,,3027,9971,25421,26930,"[1, 64, 28, 28, 20]",1.0487367779825965,0.06528151035308838,0.04430001974105835
baseline_ema,1D7CUD1955YZPGK8XHJX,2,40,0.029514589292080864,0.1996094435453415,0.011382592841982841,0.3429951055610848,0.32332879964873235,middle,3027,9971,25421,26930,"[1, 64, 28, 28, 20]",1.0487367779825965,0.06528151035308838,0.04430001974105835
baseline_ema,1D7CUD1955YZPGK8XHJX,2,41,-0.05151087138318001,0.0,-0.051375363022089005,0.3510058172426526,0.3891309590427214,,3027,9971,25421,26930,"[1, 64, 28, 28, 20]",1.0487367779825965,0.06528151035308838,0.04430001974105835
baseline_ema,1D7CUD1955YZPGK8XHJX,2,42,0.04367490325090091,0.2953767478466034,-0.04733755439519882,0.29404529931947426,0.26943529519537485,,3027,9971,25421,26930,"[1, 64, 28, 28, 20]",1.0487367779825965,0.06528151035308838,0.04430001974105835
baseline_ema,1D7CUD1955YZPGK8XHJX,2,43,0.016508547001646067,0.1116485744714737,-0.06573070585727692,0.43953334251955595,0.4252568957165239,,3027,9971,25421,26930,"[1, 64, 28, 28, 20]",1.0487367779825965,0.06528151035308838,0.04430001974105835
baseline_ema,1D7CUD1955YZPGK8XHJX,2,44,-0.02113322248964959,0.0,-0.07807274162769318,0.33347805497843586,0.34787731064795746,,3027,9971,25421,26930,"[1, 64, 28, 28, 20]",1.0487367779825965,0.06528151035308838,0.04430001974105835
baseline_ema,1D7CUD1955YZPGK8XHJX,2,45,0.14786068605914984,0.9999932646751404,-0.05066528916358948,0.372373867882771,0.2764397006537846,high,3027,9971,25421,26930,"[1, 64, 28, 28, 20]",1.0487367779825965,0.06528151035308838,0.04430001974105835
baseline_ema,1D7CUD1955YZPGK8XHJX,2,46,-0.016503877003659576,0.0,-0.0958365947008133,0.46472452231727784,0.4803214615008924,,3027,9971,25421,26930,"[1, 64, 28, 28, 20]",1.0487367779825965,0.06528151035308838,0.04430001974105835
baseline_ema,1D7CUD1955YZPGK8XHJX,2,47,-0.021399254912502802,0.0,-0.031619224697351456,0.357788506139681,0.3734361912364045,,3027,9971,25421,26930,"[1, 64, 28, 28, 20]",1.0487367779825965,0.06528151035308838,0.04430001974105835
baseline_ema,1D7CUD1955YZPGK8XHJX,2,48,0.10584543866365063,0.7158408761024475,-0.12064317613840103,0.382515209858942,0.3092906132015931,,3027,9971,25421,26930,"[1, 64, 28, 28, 20]",1.0487367779825965,0.06528151035308838,0.04430001974105835
baseline_ema,1D7CUD1955YZPGK8XHJX,2,49,-0.01386005592631642,0.0,-0.033243902027606964,0.29669504977804967,0.30503507684565967,,3027,9971,25421,26930,"[1, 64, 28, 28, 20]",1.0487367779825965,0.06528151035308838,0.04430001974105835
baseline_ema,1D7CUD1955YZPGK8XHJX,2,50,-0.041637971867579886,0.0,-0.0003746887668967247,0.41641408239000277,0.45259802573882923,,3027,9971,25421,26930,"[1, 64, 28, 28, 20]",1.0487367779825965,0.06528151035308838,0.04430001974105835
baseline_ema,1D7CUD1955YZPGK8XHJX,2,51,0.05311301772345663,0.3592074513435364,-0.23174506425857544,0.4717922260606477,0.424203154423823,,3027,9971,25421,26930,"[1, 64, 28, 28, 20]",1.0487367779825965,0.06528151035308838,0.04430001974105835
baseline_ema,1D7CUD1955YZPGK8XHJX,2,52,0.0005625020805746533,0.0038042450323700905,-0.021572137251496315,0.4114889134831362,0.41102624643187774,,3027,9971,25421,26930,"[1, 64, 28, 28, 20]",1.0487367779825965,0.06528151035308838,0.04430001974105835
baseline_ema,1D7CUD1955YZPGK8XHJX,2,53,0.11631925031058621,0.7866760492324829,-0.10650576651096344,0.38208503925849585,0.30245924499095284,high,3027,9971,25421,26930,"[1, 64, 28, 28, 20]",1.0487367779825965,0.06528151035308838,0.04430001974105835
baseline_ema,1D7CUD1955YZPGK8XHJX,2,54,0.06838660429844788,0.4625038802623749,0.020175479352474213,0.41680593939956034,0.36344702058574807,,3027,9971,25421,26930,"[1, 64, 28, 28, 20]",1.0487367779825965,0.06528151035308838,0.04430001974105835
baseline_ema,1D7CUD1955YZPGK8XHJX,2,55,0.016732263339335467,0.1131615862250328,0.0005912450142204762,0.4496768723300212,0.4348762793266001,,3027,9971,25421,26930,"[1, 64, 28, 28, 20]",1.0487367779825965,0.06528151035308838,0.04430001974105835
baseline_ema,1D7CUD1955YZPGK8XHJX,2,56,-0.029403795218754566,0.0,-0.02899044193327427,0.3941348510685733,0.41801517348113465,,3027,9971,25421,26930,"[1, 64, 28, 28, 20]",1.0487367779825965,0.06528151035308838,0.04430001974105835
baseline_ema,1D7CUD1955YZPGK8XHJX,2,57,0.08314684457763888,0.5623285174369812,-0.035128019750118256,0.6220325472760286,0.5265328735929414,,3027,9971,25421,26930,"[1, 64, 28, 28, 20]",1.0487367779825965,0.06528151035308838,0.04430001974105835
baseline_ema,1D7CUD1955YZPGK8XHJX,2,58,-0.04058394408266916,0.0,-0.012682488188147545,0.32565007122629935,0.3532005473552421,,3027,9971,25421,26930,"[1, 64, 28, 28, 20]",1.0487367779825965,0.06528151035308838,0.04430001974105835
baseline_ema,1D7CUD1955YZPGK8XHJX,2,59,-0.02782051059699383,0.0,-0.07775811851024628,0.3593527478629586,0.37991971301540134,,3027,9971,25421,26930,"[1, 64, 28, 28, 20]",1.0487367779825965,0.06528151035308838,0.04430001974105835
baseline_ema,1D7CUD1955YZPGK8XHJX,2,60,0.02816826421133027,0.19050414860248566,0.01990167237818241,0.3638181116801619,0.34388336143445747,middle,3027,9971,25421,26930,"[1, 64, 28, 28, 20]",1.0487367779825965,0.06528151035308838,0.04430001974105835
baseline_ema,1D7CUD1955YZPGK8XHJX,2,61,0.10584374649848288,0.7158294320106506,0.005492120981216431,0.4900813387620112,0.39626682279683395,,3027,9971,25421,26930,"[1, 64, 28, 28, 20]",1.0487367779825965,0.06528151035308838,0.04430001974105835
baseline_ema,1D7CUD1955YZPGK8XHJX,2,62,0.11246955177097061,0.7606402635574341,0.036301955580711365,0.4118896690512208,0.32860630616130815,,3027,9971,25421,26930,"[1, 64, 28, 28, 20]",1.0487367779825965,0.06528151035308838,0.04430001974105835
baseline_ema,1D7CUD1955YZPGK8XHJX,2,63,-0.004680124733467041,0.0,-0.054968878626823425,0.48517271848967736,0.48973541483744454,,3027,9971,25421,26930,"[1, 64, 28, 28, 20]",1.0487367779825965,0.06528151035308838,0.04430001974105835
baseline_ema,1GU15S0GJ6PFNARO469W,0,0,0.13756565783150337,0.5557977557182312,0.012687057256698608,0.5053530550125654,0.38312838384006487,,3093,9889,24378,26564,"[1, 64, 28, 28, 20]",0.7965585693136502,0.04611731320619583,0.03247020021080971
baseline_ema,1GU15S0GJ6PFNARO469W,0,1,0.0014965578535866134,0.006046446971595287,-0.07789207994937897,0.5835364653246267,0.5817924816404764,,3093,9889,24378,26564,"[1, 64, 28, 28, 20]",0.7965585693136502,0.04611731320619583,0.03247020021080971
baseline_ema,1GU15S0GJ6PFNARO469W,0,2,0.19120294639583454,0.7725050449371338,-0.011172083206474781,0.5205269943744126,0.35342466994588245,high,3093,9889,24378,26564,"[1, 64, 28, 28, 20]",0.7965585693136502,0.04611731320619583,0.03247020021080971
baseline_ema,1GU15S0GJ6PFNARO469W,0,3,0.02583487291794137,0.10437898337841034,-0.016467265784740448,0.3626677279656928,0.3444006796751281,,3093,9889,24378,26564,"[1, 64, 28, 28, 20]",0.7965585693136502,0.04611731320619583,0.03247020021080971
baseline_ema,1GU15S0GJ6PFNARO469W,0,4,-0.040198684640751096,0.0,-0.02416631206870079,0.4874807299966686,0.5283143982139012,,3093,9889,24378,26564,"[1, 64, 28, 28, 20]",0.7965585693136502,0.04611731320619583,0.03247020021080971
baseline_ema,1GU15S0GJ6PFNARO469W,0,5,-0.15299347086716572,0.0,-0.016879349946975708,0.2926253045243774,0.39833839163674395,low,3093,9889,24378,26564,"[1, 64, 28, 28, 20]",0.7965585693136502,0.04611731320619583,0.03247020021080971
baseline_ema,1GU15S0GJ6PFNARO469W,0,6,0.03502806892128423,0.1415216624736786,-0.028260499238967896,0.543557381669959,0.5067665283326461,middle,3093,9889,24378,26564,"[1, 64, 28, 28, 20]",0.7965585693136502,0.04611731320619583,0.03247020021080971
baseline_ema,1GU15S0GJ6PFNARO469W,0,7,0.14629605852183372,0.5910705924034119,-0.08366569876670837,0.4160694634726052,0.3098675878352459,,3093,9889,24378,26564,"[1, 64, 28, 28, 20]",0.7965585693136502,0.04611731320619583,0.03247020021080971
baseline_ema,1GU15S0GJ6PFNARO469W,0,8,0.03627045243491382,0.14654119312763214,-0.007921279408037663,0.4143970581160252,0.38538843997879085,middle,3093,9889,24378,26564,"[1, 64, 28, 28, 20]",0.7965585693136502,0.04611731320619583,0.03247020021080971
baseline_ema,1GU15S0GJ6PFNARO469W,0,9,0.06030942039778642,0.24366429448127747,-0.078091561794281,0.3505002670291928,0.3106279473046734,,3093,9889,24378,26564,"[1, 64, 28, 28, 20]",0.7965585693136502,0.04611731320619583,0.03247020021080971
baseline_ema,1GU15S0GJ6PFNARO469W,0,10,-0.0424317601232297,0.0,-0.020912395790219307,0.4957692488609288,0.5397063432297394,,3093,9889,24378,26564,"[1, 64, 28, 28, 20]",0.7965585693136502,0.04611731320619583,0.03247020021080971
baseline_ema,1GU15S0GJ6PFNARO469W,0,11,0.07285777513160543,0.2943626046180725,-0.027918066829442978,0.4191888305358165,0.3622545328317237,,3093,9889,24378,26564,"[1, 64, 28, 28, 20]",0.7965585693136502,0.04611731320619583,0.03247020021080971
baseline_ema,1GU15S0GJ6PFNARO469W,0,12,-0.002542344239299194,0.0,0.019124390557408333,0.49392284116237484,0.49644068871972685,,3093,9889,24378,26564,"[1, 64, 28, 28, 20]",0.7965585693136502,0.04611731320619583,0.03247020021080971
baseline_ema,1GU15S0GJ6PFNARO469W,0,13,-0.13442401845697816,0.0,-0.014159775339066982,0.3470158929643065,0.4547992395621451,low,3093,9889,24378,26564,"[1, 64, 28, 28, 20]",0.7965585693136502,0.04611731320619583,0.03247020021080971
baseline_ema,1GU15S0GJ6PFNARO469W,0,14,0.09990296455024905,0.4036315679550171,-0.00022397551219910383,0.621842029545485,0.5088794970544078,,3093,9889,24378,26564,"[1, 64, 28, 28, 20]",0.7965585693136502,0.04611731320619583,0.03247020021080971
baseline_ema,1GU15S0GJ6PFNARO469W,0,15,-0.18837313722447255,0.0,0.01758388988673687,0.4413180146602609,0.6461721340458825,low,3093,9889,24378,26564,"[1, 64, 28, 28, 20]",0.7965585693136502,0.04611731320619583,0.03247020021080971
baseline_ema,1GU15S0GJ6PFNARO469W,0,16,-0.10545618672315034,0.0,0.030425362288951874,0.37149951443247164,0.45909047265760894,,3093,9889,24378,26564,"[1, 64, 28, 28, 20]",0.7965585693136502,0.04611731320619583,0.03247020021080971
baseline_ema,1GU15S0GJ6PFNARO469W,0,17,0.10858740289737136,0.4387187361717224,-0.029230356216430664,0.34876188708950545,0.2804385383966409,,3093,9889,24378,26564,"[1, 64, 28, 28, 20]",0.7965585693136502,0.04611731320619583,0.03247020021080971
baseline_ema,1GU15S0GJ6PFNARO469W,0,18,0.11024562339719386,0.4454183578491211,-0.09505678713321686,0.6113295583228829,0.48992135465885855,,3093,9889,24378,26564,"[1, 64, 28, 28, 20]",0.7965585693136502,0.04611731320619583,0.03247020021080971
baseline_ema,1GU15S0GJ6PFNARO469W,0,19,0.09880071549930741,0.3991782069206238,0.08141932636499405,0.6424062208874466,0.5268798242079504,,3093,9889,24378,26564,"[1, 64, 28, 28, 20]",0.7965585693136502,0.04611731320619583,0.03247020021080971
baseline_ema,1GU15S0GJ6PFNARO469W,0,20,-0.01897209800849475,0.0,-0.07400727272033691,0.35237121895739115,0.36600025188073665,,3093,9889,24378,26564,"[1, 64, 28, 28, 20]",0.7965585693136502,0.04611731320619583,0.03247020021080971
baseline_ema,1GU15S0GJ6PFNARO469W,0,21,0.18997611867164343,0.7675483822822571,-0.0465083047747612,0.7558962617988159,0.5145429595438018,high,3093,9889,24378,26564,"[1, 64, 28, 28, 20]",0.7965585693136502,0.04611731320619583,0.03247020021080971
baseline_ema,1GU15S0GJ6PFNARO469W,0,22,-0.09536116317643746,0.0,-0.005681012757122517,0.4032189285496997,0.4882284863017227,,3093,9889,24378,26564,"[1, 64, 28, 28, 20]",0.7965585693136502,0.04611731320619583,0.03247020021080971
baseline_ema,1GU15S0GJ6PFNARO469W,0,23,-0.07943090181511467,0.0,-0.06334394216537476,0.36183435026091193,0.4242758737077243,,3093,9889,24378,26564,"[1, 64, 28, 28, 20]",0.7965585693136502,0.04611731320619583,0.03247020021080971
baseline_ema,1GU15S0GJ6PFNARO469W,0,24,0.12170260350390885,0.4917072653770447,-0.0634710043668747,0.7162282423597209,0.5608093240524592,,3093,9889,24378,26564,"[1, 64, 28, 28, 20]",0.7965585693136502,0.04611731320619583,0.03247020021080971
baseline_ema,1GU15S0GJ6PFNARO469W,0,25,-0.15611395045000845,0.0,-0.011388328857719898,0.4265064453771862,0.5843089927061881,low,3093,9889,24378,26564,"[1, 64, 28, 28, 20]",0.7965585693136502,0.04611731320619583,0.03247020021080971
baseline_ema,1GU15S0GJ6PFNARO469W,0,26,0.0008138189992394388,0.003288020845502615,0.016711806878447533,0.380232592852241,0.37961421427027425,,3093,9889,24378,26564,"[1, 64, 28, 28, 20]",0.7965585693136502,0.04611731320619583,0.03247020021080971
baseline_ema,1GU15S0GJ6PFNARO469W,0,27,-0.06641340779565139,0.0,0.03214659541845322,0.44837782120330166,0.5121712229969007,,3093,9889,24378,26564,"[1, 64, 28, 28, 20]",0.7965585693136502,0.04611731320619583,0.03247020021080971
baseline_ema,1GU15S0GJ6PFNARO469W,0,28,0.07259010025616643,0.2932811379432678,-0.004368881229311228,0.4761237776465624,0.4116780792562745,,3093,9889,24378,26564,"[1, 64, 28, 28, 20]",0.7965585693136502,0.04611731320619583,0.03247020021080971
baseline_ema,1GU15S0GJ6PFNARO469W,0,29,0.054835296750565844,0.22154754400253296,0.006454681046307087,0.5620812388016955,0.5036419373482603,,3093,9889,24378,26564,"[1, 64, 28, 28, 20]",0.7965585693136502,0.04611731320619583,0.03247020021080971
baseline_ema,1GU15S0GJ6PFNARO469W,0,30,-0.0253607058690729,0.0,-0.047602906823158264,0.49847287884575203,0.5244140384534045,,3093,9889,24378,26564,"[1, 64, 28, 28, 20]",0.7965585693136502,0.04611731320619583,0.03247020021080971
baseline_ema,1GU15S0GJ6PFNARO469W,0,31,-0.07571251945109035,0.0,-0.05348937213420868,0.5869060060002924,0.6830582772073613,,3093,9889,24378,26564,"[1, 64, 28, 28, 20]",0.7965585693136502,0.04611731320619583,0.03247020021080971
baseline_ema,1GU15S0GJ6PFNARO469W,0,32,-0.008172534866377349,0.0,-0.061712224036455154,0.39711311901823565,0.40365745260734953,,3093,9889,24378,26564,"[1, 64, 28, 28, 20]",0.7965585693136502,0.04611731320619583,0.03247020021080971
baseline_ema,1GU15S0GJ6PFNARO469W,0,33,0.13308505999104397,0.537695050239563,0.22208954393863678,0.3826956172735306,0.29279744894697973,,3093,9889,24378,26564,"[1, 64, 28, 28, 20]",0.7965585693136502,0.04611731320619583,0.03247020021080971
baseline_ema,1GU15S0GJ6PFNARO469W,0,34,0.048690450002053465,0.1967209130525589,-0.011278681457042694,0.43260782488487476,0.3924360201101906,,3093,9889,24378,26564,"[1, 64, 28, 28, 20]",0.7965585693136502,0.04611731320619583,0.03247020021080971
baseline_ema,1GU15S0GJ6PFNARO469W,0,35,0.06892710196351737,0.27848178148269653,0.010097895748913288,0.47510721242403114,0.4138349373030241,,3093,9889,24378,26564,"[1, 64, 28, 28, 20]",0.7965585693136502,0.04611731320619583,0.03247020021080971
baseline_ema,1GU15S0GJ6PFNARO469W,0,36,-0.12255403123895138,0.0,0.0034473086707293987,0.4471968403290854,0.5721181204258016,,3093,9889,24378,26564,"[1, 64, 28, 28, 20]",0.7965585693136502,0.04611731320619583,0.03247020021080971
baseline_ema,1GU15S0GJ6PFNARO469W,0,37,0.0870070043574544,0.3515288531780243,-0.054258789867162704,0.2737785490100288,0.2299505059252907,,3093,9889,24378,26564,"[1, 64, 28, 28, 20]",0.7965585693136502,0.04611731320619583,0.03247020021080971
baseline_ema,1GU15S0GJ6PFNARO469W,0,38,0.12698424318785712,0.5130463242530823,-0.006378337275236845,0.5159946307509264,0.3997139434865106,,3093,9889,24378,26564,"[1, 64, 28, 28, 20]",0.7965585693136502,0.04611731320619583,0.03247020021080971
baseline_ema,1GU15S0GJ6PFNARO469W,0,39,0.22028644266611874,0.8900092244148254,-0.09105449169874191,0.4541226506547241,0.2901657797228553,high,3093,9889,24378,26564,"[1, 64, 28, 28, 20]",0.7965585693136502,0.04611731320619583,0.03247020021080971
baseline_ema,1GU15S0GJ6PFNARO469W,0,40,0.05116254319236106,0.20670875906944275,0.0217013880610466,0.46830095572722796,0.4227142981529858,,3093,9889,24378,26564,"[1, 64, 28, 28, 20]",0.7965585693136502,0.04611731320619583,0.03247020021080971
baseline_ema,1GU15S0GJ6PFNARO469W,0,41,0.03097638584788823,0.12515191733837128,-0.10782517492771149,0.589320248833318,0.5539071643929521,,3093,9889,24378,26564,"[1, 64, 28, 28, 20]",0.7965585693136502,0.04611731320619583,0.03247020021080971
baseline_ema,1GU15S0GJ6PFNARO469W,0,42,-0.05428314524966577,0.0,-0.04844191297888756,0.4909570350783488,0.5473179195316804,,3093,9889,24378,26564,"[1, 64, 28, 28, 20]",0.7965585693136502,0.04611731320619583,0.03247020021080971
baseline_ema,1GU15S0GJ6PFNARO469W,0,43,-0.013068614549968471,0.0,-0.05543849989771843,0.38955084033105436,0.39986745684414404,,3093,9889,24378,26564,"[1, 64, 28, 28, 20]",0.7965585693136502,0.04611731320619583,0.03247020021080971
baseline_ema,1GU15S0GJ6PFNARO469W,0,44,0.03664508896611306,0.1480548083782196,-0.01074390672147274,0.47561958177017294,0.4419935309721689,middle,3093,9889,24378,26564,"[1, 64, 28, 28, 20]",0.7965585693136502,0.04611731320619583,0.03247020021080971
baseline_ema,1GU15S0GJ6PFNARO469W,0,45,0.012854535687611864,0.051935359835624695,-0.12504637241363525,0.6476234166285687,0.6311849164192543,,3093,9889,24378,26564,"[1, 64, 28, 28, 20]",0.7965585693136502,0.04611731320619583,0.03247020021080971
baseline_ema,1GU15S0GJ6PFNARO469W,0,46,0.06863833806108469,0.27731508016586304,-0.06594674289226532,0.4174615004038517,0.36383456809040826,,3093,9889,24378,26564,"[1, 64, 28, 28, 20]",0.7965585693136502,0.04611731320619583,0.03247020021080971
baseline_ema,1GU15S0GJ6PFNARO469W,0,47,0.05282973799704888,0.21344462037086487,-0.11540456116199493,0.6289555639808942,0.5658350367530456,,3093,9889,24378,26564,"[1, 64, 28, 28, 20]",0.7965585693136502,0.04611731320619583,0.03247020021080971
baseline_ema,1GU15S0GJ6PFNARO469W,0,48,0.04005995424980293,0.1618516743183136,-0.0998687893152237,0.4197538752627318,0.38741854497629924,middle,3093,9889,24378,26564,"[1, 64, 28, 28, 20]",0.7965585693136502,0.04611731320619583,0.03247020021080971
baseline_ema,1GU15S0GJ6PFNARO469W,0,49,-0.0472320153465357,0.0,0.002109518274664879,0.47934261313496557,0.5268680162562334,,3093,9889,24378,26564,"[1, 64, 28, 28, 20]",0.7965585693136502,0.04611731320619583,0.03247020021080971
baseline_ema,1GU15S0GJ6PFNARO469W,0,50,0.04361193510483724,0.17620252072811127,-0.05633154511451721,0.41575408180394935,0.3810057980190363,,3093,9889,24378,26564,"[1, 64, 28, 28, 20]",0.7965585693136502,0.04611731320619583,0.03247020021080971
baseline_ema,1GU15S0GJ6PFNARO469W,0,51,0.01947711333228874,0.07869213819503784,-0.14489662647247314,0.34881912896242817,0.33549072883067615,,3093,9889,24378,26564,"[1, 64, 28, 28, 20]",0.7965585693136502,0.04611731320619583,0.03247020021080971
baseline_ema,1GU15S0GJ6PFNARO469W,0,52,-0.031060282582056814,0.0,-0.00042426493018865585,0.3672678592875136,0.39081413119247266,,3093,9889,24378,26564,"[1, 64, 28, 28, 20]",0.7965585693136502,0.04611731320619583,0.03247020021080971
baseline_ema,1GU15S0GJ6PFNARO469W,0,53,0.24750928654368148,0.9999959468841553,-0.09141861647367477,0.6282167632819367,0.3789366844776627,high,3093,9889,24378,26564,"[1, 64, 28, 28, 20]",0.7965585693136502,0.04611731320619583,0.03247020021080971
baseline_ema,1GU15S0GJ6PFNARO469W,0,54,-0.021054444313684938,0.0,-0.014686796814203262,0.40537188507710353,0.4228087900374165,,3093,9889,24378,26564,"[1, 64, 28, 28, 20]",0.7965585693136502,0.04611731320619583,0.03247020021080971
baseline_ema,1GU15S0GJ6PFNARO469W,0,55,0.028074976186622976,0.11342953145503998,0.03313903883099556,0.4131924381047796,0.3906252476440195,,3093,9889,24378,26564,"[1, 64, 28, 28, 20]",0.7965585693136502,0.04611731320619583,0.03247020021080971
baseline_ema,1GU15S0GJ6PFNARO469W,0,56,0.05311770538159177,0.2146080732345581,-0.02276199497282505,0.41711220549419675,0.3750351049229339,,3093,9889,24378,26564,"[1, 64, 28, 28, 20]",0.7965585693136502,0.04611731320619583,0.03247020021080971
baseline_ema,1GU15S0GJ6PFNARO469W,0,57,0.1860508058738998,0.7516891956329346,0.0037932847626507282,0.6281431199096248,0.431074619791495,,3093,9889,24378,26564,"[1, 64, 28, 28, 20]",0.7965585693136502,0.04611731320619583,0.03247020021080971
baseline_ema,1GU15S0GJ6PFNARO469W,0,58,-0.10150324992585982,0.0,0.03157834708690643,0.28221671148432154,0.3459809135213541,,3093,9889,24378,26564,"[1, 64, 28, 28, 20]",0.7965585693136502,0.04611731320619583,0.03247020021080971
baseline_ema,1GU15S0GJ6PFNARO469W,0,59,0.11293704442391617,0.4562923312187195,-0.12696093320846558,0.3492900832345498,0.2784004559851754,,3093,9889,24378,26564,"[1, 64, 28, 28, 20]",0.7965585693136502,0.04611731320619583,0.03247020021080971
baseline_ema,1GU15S0GJ6PFNARO469W,0,60,-0.06498788863870882,0.0,0.05732245743274689,0.5217112508122872,0.5942342582713719,,3093,9889,24378,26564,"[1, 64, 28, 28, 20]",0.7965585693136502,0.04611731320619583,0.03247020021080971
baseline_ema,1GU15S0GJ6PFNARO469W,0,61,0.13122774725099848,0.5301910638809204,-0.0069900695234537125,0.4929651856476614,0.37859250241602777,,3093,9889,24378,26564,"[1, 64, 28, 28, 20]",0.7965585693136502,0.04611731320619583,0.03247020021080971
baseline_ema,1GU15S0GJ6PFNARO469W,0,62,0.07305497842811753,0.29515936970710754,0.022278787568211555,0.5573179055381093,0.4814319818665724,,3093,9889,24378,26564,"[1, 64, 28, 28, 20]",0.7965585693136502,0.04611731320619583,0.03247020021080971
baseline_ema,1GU15S0GJ6PFNARO469W,0,63,0.04067579919550226,0.1643398404121399,-0.059253379702568054,0.44929622736345987,0.4141738511622253,,3093,9889,24378,26564,"[1, 64, 28, 28, 20]",0.7965585693136502,0.04611731320619583,0.03247020021080971
baseline_ema,1GU15S0GJ6PFNARO469W,1,0,0.1321876413792222,0.5212488770484924,0.014208107255399227,0.4996007038024004,0.3829396445447518,,3072,9867,24105,26302,"[1, 64, 28, 28, 20]",0.7816586823854371,0.046028487384319305,0.03245201334357262
baseline_ema,1GU15S0GJ6PFNARO469W,1,1,-0.0010158548758875778,0.0,-0.06048639118671417,0.5753846019857463,0.5765548062662009,,3072,9867,24105,26302,"[1, 64, 28, 28, 20]",0.7816586823854371,0.046028487384319305,0.03245201334357262
baseline_ema,1GU15S0GJ6PFNARO469W,1,2,0.19360836264493397,0.7634460926055908,-0.010443827137351036,0.5189966896362724,0.35062957819924956,,3072,9867,24105,26302,"[1, 64, 28, 28, 20]",0.7816586823854371,0.046028487384319305,0.03245201334357262
baseline_ema,1GU15S0GJ6PFNARO469W,1,3,0.024054624834095508,0.09485339373350143,-0.012488903477787971,0.3569494700249199,0.340180252045201,,3072,9867,24105,26302,"[1, 64, 28, 28, 20]",0.7816586823854371,0.046028487384319305,0.03245201334357262
baseline_ema,1GU15S0GJ6PFNARO469W,1,4,-0.029553838156720587,0.0,-0.01597166806459427,0.48716991041578694,0.5168423559985981,,3072,9867,24105,26302,"[1, 64, 28, 28, 20]",0.7816586823854371,0.046028487384319305,0.03245201334357262
baseline_ema,1GU15S0GJ6PFNARO469W,1,5,-0.16300422657350336,0.0,-0.01669757440686226,0.2849077004108267,0.39587896771435,low,3072,9867,24105,26302,"[1, 64, 28, 28, 20]",0.7816586823854371,0.046028487384319305,0.03245201334357262
baseline_ema,1GU15S0GJ6PFNARO469W,1,6,0.04560267371945306,0.17982272803783417,-0.024614062160253525,0.5490369388518843,0.5011457545367904,,3072,9867,24105,26302,"[1, 64, 28, 28, 20]",0.7816586823854371,0.046028487384319305,0.03245201334357262
baseline_ema,1GU15S0GJ6PFNARO469W,1,7,0.12037007776114095,0.4746492803096771,-0.08779318630695343,0.4059794574617778,0.3187442839791148,,3072,9867,24105,26302,"[1, 64, 28, 28, 20]",0.7816586823854371,0.046028487384319305,0.03245201334357262
baseline_ema,1GU15S0GJ6PFNARO469W,1,8,0.04940249599464199,0.19480638206005096,0.00583647470921278,0.4178726535866038,0.37852840412059907,,3072,9867,24105,26302,"[1, 64, 28, 28, 20]",0.7816586823854371,0.046028487384319305,0.03245201334357262
baseline_ema,1GU15S0GJ6PFNARO469W,1,9,0.06640684613509243,0.2618587613105774,-0.07815875113010406,0.3531466206067459,0.30916455768924606,,3072,9867,24105,26302,"[1, 64, 28, 28, 20]",0.7816586823854371,0.046028487384319305,0.03245201334357262
baseline_ema,1GU15S0GJ6PFNARO469W,1,10,-0.03580153699039881,0.0,-0.024673156440258026,0.49819586011825834,0.5351927981958878,,3072,9867,24105,26302,"[1, 64, 28, 28, 20]",0.7816586823854371,0.046028487384319305,0.03245201334357262
baseline_ema,1GU15S0GJ6PFNARO469W,1,11,0.051144901636682664,0.2016771137714386,-0.03583629056811333,0.4078815510328913,0.3681894260994708,,3072,9867,24105,26302,"[1, 64, 28, 28, 20]",0.7816586823854371,0.046028487384319305,0.03245201334357262
baseline_ema,1GU15S0GJ6PFNARO469W,1,12,0.02490420630360873,0.09820350259542465,0.022806812077760696,0.5033827930294592,0.478919313804198,,3072,9867,24105,26302,"[1, 64, 28, 28, 20]",0.7816586823854371,0.046028487384319305,0.03245201334357262
baseline_ema,1GU15S0GJ6PFNARO469W,1,13,-0.10803568093482042,0.0,-0.008976802229881287,0.3568614832052539,0.44330850026920166,,3072,9867,24105,26302,"[1, 64, 28, 28, 20]",0.7816586823854371,0.046028487384319305,0.03245201334357262
baseline_ema,1GU15S0GJ6PFNARO469W,1,14,0.10359040198021996,0.4084828197956085,0.008685988374054432,0.6140423907338098,0.4987660168725016,,3072,9867,24105,26302,"[1, 64, 28, 28, 20]",0.7816586823854371,0.046028487384319305,0.03245201334357262
baseline_ema,1GU15S0GJ6PFNARO469W,1,15,-0.19414999858492202,0.0,0.014989071525633335,0.4273441829551044,0.6332608410063879,low,3072,9867,24105,26302,"[1, 64, 28, 28, 20]",0.7816586823854371,0.046028487384319305,0.03245201334357262
baseline_ema,1GU15S0GJ6PFNARO469W,1,16,-0.10371800001951395,0.0,0.022976763546466827,0.3722651261681449,0.4584224878534463,,3072,9867,24105,26302,"[1, 64, 28, 28, 20]",0.7816586823854371,0.046028487384319305,0.03245201334357262
baseline_ema,1GU15S0GJ6PFNARO469W,1,17,0.08586307429060486,0.33857953548431396,-0.0338444747030735,0.3402564897028621,0.28644581711167755,,3072,9867,24105,26302,"[1, 64, 28, 28, 20]",0.7816586823854371,0.046028487384319305,0.03245201334357262
baseline_ema,1GU15S0GJ6PFNARO469W,1,18,0.112316417091648,0.4428916871547699,-0.09484751522541046,0.6125685691508806,0.48885995169095503,,3072,9867,24105,26302,"[1, 64, 28, 28, 20]",0.7816586823854371,0.046028487384319305,0.03245201334357262
baseline_ema,1GU15S0GJ6PFNARO469W,1,19,0.1096448471218265,0.4323570132255554,0.08234072476625443,0.6570042419505739,0.5271659704057021,,3072,9867,24105,26302,"[1, 64, 28, 28, 20]",0.7816586823854371,0.046028487384319305,0.03245201334357262
baseline_ema,1GU15S0GJ6PFNARO469W,1,20,-0.002954813036700415,0.0,-0.07567621022462845,0.350439981753406,0.35251709143230897,,3072,9867,24105,26302,"[1, 64, 28, 28, 20]",0.7816586823854371,0.046028487384319305,0.03245201334357262
baseline_ema,1GU15S0GJ6PFNARO469W,1,21,0.20532079828715483,0.8096311688423157,-0.0288468599319458,0.7643401059575959,0.5039363634825356,high,3072,9867,24105,26302,"[1, 64, 28, 28, 20]",0.7816586823854371,0.046028487384319305,0.03245201334357262
baseline_ema,1GU15S0GJ6PFNARO469W,1,22,-0.08662216312665007,0.0,-0.00946643017232418,0.4014369359626547,0.47757931135055876,,3072,9867,24105,26302,"[1, 64, 28, 28, 20]",0.7816586823854371,0.046028487384319305,0.03245201334357262
baseline_ema,1GU15S0GJ6PFNARO469W,1,23,-0.06352879727379825,0.0,-0.06365144997835159,0.3648695735977678,0.4143740471349974,,3072,9867,24105,26302,"[1, 64, 28, 28, 20]",0.7816586823854371,0.046028487384319305,0.03245201334357262
baseline_ema,1GU15S0GJ6PFNARO469W,1,24,0.11478778413266401,0.4526368975639343,-0.05975276231765747,0.7071005220736405,0.5614825656570747,,3072,9867,24105,26302,"[1, 64, 28, 28, 20]",0.7816586823854371,0.046028487384319305,0.03245201334357262
baseline_ema,1GU15S0GJ6PFNARO469W,1,25,-0.1519162121379919,0.0,-0.011217553168535233,0.42724026143244487,0.5803024920202772,low,3072,9867,24105,26302,"[1, 64, 28, 28, 20]",0.7816586823854371,0.046028487384319305,0.03245201334357262
baseline_ema,1GU15S0GJ6PFNARO469W,1,26,0.00038910139817415694,0.0015343239065259695,0.019497234374284744,0.37525183322744243,0.37495992439452364,,3072,9867,24105,26302,"[1, 64, 28, 28, 20]",0.7816586823854371,0.046028487384319305,0.03245201334357262
baseline_ema,1GU15S0GJ6PFNARO469W,1,27,-0.06516749675233076,0.0,0.028596414253115654,0.45419507510832585,0.5175193360063299,,3072,9867,24105,26302,"[1, 64, 28, 28, 20]",0.7816586823854371,0.046028487384319305,0.03245201334357262
baseline_ema,1GU15S0GJ6PFNARO469W,1,28,0.06859320951670937,0.2704801559448242,-0.01195270661264658,0.45882191586686244,0.39991811258188315,,3072,9867,24105,26302,"[1, 64, 28, 28, 20]",0.7816586823854371,0.046028487384319305,0.03245201334357262
baseline_ema,1GU15S0GJ6PFNARO469W,1,29,0.055314115738239814,0.2181173712015152,0.002687495667487383,0.5440873517223963,0.4870508012714634,,3072,9867,24105,26302,"[1, 64, 28, 28, 20]",0.7816586823854371,0.046028487384319305,0.03245201334357262
baseline_ema,1GU15S0GJ6PFNARO469W,1,30,-0.014073252401153919,0.0,-0.05168920382857323,0.505491371396829,0.519922290753109,,3072,9867,24105,26302,"[1, 64, 28, 28, 20]",0.7816586823854371,0.046028487384319305,0.03245201334357262
baseline_ema,1GU15S0GJ6PFNARO469W,1,31,-0.0876553639581768,0.0,-0.050851136445999146,0.569032075719889,0.6783739966527133,,3072,9867,24105,26302,"[1, 64, 28, 28, 20]",0.7816586823854371,0.046028487384319305,0.03245201334357262
baseline_ema,1GU15S0GJ6PFNARO469W,1,32,0.0033606692019996502,0.01325195748358965,-0.06388092041015625,0.40383478016651253,0.40112955794604044,,3072,9867,24105,26302,"[1, 64, 28, 28, 20]",0.7816586823854371,0.046028487384319305,0.03245201334357262
baseline_ema,1GU15S0GJ6PFNARO469W,1,33,0.14168662316140374,0.558705747127533,0.20870044827461243,0.38974693988146214,0.2930093631729021,,3072,9867,24105,26302,"[1, 64, 28, 28, 20]",0.7816586823854371,0.046028487384319305,0.03245201334357262
baseline_ema,1GU15S0GJ6PFNARO469W,1,34,0.04839076964561223,0.19081687927246094,0.002199070528149605,0.43133199553741025,0.39151380553317466,,3072,9867,24105,26302,"[1, 64, 28, 28, 20]",0.7816586823854371,0.046028487384319305,0.03245201334357262
baseline_ema,1GU15S0GJ6PFNARO469W,1,35,0.08586598917674515,0.3385910391807556,0.0051549701020121574,0.4859165850863671,0.40906778130266147,,3072,9867,24105,26302,"[1, 64, 28, 28, 20]",0.7816586823854371,0.046028487384319305,0.03245201334357262
baseline_ema,1GU15S0GJ6PFNARO469W,1,36,-0.11864182442400527,0.0,0.00466333981603384,0.44344084774125275,0.5628263415824581,low,3072,9867,24105,26302,"[1, 64, 28, 28, 20]",0.7816586823854371,0.046028487384319305,0.03245201334357262
baseline_ema,1GU15S0GJ6PFNARO469W,1,37,0.0515121969017698,0.20312544703483582,-0.05060330778360367,0.26726057444041373,0.24107503873038097,,3072,9867,24105,26302,"[1, 64, 28, 28, 20]",0.7816586823854371,0.046028487384319305,0.03245201334357262
baseline_ema,1GU15S0GJ6PFNARO469W,1,38,0.12082942355240092,0.4764605760574341,-0.005410266108810902,0.5148302539352395,0.40382905800324376,,3072,9867,24105,26302,"[1, 64, 28, 28, 20]",0.7816586823854371,0.046028487384319305,0.03245201334357262
baseline_ema,1GU15S0GJ6PFNARO469W,1,39,0.20805067926662504,0.8203957676887512,-0.08041054010391235,0.44458361974472566,0.2914509247485247,high,3072,9867,24105,26302,"[1, 64, 28, 28, 20]",0.7816586823854371,0.046028487384319305,0.03245201334357262
baseline_ema,1GU15S0GJ6PFNARO469W,1,40,0.030487431182705093,0.12021955102682114,0.025636162608861923,0.4483866190329688,0.42185515242587085,,3072,9867,24105,26302,"[1, 64, 28, 28, 20]",0.7816586823854371,0.046028487384319305,0.03245201334357262
baseline_ema,1GU15S0GJ6PFNARO469W,1,41,0.03385061684808998,0.13348142802715302,-0.08821901679039001,0.5841388887893876,0.5458867887015226,middle,3072,9867,24105,26302,"[1, 64, 28, 28, 20]",0.7816586823854371,0.046028487384319305,0.03245201334357262
baseline_ema,1GU15S0GJ6PFNARO469W,1,42,-0.04923285318025478,0.0,-0.04480287432670593,0.48773750948408673,0.5382498434276413,,3072,9867,24105,26302,"[1, 64, 28, 28, 20]",0.7816586823854371,0.046028487384319305,0.03245201334357262
baseline_ema,1GU15S0GJ6PFNARO469W,1,43,-0.012145571549233531,0.0,-0.06055433675646782,0.38762057056910254,0.3971520952775979,,3072,9867,24105,26302,"[1, 64, 28, 28, 20]",0.7816586823854371,0.046028487384319305,0.03245201334357262
baseline_ema,1GU15S0GJ6PFNARO469W,1,44,0.03326355329694336,0.1311665028333664,-0.01338669192045927,0.46594186212278527,0.43594196800802437,middle,3072,9867,24105,26302,"[1, 64, 28, 28, 20]",0.7816586823854371,0.046028487384319305,0.03245201334357262
baseline_ema,1GU15S0GJ6PFNARO469W,1,45,0.01497477357443035,0.059049271047115326,-0.13471248745918274,0.6431749833554742,0.6241963693393757,,3072,9867,24105,26302,"[1, 64, 28, 28, 20]",0.7816586823854371,0.046028487384319305,0.03245201334357262
baseline_ema,1GU15S0GJ6PFNARO469W,1,46,0.07988702912131482,0.315014511346817,-0.06351830065250397,0.4249045471108843,0.36203796763180524,,3072,9867,24105,26302,"[1, 64, 28, 28, 20]",0.7816586823854371,0.046028487384319305,0.03245201334357262
baseline_ema,1GU15S0GJ6PFNARO469W,1,47,0.0604403797145635,0.23833151161670685,-0.09024553745985031,0.626956077657951,0.5554886112297309,,3072,9867,24105,26302,"[1, 64, 28, 28, 20]",0.7816586823854371,0.046028487384319305,0.03245201334357262
baseline_ema,1GU15S0GJ6PFNARO469W,1,48,0.03147753095167389,0.12412376701831818,-0.09508854895830154,0.4101681241548363,0.3851339471130404,middle,3072,9867,24105,26302,"[1, 64, 28, 28, 20]",0.7816586823854371,0.046028487384319305,0.03245201334357262
baseline_ema,1GU15S0GJ6PFNARO469W,1,49,-0.03946372213113945,0.0,-0.005708917509764433,0.48645199381811227,0.5264238855380807,,3072,9867,24105,26302,"[1, 64, 28, 28, 20]",0.7816586823854371,0.046028487384319305,0.03245201334357262
baseline_ema,1GU15S0GJ6PFNARO469W,1,50,0.06265913166033926,0.24708059430122375,-0.04888558387756348,0.4384662424582757,0.3867583249787603,,3072,9867,24105,26302,"[1, 64, 28, 28, 20]",0.7816586823854371,0.046028487384319305,0.03245201334357262
baseline_ema,1GU15S0GJ6PFNARO469W,1,51,0.010027690284265148,0.039541687816381454,-0.11434246599674225,0.3418512850012121,0.33506338432068605,,3072,9867,24105,26302,"[1, 64, 28, 28, 20]",0.7816586823854371,0.046028487384319305,0.03245201334357262
baseline_ema,1GU15S0GJ6PFNARO469W,1,52,-0.0064379067659433185,0.0,0.010150110349059105,0.3823967768967454,0.3873523564885524,,3072,9867,24105,26302,"[1, 64, 28, 28, 20]",0.7816586823854371,0.046028487384319305,0.03245201334357262
baseline_ema,1GU15S0GJ6PFNARO469W,1,53,0.253596941726352,0.9999960660934448,-0.10216003656387329,0.6268398640861103,0.373225972744038,high,3072,9867,24105,26302,"[1, 64, 28, 28, 20]",0.7816586823854371,0.046028487384319305,0.03245201334357262
baseline_ema,1GU15S0GJ6PFNARO469W,1,54,-0.021634995863034648,0.0,-0.023256555199623108,0.40257932716267913,0.4203841604475509,,3072,9867,24105,26302,"[1, 64, 28, 28, 20]",0.7816586823854371,0.046028487384319305,0.03245201334357262
baseline_ema,1GU15S0GJ6PFNARO469W,1,55,0.015568167645655176,0.061389170587062836,0.035154953598976135,0.40032838797143455,0.3880546924384478,,3072,9867,24105,26302,"[1, 64, 28, 28, 20]",0.7816586823854371,0.046028487384319305,0.03245201334357262
baseline_ema,1GU15S0GJ6PFNARO469W,1,56,0.03256851081453829,0.12842577695846558,-0.02757321670651436,0.4120402748646536,0.3860477052837272,middle,3072,9867,24105,26302,"[1, 64, 28, 28, 20]",0.7816586823854371,0.046028487384319305,0.03245201334357262
baseline_ema,1GU15S0GJ6PFNARO469W,1,57,0.1985882268092233,0.7830829620361328,-0.0035100842360407114,0.6222004913940585,0.41602160720991754,high,3072,9867,24105,26302,"[1, 64, 28, 28, 20]",0.7816586823854371,0.046028487384319305,0.03245201334357262
baseline_ema,1GU15S0GJ6PFNARO469W,1,58,-0.10161584422178051,0.0,0.02200276032090187,0.2829233390006654,0.3469261257052364,,3072,9867,24105,26302,"[1, 64, 28, 28, 20]",0.7816586823854371,0.046028487384319305,0.03245201334357262
baseline_ema,1GU15S0GJ6PFNARO469W,1,59,0.10613451297893553,0.4185148775577545,-0.11580458283424377,0.34744529453140177,0.28076987710887014,,3072,9867,24105,26302,"[1, 64, 28, 28, 20]",0.7816586823854371,0.046028487384319305,0.03245201334357262
baseline_ema,1GU15S0GJ6PFNARO469W,1,60,-0.0532288629981893,0.0,0.05561491847038269,0.5356568280180909,0.5958877104620633,,3072,9867,24105,26302,"[1, 64, 28, 28, 20]",0.7816586823854371,0.046028487384319305,0.03245201334357262
baseline_ema,1GU15S0GJ6PFNARO469W,1,61,0.13099240567511122,0.516535758972168,-0.006834294646978378,0.4982262983156052,0.38281628043098065,,3072,9867,24105,26302,"[1, 64, 28, 28, 20]",0.7816586823854371,0.046028487384319305,0.03245201334357262
baseline_ema,1GU15S0GJ6PFNARO469W,1,62,0.06627890121960801,0.2613542675971985,0.02238156646490097,0.5558860019779482,0.48677922979710836,,3072,9867,24105,26302,"[1, 64, 28, 28, 20]",0.7816586823854371,0.046028487384319305,0.03245201334357262
baseline_ema,1GU15S0GJ6PFNARO469W,1,63,0.05033265227092636,0.1984742134809494,-0.068274587392807,0.44557786006684336,0.4028730263016466,,3072,9867,24105,26302,"[1, 64, 28, 28, 20]",0.7816586823854371,0.046028487384319305,0.03245201334357262
baseline_ema,1GU15S0GJ6PFNARO469W,2,0,0.11296359603371366,0.3927746117115021,0.018765155225992203,0.47984513136085793,0.38243837294978,,3008,10000,24394,26515,"[1, 64, 28, 28, 20]",0.8389959571754868,0.04994715005159378,0.03482966497540474
baseline_ema,1GU15S0GJ6PFNARO469W,2,1,-0.025936891072595544,0.0,-0.07969184964895248,0.5604280704586578,0.5902737234820288,,3008,10000,24394,26515,"[1, 64, 28, 28, 20]",0.8389959571754868,0.04994715005159378,0.03482966497540474
baseline_ema,1GU15S0GJ6PFNARO469W,2,2,0.24862134827381102,0.8644568920135498,-0.04920772835612297,0.5775072306742585,0.34752437664524477,high,3008,10000,24394,26515,"[1, 64, 28, 28, 20]",0.8389959571754868,0.04994715005159378,0.03482966497540474
baseline_ema,1GU15S0GJ6PFNARO469W,2,3,0.04459268035158448,0.15504883229732513,-0.03490608558058739,0.37558525786793556,0.34351845142702625,middle,3008,10000,24394,26515,"[1, 64, 28, 28, 20]",0.8389959571754868,0.04994715005159378,0.03482966497540474
baseline_ema,1GU15S0GJ6PFNARO469W,2,4,0.020191828676480585,0.07020702213048935,-0.056349486112594604,0.5555904694912336,0.5335977474269515,,3008,10000,24394,26515,"[1, 64, 28, 28, 20]",0.8389959571754868,0.04994715005159378,0.03482966497540474
baseline_ema,1GU15S0GJ6PFNARO469W,2,5,-0.11184360715375362,0.0,-0.006611177232116461,0.30785759743377367,0.38539340168136116,,3008,10000,24394,26515,"[1, 64, 28, 28, 20]",0.8389959571754868,0.04994715005159378,0.03482966497540474
baseline_ema,1GU15S0GJ6PFNARO469W,2,6,0.02886395493386332,0.10036002099514008,-0.019865650683641434,0.5377686372419466,0.5075952716230259,,3008,10000,24394,26515,"[1, 64, 28, 28, 20]",0.8389959571754868,0.04994715005159378,0.03482966497540474
baseline_ema,1GU15S0GJ6PFNARO469W,2,7,0.15512298568645755,0.539362907409668,-0.07671919465065002,0.40713099287853177,0.2977825450943834,,3008,10000,24394,26515,"[1, 64, 28, 28, 20]",0.8389959571754868,0.04994715005159378,0.03482966497540474
baseline_ema,1GU15S0GJ6PFNARO469W,2,8,0.04718333540908324,0.16405653953552246,-0.0212152898311615,0.41596885642099957,0.37848387933960764,,3008,10000,24394,26515,"[1, 64, 28, 28, 20]",0.8389959571754868,0.04994715005159378,0.03482966497540474
baseline_ema,1GU15S0GJ6PFNARO469W,2,9,0.07692498250073893,0.26746830344200134,-0.08901858329772949,0.35975584878992,0.30836090246611636,,3008,10000,24394,26515,"[1, 64, 28, 28, 20]",0.8389959571754868,0.04994715005159378,0.03482966497540474
baseline_ema,1GU15S0GJ6PFNARO469W,2,10,-0.008363698285186445,0.0,-0.04249975085258484,0.5381741881877887,0.5472523768522078,,3008,10000,24394,26515,"[1, 64, 28, 28, 20]",0.8389959571754868,0.04994715005159378,0.03482966497540474
baseline_ema,1GU15S0GJ6PFNARO469W,2,11,0.09256630833849515,0.3218532204627991,-0.022685158997774124,0.43335375956361377,0.359922968765079,,3008,10000,24394,26515,"[1, 64, 28, 28, 20]",0.8389959571754868,0.04994715005159378,0.03482966497540474
baseline_ema,1GU15S0GJ6PFNARO469W,2,12,0.034490560539065344,0.11992374062538147,0.010043899528682232,0.5255119182249492,0.4904700946139666,middle,3008,10000,24394,26515,"[1, 64, 28, 28, 20]",0.8389959571754868,0.04994715005159378,0.03482966497540474
baseline_ema,1GU15S0GJ6PFNARO469W,2,13,-0.08742901715533688,0.0,-0.00923952180892229,0.377189070360107,0.4494624913602602,,3008,10000,24394,26515,"[1, 64, 28, 28, 20]",0.8389959571754868,0.04994715005159378,0.03482966497540474
baseline_ema,1GU15S0GJ6PFNARO469W,2,14,0.13447628912640344,0.4675742983818054,-0.005596378818154335,0.6412581517234163,0.4892336719163155,,3008,10000,24394,26515,"[1, 64, 28, 28, 20]",0.8389959571754868,0.04994715005159378,0.03482966497540474
baseline_ema,1GU15S0GJ6PFNARO469W,2,15,-0.12850709792912737,0.0,-0.01244819350540638,0.4949448957288544,0.6409105055172084,low,3008,10000,24394,26515,"[1, 64, 28, 28, 20]",0.8389959571754868,0.04994715005159378,0.03482966497540474
baseline_ema,1GU15S0GJ6PFNARO469W,2,16,-0.10507863623852472,0.0,0.026573706418275833,0.3732635088252867,0.46091830083836394,,3008,10000,24394,26515,"[1, 64, 28, 28, 20]",0.8389959571754868,0.04994715005159378,0.03482966497540474
baseline_ema,1GU15S0GJ6PFNARO469W,2,17,0.17802817503646204,0.6190042495727539,-0.058233849704265594,0.38937256495250344,0.2716854372066795,,3008,10000,24394,26515,"[1, 64, 28, 28, 20]",0.8389959571754868,0.04994715005159378,0.03482966497540474
baseline_ema,1GU15S0GJ6PFNARO469W,2,18,0.12030628813308353,0.4183051884174347,-0.12640762329101562,0.6036864016147503,0.47403019759779125,,3008,10000,24394,26515,"[1, 64, 28, 28, 20]",0.8389959571754868,0.04994715005159378,0.03482966497540474
baseline_ema,1GU15S0GJ6PFNARO469W,2,19,0.13064512553667415,0.45425331592559814,0.09705576300621033,0.6718198545304984,0.516563262389673,,3008,10000,24394,26515,"[1, 64, 28, 28, 20]",0.8389959571754868,0.04994715005159378,0.03482966497540474
baseline_ema,1GU15S0GJ6PFNARO469W,2,20,-0.040870217104095996,0.0,-0.1059814989566803,0.3353987477714056,0.3639826585568255,,3008,10000,24394,26515,"[1, 64, 28, 28, 20]",0.8389959571754868,0.04994715005159378,0.03482966497540474
baseline_ema,1GU15S0GJ6PFNARO469W,2,21,0.19209834866028622,0.6679263114929199,0.005636988673359156,0.7608692502369021,0.5156515251551853,high,3008,10000,24394,26515,"[1, 64, 28, 28, 20]",0.8389959571754868,0.04994715005159378,0.03482966497540474
baseline_ema,1GU15S0GJ6PFNARO469W,2,22,-0.06694330339162012,0.0,-0.010846588760614395,0.41851092789577105,0.47856416494412113,,3008,10000,24394,26515,"[1, 64, 28, 28, 20]",0.8389959571754868,0.04994715005159378,0.03482966497540474
baseline_ema,1GU15S0GJ6PFNARO469W,2,23,-0.12701766698782646,0.0,-0.04043354466557503,0.3287147748468708,0.4243699690825815,low,3008,10000,24394,26515,"[1, 64, 28, 28, 20]",0.8389959571754868,0.04994715005159378,0.03482966497540474
baseline_ema,1GU15S0GJ6PFNARO469W,2,24,0.14832848550418615,0.5157384276390076,-0.056614991277456284,0.7513233710326065,0.557227808098837,,3008,10000,24394,26515,"[1, 64, 28, 28, 20]",0.8389959571754868,0.04994715005159378,0.03482966497540474
baseline_ema,1GU15S0GJ6PFNARO469W,2,25,-0.25072550462734683,0.0,-0.03568378835916519,0.36210311134751233,0.6044404956924467,low,3008,10000,24394,26515,"[1, 64, 28, 28, 20]",0.8389959571754868,0.04994715005159378,0.03482966497540474
baseline_ema,1GU15S0GJ6PFNARO469W,2,26,-0.02416155368264907,0.0,0.016791339963674545,0.36274214517352643,0.38070500762769954,,3008,10000,24394,26515,"[1, 64, 28, 28, 20]",0.8389959571754868,0.04994715005159378,0.03482966497540474
baseline_ema,1GU15S0GJ6PFNARO469W,2,27,-0.01761837909333536,0.0,0.0267880130559206,0.49028420776708215,0.5078700861289622,,3008,10000,24394,26515,"[1, 64, 28, 28, 20]",0.8389959571754868,0.04994715005159378,0.03482966497540474
baseline_ema,1GU15S0GJ6PFNARO469W,2,28,0.10568365188721547,0.36746224761009216,-0.040207862854003906,0.5068194060443196,0.4099335048582492,,3008,10000,24394,26515,"[1, 64, 28, 28, 20]",0.8389959571754868,0.04994715005159378,0.03482966497540474
baseline_ema,1GU15S0GJ6PFNARO469W,2,29,0.07759980857303386,0.269814670085907,0.002816398162394762,0.5807888975202544,0.4971416182422443,,3008,10000,24394,26515,"[1, 64, 28, 28, 20]",0.8389959571754868,0.04994715005159378,0.03482966497540474
baseline_ema,1GU15S0GJ6PFNARO469W,2,30,-0.07993492549253932,0.0,-0.03856883570551872,0.4444857036913174,0.5217193093545851,,3008,10000,24394,26515,"[1, 64, 28, 28, 20]",0.8389959571754868,0.04994715005159378,0.03482966497540474
baseline_ema,1GU15S0GJ6PFNARO469W,2,31,-0.07872007298821967,0.0,-0.04928789287805557,0.581883202430424,0.6813229626660614,,3008,10000,24394,26515,"[1, 64, 28, 28, 20]",0.8389959571754868,0.04994715005159378,0.03482966497540474
baseline_ema,1GU15S0GJ6PFNARO469W,2,32,-0.042219885209404576,0.0,-0.07903702557086945,0.37782891210039493,0.41113909292640455,,3008,10000,24394,26515,"[1, 64, 28, 28, 20]",0.8389959571754868,0.04994715005159378,0.03482966497540474
baseline_ema,1GU15S0GJ6PFNARO469W,2,33,0.16179540566118278,0.562562882900238,0.2571726441383362,0.407565287054414,0.29404741372014975,,3008,10000,24394,26515,"[1, 64, 28, 28, 20]",0.8389959571754868,0.04994715005159378,0.03482966497540474
baseline_ema,1GU15S0GJ6PFNARO469W,2,34,0.0436473781284991,0.1517620086669922,0.004567163530737162,0.4254589149192164,0.38987182228528544,middle,3008,10000,24394,26515,"[1, 64, 28, 28, 20]",0.8389959571754868,0.04994715005159378,0.03482966497540474
baseline_ema,1GU15S0GJ6PFNARO469W,2,35,0.13172982670027827,0.4580248296260834,0.013356971554458141,0.5336532658679004,0.40942199363803666,,3008,10000,24394,26515,"[1, 64, 28, 28, 20]",0.8389959571754868,0.04994715005159378,0.03482966497540474
baseline_ema,1GU15S0GJ6PFNARO469W,2,36,-0.14719321957801354,0.0,0.017777787521481514,0.4322455419846959,0.5814556280914182,low,3008,10000,24394,26515,"[1, 64, 28, 28, 20]",0.8389959571754868,0.04994715005159378,0.03482966497540474
baseline_ema,1GU15S0GJ6PFNARO469W,2,37,0.08493619899167282,0.29532331228256226,-0.05513584986329079,0.26880209357932955,0.2267146959997288,,3008,10000,24394,26515,"[1, 64, 28, 28, 20]",0.8389959571754868,0.04994715005159378,0.03482966497540474
baseline_ema,1GU15S0GJ6PFNARO469W,2,38,0.13989846781868617,0.4864272177219391,-0.010161636397242546,0.5168416126259043,0.3899787003546022,,3008,10000,24394,26515,"[1, 64, 28, 28, 20]",0.8389959571754868,0.04994715005159378,0.03482966497540474
baseline_ema,1GU15S0GJ6PFNARO469W,2,39,0.2876031119298577,0.999996542930603,-0.10642550885677338,0.5099216096879048,0.28212597261729677,high,3008,10000,24394,26515,"[1, 64, 28, 28, 20]",0.8389959571754868,0.04994715005159378,0.03482966497540474
baseline_ema,1GU15S0GJ6PFNARO469W,2,40,0.034888482827106,0.12130731344223022,0.05391926318407059,0.45064982963533035,0.4202649011190497,middle,3008,10000,24394,26515,"[1, 64, 28, 28, 20]",0.8389959571754868,0.04994715005159378,0.03482966497540474
baseline_ema,1GU15S0GJ6PFNARO469W,2,41,0.028957119651957148,0.10068395733833313,-0.08679577708244324,0.5812137577019925,0.5485004589993354,,3008,10000,24394,26515,"[1, 64, 28, 28, 20]",0.8389959571754868,0.04994715005159378,0.03482966497540474
baseline_ema,1GU15S0GJ6PFNARO469W,2,42,-0.02355056158409214,0.0,-0.06175154447555542,0.5361910618886271,0.5620554065281497,,3008,10000,24394,26515,"[1, 64, 28, 28, 20]",0.8389959571754868,0.04994715005159378,0.03482966497540474
baseline_ema,1GU15S0GJ6PFNARO469W,2,43,0.002788574637267657,0.009695879183709621,-0.08199324458837509,0.4081088669846259,0.4058391095127354,,3008,10000,24394,26515,"[1, 64, 28, 28, 20]",0.8389959571754868,0.04994715005159378,0.03482966497540474
baseline_ema,1GU15S0GJ6PFNARO469W,2,44,0.06039819021481257,0.21000461280345917,-0.022663766518235207,0.49610481078763496,0.43959045004271463,,3008,10000,24394,26515,"[1, 64, 28, 28, 20]",0.8389959571754868,0.04994715005159378,0.03482966497540474
baseline_ema,1GU15S0GJ6PFNARO469W,2,45,-0.01662780420451331,0.0,-0.11168816685676575,0.603392891551924,0.6237984047765611,,3008,10000,24394,26515,"[1, 64, 28, 28, 20]",0.8389959571754868,0.04994715005159378,0.03482966497540474
baseline_ema,1GU15S0GJ6PFNARO469W,2,46,0.044717973182410324,0.15548446774482727,-0.07377652823925018,0.4049667805358424,0.3702984461994645,,3008,10000,24394,26515,"[1, 64, 28, 28, 20]",0.8389959571754868,0.04994715005159378,0.03482966497540474
baseline_ema,1GU15S0GJ6PFNARO469W,2,47,0.02599051289177117,0.09036906063556671,-0.06986202299594879,0.6183308129427733,0.5870035291940585,,3008,10000,24394,26515,"[1, 64, 28, 28, 20]",0.8389959571754868,0.04994715005159378,0.03482966497540474
baseline_ema,1GU15S0GJ6PFNARO469W,2,48,0.08951759333904755,0.3112528324127197,-0.12086152285337448,0.4465853057067229,0.37320000786361635,,3008,10000,24394,26515,"[1, 64, 28, 28, 20]",0.8389959571754868,0.04994715005159378,0.03482966497540474
baseline_ema,1GU15S0GJ6PFNARO469W,2,49,-0.024619008455473466,0.0,0.017109718173742294,0.4988034352408385,0.5239834590587561,,3008,10000,24394,26515,"[1, 64, 28, 28, 20]",0.8389959571754868,0.04994715005159378,0.03482966497540474
baseline_ema,1GU15S0GJ6PFNARO469W,2,50,0.05343963880455639,0.18580971658229828,-0.03149501979351044,0.43039550234452495,0.38672863039291117,,3008,10000,24394,26515,"[1, 64, 28, 28, 20]",0.8389959571754868,0.04994715005159378,0.03482966497540474
baseline_ema,1GU15S0GJ6PFNARO469W,2,51,0.07255474672702221,0.25227299332618713,-0.13936200737953186,0.36896184030960516,0.3190437000288162,,3008,10000,24394,26515,"[1, 64, 28, 28, 20]",0.8389959571754868,0.04994715005159378,0.03482966497540474
baseline_ema,1GU15S0GJ6PFNARO469W,2,52,-0.02182449085138487,0.0,-0.02669631503522396,0.3774318753248445,0.3942739846298773,,3008,10000,24394,26515,"[1, 64, 28, 28, 20]",0.8389959571754868,0.04994715005159378,0.03482966497540474
baseline_ema,1GU15S0GJ6PFNARO469W,2,53,0.2724035291210834,0.9471475481987,-0.11427408456802368,0.6489378749683965,0.3710808909570449,high,3008,10000,24394,26515,"[1, 64, 28, 28, 20]",0.8389959571754868,0.04994715005159378,0.03482966497540474
baseline_ema,1GU15S0GJ6PFNARO469W,2,54,0.001056561842113478,0.0036736673209816217,-0.01000279001891613,0.4190913318957718,0.41820667371600284,,3008,10000,24394,26515,"[1, 64, 28, 28, 20]",0.8389959571754868,0.04994715005159378,0.03482966497540474
baseline_ema,1GU15S0GJ6PFNARO469W,2,55,0.006466059137250891,0.022482499480247498,0.026847507804632187,0.3886479853090156,0.3836542270659105,,3008,10000,24394,26515,"[1, 64, 28, 28, 20]",0.8389959571754868,0.04994715005159378,0.03482966497540474
baseline_ema,1GU15S0GJ6PFNARO469W,2,56,0.07958083275391739,0.2767027020454407,-0.027572257444262505,0.42911781779107416,0.36585327651043437,,3008,10000,24394,26515,"[1, 64, 28, 28, 20]",0.8389959571754868,0.04994715005159378,0.03482966497540474
baseline_ema,1GU15S0GJ6PFNARO469W,2,57,0.16671320056743408,0.5796620845794678,-0.03247948735952377,0.605467091509303,0.4324349530689742,,3008,10000,24394,26515,"[1, 64, 28, 28, 20]",0.8389959571754868,0.04994715005159378,0.03482966497540474
baseline_ema,1GU15S0GJ6PFNARO469W,2,58,-0.04172289706749845,0.0,0.03693978488445282,0.3174573160348497,0.3451012193299655,,3008,10000,24394,26515,"[1, 64, 28, 28, 20]",0.8389959571754868,0.04994715005159378,0.03482966497540474
baseline_ema,1GU15S0GJ6PFNARO469W,2,59,0.13361189122995346,0.4645687937736511,-0.13864317536354065,0.3556245953353395,0.27179389115132946,,3008,10000,24394,26515,"[1, 64, 28, 28, 20]",0.8389959571754868,0.04994715005159378,0.03482966497540474
baseline_ema,1GU15S0GJ6PFNARO469W,2,60,-0.09839567007289833,0.0,0.06445552408695221,0.49979023328659367,0.6088785383570358,,3008,10000,24394,26515,"[1, 64, 28, 28, 20]",0.8389959571754868,0.04994715005159378,0.03482966497540474
baseline_ema,1GU15S0GJ6PFNARO469W,2,61,0.1562470203866229,0.5432711839675903,0.004145640879869461,0.5076875324946818,0.3704768137388979,,3008,10000,24394,26515,"[1, 64, 28, 28, 20]",0.8389959571754868,0.04994715005159378,0.03482966497540474
baseline_ema,1GU15S0GJ6PFNARO469W,2,62,0.1174498300167208,0.40837326645851135,0.01689016819000244,0.6047348026317427,0.47761310715813815,,3008,10000,24394,26515,"[1, 64, 28, 28, 20]",0.8389959571754868,0.04994715005159378,0.03482966497540474
baseline_ema,1GU15S0GJ6PFNARO469W,2,63,0.0234947459229392,0.08169127255678177,-0.06239571422338486,0.4474678975670021,0.42692425266553036,,3008,10000,24394,26515,"[1, 64, 28, 28, 20]",0.8389959571754868,0.04994715005159378,0.03482966497540474
baseline_ema,1MHBF3G6DCPWHSKG7XCP,0,0,0.14238248507443785,0.5432102084159851,0.03180577605962753,0.4542789925064016,0.34103943586666324,,3157,9864,25379,27612,"[1, 64, 28, 28, 20]",0.7760501909383618,0.04745319113135338,0.03425897657871246
baseline_ema,1MHBF3G6DCPWHSKG7XCP,0,1,0.13999173723228928,0.5340891480445862,-0.053422391414642334,0.5753375329529336,0.43403375311250547,,3157,9864,25379,27612,"[1, 64, 28, 28, 20]",0.7760501909383618,0.04745319113135338,0.03425897657871246
baseline_ema,1MHBF3G6DCPWHSKG7XCP,0,2,0.23420718918274633,0.8935350179672241,-0.04731098562479019,0.5525230528539862,0.3428257031620197,high,3157,9864,25379,27612,"[1, 64, 28, 28, 20]",0.7760501909383618,0.04745319113135338,0.03425897657871246
baseline_ema,1MHBF3G6DCPWHSKG7XCP,0,3,-0.017044158517044022,0.0,-0.05913065746426582,0.38133193953341005,0.3945563190483493,,3157,9864,25379,27612,"[1, 64, 28, 28, 20]",0.7760501909383618,0.04745319113135338,0.03425897657871246
baseline_ema,1MHBF3G6DCPWHSKG7XCP,0,4,0.1116390764735931,0.4259195625782013,-0.06729450821876526,0.4719688075685575,0.377171460595146,,3157,9864,25379,27612,"[1, 64, 28, 28, 20]",0.7760501909383618,0.04745319113135338,0.03425897657871246
baseline_ema,1MHBF3G6DCPWHSKG7XCP,0,5,0.03203798797642336,0.12222965806722641,0.011123004369437695,0.39100835716625776,0.3667318533737369,,3157,9864,25379,27612,"[1, 64, 28, 28, 20]",0.7760501909383618,0.04745319113135338,0.03425897657871246
baseline_ema,1MHBF3G6DCPWHSKG7XCP,0,6,0.19367231680466662,0.7388885021209717,-0.04078776389360428,0.6073979010508568,0.41029815449751594,,3157,9864,25379,27612,"[1, 64, 28, 28, 20]",0.7760501909383618,0.04745319113135338,0.03425897657871246
baseline_ema,1MHBF3G6DCPWHSKG7XCP,0,7,0.11356901775206261,0.4332825839519501,-0.0720013976097107,0.41820545519026875,0.33290272353758765,,3157,9864,25379,27612,"[1, 64, 28, 28, 20]",0.7760501909383618,0.04745319113135338,0.03425897657871246
baseline_ema,1MHBF3G6DCPWHSKG7XCP,0,8,0.0946345756773799,0.36104488372802734,-0.009955435991287231,0.3338754648072949,0.27614622628244406,,3157,9864,25379,27612,"[1, 64, 28, 28, 20]",0.7760501909383618,0.04745319113135338,0.03425897657871246
baseline_ema,1MHBF3G6DCPWHSKG7XCP,0,9,0.16384415807881889,0.6250896453857422,-0.08129569888114929,0.42183742781153044,0.303066061992099,,3157,9864,25379,27612,"[1, 64, 28, 28, 20]",0.7760501909383618,0.04745319113135338,0.03425897657871246
baseline_ema,1MHBF3G6DCPWHSKG7XCP,0,10,0.06536390272472732,0.2493729442358017,-0.02515270560979843,0.4448746455434915,0.39028526878014685,middle,3157,9864,25379,27612,"[1, 64, 28, 28, 20]",0.7760501909383618,0.04745319113135338,0.03425897657871246
baseline_ema,1MHBF3G6DCPWHSKG7XCP,0,11,0.1143539007965175,0.43627703189849854,-0.005607221741229296,0.45436398603758793,0.36111111309540284,,3157,9864,25379,27612,"[1, 64, 28, 28, 20]",0.7760501909383618,0.04745319113135338,0.03425897657871246
baseline_ema,1MHBF3G6DCPWHSKG7XCP,0,12,0.007585031349595928,0.028938015922904015,-0.0018961625173687935,0.37025647326169014,0.36468193481140226,,3157,9864,25379,27612,"[1, 64, 28, 28, 20]",0.7760501909383618,0.04745319113135338,0.03425897657871246
baseline_ema,1MHBF3G6DCPWHSKG7XCP,0,13,0.0529607510232251,0.20205308496952057,-0.047854628413915634,0.5007342824439961,0.4503633828337022,,3157,9864,25379,27612,"[1, 64, 28, 28, 20]",0.7760501909383618,0.04745319113135338,0.03425897657871246
baseline_ema,1MHBF3G6DCPWHSKG7XCP,0,14,0.09120063000065297,0.34794387221336365,0.015092218294739723,0.5287656827688726,0.4403789871132208,middle,3157,9864,25379,27612,"[1, 64, 28, 28, 20]",0.7760501909383618,0.04745319113135338,0.03425897657871246
baseline_ema,1MHBF3G6DCPWHSKG7XCP,0,15,0.030181042532532742,0.11514513939619064,0.01942765712738037,0.4434380616970513,0.41745537023100987,,3157,9864,25379,27612,"[1, 64, 28, 28, 20]",0.7760501909383618,0.04745319113135338,0.03425897657871246
baseline_ema,1MHBF3G6DCPWHSKG7XCP,0,16,0.0046292429722169,0.01766124553978443,0.0004903564695268869,0.38808323351708296,0.3845067222646321,,3157,9864,25379,27612,"[1, 64, 28, 28, 20]",0.7760501909383618,0.04745319113135338,0.03425897657871246
baseline_ema,1MHBF3G6DCPWHSKG7XCP,0,17,0.10685435240296602,0.4076651334762573,-0.0805799588561058,0.42124393648885533,0.3399111010229262,,3157,9864,25379,27612,"[1, 64, 28, 28, 20]",0.7760501909383618,0.04745319113135338,0.03425897657871246
baseline_ema,1MHBF3G6DCPWHSKG7XCP,0,18,0.09907077636495265,0.3779696524143219,-0.057575076818466187,0.5032376856595394,0.4125134141714479,,3157,9864,25379,27612,"[1, 64, 28, 28, 20]",0.7760501909383618,0.04745319113135338,0.03425897657871246
baseline_ema,1MHBF3G6DCPWHSKG7XCP,0,19,0.19802064420030346,0.755478024482727,0.01797495037317276,0.4922151115728377,0.32949862924683976,,3157,9864,25379,27612,"[1, 64, 28, 28, 20]",0.7760501909383618,0.04745319113135338,0.03425897657871246
baseline_ema,1MHBF3G6DCPWHSKG7XCP,0,20,-0.06767940857104945,0.0,-0.13064798712730408,0.2998066533845945,0.3433341073805209,,3157,9864,25379,27612,"[1, 64, 28, 28, 20]",0.7760501909383618,0.04745319113135338,0.03425897657871246
baseline_ema,1MHBF3G6DCPWHSKG7XCP,0,21,0.2468632587181043,0.9418197870254517,0.020046819001436234,0.6900822476731273,0.41682682101010415,high,3157,9864,25379,27612,"[1, 64, 28, 28, 20]",0.7760501909383618,0.04745319113135338,0.03425897657871246
baseline_ema,1MHBF3G6DCPWHSKG7XCP,0,22,0.015177480695087425,0.057904332876205444,-0.014398442581295967,0.42318145639009686,0.41052783454414665,,3157,9864,25379,27612,"[1, 64, 28, 28, 20]",0.7760501909383618,0.04745319113135338,0.03425897657871246
baseline_ema,1MHBF3G6DCPWHSKG7XCP,0,23,-0.13424927661034258,0.0,-0.018647432327270508,0.29602314775579747,0.38783008362568305,low,3157,9864,25379,27612,"[1, 64, 28, 28, 20]",0.7760501909383618,0.04745319113135338,0.03425897657871246
baseline_ema,1MHBF3G6DCPWHSKG7XCP,0,24,0.19084331645012548,0.7280954718589783,-0.03165894374251366,0.5629222247540959,0.3824953991370045,,3157,9864,25379,27612,"[1, 64, 28, 28, 20]",0.7760501909383618,0.04745319113135338,0.03425897657871246
baseline_ema,1MHBF3G6DCPWHSKG7XCP,0,25,-0.016036153180806683,0.0,-0.03087659180164337,0.3590505039409003,0.37075377315659686,,3157,9864,25379,27612,"[1, 64, 28, 28, 20]",0.7760501909383618,0.04745319113135338,0.03425897657871246
baseline_ema,1MHBF3G6DCPWHSKG7XCP,0,26,-0.018074925128186568,0.0,0.020194774493575096,0.34344872014094374,0.3560929006354525,,3157,9864,25379,27612,"[1, 64, 28, 28, 20]",0.7760501909383618,0.04745319113135338,0.03425897657871246
baseline_ema,1MHBF3G6DCPWHSKG7XCP,0,27,0.026527447744860197,0.10120613127946854,-0.01563558354973793,0.41094437558408964,0.38970516033071534,,3157,9864,25379,27612,"[1, 64, 28, 28, 20]",0.7760501909383618,0.04745319113135338,0.03425897657871246
baseline_ema,1MHBF3G6DCPWHSKG7XCP,0,28,0.057904708957570196,0.2209150195121765,-0.04498057812452316,0.4631161751378458,0.4124185346789449,,3157,9864,25379,27612,"[1, 64, 28, 28, 20]",0.7760501909383618,0.04745319113135338,0.03425897657871246
baseline_ema,1MHBF3G6DCPWHSKG7XCP,0,29,0.1405992159124601,0.5364067554473877,0.012893600389361382,0.4561506972403001,0.3436931402390714,,3157,9864,25379,27612,"[1, 64, 28, 28, 20]",0.7760501909383618,0.04745319113135338,0.03425897657871246
baseline_ema,1MHBF3G6DCPWHSKG7XCP,0,30,-0.0890352794322689,0.0,-0.024400463327765465,0.3491403816854414,0.4173885920941139,low,3157,9864,25379,27612,"[1, 64, 28, 28, 20]",0.7760501909383618,0.04745319113135338,0.03425897657871246
baseline_ema,1MHBF3G6DCPWHSKG7XCP,0,31,0.1387614980766086,0.5293956398963928,-0.052369482815265656,0.5705997257200351,0.43154103387368237,,3157,9864,25379,27612,"[1, 64, 28, 28, 20]",0.7760501909383618,0.04745319113135338,0.03425897657871246
baseline_ema,1MHBF3G6DCPWHSKG7XCP,0,32,0.1256593175186243,0.479408860206604,-0.07950413227081299,0.39770396931349433,0.3089110789420014,,3157,9864,25379,27612,"[1, 64, 28, 28, 20]",0.7760501909383618,0.04745319113135338,0.03425897657871246
baseline_ema,1MHBF3G6DCPWHSKG7XCP,0,33,0.18162470018157031,0.6929250955581665,0.16099649667739868,0.3029165836559617,0.20979526604905036,,3157,9864,25379,27612,"[1, 64, 28, 28, 20]",0.7760501909383618,0.04745319113135338,0.03425897657871246
baseline_ema,1MHBF3G6DCPWHSKG7XCP,0,34,0.016969646544596012,0.06474170833826065,0.008273232728242874,0.38832754656236573,0.3753678880004663,,3157,9864,25379,27612,"[1, 64, 28, 28, 20]",0.7760501909383618,0.04745319113135338,0.03425897657871246
baseline_ema,1MHBF3G6DCPWHSKG7XCP,0,35,0.07351655232064469,0.28047651052474976,0.06500495970249176,0.4706588676325799,0.40619548520784915,middle,3157,9864,25379,27612,"[1, 64, 28, 28, 20]",0.7760501909383618,0.04745319113135338,0.03425897657871246
baseline_ema,1MHBF3G6DCPWHSKG7XCP,0,36,-0.08547794424806836,0.0,0.017074042931199074,0.39509776153508486,0.4689553289050414,low,3157,9864,25379,27612,"[1, 64, 28, 28, 20]",0.7760501909383618,0.04745319113135338,0.03425897657871246
baseline_ema,1MHBF3G6DCPWHSKG7XCP,0,37,0.04559374109346026,0.17394685745239258,-0.07517024874687195,0.34694747960370176,0.31668973085626284,,3157,9864,25379,27612,"[1, 64, 28, 28, 20]",0.7760501909383618,0.04745319113135338,0.03425897657871246
baseline_ema,1MHBF3G6DCPWHSKG7XCP,0,38,0.05833452140175398,0.22255481779575348,-0.056117646396160126,0.4932731489326836,0.4388954797766726,,3157,9864,25379,27612,"[1, 64, 28, 28, 20]",0.7760501909383618,0.04745319113135338,0.03425897657871246
baseline_ema,1MHBF3G6DCPWHSKG7XCP,0,39,0.12127909290109425,0.4626976549625397,-0.053981050848960876,0.43324085116578864,0.3395208872258813,,3157,9864,25379,27612,"[1, 64, 28, 28, 20]",0.7760501909383618,0.04745319113135338,0.03425897657871246
baseline_ema,1MHBF3G6DCPWHSKG7XCP,0,40,0.03172737234620167,0.12104461342096329,0.015173641964793205,0.4202689814622715,0.39442097804296455,,3157,9864,25379,27612,"[1, 64, 28, 28, 20]",0.7760501909383618,0.04745319113135338,0.03425897657871246
baseline_ema,1MHBF3G6DCPWHSKG7XCP,0,41,0.05708985951896276,0.21780624985694885,-0.06561261415481567,0.4762603119408185,0.42481783029510234,,3157,9864,25379,27612,"[1, 64, 28, 28, 20]",0.7760501909383618,0.04745319113135338,0.03425897657871246
baseline_ema,1MHBF3G6DCPWHSKG7XCP,0,42,0.03620851638030616,0.13814084231853485,-0.05710800364613533,0.4009465382965506,0.37292573519697897,,3157,9864,25379,27612,"[1, 64, 28, 28, 20]",0.7760501909383618,0.04745319113135338,0.03425897657871246
baseline_ema,1MHBF3G6DCPWHSKG7XCP,0,43,0.09433126490987008,0.3598877191543579,-0.05773381143808365,0.4290893089102379,0.3551142965308358,,3157,9864,25379,27612,"[1, 64, 28, 28, 20]",0.7760501909383618,0.04745319113135338,0.03425897657871246
baseline_ema,1MHBF3G6DCPWHSKG7XCP,0,44,0.16418506271354488,0.626390278339386,-0.010291703045368195,0.38860241739846785,0.27899304959740884,,3157,9864,25379,27612,"[1, 64, 28, 28, 20]",0.7760501909383618,0.04745319113135338,0.03425897657871246
baseline_ema,1MHBF3G6DCPWHSKG7XCP,0,45,0.18674376985647392,0.7124550938606262,-0.0610843300819397,0.5272151054971892,0.36129179130171496,,3157,9864,25379,27612,"[1, 64, 28, 28, 20]",0.7760501909383618,0.04745319113135338,0.03425897657871246
baseline_ema,1MHBF3G6DCPWHSKG7XCP,0,46,0.04581026588749109,0.1747729331254959,-0.04508934170007706,0.44379697857260303,0.4049171144963859,,3157,9864,25379,27612,"[1, 64, 28, 28, 20]",0.7760501909383618,0.04745319113135338,0.03425897657871246
baseline_ema,1MHBF3G6DCPWHSKG7XCP,0,47,0.13775959960862205,0.5255732536315918,0.02509560063481331,0.5590769188002124,0.42369105804257484,,3157,9864,25379,27612,"[1, 64, 28, 28, 20]",0.7760501909383618,0.04745319113135338,0.03425897657871246
baseline_ema,1MHBF3G6DCPWHSKG7XCP,0,48,0.14267566018098163,0.5443287491798401,-0.09783365577459335,0.3808638352576167,0.2857536086799987,,3157,9864,25379,27612,"[1, 64, 28, 28, 20]",0.7760501909383618,0.04745319113135338,0.03425897657871246
baseline_ema,1MHBF3G6DCPWHSKG7XCP,0,49,0.002665453173777584,0.010169098153710365,-0.011568818241357803,0.4350657196108728,0.4327525878834466,,3157,9864,25379,27612,"[1, 64, 28, 28, 20]",0.7760501909383618,0.04745319113135338,0.03425897657871246
baseline_ema,1MHBF3G6DCPWHSKG7XCP,0,50,0.08250755126218257,0.31477850675582886,-0.012904411181807518,0.4166486046639904,0.35313551910384977,middle,3157,9864,25379,27612,"[1, 64, 28, 28, 20]",0.7760501909383618,0.04745319113135338,0.03425897657871246
baseline_ema,1MHBF3G6DCPWHSKG7XCP,0,51,0.09244068661017424,0.3526748716831207,-0.1124153882265091,0.42919461625089206,0.3565589267855405,,3157,9864,25379,27612,"[1, 64, 28, 28, 20]",0.7760501909383618,0.04745319113135338,0.03425897657871246
baseline_ema,1MHBF3G6DCPWHSKG7XCP,0,52,0.03295463303167252,0.12572678923606873,-0.04049351066350937,0.39615180946971795,0.37087469939004647,,3157,9864,25379,27612,"[1, 64, 28, 28, 20]",0.7760501909383618,0.04745319113135338,0.03425897657871246
baseline_ema,1MHBF3G6DCPWHSKG7XCP,0,53,0.2621120461136142,0.9999961853027344,-0.09280950576066971,0.5153915115828588,0.3013210491028042,high,3157,9864,25379,27612,"[1, 64, 28, 28, 20]",0.7760501909383618,0.04745319113135338,0.03425897657871246
baseline_ema,1MHBF3G6DCPWHSKG7XCP,0,54,0.0027928922632428094,0.010655296966433525,-0.018815726041793823,0.4212919241087228,0.4189452294703105,,3157,9864,25379,27612,"[1, 64, 28, 28, 20]",0.7760501909383618,0.04745319113135338,0.03425897657871246
baseline_ema,1MHBF3G6DCPWHSKG7XCP,0,55,-0.008861803053549272,0.0,0.0320257693529129,0.4419899160623846,0.44989362117791404,,3157,9864,25379,27612,"[1, 64, 28, 28, 20]",0.7760501909383618,0.04745319113135338,0.03425897657871246
baseline_ema,1MHBF3G6DCPWHSKG7XCP,0,56,-0.06250726744769243,0.0,-0.010665899142622948,0.41396878770976125,0.4691715388000179,,3157,9864,25379,27612,"[1, 64, 28, 28, 20]",0.7760501909383618,0.04745319113135338,0.03425897657871246
baseline_ema,1MHBF3G6DCPWHSKG7XCP,0,57,0.14324256936423682,0.5464915633201599,-0.08449790626764297,0.6328568013101524,0.4742690994351333,,3157,9864,25379,27612,"[1, 64, 28, 28, 20]",0.7760501909383618,0.04745319113135338,0.03425897657871246
baseline_ema,1MHBF3G6DCPWHSKG7XCP,0,58,-0.11183852771041389,0.0,-0.005155254155397415,0.3046570320327993,0.3813828322425323,low,3157,9864,25379,27612,"[1, 64, 28, 28, 20]",0.7760501909383618,0.04745319113135338,0.03425897657871246
baseline_ema,1MHBF3G6DCPWHSKG7XCP,0,59,-0.0005058261845375274,0.0,-0.11558371782302856,0.34936134454136075,0.34971495614506376,,3157,9864,25379,27612,"[1, 64, 28, 28, 20]",0.7760501909383618,0.04745319113135338,0.03425897657871246
baseline_ema,1MHBF3G6DCPWHSKG7XCP,0,60,0.0471029451876814,0.1797046959400177,0.05630979314446449,0.4709111699696331,0.4285441292106304,,3157,9864,25379,27612,"[1, 64, 28, 28, 20]",0.7760501909383618,0.04745319113135338,0.03425897657871246
baseline_ema,1MHBF3G6DCPWHSKG7XCP,0,61,0.24790612950223356,0.9457985162734985,0.019964411854743958,0.5213383958964309,0.31420245067560776,high,3157,9864,25379,27612,"[1, 64, 28, 28, 20]",0.7760501909383618,0.04745319113135338,0.03425897657871246
baseline_ema,1MHBF3G6DCPWHSKG7XCP,0,62,0.15933179487241134,0.60787433385849,-0.00865364633500576,0.4755467038849181,0.3448338400151244,,3157,9864,25379,27612,"[1, 64, 28, 28, 20]",0.7760501909383618,0.04745319113135338,0.03425897657871246
baseline_ema,1MHBF3G6DCPWHSKG7XCP,0,63,0.140690705485439,0.5367558002471924,-0.06303653866052628,0.5399652997458875,0.4067685112756444,,3157,9864,25379,27612,"[1, 64, 28, 28, 20]",0.7760501909383618,0.04745319113135338,0.03425897657871246
baseline_ema,1MHBF3G6DCPWHSKG7XCP,1,0,0.10968334512116379,0.4755893051624298,0.041798029094934464,0.4623360250562193,0.3709394715027839,,3172,9815,25103,27446,"[1, 64, 28, 28, 20]",0.8666373672634381,0.05195978283882141,0.03705263137817383
baseline_ema,1MHBF3G6DCPWHSKG7XCP,1,1,0.127330143735249,0.5521062016487122,-0.04029421508312225,0.5748013035767738,0.44495540763327035,,3172,9815,25103,27446,"[1, 64, 28, 28, 20]",0.8666373672634381,0.05195978283882141,0.03705263137817383
baseline_ema,1MHBF3G6DCPWHSKG7XCP,1,2,0.1640722153828029,0.7114205956459045,-0.04586520791053772,0.551526080256451,0.39605430338662917,,3172,9815,25103,27446,"[1, 64, 28, 28, 20]",0.8666373672634381,0.05195978283882141,0.03705263137817383
baseline_ema,1MHBF3G6DCPWHSKG7XCP,1,3,-0.029597150561102882,0.0,-0.08567962050437927,0.3819527228035972,0.40525176206168084,,3172,9815,25103,27446,"[1, 64, 28, 28, 20]",0.8666373672634381,0.05195978283882141,0.03705263137817383
baseline_ema,1MHBF3G6DCPWHSKG7XCP,1,4,0.1101339724336679,0.4775432348251343,-0.04963160678744316,0.46261906249595536,0.370828104992852,,3172,9815,25103,27446,"[1, 64, 28, 28, 20]",0.8666373672634381,0.05195978283882141,0.03705263137817383
baseline_ema,1MHBF3G6DCPWHSKG7XCP,1,5,0.006938478909607314,0.03008539043366909,0.002629486843943596,0.38655356882200376,0.3812263371983821,,3172,9815,25103,27446,"[1, 64, 28, 28, 20]",0.8666373672634381,0.05195978283882141,0.03705263137817383
baseline_ema,1MHBF3G6DCPWHSKG7XCP,1,6,0.17565091486935402,0.7616260647773743,-0.03274983540177345,0.6101470006890621,0.42782593013013126,high,3172,9815,25103,27446,"[1, 64, 28, 28, 20]",0.8666373672634381,0.05195978283882141,0.03705263137817383
baseline_ema,1MHBF3G6DCPWHSKG7XCP,1,7,0.046121738281532446,0.1999848335981369,-0.08585713058710098,0.41742870424940043,0.3806212088978834,,3172,9815,25103,27446,"[1, 64, 28, 28, 20]",0.8666373672634381,0.05195978283882141,0.03705263137817383
baseline_ema,1MHBF3G6DCPWHSKG7XCP,1,8,0.0961511892148895,0.41691356897354126,-0.025599990040063858,0.3349858659870295,0.27621780957777303,,3172,9815,25103,27446,"[1, 64, 28, 28, 20]",0.8666373672634381,0.05195978283882141,0.03705263137817383
baseline_ema,1MHBF3G6DCPWHSKG7XCP,1,9,0.0914158430542615,0.3963810205459595,-0.11571751534938812,0.4207177610570337,0.35023992299446216,,3172,9815,25103,27446,"[1, 64, 28, 28, 20]",0.8666373672634381,0.05195978283882141,0.03705263137817383
baseline_ema,1MHBF3G6DCPWHSKG7XCP,1,10,0.10212642348139414,0.44282233715057373,-0.03194637596607208,0.44031906452470426,0.35871633482742077,,3172,9815,25103,27446,"[1, 64, 28, 28, 20]",0.8666373672634381,0.05195978283882141,0.03705263137817383
baseline_ema,1MHBF3G6DCPWHSKG7XCP,1,11,0.091768038092394,0.39790815114974976,-0.023710176348686218,0.45816466191270544,0.38114295663458325,,3172,9815,25103,27446,"[1, 64, 28, 28, 20]",0.8666373672634381,0.05195978283882141,0.03705263137817383
baseline_ema,1MHBF3G6DCPWHSKG7XCP,1,12,0.07891482959581374,0.3421763777732849,-0.025194481015205383,0.3700067760594366,0.3158800547678583,,3172,9815,25103,27446,"[1, 64, 28, 28, 20]",0.8666373672634381,0.05195978283882141,0.03705263137817383
baseline_ema,1MHBF3G6DCPWHSKG7XCP,1,13,0.02159590659741864,0.09364030510187149,-0.0402829572558403,0.4903157872752616,0.4695858202211505,,3172,9815,25103,27446,"[1, 64, 28, 28, 20]",0.8666373672634381,0.05195978283882141,0.03705263137817383
baseline_ema,1MHBF3G6DCPWHSKG7XCP,1,14,0.08841043344276432,0.3833495080471039,0.006966873072087765,0.5253932431788584,0.44003888211189984,,3172,9815,25103,27446,"[1, 64, 28, 28, 20]",0.8666373672634381,0.05195978283882141,0.03705263137817383
baseline_ema,1MHBF3G6DCPWHSKG7XCP,1,15,0.06342557269855838,0.27501460909843445,0.01818113401532173,0.44003171699776655,0.3875422977371844,middle,3172,9815,25103,27446,"[1, 64, 28, 28, 20]",0.8666373672634381,0.05195978283882141,0.03705263137817383
baseline_ema,1MHBF3G6DCPWHSKG7XCP,1,16,0.05451552710206512,0.236380472779274,0.0007197473896667361,0.39753760944487154,0.35643437478866336,,3172,9815,25103,27446,"[1, 64, 28, 28, 20]",0.8666373672634381,0.05195978283882141,0.03705263137817383
baseline_ema,1MHBF3G6DCPWHSKG7XCP,1,17,0.0471264764272254,0.20434139668941498,-0.09538233280181885,0.4132327958254051,0.37603723327768634,,3172,9815,25103,27446,"[1, 64, 28, 28, 20]",0.8666373672634381,0.05195978283882141,0.03705263137817383
baseline_ema,1MHBF3G6DCPWHSKG7XCP,1,18,0.07433675027367624,0.3223257064819336,-0.04294097051024437,0.5134688329534335,0.4424117057217211,,3172,9815,25103,27446,"[1, 64, 28, 28, 20]",0.8666373672634381,0.05195978283882141,0.03705263137817383
baseline_ema,1MHBF3G6DCPWHSKG7XCP,1,19,0.14311172663974045,0.6205354928970337,0.02415378764271736,0.49262785970666895,0.3692787705383389,,3172,9815,25103,27446,"[1, 64, 28, 28, 20]",0.8666373672634381,0.05195978283882141,0.03705263137817383
baseline_ema,1MHBF3G6DCPWHSKG7XCP,1,20,-0.05863904776406978,0.0,-0.11991623044013977,0.3033280777901478,0.34111783084713665,low,3172,9815,25103,27446,"[1, 64, 28, 28, 20]",0.8666373672634381,0.05195978283882141,0.03705263137817383
baseline_ema,1MHBF3G6DCPWHSKG7XCP,1,21,0.23062518513151178,0.9999956488609314,0.032778605818748474,0.6851154856756976,0.42832730525806606,high,3172,9815,25103,27446,"[1, 64, 28, 28, 20]",0.8666373672634381,0.05195978283882141,0.03705263137817383
baseline_ema,1MHBF3G6DCPWHSKG7XCP,1,22,0.002589703708946213,0.011229010298848152,-0.019100051373243332,0.4274795635136514,0.4252711891370016,,3172,9815,25103,27446,"[1, 64, 28, 28, 20]",0.8666373672634381,0.05195978283882141,0.03705263137817383
baseline_ema,1MHBF3G6DCPWHSKG7XCP,1,23,-0.1225657028183544,0.0,-0.028467081487178802,0.298540225078377,0.38194442732272443,low,3172,9815,25103,27446,"[1, 64, 28, 28, 20]",0.8666373672634381,0.05195978283882141,0.03705263137817383
baseline_ema,1MHBF3G6DCPWHSKG7XCP,1,24,0.17434706356060659,0.7559725642204285,-0.047096624970436096,0.562083408797897,0.3951861055825199,,3172,9815,25103,27446,"[1, 64, 28, 28, 20]",0.8666373672634381,0.05195978283882141,0.03705263137817383
baseline_ema,1MHBF3G6DCPWHSKG7XCP,1,25,0.049721239597078984,0.21559233963489532,-0.03565873205661774,0.3708386755831602,0.3357082375094656,,3172,9815,25103,27446,"[1, 64, 28, 28, 20]",0.8666373672634381,0.05195978283882141,0.03705263137817383
baseline_ema,1MHBF3G6DCPWHSKG7XCP,1,26,-0.025354165752590103,0.0,0.032949019223451614,0.34702807565286936,0.3650830854191238,,3172,9815,25103,27446,"[1, 64, 28, 28, 20]",0.8666373672634381,0.05195978283882141,0.03705263137817383
baseline_ema,1MHBF3G6DCPWHSKG7XCP,1,27,0.06544759668675575,0.28378215432167053,-0.031027495861053467,0.40853080946876796,0.35834083774388925,middle,3172,9815,25103,27446,"[1, 64, 28, 28, 20]",0.8666373672634381,0.05195978283882141,0.03705263137817383
baseline_ema,1MHBF3G6DCPWHSKG7XCP,1,28,0.06812332389355333,0.29538416862487793,-0.029427850618958473,0.45978953047789994,0.4011400759278479,middle,3172,9815,25103,27446,"[1, 64, 28, 28, 20]",0.8666373672634381,0.05195978283882141,0.03705263137817383
baseline_ema,1MHBF3G6DCPWHSKG7XCP,1,29,0.136465350605352,0.5917166471481323,0.0072671459056437016,0.450425250462958,0.34225211887409795,,3172,9815,25103,27446,"[1, 64, 28, 28, 20]",0.8666373672634381,0.05195978283882141,0.03705263137817383
baseline_ema,1MHBF3G6DCPWHSKG7XCP,1,30,-0.04957440233625141,0.0,-0.02802959457039833,0.36108532906488927,0.39875395712369455,,3172,9815,25103,27446,"[1, 64, 28, 28, 20]",0.8666373672634381,0.05195978283882141,0.03705263137817383
baseline_ema,1MHBF3G6DCPWHSKG7XCP,1,31,0.15093759644694632,0.6544685959815979,-0.03749183565378189,0.5673924505733797,0.4185730385307657,,3172,9815,25103,27446,"[1, 64, 28, 28, 20]",0.8666373672634381,0.05195978283882141,0.03705263137817383
baseline_ema,1MHBF3G6DCPWHSKG7XCP,1,32,0.07146044957574216,0.30985400080680847,-0.09656471014022827,0.3992992732315682,0.34603712749036386,middle,3172,9815,25103,27446,"[1, 64, 28, 28, 20]",0.8666373672634381,0.05195978283882141,0.03705263137817383
baseline_ema,1MHBF3G6DCPWHSKG7XCP,1,33,0.1170546729882606,0.5075515508651733,0.19011619687080383,0.298725891559814,0.23611960930246453,,3172,9815,25103,27446,"[1, 64, 28, 28, 20]",0.8666373672634381,0.05195978283882141,0.03705263137817383
baseline_ema,1MHBF3G6DCPWHSKG7XCP,1,34,0.01249843853090824,0.054193492978811264,0.00900185015052557,0.3864414520085005,0.3769008526374033,,3172,9815,25103,27446,"[1, 64, 28, 28, 20]",0.8666373672634381,0.05195978283882141,0.03705263137817383
baseline_ema,1MHBF3G6DCPWHSKG7XCP,1,35,0.045332341326193105,0.1965619921684265,0.08256422728300095,0.462563042787733,0.4224435753653369,,3172,9815,25103,27446,"[1, 64, 28, 28, 20]",0.8666373672634381,0.05195978283882141,0.03705263137817383
baseline_ema,1MHBF3G6DCPWHSKG7XCP,1,36,-0.05738545458806999,0.0,0.01788022741675377,0.3981121974289775,0.4465856232432605,low,3172,9815,25103,27446,"[1, 64, 28, 28, 20]",0.8666373672634381,0.05195978283882141,0.03705263137817383
baseline_ema,1MHBF3G6DCPWHSKG7XCP,1,37,0.0038126353620886407,0.01653166674077511,-0.08354337513446808,0.3471740776091837,0.34453683232100596,,3172,9815,25103,27446,"[1, 64, 28, 28, 20]",0.8666373672634381,0.05195978283882141,0.03705263137817383
baseline_ema,1MHBF3G6DCPWHSKG7XCP,1,38,0.03444078947024546,0.14933599531650543,-0.06845009326934814,0.49351293245691,0.46065074759142133,,3172,9815,25103,27446,"[1, 64, 28, 28, 20]",0.8666373672634381,0.05195978283882141,0.03705263137817383
baseline_ema,1MHBF3G6DCPWHSKG7XCP,1,39,0.052074498445442464,0.22579611837863922,-0.062274619936943054,0.4261612106954123,0.38397378504464946,,3172,9815,25103,27446,"[1, 64, 28, 28, 20]",0.8666373672634381,0.05195978283882141,0.03705263137817383
baseline_ema,1MHBF3G6DCPWHSKG7XCP,1,40,0.08826739265697464,0.38272926211357117,0.02121133729815483,0.4241548421060723,0.3553499024711107,,3172,9815,25103,27446,"[1, 64, 28, 28, 20]",0.8666373672634381,0.05195978283882141,0.03705263137817383
baseline_ema,1MHBF3G6DCPWHSKG7XCP,1,41,0.03903479304086042,0.16925568878650665,-0.08169546723365784,0.47426552349914813,0.4386307667083367,,3172,9815,25103,27446,"[1, 64, 28, 28, 20]",0.8666373672634381,0.05195978283882141,0.03705263137817383
baseline_ema,1MHBF3G6DCPWHSKG7XCP,1,42,0.08578181708984767,0.37195175886154175,-0.04052211344242096,0.39673799021654876,0.33404961569306546,,3172,9815,25103,27446,"[1, 64, 28, 28, 20]",0.8666373672634381,0.05195978283882141,0.03705263137817383
baseline_ema,1MHBF3G6DCPWHSKG7XCP,1,43,0.034417434764467396,0.14923472702503204,-0.04548291862010956,0.423877473659631,0.3956706936572294,,3172,9815,25103,27446,"[1, 64, 28, 28, 20]",0.8666373672634381,0.05195978283882141,0.03705263137817383
baseline_ema,1MHBF3G6DCPWHSKG7XCP,1,44,0.07737848852486878,0.33551475405693054,-0.018141532316803932,0.38614883179061654,0.33068150632033216,,3172,9815,25103,27446,"[1, 64, 28, 28, 20]",0.8666373672634381,0.05195978283882141,0.03705263137817383
baseline_ema,1MHBF3G6DCPWHSKG7XCP,1,45,0.20554010307880932,0.8912262320518494,-0.08086226880550385,0.5437479625763827,0.3583337822244121,high,3172,9815,25103,27446,"[1, 64, 28, 28, 20]",0.8666373672634381,0.05195978283882141,0.03705263137817383
baseline_ema,1MHBF3G6DCPWHSKG7XCP,1,46,-0.023521424139137968,0.0,-0.042225174605846405,0.4369493517056696,0.4579998551034358,,3172,9815,25103,27446,"[1, 64, 28, 28, 20]",0.8666373672634381,0.05195978283882141,0.03705263137817383
baseline_ema,1MHBF3G6DCPWHSKG7XCP,1,47,0.14225093925806448,0.6168030500411987,-0.007932865060865879,0.5575901567196236,0.4187103503411629,,3172,9815,25103,27446,"[1, 64, 28, 28, 20]",0.8666373672634381,0.05195978283882141,0.03705263137817383
baseline_ema,1MHBF3G6DCPWHSKG7XCP,1,48,0.08223119490395928,0.3565562069416046,-0.09995830059051514,0.37444631578971066,0.31754311574269456,,3172,9815,25103,27446,"[1, 64, 28, 28, 20]",0.8666373672634381,0.05195978283882141,0.03705263137817383
baseline_ema,1MHBF3G6DCPWHSKG7XCP,1,49,0.03561845117602779,0.15444235503673553,0.003766484558582306,0.43216808494665626,0.4024405812984636,,3172,9815,25103,27446,"[1, 64, 28, 28, 20]",0.8666373672634381,0.05195978283882141,0.03705263137817383
baseline_ema,1MHBF3G6DCPWHSKG7XCP,1,50,0.04138737450011743,0.17945653200149536,-0.0045321728102862835,0.4145802372494717,0.3816272580733702,,3172,9815,25103,27446,"[1, 64, 28, 28, 20]",0.8666373672634381,0.05195978283882141,0.03705263137817383
baseline_ema,1MHBF3G6DCPWHSKG7XCP,1,51,0.0036099256863224853,0.015652714297175407,-0.12223395705223083,0.4185819533084473,0.4155707205348999,,3172,9815,25103,27446,"[1, 64, 28, 28, 20]",0.8666373672634381,0.05195978283882141,0.03705263137817383
baseline_ema,1MHBF3G6DCPWHSKG7XCP,1,52,-0.0016081079721189952,0.0,-0.03379864990711212,0.3909657252927133,0.39222518244324256,,3172,9815,25103,27446,"[1, 64, 28, 28, 20]",0.8666373672634381,0.05195978283882141,0.03705263137817383
baseline_ema,1MHBF3G6DCPWHSKG7XCP,1,53,0.21025437475024952,0.9116674065589905,-0.08969072252511978,0.5136127301342718,0.33515532346284826,high,3172,9815,25103,27446,"[1, 64, 28, 28, 20]",0.8666373672634381,0.05195978283882141,0.03705263137817383
baseline_ema,1MHBF3G6DCPWHSKG7XCP,1,54,0.02578430244811671,0.11180128157138824,-0.02259097807109356,0.42027077159363574,0.39914273999642186,,3172,9815,25103,27446,"[1, 64, 28, 28, 20]",0.8666373672634381,0.05195978283882141,0.03705263137817383
baseline_ema,1MHBF3G6DCPWHSKG7XCP,1,55,-0.015133500725203296,0.0,0.0481814369559288,0.4401285356144361,0.45365461876288043,,3172,9815,25103,27446,"[1, 64, 28, 28, 20]",0.8666373672634381,0.05195978283882141,0.03705263137817383
baseline_ema,1MHBF3G6DCPWHSKG7XCP,1,56,-0.032204159621407484,0.0,-0.028751051053404808,0.4122416404961734,0.4396769964696317,,3172,9815,25103,27446,"[1, 64, 28, 28, 20]",0.8666373672634381,0.05195978283882141,0.03705263137817383
baseline_ema,1MHBF3G6DCPWHSKG7XCP,1,57,0.09872777978689101,0.4280857443809509,-0.11659795045852661,0.6304796931948828,0.5171742670122226,,3172,9815,25103,27446,"[1, 64, 28, 28, 20]",0.8666373672634381,0.05195978283882141,0.03705263137817383
baseline_ema,1MHBF3G6DCPWHSKG7XCP,1,58,-0.056112446995046056,0.0,0.012047055177390575,0.3113570667608835,0.34837638099117696,low,3172,9815,25103,27446,"[1, 64, 28, 28, 20]",0.8666373672634381,0.05195978283882141,0.03705263137817383
baseline_ema,1MHBF3G6DCPWHSKG7XCP,1,59,-0.03429366483755648,0.0,-0.12618759274482727,0.34510965483616346,0.36962040215356157,,3172,9815,25103,27446,"[1, 64, 28, 28, 20]",0.8666373672634381,0.05195978283882141,0.03705263137817383
baseline_ema,1MHBF3G6DCPWHSKG7XCP,1,60,0.07436437234442718,0.32244548201560974,0.067130908370018,0.47453241725044865,0.40884084471422416,,3172,9815,25103,27446,"[1, 64, 28, 28, 20]",0.8666373672634381,0.05195978283882141,0.03705263137817383
baseline_ema,1MHBF3G6DCPWHSKG7XCP,1,61,0.17444447258586196,0.7563949227333069,0.02028570882976055,0.5130803263957232,0.36066083574504604,,3172,9815,25103,27446,"[1, 64, 28, 28, 20]",0.8666373672634381,0.05195978283882141,0.03705263137817383
baseline_ema,1MHBF3G6DCPWHSKG7XCP,1,62,0.1371798108058425,0.5948145389556885,0.0014483905397355556,0.4718502519308653,0.35801003728160596,,3172,9815,25103,27446,"[1, 64, 28, 28, 20]",0.8666373672634381,0.05195978283882141,0.03705263137817383
baseline_ema,1MHBF3G6DCPWHSKG7XCP,1,63,0.1009582145422833,0.4377569556236267,-0.0817335695028305,0.5401599115431681,0.4410941522881809,,3172,9815,25103,27446,"[1, 64, 28, 28, 20]",0.8666373672634381,0.05195978283882141,0.03705263137817383
baseline_ema,1MHBF3G6DCPWHSKG7XCP,2,0,0.1316758006913459,0.44290244579315186,0.040593769401311874,0.45051019673192894,0.3456721208873219,,3045,10120,25126,27250,"[1, 64, 28, 28, 20]",0.9540878812073568,0.059005167335271835,0.04101079702377319
baseline_ema,1MHBF3G6DCPWHSKG7XCP,2,1,0.1441505601646912,0.4848623275756836,-0.03750123083591461,0.5827417801476461,0.4359033673729478,,3045,10120,25126,27250,"[1, 64, 28, 28, 20]",0.9540878812073568,0.059005167335271835,0.04101079702377319
baseline_ema,1MHBF3G6DCPWHSKG7XCP,2,2,0.1647822423676795,0.5542587041854858,-0.05165354907512665,0.5382064775054531,0.385925734572759,,3045,10120,25126,27250,"[1, 64, 28, 28, 20]",0.9540878812073568,0.059005167335271835,0.04101079702377319
baseline_ema,1MHBF3G6DCPWHSKG7XCP,2,3,-0.017918542518811673,0.0,-0.05261154845356941,0.3851059086264489,0.39915880720155933,,3045,10120,25126,27250,"[1, 64, 28, 28, 20]",0.9540878812073568,0.059005167335271835,0.04101079702377319
baseline_ema,1MHBF3G6DCPWHSKG7XCP,2,4,0.07056334726279903,0.2373456507921219,-0.09804081916809082,0.4569369384623056,0.39670129667608517,,3045,10120,25126,27250,"[1, 64, 28, 28, 20]",0.9540878812073568,0.059005167335271835,0.04101079702377319
baseline_ema,1MHBF3G6DCPWHSKG7XCP,2,5,-0.022266515803891048,0.0,0.012819336727261543,0.3987153369060156,0.4168757305659074,,3045,10120,25126,27250,"[1, 64, 28, 28, 20]",0.9540878812073568,0.059005167335271835,0.04101079702377319
baseline_ema,1MHBF3G6DCPWHSKG7XCP,2,6,0.20979616226859804,0.705666720867157,-0.05256713926792145,0.5930274195896847,0.3873481729061032,high,3045,10120,25126,27250,"[1, 64, 28, 28, 20]",0.9540878812073568,0.059005167335271835,0.04101079702377319
baseline_ema,1MHBF3G6DCPWHSKG7XCP,2,7,0.05344993073887705,0.17978326976299286,-0.11223763227462769,0.4153595896898073,0.37321051857060855,,3045,10120,25126,27250,"[1, 64, 28, 28, 20]",0.9540878812073568,0.059005167335271835,0.04101079702377319
baseline_ema,1MHBF3G6DCPWHSKG7XCP,2,8,0.07935694324127802,0.2669236361980438,-0.04190865904092789,0.33877142113370967,0.2889567527137986,,3045,10120,25126,27250,"[1, 64, 28, 28, 20]",0.9540878812073568,0.059005167335271835,0.04101079702377319
baseline_ema,1MHBF3G6DCPWHSKG7XCP,2,9,0.10691626849834952,0.35962170362472534,-0.1308135688304901,0.4096558570383443,0.3305190147899504,,3045,10120,25126,27250,"[1, 64, 28, 28, 20]",0.9540878812073568,0.059005167335271835,0.04101079702377319
baseline_ema,1MHBF3G6DCPWHSKG7XCP,2,10,0.08185945317398892,0.2753410339355469,-0.008059474639594555,0.44605350557302564,0.3785516930683601,,3045,10120,25126,27250,"[1, 64, 28, 28, 20]",0.9540878812073568,0.059005167335271835,0.04101079702377319
baseline_ema,1MHBF3G6DCPWHSKG7XCP,2,11,0.09885065428706044,0.3324923515319824,0.016217663884162903,0.45617356881555826,0.3741003498657728,,3045,10120,25126,27250,"[1, 64, 28, 28, 20]",0.9540878812073568,0.059005167335271835,0.04101079702377319
baseline_ema,1MHBF3G6DCPWHSKG7XCP,2,12,-0.01742678277962425,0.0,0.028125029057264328,0.35002833033135017,0.36244445624621374,,3045,10120,25126,27250,"[1, 64, 28, 28, 20]",0.9540878812073568,0.059005167335271835,0.04101079702377319
baseline_ema,1MHBF3G6DCPWHSKG7XCP,2,13,0.08309516080011616,0.2794974446296692,-0.046975135803222656,0.5159047830521954,0.4367441810951471,,3045,10120,25126,27250,"[1, 64, 28, 28, 20]",0.9540878812073568,0.059005167335271835,0.04101079702377319
baseline_ema,1MHBF3G6DCPWHSKG7XCP,2,14,0.08743251460503919,0.2940864861011505,0.017047101631760597,0.5299750697378479,0.44475213200318175,,3045,10120,25126,27250,"[1, 64, 28, 28, 20]",0.9540878812073568,0.059005167335271835,0.04101079702377319
baseline_ema,1MHBF3G6DCPWHSKG7XCP,2,15,-0.0028500415002473364,0.0,0.03449408710002899,0.43623566429546695,0.43872935375822614,,3045,10120,25126,27250,"[1, 64, 28, 28, 20]",0.9540878812073568,0.059005167335271835,0.04101079702377319
baseline_ema,1MHBF3G6DCPWHSKG7XCP,2,16,0.007076940098990022,0.023803872987627983,0.0012116199359297752,0.3862899632615608,0.38086087565074833,,3045,10120,25126,27250,"[1, 64, 28, 28, 20]",0.9540878812073568,0.059005167335271835,0.04101079702377319
baseline_ema,1MHBF3G6DCPWHSKG7XCP,2,17,0.041580954576772425,0.13986098766326904,-0.09493263065814972,0.42239454633297097,0.3886696799980991,,3045,10120,25126,27250,"[1, 64, 28, 28, 20]",0.9540878812073568,0.059005167335271835,0.04101079702377319
baseline_ema,1MHBF3G6DCPWHSKG7XCP,2,18,0.11325204460629339,0.38093262910842896,-0.06864798069000244,0.500518372910608,0.39868198106061914,,3045,10120,25126,27250,"[1, 64, 28, 28, 20]",0.9540878812073568,0.059005167335271835,0.04101079702377319
baseline_ema,1MHBF3G6DCPWHSKG7XCP,2,19,0.16825475218690994,0.5659387707710266,0.02667533978819847,0.48252133781959,0.3435335150093159,,3045,10120,25126,27250,"[1, 64, 28, 28, 20]",0.9540878812073568,0.059005167335271835,0.04101079702377319
baseline_ema,1MHBF3G6DCPWHSKG7XCP,2,20,-0.08180775203650686,0.0,-0.19928064942359924,0.29661912840172844,0.3494746933735952,low,3045,10120,25126,27250,"[1, 64, 28, 28, 20]",0.9540878812073568,0.059005167335271835,0.04101079702377319
baseline_ema,1MHBF3G6DCPWHSKG7XCP,2,21,0.29730103781706485,0.9999966621398926,0.024274015799164772,0.7124506005211787,0.38590734586493053,high,3045,10120,25126,27250,"[1, 64, 28, 28, 20]",0.9540878812073568,0.059005167335271835,0.04101079702377319
baseline_ema,1MHBF3G6DCPWHSKG7XCP,2,22,0.007718876142317827,0.025963079184293747,-0.01663539558649063,0.4172572018091112,0.41086502121997265,,3045,10120,25126,27250,"[1, 64, 28, 28, 20]",0.9540878812073568,0.059005167335271835,0.04101079702377319
baseline_ema,1MHBF3G6DCPWHSKG7XCP,2,23,-0.07598136157713231,0.0,-0.02599615976214409,0.3067894337635735,0.35724364738268627,low,3045,10120,25126,27250,"[1, 64, 28, 28, 20]",0.9540878812073568,0.059005167335271835,0.04101079702377319
baseline_ema,1MHBF3G6DCPWHSKG7XCP,2,24,0.15881937749521874,0.5342020988464355,-0.06086429953575134,0.5531070249868829,0.40149721501595786,,3045,10120,25126,27250,"[1, 64, 28, 28, 20]",0.9540878812073568,0.059005167335271835,0.04101079702377319
baseline_ema,1MHBF3G6DCPWHSKG7XCP,2,25,0.022372752697838238,0.07525260746479034,-0.047585807740688324,0.3556174308874213,0.34005333843353597,,3045,10120,25126,27250,"[1, 64, 28, 28, 20]",0.9540878812073568,0.059005167335271835,0.04101079702377319
baseline_ema,1MHBF3G6DCPWHSKG7XCP,2,26,-0.016640444303807886,0.0,0.008579875342547894,0.3429156064035215,0.3545212827534026,,3045,10120,25126,27250,"[1, 64, 28, 28, 20]",0.9540878812073568,0.059005167335271835,0.04101079702377319
baseline_ema,1MHBF3G6DCPWHSKG7XCP,2,27,-0.01598622026648462,0.0,-0.01619560271501541,0.41439248359961317,0.4278568834873936,,3045,10120,25126,27250,"[1, 64, 28, 28, 20]",0.9540878812073568,0.059005167335271835,0.04101079702377319
baseline_ema,1MHBF3G6DCPWHSKG7XCP,2,28,0.06060881915441425,0.2038627713918686,-0.036892250180244446,0.4450895509344628,0.39421993356502927,,3045,10120,25126,27250,"[1, 64, 28, 28, 20]",0.9540878812073568,0.059005167335271835,0.04101079702377319
baseline_ema,1MHBF3G6DCPWHSKG7XCP,2,29,0.15016845787236097,0.5051040053367615,0.029607918113470078,0.44537674748787,0.3290779323553263,,3045,10120,25126,27250,"[1, 64, 28, 28, 20]",0.9540878812073568,0.059005167335271835,0.04101079702377319
baseline_ema,1MHBF3G6DCPWHSKG7XCP,2,30,-0.08116778774365394,0.0,-0.02596439979970455,0.34527351836478837,0.4062751416474794,low,3045,10120,25126,27250,"[1, 64, 28, 28, 20]",0.9540878812073568,0.059005167335271835,0.04101079702377319
baseline_ema,1MHBF3G6DCPWHSKG7XCP,2,31,0.14886101161360338,0.5007063150405884,-0.06135449931025505,0.5665909798208394,0.41976141557387037,,3045,10120,25126,27250,"[1, 64, 28, 28, 20]",0.9540878812073568,0.059005167335271835,0.04101079702377319
baseline_ema,1MHBF3G6DCPWHSKG7XCP,2,32,0.0874124767844461,0.29401910305023193,-0.09788854420185089,0.4099946564987871,0.34407911319885537,,3045,10120,25126,27250,"[1, 64, 28, 28, 20]",0.9540878812073568,0.059005167335271835,0.04101079702377319
baseline_ema,1MHBF3G6DCPWHSKG7XCP,2,33,0.18817729676157702,0.6329498887062073,0.19029110670089722,0.3120460920108861,0.21320548243466358,,3045,10120,25126,27250,"[1, 64, 28, 28, 20]",0.9540878812073568,0.059005167335271835,0.04101079702377319
baseline_ema,1MHBF3G6DCPWHSKG7XCP,2,34,0.00501750559112762,0.016876794397830963,-0.013030553236603737,0.38641955655009663,0.3825611863555923,,3045,10120,25126,27250,"[1, 64, 28, 28, 20]",0.9540878812073568,0.059005167335271835,0.04101079702377319
baseline_ema,1MHBF3G6DCPWHSKG7XCP,2,35,0.05748188000326975,0.1933450549840927,0.06203291565179825,0.4617707441016888,0.4115694503597444,,3045,10120,25126,27250,"[1, 64, 28, 28, 20]",0.9540878812073568,0.059005167335271835,0.04101079702377319
baseline_ema,1MHBF3G6DCPWHSKG7XCP,2,36,-0.049101730830390704,0.0,0.01760217547416687,0.39130961186321256,0.4317219344152276,,3045,10120,25126,27250,"[1, 64, 28, 28, 20]",0.9540878812073568,0.059005167335271835,0.04101079702377319
baseline_ema,1MHBF3G6DCPWHSKG7XCP,2,37,0.02739745231619332,0.09215359389781952,-0.09472008049488068,0.3597485047413154,0.34056176025216356,,3045,10120,25126,27250,"[1, 64, 28, 28, 20]",0.9540878812073568,0.059005167335271835,0.04101079702377319
baseline_ema,1MHBF3G6DCPWHSKG7XCP,2,38,0.06762468532696761,0.22746121883392334,-0.06917290389537811,0.4968060034034677,0.4338693105322993,middle,3045,10120,25126,27250,"[1, 64, 28, 28, 20]",0.9540878812073568,0.059005167335271835,0.04101079702377319
baseline_ema,1MHBF3G6DCPWHSKG7XCP,2,39,0.05985157448025332,0.2013157159090042,-0.06607262790203094,0.43520070651262444,0.3860476400782796,,3045,10120,25126,27250,"[1, 64, 28, 28, 20]",0.9540878812073568,0.059005167335271835,0.04101079702377319
baseline_ema,1MHBF3G6DCPWHSKG7XCP,2,40,0.04483757792835135,0.15081490576267242,0.019054004922509193,0.406481890958851,0.3715947730639204,,3045,10120,25126,27250,"[1, 64, 28, 28, 20]",0.9540878812073568,0.059005167335271835,0.04101079702377319
baseline_ema,1MHBF3G6DCPWHSKG7XCP,2,41,0.08502835910928844,0.28599992394447327,-0.074020154774189,0.47842809002898473,0.4034438785664757,,3045,10120,25126,27250,"[1, 64, 28, 28, 20]",0.9540878812073568,0.059005167335271835,0.04101079702377319
baseline_ema,1MHBF3G6DCPWHSKG7XCP,2,42,0.09362978381110355,0.3149315118789673,-0.08716200292110443,0.41814956916022084,0.3465507499699932,,3045,10120,25126,27250,"[1, 64, 28, 28, 20]",0.9540878812073568,0.059005167335271835,0.04101079702377319
baseline_ema,1MHBF3G6DCPWHSKG7XCP,2,43,0.12155144452733012,0.4088483452796936,-0.08816178143024445,0.4459509044815289,0.3492883079181296,,3045,10120,25126,27250,"[1, 64, 28, 28, 20]",0.9540878812073568,0.059005167335271835,0.04101079702377319
baseline_ema,1MHBF3G6DCPWHSKG7XCP,2,44,0.06211345561062892,0.20892374217510223,-0.0012166346423327923,0.37096019721055123,0.3275718931122316,middle,3045,10120,25126,27250,"[1, 64, 28, 28, 20]",0.9540878812073568,0.059005167335271835,0.04101079702377319
baseline_ema,1MHBF3G6DCPWHSKG7XCP,2,45,0.19811880535649887,0.666388988494873,-0.07039138674736023,0.5098231605562261,0.3412160839953627,high,3045,10120,25126,27250,"[1, 64, 28, 28, 20]",0.9540878812073568,0.059005167335271835,0.04101079702377319
baseline_ema,1MHBF3G6DCPWHSKG7XCP,2,46,0.06591024554179181,0.22169455885887146,-0.057057157158851624,0.4470753465727131,0.39178574044188125,middle,3045,10120,25126,27250,"[1, 64, 28, 28, 20]",0.9540878812073568,0.059005167335271835,0.04101079702377319
baseline_ema,1MHBF3G6DCPWHSKG7XCP,2,47,0.17478388468162,0.5879000425338745,0.046487677842378616,0.5691644628283725,0.3998041838443392,,3045,10120,25126,27250,"[1, 64, 28, 28, 20]",0.9540878812073568,0.059005167335271835,0.04101079702377319
baseline_ema,1MHBF3G6DCPWHSKG7XCP,2,48,0.08989665462536048,0.30237483978271484,-0.11150257289409637,0.3832769058560732,0.3200500734151733,,3045,10120,25126,27250,"[1, 64, 28, 28, 20]",0.9540878812073568,0.059005167335271835,0.04101079702377319
baseline_ema,1MHBF3G6DCPWHSKG7XCP,2,49,-0.01572305814848369,0.0,0.0020736223086714745,0.4227231226276342,0.4362284844149565,,3045,10120,25126,27250,"[1, 64, 28, 28, 20]",0.9540878812073568,0.059005167335271835,0.04101079702377319
baseline_ema,1MHBF3G6DCPWHSKG7XCP,2,50,0.0078073486407187805,0.02626066282391548,0.008413665927946568,0.40558286050849934,0.3992988604907677,,3045,10120,25126,27250,"[1, 64, 28, 28, 20]",0.9540878812073568,0.059005167335271835,0.04101079702377319
baseline_ema,1MHBF3G6DCPWHSKG7XCP,2,51,-6.584575973677546e-05,0.0,-0.13798245787620544,0.41996516487557345,0.42002047443400753,,3045,10120,25126,27250,"[1, 64, 28, 28, 20]",0.9540878812073568,0.059005167335271835,0.04101079702377319
baseline_ema,1MHBF3G6DCPWHSKG7XCP,2,52,0.014771550308368025,0.04968533292412758,-0.06680585443973541,0.39752665573386214,0.385953425526372,,3045,10120,25126,27250,"[1, 64, 28, 28, 20]",0.9540878812073568,0.059005167335271835,0.04101079702377319
baseline_ema,1MHBF3G6DCPWHSKG7XCP,2,53,0.18057038835146574,0.6073634624481201,-0.10537174344062805,0.4988098838638395,0.3462219727714558,,3045,10120,25126,27250,"[1, 64, 28, 28, 20]",0.9540878812073568,0.059005167335271835,0.04101079702377319
baseline_ema,1MHBF3G6DCPWHSKG7XCP,2,54,-0.029819849064581398,0.0,-0.012423031032085419,0.4101300093534208,0.4353418834036311,,3045,10120,25126,27250,"[1, 64, 28, 28, 20]",0.9540878812073568,0.059005167335271835,0.04101079702377319
baseline_ema,1MHBF3G6DCPWHSKG7XCP,2,55,0.0020101951345889626,0.006761457771062851,0.0315944105386734,0.4532366342907573,0.4514180997357392,,3045,10120,25126,27250,"[1, 64, 28, 28, 20]",0.9540878812073568,0.059005167335271835,0.04101079702377319
baseline_ema,1MHBF3G6DCPWHSKG7XCP,2,56,-0.051508506158258645,0.0,-0.025496836751699448,0.41778113307151626,0.46315699138883315,,3045,10120,25126,27250,"[1, 64, 28, 28, 20]",0.9540878812073568,0.059005167335271835,0.04101079702377319
baseline_ema,1MHBF3G6DCPWHSKG7XCP,2,57,0.18158697737250273,0.61078280210495,-0.059642910957336426,0.6446994050392538,0.4465436885151187,,3045,10120,25126,27250,"[1, 64, 28, 28, 20]",0.9540878812073568,0.059005167335271835,0.04101079702377319
baseline_ema,1MHBF3G6DCPWHSKG7XCP,2,58,-0.11845757043241911,0.0,0.007448268122971058,0.3085241319302518,0.3914403412724187,low,3045,10120,25126,27250,"[1, 64, 28, 28, 20]",0.9540878812073568,0.059005167335271835,0.04101079702377319
baseline_ema,1MHBF3G6DCPWHSKG7XCP,2,59,-0.014178500472258925,0.0,-0.1317620575428009,0.3549312347619003,0.3651407904905024,,3045,10120,25126,27250,"[1, 64, 28, 28, 20]",0.9540878812073568,0.059005167335271835,0.04101079702377319
baseline_ema,1MHBF3G6DCPWHSKG7XCP,2,60,0.07055085676207269,0.23730364441871643,0.057203397154808044,0.47730560988746307,0.41439527773905477,middle,3045,10120,25126,27250,"[1, 64, 28, 28, 20]",0.9540878812073568,0.059005167335271835,0.04101079702377319
baseline_ema,1MHBF3G6DCPWHSKG7XCP,2,61,0.21979140516716195,0.7392866015434265,0.014750147238373756,0.518805535204941,0.33184060496546064,high,3045,10120,25126,27250,"[1, 64, 28, 28, 20]",0.9540878812073568,0.059005167335271835,0.04101079702377319
baseline_ema,1MHBF3G6DCPWHSKG7XCP,2,62,0.12461305891294691,0.419146329164505,-0.001179770566523075,0.47258418132179214,0.3678544304653827,,3045,10120,25126,27250,"[1, 64, 28, 28, 20]",0.9540878812073568,0.059005167335271835,0.04101079702377319
baseline_ema,1MHBF3G6DCPWHSKG7XCP,2,63,0.16590075415076708,0.5580208897590637,-0.09024956822395325,0.5488448435804242,0.39264997692824133,,3045,10120,25126,27250,"[1, 64, 28, 28, 20]",0.9540878812073568,0.059005167335271835,0.04101079702377319
baseline_ema,23X6SY44VT9KFHR7S7OC,0,0,0.11480934017060074,0.5394591689109802,0.005870860535651445,0.5337745376748726,0.42383222257799413,,2505,10740,19893,21545,"[1, 64, 28, 28, 20]",0.8475592069234557,0.04088297486305237,0.03054550290107727
baseline_ema,23X6SY44VT9KFHR7S7OC,0,1,0.041054055658335566,0.1929023116827011,-0.0939251184463501,0.5603119675608672,0.5161200274703853,,2505,10740,19893,21545,"[1, 64, 28, 28, 20]",0.8475592069234557,0.04088297486305237,0.03054550290107727
baseline_ema,23X6SY44VT9KFHR7S7OC,0,2,0.21282204395283721,0.9999952912330627,0.03218335658311844,0.5524798124950535,0.3585849374222323,high,2505,10740,19893,21545,"[1, 64, 28, 28, 20]",0.8475592069234557,0.04088297486305237,0.03054550290107727
baseline_ema,23X6SY44VT9KFHR7S7OC,0,3,-0.03479036077538969,0.0,-0.002901387633755803,0.3430741908189519,0.36780600405713093,,2505,10740,19893,21545,"[1, 64, 28, 28, 20]",0.8475592069234557,0.04088297486305237,0.03054550290107727
baseline_ema,23X6SY44VT9KFHR7S7OC,0,4,-0.018619480248740442,0.0,-0.05769844353199005,0.442640927734835,0.4594371717097449,,2505,10740,19893,21545,"[1, 64, 28, 28, 20]",0.8475592069234557,0.04088297486305237,0.03054550290107727
baseline_ema,23X6SY44VT9KFHR7S7OC,0,5,0.06820625901555802,0.32048341631889343,0.043054044246673584,0.5234680209870258,0.4566198271525575,,2505,10740,19893,21545,"[1, 64, 28, 28, 20]",0.8475592069234557,0.04088297486305237,0.03054550290107727
baseline_ema,23X6SY44VT9KFHR7S7OC,0,6,-0.07545842175960141,0.0,0.022444283589720726,0.3818774787796719,0.4442130410986829,,2505,10740,19893,21545,"[1, 64, 28, 28, 20]",0.8475592069234557,0.04088297486305237,0.03054550290107727
baseline_ema,23X6SY44VT9KFHR7S7OC,0,7,0.17526834100307698,0.8235402703285217,-0.036392536014318466,0.4052083685101863,0.2843503760573319,high,2505,10740,19893,21545,"[1, 64, 28, 28, 20]",0.8475592069234557,0.04088297486305237,0.03054550290107727
baseline_ema,23X6SY44VT9KFHR7S7OC,0,8,0.06519206676157745,0.30632051825523376,-0.043672315776348114,0.3849330289985814,0.33781549385294635,,2505,10740,19893,21545,"[1, 64, 28, 28, 20]",0.8475592069234557,0.04088297486305237,0.03054550290107727
baseline_ema,23X6SY44VT9KFHR7S7OC,0,9,0.13061252362254405,0.6137142181396484,-0.010881741531193256,0.442316488646614,0.34012031281945554,,2505,10740,19893,21545,"[1, 64, 28, 28, 20]",0.8475592069234557,0.04088297486305237,0.03054550290107727
baseline_ema,23X6SY44VT9KFHR7S7OC,0,10,-0.00512486362236014,0.0,-0.007494113873690367,0.5296981909264905,0.5351554256139006,,2505,10740,19893,21545,"[1, 64, 28, 28, 20]",0.8475592069234557,0.04088297486305237,0.03054550290107727
baseline_ema,23X6SY44VT9KFHR7S7OC,0,11,-0.0007494958020485523,0.0,0.05093038082122803,0.4490389073696759,0.4497125185399761,,2505,10740,19893,21545,"[1, 64, 28, 28, 20]",0.8475592069234557,0.04088297486305237,0.03054550290107727
baseline_ema,23X6SY44VT9KFHR7S7OC,0,12,-0.10044127778703973,0.0,-0.016655873507261276,0.3502825878305572,0.4285051208572825,,2505,10740,19893,21545,"[1, 64, 28, 28, 20]",0.8475592069234557,0.04088297486305237,0.03054550290107727
baseline_ema,23X6SY44VT9KFHR7S7OC,0,13,0.022014189000494604,0.10343893617391586,-0.027473529800772667,0.5600383543164029,0.535911876779728,,2505,10740,19893,21545,"[1, 64, 28, 28, 20]",0.8475592069234557,0.04088297486305237,0.03054550290107727
baseline_ema,23X6SY44VT9KFHR7S7OC,0,14,-0.0077061330150242704,0.0,0.03009164333343506,0.5188573240624098,0.5269162016613611,,2505,10740,19893,21545,"[1, 64, 28, 28, 20]",0.8475592069234557,0.04088297486305237,0.03054550290107727
baseline_ema,23X6SY44VT9KFHR7S7OC,0,15,-0.09648404082540006,0.0,0.014842042699456215,0.4662016578212691,0.5657706085882462,,2505,10740,19893,21545,"[1, 64, 28, 28, 20]",0.8475592069234557,0.04088297486305237,0.03054550290107727
baseline_ema,23X6SY44VT9KFHR7S7OC,0,16,-0.05588816400985899,0.0,0.02255391888320446,0.3693027598505958,0.41302571801954985,,2505,10740,19893,21545,"[1, 64, 28, 28, 20]",0.8475592069234557,0.04088297486305237,0.03054550290107727
baseline_ema,23X6SY44VT9KFHR7S7OC,0,17,0.16199008571922732,0.7611491680145264,-0.11551576852798462,0.4802077866013976,0.3463185521480842,high,2505,10740,19893,21545,"[1, 64, 28, 28, 20]",0.8475592069234557,0.04088297486305237,0.03054550290107727
baseline_ema,23X6SY44VT9KFHR7S7OC,0,18,-0.010688473107254038,0.0,-0.03581272065639496,0.45497921522885204,0.4648103721867491,,2505,10740,19893,21545,"[1, 64, 28, 28, 20]",0.8475592069234557,0.04088297486305237,0.03054550290107727
baseline_ema,23X6SY44VT9KFHR7S7OC,0,19,0.024389191391997477,0.11459845304489136,0.001500731217674911,0.4821331473570243,0.4591753693938779,,2505,10740,19893,21545,"[1, 64, 28, 28, 20]",0.8475592069234557,0.04088297486305237,0.03054550290107727
baseline_ema,23X6SY44VT9KFHR7S7OC,0,20,-0.058915772010029746,0.0,-0.09202846884727478,0.31431769424300743,0.3536729368872878,,2505,10740,19893,21545,"[1, 64, 28, 28, 20]",0.8475592069234557,0.04088297486305237,0.03054550290107727
baseline_ema,23X6SY44VT9KFHR7S7OC,0,21,-0.022913043219950996,0.0,-0.008831053972244263,0.466637842115684,0.488523518568102,,2505,10740,19893,21545,"[1, 64, 28, 28, 20]",0.8475592069234557,0.04088297486305237,0.03054550290107727
baseline_ema,23X6SY44VT9KFHR7S7OC,0,22,-0.041944603504090634,0.0,-0.006695388816297054,0.42694353099239474,0.46432758657814216,,2505,10740,19893,21545,"[1, 64, 28, 28, 20]",0.8475592069234557,0.04088297486305237,0.03054550290107727
baseline_ema,23X6SY44VT9KFHR7S7OC,0,23,-0.12406415129522037,0.0,-0.02183055877685547,0.36575320681990187,0.4693610755623206,,2505,10740,19893,21545,"[1, 64, 28, 28, 20]",0.8475592069234557,0.04088297486305237,0.03054550290107727
baseline_ema,23X6SY44VT9KFHR7S7OC,0,24,0.055262858796431995,0.25966575741767883,-0.04091109707951546,0.5099721491245736,0.45655882890072536,,2505,10740,19893,21545,"[1, 64, 28, 28, 20]",0.8475592069234557,0.04088297486305237,0.03054550290107727
baseline_ema,23X6SY44VT9KFHR7S7OC,0,25,-0.12824164631298524,0.0,-0.052088409662246704,0.3755769783859383,0.48607703598236895,low,2505,10740,19893,21545,"[1, 64, 28, 28, 20]",0.8475592069234557,0.04088297486305237,0.03054550290107727
baseline_ema,23X6SY44VT9KFHR7S7OC,0,26,-0.03035120542720823,0.0,0.02433297410607338,0.35753566048570684,0.3799183077190033,,2505,10740,19893,21545,"[1, 64, 28, 28, 20]",0.8475592069234557,0.04088297486305237,0.03054550290107727
baseline_ema,23X6SY44VT9KFHR7S7OC,0,27,-0.02944577797111323,0.0,0.04443146288394928,0.42458698590024635,0.45035022211181314,,2505,10740,19893,21545,"[1, 64, 28, 28, 20]",0.8475592069234557,0.04088297486305237,0.03054550290107727
baseline_ema,23X6SY44VT9KFHR7S7OC,0,28,0.008854087063486159,0.04160304740071297,-0.026948241516947746,0.4513093353469183,0.44338760191488086,middle,2505,10740,19893,21545,"[1, 64, 28, 28, 20]",0.8475592069234557,0.04088297486305237,0.03054550290107727
baseline_ema,23X6SY44VT9KFHR7S7OC,0,29,0.06068695059129091,0.2851521670818329,0.0618099570274353,0.5142791048465729,0.455430335278824,,2505,10740,19893,21545,"[1, 64, 28, 28, 20]",0.8475592069234557,0.04088297486305237,0.03054550290107727
baseline_ema,23X6SY44VT9KFHR7S7OC,0,30,-0.12618949493961115,0.0,-0.031199302524328232,0.35757193132450044,0.46084806328185,low,2505,10740,19893,21545,"[1, 64, 28, 28, 20]",0.8475592069234557,0.04088297486305237,0.03054550290107727
baseline_ema,23X6SY44VT9KFHR7S7OC,0,31,-0.09277763602598053,0.0,-0.022450806573033333,0.4201664937223889,0.5061037500372533,,2505,10740,19893,21545,"[1, 64, 28, 28, 20]",0.8475592069234557,0.04088297486305237,0.03054550290107727
baseline_ema,23X6SY44VT9KFHR7S7OC,0,32,0.007025636917046318,0.03301163762807846,-0.04271676763892174,0.3465656219576597,0.34172990049960933,middle,2505,10740,19893,21545,"[1, 64, 28, 28, 20]",0.8475592069234557,0.04088297486305237,0.03054550290107727
baseline_ema,23X6SY44VT9KFHR7S7OC,0,33,0.09377114225412146,0.44060614705085754,0.1805766522884369,0.3717067022842054,0.3079723293505015,,2505,10740,19893,21545,"[1, 64, 28, 28, 20]",0.8475592069234557,0.04088297486305237,0.03054550290107727
baseline_ema,23X6SY44VT9KFHR7S7OC,0,34,0.05108935072773094,0.24005554616451263,-0.017492713406682014,0.4316954222011441,0.38972931463513083,,2505,10740,19893,21545,"[1, 64, 28, 28, 20]",0.8475592069234557,0.04088297486305237,0.03054550290107727
baseline_ema,23X6SY44VT9KFHR7S7OC,0,35,0.005050145622617699,0.023729316890239716,-0.0096330177038908,0.4377993999982714,0.43339971256339405,,2505,10740,19893,21545,"[1, 64, 28, 28, 20]",0.8475592069234557,0.04088297486305237,0.03054550290107727
baseline_ema,23X6SY44VT9KFHR7S7OC,0,36,-0.15753886763624375,0.0,0.017872832715511322,0.40922985587825816,0.5622806837225064,low,2505,10740,19893,21545,"[1, 64, 28, 28, 20]",0.8475592069234557,0.04088297486305237,0.03054550290107727
baseline_ema,23X6SY44VT9KFHR7S7OC,0,37,0.11851922100953496,0.5568909049034119,-0.022743020206689835,0.4550156743382104,0.35858789461596324,,2505,10740,19893,21545,"[1, 64, 28, 28, 20]",0.8475592069234557,0.04088297486305237,0.03054550290107727
baseline_ema,23X6SY44VT9KFHR7S7OC,0,38,0.08971409627792214,0.421543151140213,-0.06661264598369598,0.5880146401443975,0.4911942960266573,,2505,10740,19893,21545,"[1, 64, 28, 28, 20]",0.8475592069234557,0.04088297486305237,0.03054550290107727
baseline_ema,23X6SY44VT9KFHR7S7OC,0,39,0.14609018317593261,0.6864396929740906,-0.03125830367207527,0.447047371414728,0.3330784946507553,,2505,10740,19893,21545,"[1, 64, 28, 28, 20]",0.8475592069234557,0.04088297486305237,0.03054550290107727
baseline_ema,23X6SY44VT9KFHR7S7OC,0,40,-0.05550945265414227,0.0,0.018560227006673813,0.3840917440778213,0.4292393642363823,,2505,10740,19893,21545,"[1, 64, 28, 28, 20]",0.8475592069234557,0.04088297486305237,0.03054550290107727
baseline_ema,23X6SY44VT9KFHR7S7OC,0,41,-0.04688091032050756,0.0,-0.037117309868335724,0.4618267361767717,0.5072583752598829,,2505,10740,19893,21545,"[1, 64, 28, 28, 20]",0.8475592069234557,0.04088297486305237,0.03054550290107727
baseline_ema,23X6SY44VT9KFHR7S7OC,0,42,-0.13420215246596842,0.0,-0.05414649099111557,0.34366892009440014,0.45020920786425805,low,2505,10740,19893,21545,"[1, 64, 28, 28, 20]",0.8475592069234557,0.04088297486305237,0.03054550290107727
baseline_ema,23X6SY44VT9KFHR7S7OC,0,43,0.06552596089683935,0.3078894019126892,-0.042749304324388504,0.49492064504187083,0.4340489539012129,,2505,10740,19893,21545,"[1, 64, 28, 28, 20]",0.8475592069234557,0.04088297486305237,0.03054550290107727
baseline_ema,23X6SY44VT9KFHR7S7OC,0,44,0.05021458094070677,0.2359452247619629,0.017803966999053955,0.3923384770530717,0.35482016855314835,,2505,10740,19893,21545,"[1, 64, 28, 28, 20]",0.8475592069234557,0.04088297486305237,0.03054550290107727
baseline_ema,23X6SY44VT9KFHR7S7OC,0,45,-0.09032976942483537,0.0,-0.013950293883681297,0.357723454524393,0.42876705086039235,,2505,10740,19893,21545,"[1, 64, 28, 28, 20]",0.8475592069234557,0.04088297486305237,0.03054550290107727
baseline_ema,23X6SY44VT9KFHR7S7OC,0,46,0.09744179591321572,0.4578535854816437,-0.061144620180130005,0.46580789499712116,0.3830896921202164,,2505,10740,19893,21545,"[1, 64, 28, 28, 20]",0.8475592069234557,0.04088297486305237,0.03054550290107727
baseline_ema,23X6SY44VT9KFHR7S7OC,0,47,-0.06572699953698387,0.0,0.01597524993121624,0.48455202744134185,0.552729495335625,,2505,10740,19893,21545,"[1, 64, 28, 28, 20]",0.8475592069234557,0.04088297486305237,0.03054550290107727
baseline_ema,23X6SY44VT9KFHR7S7OC,0,48,0.06255859206159473,0.2939465045928955,-0.08037757873535156,0.42594516536159566,0.37578969851235494,,2505,10740,19893,21545,"[1, 64, 28, 28, 20]",0.8475592069234557,0.04088297486305237,0.03054550290107727
baseline_ema,23X6SY44VT9KFHR7S7OC,0,49,-0.10839705477268176,0.0,-0.06674487888813019,0.38313069948164263,0.4762894173563274,,2505,10740,19893,21545,"[1, 64, 28, 28, 20]",0.8475592069234557,0.04088297486305237,0.03054550290107727
baseline_ema,23X6SY44VT9KFHR7S7OC,0,50,0.12801472419035573,0.601507842540741,-0.030879441648721695,0.45506382217284985,0.35177628089781615,,2505,10740,19893,21545,"[1, 64, 28, 28, 20]",0.8475592069234557,0.04088297486305237,0.03054550290107727
baseline_ema,23X6SY44VT9KFHR7S7OC,0,51,0.11217896813812497,0.5270997285842896,-0.15049976110458374,0.5086676382105342,0.4060548960100142,,2505,10740,19893,21545,"[1, 64, 28, 28, 20]",0.8475592069234557,0.04088297486305237,0.03054550290107727
baseline_ema,23X6SY44VT9KFHR7S7OC,0,52,0.01596215818454211,0.075002022087574,0.0009703276446089149,0.4159856048743045,0.4029141809928472,middle,2505,10740,19893,21545,"[1, 64, 28, 28, 20]",0.8475592069234557,0.04088297486305237,0.03054550290107727
baseline_ema,23X6SY44VT9KFHR7S7OC,0,53,0.08918933593466404,0.41907742619514465,-0.04906848073005676,0.5234944967954083,0.43776069535447626,,2505,10740,19893,21545,"[1, 64, 28, 28, 20]",0.8475592069234557,0.04088297486305237,0.03054550290107727
baseline_ema,23X6SY44VT9KFHR7S7OC,0,54,0.023529332274457027,0.11055819690227509,-0.03819236904382706,0.47824160495018697,0.45625353476952446,,2505,10740,19893,21545,"[1, 64, 28, 28, 20]",0.8475592069234557,0.04088297486305237,0.03054550290107727
baseline_ema,23X6SY44VT9KFHR7S7OC,0,55,0.03989199531456448,0.18744207918643951,0.017368817701935768,0.5467257964061601,0.5047791270350083,,2505,10740,19893,21545,"[1, 64, 28, 28, 20]",0.8475592069234557,0.04088297486305237,0.03054550290107727
baseline_ema,23X6SY44VT9KFHR7S7OC,0,56,-0.057896062723374817,0.0,-0.01325345877557993,0.42278667544329607,0.474750608210337,,2505,10740,19893,21545,"[1, 64, 28, 28, 20]",0.8475592069234557,0.04088297486305237,0.03054550290107727
baseline_ema,23X6SY44VT9KFHR7S7OC,0,57,0.03719858459311245,0.17478644847869873,-0.05262179300189018,0.5711397739891297,0.5301724797561693,,2505,10740,19893,21545,"[1, 64, 28, 28, 20]",0.8475592069234557,0.04088297486305237,0.03054550290107727
baseline_ema,23X6SY44VT9KFHR7S7OC,0,58,-0.0006091989912119803,0.0,-0.003309707622975111,0.38476635486690003,0.385235439792637,,2505,10740,19893,21545,"[1, 64, 28, 28, 20]",0.8475592069234557,0.04088297486305237,0.03054550290107727
baseline_ema,23X6SY44VT9KFHR7S7OC,0,59,0.07893848889417038,0.3709113895893097,-0.11114811897277832,0.3829251307544267,0.3268930752447888,,2505,10740,19893,21545,"[1, 64, 28, 28, 20]",0.8475592069234557,0.04088297486305237,0.03054550290107727
baseline_ema,23X6SY44VT9KFHR7S7OC,0,60,-0.11315665976991242,0.0,0.057276688516139984,0.44354196343059277,0.5567294484150386,,2505,10740,19893,21545,"[1, 64, 28, 28, 20]",0.8475592069234557,0.04088297486305237,0.03054550290107727
baseline_ema,23X6SY44VT9KFHR7S7OC,0,61,0.1625267231619605,0.7636706829071045,-4.9827853217720985e-05,0.5306766067355028,0.38229427797457466,high,2505,10740,19893,21545,"[1, 64, 28, 28, 20]",0.8475592069234557,0.04088297486305237,0.03054550290107727
baseline_ema,23X6SY44VT9KFHR7S7OC,0,62,0.017695308554383286,0.0831456407904625,-0.0012394256191328168,0.4541797593999989,0.438385523616778,middle,2505,10740,19893,21545,"[1, 64, 28, 28, 20]",0.8475592069234557,0.04088297486305237,0.03054550290107727
baseline_ema,23X6SY44VT9KFHR7S7OC,0,63,0.09550756814413924,0.4487651586532593,0.004295376595109701,0.5700317014981444,0.4706396189383376,,2505,10740,19893,21545,"[1, 64, 28, 28, 20]",0.8475592069234557,0.04088297486305237,0.03054550290107727
baseline_ema,23X6SY44VT9KFHR7S7OC,1,0,0.12139838711699204,0.7616604566574097,-0.010835792869329453,0.542201179660614,0.4248077356194724,,3272,9602,27321,28834,"[1, 64, 28, 28, 20]",0.782788431496425,0.05144072696566582,0.03530459851026535
baseline_ema,23X6SY44VT9KFHR7S7OC,1,1,0.007982616361598553,0.05008339509367943,-0.03536976873874664,0.5597473710938613,0.5508816378130784,,3272,9602,27321,28834,"[1, 64, 28, 28, 20]",0.782788431496425,0.05144072696566582,0.03530459851026535
baseline_ema,23X6SY44VT9KFHR7S7OC,1,2,0.1593854847711661,0.9999937415122986,0.005308257881551981,0.5284760168854681,0.3831723418949314,high,3272,9602,27321,28834,"[1, 64, 28, 28, 20]",0.782788431496425,0.05144072696566582,0.03530459851026535
baseline_ema,23X6SY44VT9KFHR7S7OC,1,3,-0.013909998874230178,0.0,-0.01757756993174553,0.32993995776725304,0.33924838071214836,,3272,9602,27321,28834,"[1, 64, 28, 28, 20]",0.782788431496425,0.05144072696566582,0.03530459851026535
baseline_ema,23X6SY44VT9KFHR7S7OC,1,4,-0.051128374256908346,0.0,-0.02220717817544937,0.409143417630052,0.4532355008539439,,3272,9602,27321,28834,"[1, 64, 28, 28, 20]",0.782788431496425,0.05144072696566582,0.03530459851026535
baseline_ema,23X6SY44VT9KFHR7S7OC,1,5,-0.010885646116011395,0.0,-0.017409218475222588,0.4870413555439179,0.49776158270939785,,3272,9602,27321,28834,"[1, 64, 28, 28, 20]",0.782788431496425,0.05144072696566582,0.03530459851026535
baseline_ema,23X6SY44VT9KFHR7S7OC,1,6,-0.004101181350842525,0.0,-0.0004821827169507742,0.3813144668632164,0.3844550305462174,,3272,9602,27321,28834,"[1, 64, 28, 28, 20]",0.782788431496425,0.05144072696566582,0.03530459851026535
baseline_ema,23X6SY44VT9KFHR7S7OC,1,7,0.0838534216985637,0.5261012315750122,-0.022183474153280258,0.372317786343847,0.31470822098038587,,3272,9602,27321,28834,"[1, 64, 28, 28, 20]",0.782788431496425,0.05144072696566582,0.03530459851026535
baseline_ema,23X6SY44VT9KFHR7S7OC,1,8,0.03522018368926337,0.22097346186637878,-0.0453372485935688,0.3863222486745682,0.3600353613320711,middle,3272,9602,27321,28834,"[1, 64, 28, 28, 20]",0.782788431496425,0.05144072696566582,0.03530459851026535
baseline_ema,23X6SY44VT9KFHR7S7OC,1,9,0.1410718677098011,0.8850930333137512,0.021543990820646286,0.4486654939016233,0.3377274337694226,high,3272,9602,27321,28834,"[1, 64, 28, 28, 20]",0.782788431496425,0.05144072696566582,0.03530459851026535
baseline_ema,23X6SY44VT9KFHR7S7OC,1,10,-0.008495652185863579,0.0,0.0021820655092597008,0.4967653811183086,0.5052784050966489,,3272,9602,27321,28834,"[1, 64, 28, 28, 20]",0.782788431496425,0.05144072696566582,0.03530459851026535
baseline_ema,23X6SY44VT9KFHR7S7OC,1,11,0.019847168119108458,0.12452227622270584,0.002385966945439577,0.4625804806367237,0.4445759741216321,,3272,9602,27321,28834,"[1, 64, 28, 28, 20]",0.782788431496425,0.05144072696566582,0.03530459851026535
baseline_ema,23X6SY44VT9KFHR7S7OC,1,12,-0.098214267459275,0.0,0.006961093749850988,0.3322568398945409,0.4046297108952162,,3272,9602,27321,28834,"[1, 64, 28, 28, 20]",0.782788431496425,0.05144072696566582,0.03530459851026535
baseline_ema,23X6SY44VT9KFHR7S7OC,1,13,0.06032814892577962,0.3785022795200348,-0.005279736593365669,0.5902243062516006,0.5230617584171219,,3272,9602,27321,28834,"[1, 64, 28, 28, 20]",0.782788431496425,0.05144072696566582,0.03530459851026535
baseline_ema,23X6SY44VT9KFHR7S7OC,1,14,0.08403494440502371,0.5272400975227356,0.00687105767428875,0.5425775553023796,0.4584556975190097,,3272,9602,27321,28834,"[1, 64, 28, 28, 20]",0.782788431496425,0.05144072696566582,0.03530459851026535
baseline_ema,23X6SY44VT9KFHR7S7OC,1,15,-0.15355219165689715,0.0,0.011152569204568863,0.4208553981722165,0.5735484405526419,low,3272,9602,27321,28834,"[1, 64, 28, 28, 20]",0.782788431496425,0.05144072696566582,0.03530459851026535
baseline_ema,23X6SY44VT9KFHR7S7OC,1,16,-0.06740625592662208,0.0,-0.004156694747507572,0.3505244622339536,0.401195133066059,,3272,9602,27321,28834,"[1, 64, 28, 28, 20]",0.782788431496425,0.05144072696566582,0.03530459851026535
baseline_ema,23X6SY44VT9KFHR7S7OC,1,17,0.13951628525948923,0.8753332495689392,-0.008255304768681526,0.432329113439991,0.3264648577815768,high,3272,9602,27321,28834,"[1, 64, 28, 28, 20]",0.782788431496425,0.05144072696566582,0.03530459851026535
baseline_ema,23X6SY44VT9KFHR7S7OC,1,18,0.032214939756309076,0.2021183967590332,-0.029164904728531837,0.489841046328223,0.4592656006582999,middle,3272,9602,27321,28834,"[1, 64, 28, 28, 20]",0.782788431496425,0.05144072696566582,0.03530459851026535
baseline_ema,23X6SY44VT9KFHR7S7OC,1,19,0.08693796284836981,0.5454537868499756,0.010733190923929214,0.5383074570463289,0.45219509595437535,,3272,9602,27321,28834,"[1, 64, 28, 28, 20]",0.782788431496425,0.05144072696566582,0.03530459851026535
baseline_ema,23X6SY44VT9KFHR7S7OC,1,20,0.03733196604906212,0.2342229038476944,-0.041894011199474335,0.3248153107284487,0.3014360778209775,,3272,9602,27321,28834,"[1, 64, 28, 28, 20]",0.782788431496425,0.05144072696566582,0.03530459851026535
baseline_ema,23X6SY44VT9KFHR7S7OC,1,21,0.0763581930151387,0.47907570004463196,-0.030761955305933952,0.5111038537129156,0.43858709275926966,,3272,9602,27321,28834,"[1, 64, 28, 28, 20]",0.782788431496425,0.05144072696566582,0.03530459851026535
baseline_ema,23X6SY44VT9KFHR7S7OC,1,22,-0.021310890737611086,0.0,-0.015963228419423103,0.4220001471793469,0.44037821964000434,,3272,9602,27321,28834,"[1, 64, 28, 28, 20]",0.782788431496425,0.05144072696566582,0.03530459851026535
baseline_ema,23X6SY44VT9KFHR7S7OC,1,23,-0.04163440166447531,0.0,-0.020052431151270866,0.3998538112287539,0.43459565720044474,,3272,9602,27321,28834,"[1, 64, 28, 28, 20]",0.782788431496425,0.05144072696566582,0.03530459851026535
baseline_ema,23X6SY44VT9KFHR7S7OC,1,24,0.033649954821684085,0.21112175285816193,-0.006911358796060085,0.5087691185717731,0.47564364006771026,middle,3272,9602,27321,28834,"[1, 64, 28, 28, 20]",0.782788431496425,0.05144072696566582,0.03530459851026535
baseline_ema,23X6SY44VT9KFHR7S7OC,1,25,-0.14668592184986107,0.0,0.017464596778154373,0.3615155784874468,0.48580585001663035,low,3272,9602,27321,28834,"[1, 64, 28, 28, 20]",0.782788431496425,0.05144072696566582,0.03530459851026535
baseline_ema,23X6SY44VT9KFHR7S7OC,1,26,0.049787321306210906,0.3123685121536255,0.019983945414423943,0.37156099396038583,0.33631756682163205,,3272,9602,27321,28834,"[1, 64, 28, 28, 20]",0.782788431496425,0.05144072696566582,0.03530459851026535
baseline_ema,23X6SY44VT9KFHR7S7OC,1,27,-0.01039214385294649,0.0,-0.013180963695049286,0.45414109739600966,0.4636792286475565,,3272,9602,27321,28834,"[1, 64, 28, 28, 20]",0.782788431496425,0.05144072696566582,0.03530459851026535
baseline_ema,23X6SY44VT9KFHR7S7OC,1,28,0.020463119277458395,0.12838679552078247,-0.04815870523452759,0.43684419089566817,0.4193242926325111,,3272,9602,27321,28834,"[1, 64, 28, 28, 20]",0.782788431496425,0.05144072696566582,0.03530459851026535
baseline_ema,23X6SY44VT9KFHR7S7OC,1,29,0.13666536899127585,0.8574464321136475,0.032365582883358,0.520178196474131,0.3950922821242875,,3272,9602,27321,28834,"[1, 64, 28, 28, 20]",0.782788431496425,0.05144072696566582,0.03530459851026535
baseline_ema,23X6SY44VT9KFHR7S7OC,1,30,-0.11488142474898458,0.0,-0.01734621822834015,0.380697304148364,0.47952046154729416,low,3272,9602,27321,28834,"[1, 64, 28, 28, 20]",0.782788431496425,0.05144072696566582,0.03530459851026535
baseline_ema,23X6SY44VT9KFHR7S7OC,1,31,-0.0821595370412534,0.0,-0.036261070519685745,0.44128394078105815,0.5202861787979055,,3272,9602,27321,28834,"[1, 64, 28, 28, 20]",0.782788431496425,0.05144072696566582,0.03530459851026535
baseline_ema,23X6SY44VT9KFHR7S7OC,1,32,0.03634281777541011,0.2280169278383255,-0.04128437489271164,0.37464963740379115,0.3483729238691216,,3272,9602,27321,28834,"[1, 64, 28, 28, 20]",0.782788431496425,0.05144072696566582,0.03530459851026535
baseline_ema,23X6SY44VT9KFHR7S7OC,1,33,0.09302202254256067,0.5836255550384521,0.035892438143491745,0.36715834107175827,0.3046639772135998,,3272,9602,27321,28834,"[1, 64, 28, 28, 20]",0.782788431496425,0.05144072696566582,0.03530459851026535
baseline_ema,23X6SY44VT9KFHR7S7OC,1,34,0.05681922506453874,0.35648709535598755,-0.016977459192276,0.4344156467978638,0.3877034216014114,,3272,9602,27321,28834,"[1, 64, 28, 28, 20]",0.782788431496425,0.05144072696566582,0.03530459851026535
baseline_ema,23X6SY44VT9KFHR7S7OC,1,35,0.04836657659658696,0.3034546971321106,0.0018894810928031802,0.4466486317941259,0.40543615912096764,,3272,9602,27321,28834,"[1, 64, 28, 28, 20]",0.782788431496425,0.05144072696566582,0.03530459851026535
baseline_ema,23X6SY44VT9KFHR7S7OC,1,36,-0.10168875096774624,0.0,0.00804028008133173,0.39910600078301084,0.48946363932188885,low,3272,9602,27321,28834,"[1, 64, 28, 28, 20]",0.782788431496425,0.05144072696566582,0.03530459851026535
baseline_ema,23X6SY44VT9KFHR7S7OC,1,37,0.10761690505959426,0.6751946806907654,-0.018048042431473732,0.4437481101365643,0.3575182018907631,,3272,9602,27321,28834,"[1, 64, 28, 28, 20]",0.782788431496425,0.05144072696566582,0.03530459851026535
baseline_ema,23X6SY44VT9KFHR7S7OC,1,38,0.10674317874414051,0.6697128415107727,-0.011001572012901306,0.6052845655613678,0.4885274837283609,,3272,9602,27321,28834,"[1, 64, 28, 28, 20]",0.782788431496425,0.05144072696566582,0.03530459851026535
baseline_ema,23X6SY44VT9KFHR7S7OC,1,39,0.11170793924773852,0.7008620500564575,0.0015011893119663,0.4322969360467548,0.34541970144583756,,3272,9602,27321,28834,"[1, 64, 28, 28, 20]",0.782788431496425,0.05144072696566582,0.03530459851026535
baseline_ema,23X6SY44VT9KFHR7S7OC,1,40,-0.020043313342676405,0.0,0.0045929159969091415,0.3829059292925428,0.3985693022716376,,3272,9602,27321,28834,"[1, 64, 28, 28, 20]",0.782788431496425,0.05144072696566582,0.03530459851026535
baseline_ema,23X6SY44VT9KFHR7S7OC,1,41,0.01980839439427824,0.12427900731563568,-0.04693320393562317,0.516933385375083,0.4968519066707267,,3272,9602,27321,28834,"[1, 64, 28, 28, 20]",0.782788431496425,0.05144072696566582,0.03530459851026535
baseline_ema,23X6SY44VT9KFHR7S7OC,1,42,-0.07050921162126564,0.0,-0.027139151468873024,0.3522374434985439,0.40567749908532064,,3272,9602,27321,28834,"[1, 64, 28, 28, 20]",0.782788431496425,0.05144072696566582,0.03530459851026535
baseline_ema,23X6SY44VT9KFHR7S7OC,1,43,0.07770170406118374,0.4875049591064453,-0.037940703332424164,0.47912957090283514,0.4100395382234538,,3272,9602,27321,28834,"[1, 64, 28, 28, 20]",0.782788431496425,0.05144072696566582,0.03530459851026535
baseline_ema,23X6SY44VT9KFHR7S7OC,1,44,0.06394199192098655,0.40117573738098145,-0.004293189849704504,0.4081491392002923,0.35909025980560283,,3272,9602,27321,28834,"[1, 64, 28, 28, 20]",0.782788431496425,0.05144072696566582,0.03530459851026535
baseline_ema,23X6SY44VT9KFHR7S7OC,1,45,0.002275107013834154,0.014274152927100658,-0.027739647775888443,0.44501480934256055,0.44299449088016685,,3272,9602,27321,28834,"[1, 64, 28, 28, 20]",0.782788431496425,0.05144072696566582,0.03530459851026535
baseline_ema,23X6SY44VT9KFHR7S7OC,1,46,0.13697577872589933,0.8593939542770386,-0.004295952618122101,0.43970659349737334,0.3337602353249984,,3272,9602,27321,28834,"[1, 64, 28, 28, 20]",0.782788431496425,0.05144072696566582,0.03530459851026535
baseline_ema,23X6SY44VT9KFHR7S7OC,1,47,0.030805305636717226,0.19327425956726074,-0.055391229689121246,0.4944948954172018,0.4649392039428221,middle,3272,9602,27321,28834,"[1, 64, 28, 28, 20]",0.782788431496425,0.05144072696566582,0.03530459851026535
baseline_ema,23X6SY44VT9KFHR7S7OC,1,48,0.009807075526711988,0.061530157923698425,-0.021311646327376366,0.39218364578657805,0.38456599360068533,,3272,9602,27321,28834,"[1, 64, 28, 28, 20]",0.782788431496425,0.05144072696566582,0.03530459851026535
baseline_ema,23X6SY44VT9KFHR7S7OC,1,49,-0.06514312888173143,0.0,-0.01317623257637024,0.428123577635191,0.48778905762123553,,3272,9602,27321,28834,"[1, 64, 28, 28, 20]",0.782788431496425,0.05144072696566582,0.03530459851026535
baseline_ema,23X6SY44VT9KFHR7S7OC,1,50,0.08538551160650248,0.5357136130332947,-0.011590473353862762,0.4379481256490176,0.36904271451439197,,3272,9602,27321,28834,"[1, 64, 28, 28, 20]",0.782788431496425,0.05144072696566582,0.03530459851026535
baseline_ema,23X6SY44VT9KFHR7S7OC,1,51,0.058340477010641614,0.3660315275192261,-0.0009926976636052132,0.4947734561286121,0.44022513403378355,,3272,9602,27321,28834,"[1, 64, 28, 28, 20]",0.782788431496425,0.05144072696566582,0.03530459851026535
baseline_ema,23X6SY44VT9KFHR7S7OC,1,52,0.08014507719461107,0.5028348565101624,-0.01608503982424736,0.43167319369583773,0.36761416637704264,,3272,9602,27321,28834,"[1, 64, 28, 28, 20]",0.782788431496425,0.05144072696566582,0.03530459851026535
baseline_ema,23X6SY44VT9KFHR7S7OC,1,53,0.08131912747469737,0.5102009177207947,-0.012461141683161259,0.49940912899391016,0.4242942914767177,,3272,9602,27321,28834,"[1, 64, 28, 28, 20]",0.782788431496425,0.05144072696566582,0.03530459851026535
baseline_ema,23X6SY44VT9KFHR7S7OC,1,54,0.0066729048202782545,0.04186619073152542,0.00030586484353989363,0.46548299235599316,0.4593119172728572,,3272,9602,27321,28834,"[1, 64, 28, 28, 20]",0.782788431496425,0.05144072696566582,0.03530459851026535
baseline_ema,23X6SY44VT9KFHR7S7OC,1,55,0.02975643284140561,0.18669357895851135,-0.005734541453421116,0.5512511180584264,0.5193925518415392,,3272,9602,27321,28834,"[1, 64, 28, 28, 20]",0.782788431496425,0.05144072696566582,0.03530459851026535
baseline_ema,23X6SY44VT9KFHR7S7OC,1,56,-0.03806621405642707,0.0,-0.01815902069211006,0.4137224530133212,0.44646663295500805,,3272,9602,27321,28834,"[1, 64, 28, 28, 20]",0.782788431496425,0.05144072696566582,0.03530459851026535
baseline_ema,23X6SY44VT9KFHR7S7OC,1,57,0.13061742193746587,0.8195012211799622,-0.028411991894245148,0.6183160525768133,0.47545090213459434,,3272,9602,27321,28834,"[1, 64, 28, 28, 20]",0.782788431496425,0.05144072696566582,0.03530459851026535
baseline_ema,23X6SY44VT9KFHR7S7OC,1,58,-0.07252460879944277,0.0,0.007684815675020218,0.34179018791991167,0.3952433278476401,,3272,9602,27321,28834,"[1, 64, 28, 28, 20]",0.782788431496425,0.05144072696566582,0.03530459851026535
baseline_ema,23X6SY44VT9KFHR7S7OC,1,59,0.09088154450640008,0.5701960325241089,-0.009733890183269978,0.3641857520862446,0.3035049031998128,,3272,9602,27321,28834,"[1, 64, 28, 28, 20]",0.782788431496425,0.05144072696566582,0.03530459851026535
baseline_ema,23X6SY44VT9KFHR7S7OC,1,60,-0.07178014146025757,0.0,-0.0006262348033487797,0.47421037747616135,0.5475527511693532,,3272,9602,27321,28834,"[1, 64, 28, 28, 20]",0.782788431496425,0.05144072696566582,0.03530459851026535
baseline_ema,23X6SY44VT9KFHR7S7OC,1,61,0.15318749173407945,0.9611071348190308,-0.0012826758902519941,0.5424129429536878,0.398306359411101,high,3272,9602,27321,28834,"[1, 64, 28, 28, 20]",0.782788431496425,0.05144072696566582,0.03530459851026535
baseline_ema,23X6SY44VT9KFHR7S7OC,1,62,-0.0017510306768451739,0.0,-0.004948148503899574,0.45263433371621303,0.4542222691984469,,3272,9602,27321,28834,"[1, 64, 28, 28, 20]",0.782788431496425,0.05144072696566582,0.03530459851026535
baseline_ema,23X6SY44VT9KFHR7S7OC,1,63,0.11831973646553287,0.742344856262207,-0.02103445492684841,0.5462452831935259,0.43065820195835797,,3272,9602,27321,28834,"[1, 64, 28, 28, 20]",0.782788431496425,0.05144072696566582,0.03530459851026535
baseline_ema,23X6SY44VT9KFHR7S7OC,2,0,0.055441584004741466,0.378906786441803,0.008084825240075588,0.5341161464017151,0.47800262317392755,,2996,9998,24467,25867,"[1, 64, 28, 28, 20]",0.8981859334856226,0.056807298213243484,0.03891301900148392
baseline_ema,23X6SY44VT9KFHR7S7OC,2,1,0.002877076978817161,0.019662929698824883,-0.029503170400857925,0.5551638414890403,0.5519785048550232,middle,2996,9998,24467,25867,"[1, 64, 28, 28, 20]",0.8981859334856226,0.056807298213243484,0.03891301900148392
baseline_ema,23X6SY44VT9KFHR7S7OC,2,2,0.1463188479614186,0.9999931454658508,-0.0017686167266219854,0.5411195037841426,0.4029798305102037,high,2996,9998,24467,25867,"[1, 64, 28, 28, 20]",0.8981859334856226,0.056807298213243484,0.03891301900148392
baseline_ema,23X6SY44VT9KFHR7S7OC,2,3,-0.043478046149836684,0.0,-0.020990382879972458,0.3380579574928726,0.3687903858643392,,2996,9998,24467,25867,"[1, 64, 28, 28, 20]",0.8981859334856226,0.056807298213243484,0.03891301900148392
baseline_ema,23X6SY44VT9KFHR7S7OC,2,4,-0.005424859586740306,0.0,-0.03641040250658989,0.4281186860351249,0.43278899474536486,,2996,9998,24467,25867,"[1, 64, 28, 28, 20]",0.8981859334856226,0.056807298213243484,0.03891301900148392
baseline_ema,23X6SY44VT9KFHR7S7OC,2,5,-0.0182429353522969,0.0,0.006081257481127977,0.4894742412814834,0.5076650063563131,,2996,9998,24467,25867,"[1, 64, 28, 28, 20]",0.8981859334856226,0.056807298213243484,0.03891301900148392
baseline_ema,23X6SY44VT9KFHR7S7OC,2,6,-0.06338680994563675,0.0,0.030401533469557762,0.3891941071082103,0.44187285401162085,,2996,9998,24467,25867,"[1, 64, 28, 28, 20]",0.8981859334856226,0.056807298213243484,0.03891301900148392
baseline_ema,23X6SY44VT9KFHR7S7OC,2,7,0.09988091254976286,0.6826204061508179,-0.021209634840488434,0.39269350979661194,0.32137190469595694,high,2996,9998,24467,25867,"[1, 64, 28, 28, 20]",0.8981859334856226,0.056807298213243484,0.03891301900148392
baseline_ema,23X6SY44VT9KFHR7S7OC,2,8,0.023722608342863483,0.16212843358516693,-0.04580811783671379,0.37954439775647003,0.3619540956870771,,2996,9998,24467,25867,"[1, 64, 28, 28, 20]",0.8981859334856226,0.056807298213243484,0.03891301900148392
baseline_ema,23X6SY44VT9KFHR7S7OC,2,9,0.09096052391466695,0.6216554045677185,0.02303162030875683,0.4452551393208393,0.37100738178831943,,2996,9998,24467,25867,"[1, 64, 28, 28, 20]",0.8981859334856226,0.056807298213243484,0.03891301900148392
baseline_ema,23X6SY44VT9KFHR7S7OC,2,10,-0.02555769180022071,0.0,-0.0116513567045331,0.502285948247249,0.528633905702928,,2996,9998,24467,25867,"[1, 64, 28, 28, 20]",0.8981859334856226,0.056807298213243484,0.03891301900148392
baseline_ema,23X6SY44VT9KFHR7S7OC,2,11,-0.006705247113628227,0.0,0.0750008299946785,0.4543635513578624,0.460497930372854,,2996,9998,24467,25867,"[1, 64, 28, 28, 20]",0.8981859334856226,0.056807298213243484,0.03891301900148392
baseline_ema,23X6SY44VT9KFHR7S7OC,2,12,-0.022231970481120716,0.0,0.006089287344366312,0.35631766878951276,0.3725212155843765,,2996,9998,24467,25867,"[1, 64, 28, 28, 20]",0.8981859334856226,0.056807298213243484,0.03891301900148392
baseline_ema,23X6SY44VT9KFHR7S7OC,2,13,0.028082915123133788,0.19192826747894287,-0.018142636865377426,0.6011943658512693,0.5683501192602385,,2996,9998,24467,25867,"[1, 64, 28, 28, 20]",0.8981859334856226,0.056807298213243484,0.03891301900148392
baseline_ema,23X6SY44VT9KFHR7S7OC,2,14,0.017554317069826117,0.11997222155332565,-0.006024084985256195,0.5338379945535273,0.5154189872528523,,2996,9998,24467,25867,"[1, 64, 28, 28, 20]",0.8981859334856226,0.056807298213243484,0.03891301900148392
baseline_ema,23X6SY44VT9KFHR7S7OC,2,15,-0.08494002941993746,0.0,0.006502231117337942,0.45240466913023175,0.5363932810488459,,2996,9998,24467,25867,"[1, 64, 28, 28, 20]",0.8981859334856226,0.056807298213243484,0.03891301900148392
baseline_ema,23X6SY44VT9KFHR7S7OC,2,16,-0.019943831057213042,0.0,-0.007497590035200119,0.37257110403165783,0.3877345311146948,,2996,9998,24467,25867,"[1, 64, 28, 28, 20]",0.8981859334856226,0.056807298213243484,0.03891301900148392
baseline_ema,23X6SY44VT9KFHR7S7OC,2,17,0.10930143583664233,0.7470034956932068,-0.08329103142023087,0.45552049417103907,0.36575391295485576,high,2996,9998,24467,25867,"[1, 64, 28, 28, 20]",0.8981859334856226,0.056807298213243484,0.03891301900148392
baseline_ema,23X6SY44VT9KFHR7S7OC,2,18,-0.013357638614888857,0.0,-0.04466616362333298,0.4742334314875779,0.48707424539067457,,2996,9998,24467,25867,"[1, 64, 28, 28, 20]",0.8981859334856226,0.056807298213243484,0.03891301900148392
baseline_ema,23X6SY44VT9KFHR7S7OC,2,19,0.044337197703096326,0.3030156195163727,0.014962960034608841,0.5309554074897089,0.48587208173290514,,2996,9998,24467,25867,"[1, 64, 28, 28, 20]",0.8981859334856226,0.056807298213243484,0.03891301900148392
baseline_ema,23X6SY44VT9KFHR7S7OC,2,20,-0.027621210106192565,0.0,-0.0776851698756218,0.321735334863096,0.3400136708074976,,2996,9998,24467,25867,"[1, 64, 28, 28, 20]",0.8981859334856226,0.056807298213243484,0.03891301900148392
baseline_ema,23X6SY44VT9KFHR7S7OC,2,21,0.00858559142555186,0.05867687612771988,-0.0022780061699450016,0.49116383903350946,0.48280175975418393,middle,2996,9998,24467,25867,"[1, 64, 28, 28, 20]",0.8981859334856226,0.056807298213243484,0.03891301900148392
baseline_ema,23X6SY44VT9KFHR7S7OC,2,22,-0.04045232808484035,0.0,-0.022595882415771484,0.4230787198865775,0.45875081812547225,,2996,9998,24467,25867,"[1, 64, 28, 28, 20]",0.8981859334856226,0.056807298213243484,0.03891301900148392
baseline_ema,23X6SY44VT9KFHR7S7OC,2,23,-0.11220602448721788,0.0,-0.03776572272181511,0.38584683463297736,0.48337936283728095,low,2996,9998,24467,25867,"[1, 64, 28, 28, 20]",0.8981859334856226,0.056807298213243484,0.03891301900148392
baseline_ema,23X6SY44VT9KFHR7S7OC,2,24,0.05797556687613317,0.39622488617897034,-0.019060466438531876,0.5124603816289353,0.4562961165088903,,2996,9998,24467,25867,"[1, 64, 28, 28, 20]",0.8981859334856226,0.056807298213243484,0.03891301900148392
baseline_ema,23X6SY44VT9KFHR7S7OC,2,25,-0.12285021764177483,0.0,-0.0016526335384696722,0.36119945888261507,0.4623760069554672,low,2996,9998,24467,25867,"[1, 64, 28, 28, 20]",0.8981859334856226,0.056807298213243484,0.03891301900148392
baseline_ema,23X6SY44VT9KFHR7S7OC,2,26,-0.025084228314863996,0.0,0.0326407253742218,0.36369743504535373,0.3824130662932779,,2996,9998,24467,25867,"[1, 64, 28, 28, 20]",0.8981859334856226,0.056807298213243484,0.03891301900148392
baseline_ema,23X6SY44VT9KFHR7S7OC,2,27,-0.022534401860454068,0.0,0.026511861011385918,0.40611277690185427,0.42483777305515263,,2996,9998,24467,25867,"[1, 64, 28, 28, 20]",0.8981859334856226,0.056807298213243484,0.03891301900148392
baseline_ema,23X6SY44VT9KFHR7S7OC,2,28,0.03031936084867285,0.2072129100561142,-0.03697926178574562,0.44553711991971257,0.4193153164996977,,2996,9998,24467,25867,"[1, 64, 28, 28, 20]",0.8981859334856226,0.056807298213243484,0.03891301900148392
baseline_ema,23X6SY44VT9KFHR7S7OC,2,29,0.09047124206559881,0.6183114647865295,0.07347485423088074,0.5302648950019309,0.44227767065412155,,2996,9998,24467,25867,"[1, 64, 28, 28, 20]",0.8981859334856226,0.056807298213243484,0.03891301900148392
baseline_ema,23X6SY44VT9KFHR7S7OC,2,30,-0.10311704351956688,0.0,-0.01503523625433445,0.3631821464047688,0.4466943159343033,low,2996,9998,24467,25867,"[1, 64, 28, 28, 20]",0.8981859334856226,0.056807298213243484,0.03891301900148392
baseline_ema,23X6SY44VT9KFHR7S7OC,2,31,-0.060668224185895965,0.0,-0.0007799644954502583,0.4313600784395708,0.4870802849769226,,2996,9998,24467,25867,"[1, 64, 28, 28, 20]",0.8981859334856226,0.056807298213243484,0.03891301900148392
baseline_ema,23X6SY44VT9KFHR7S7OC,2,32,-0.027909731581396556,0.0,-0.05209457874298096,0.3453374033836326,0.36516743049417866,,2996,9998,24467,25867,"[1, 64, 28, 28, 20]",0.8981859334856226,0.056807298213243484,0.03891301900148392
baseline_ema,23X6SY44VT9KFHR7S7OC,2,33,0.020748847764423168,0.1418047398328781,0.09452112019062042,0.3568929530467943,0.34238374651356046,,2996,9998,24467,25867,"[1, 64, 28, 28, 20]",0.8981859334856226,0.056807298213243484,0.03891301900148392
baseline_ema,23X6SY44VT9KFHR7S7OC,2,34,0.058333550940933614,0.3986714780330658,-0.027699781581759453,0.4485101344151928,0.3990678429619016,,2996,9998,24467,25867,"[1, 64, 28, 28, 20]",0.8981859334856226,0.056807298213243484,0.03891301900148392
baseline_ema,23X6SY44VT9KFHR7S7OC,2,35,0.020001865251776725,0.1366996020078659,0.018300876021385193,0.4464112129111228,0.42890327055798,,2996,9998,24467,25867,"[1, 64, 28, 28, 20]",0.8981859334856226,0.056807298213243484,0.03891301900148392
baseline_ema,23X6SY44VT9KFHR7S7OC,2,36,-0.11647195929715164,0.0,0.0032987568993121386,0.41145804412983333,0.5199399045725015,low,2996,9998,24467,25867,"[1, 64, 28, 28, 20]",0.8981859334856226,0.056807298213243484,0.03891301900148392
baseline_ema,23X6SY44VT9KFHR7S7OC,2,37,0.08473710361342811,0.5791224241256714,-0.02700839936733246,0.4559747908674417,0.3847353627356148,,2996,9998,24467,25867,"[1, 64, 28, 28, 20]",0.8981859334856226,0.056807298213243484,0.03891301900148392
baseline_ema,23X6SY44VT9KFHR7S7OC,2,38,0.056556739830245666,0.3865281343460083,-0.039852503687143326,0.6076315229131606,0.5425792925181381,,2996,9998,24467,25867,"[1, 64, 28, 28, 20]",0.8981859334856226,0.056807298213243484,0.03891301900148392
baseline_ema,23X6SY44VT9KFHR7S7OC,2,39,0.08980715706937094,0.6137728691101074,-0.020750025287270546,0.43490784748133926,0.36322932707582317,,2996,9998,24467,25867,"[1, 64, 28, 28, 20]",0.8981859334856226,0.056807298213243484,0.03891301900148392
baseline_ema,23X6SY44VT9KFHR7S7OC,2,40,0.03163634051846108,0.21621359884738922,0.00031050562392920256,0.3973175013325648,0.3729490546414482,,2996,9998,24467,25867,"[1, 64, 28, 28, 20]",0.8981859334856226,0.056807298213243484,0.03891301900148392
baseline_ema,23X6SY44VT9KFHR7S7OC,2,41,-0.03256083682120774,0.0,-0.060873329639434814,0.5054597029217774,0.5394839761026822,,2996,9998,24467,25867,"[1, 64, 28, 28, 20]",0.8981859334856226,0.056807298213243484,0.03891301900148392
baseline_ema,23X6SY44VT9KFHR7S7OC,2,42,-0.06728144707418302,0.0,-0.05091020464897156,0.362823992509638,0.4151685219787458,,2996,9998,24467,25867,"[1, 64, 28, 28, 20]",0.8981859334856226,0.056807298213243484,0.03891301900148392
baseline_ema,23X6SY44VT9KFHR7S7OC,2,43,0.008594578192850961,0.05873829498887062,-0.054459068924188614,0.4922513556526836,0.483862063948254,,2996,9998,24467,25867,"[1, 64, 28, 28, 20]",0.8981859334856226,0.056807298213243484,0.03891301900148392
baseline_ema,23X6SY44VT9KFHR7S7OC,2,44,0.0033561626152376445,0.022937165573239326,-0.008015220053493977,0.3922798710171359,0.38965556518247063,middle,2996,9998,24467,25867,"[1, 64, 28, 28, 20]",0.8981859334856226,0.056807298213243484,0.03891301900148392
baseline_ema,23X6SY44VT9KFHR7S7OC,2,45,-0.03286197734484267,0.0,-0.018999148160219193,0.3960748567096792,0.4229910136472601,,2996,9998,24467,25867,"[1, 64, 28, 28, 20]",0.8981859334856226,0.056807298213243484,0.03891301900148392
baseline_ema,23X6SY44VT9KFHR7S7OC,2,46,0.040483283481979805,0.27667662501335144,-0.04469456523656845,0.4519815861653107,0.41681000923853195,,2996,9998,24467,25867,"[1, 64, 28, 28, 20]",0.8981859334856226,0.056807298213243484,0.03891301900148392
baseline_ema,23X6SY44VT9KFHR7S7OC,2,47,-0.029011906159898283,0.0,-0.020021315664052963,0.49532683057874816,0.5249263490987971,,2996,9998,24467,25867,"[1, 64, 28, 28, 20]",0.8981859334856226,0.056807298213243484,0.03891301900148392
baseline_ema,23X6SY44VT9KFHR7S7OC,2,48,0.002162114903326342,0.01477663405239582,-0.042989689856767654,0.41333327892974925,0.41154978480203835,middle,2996,9998,24467,25867,"[1, 64, 28, 28, 20]",0.8981859334856226,0.056807298213243484,0.03891301900148392
baseline_ema,23X6SY44VT9KFHR7S7OC,2,49,-0.03471102087223437,0.0,-0.041647233068943024,0.421439128718268,0.4517483937469538,,2996,9998,24467,25867,"[1, 64, 28, 28, 20]",0.8981859334856226,0.056807298213243484,0.03891301900148392
baseline_ema,23X6SY44VT9KFHR7S7OC,2,50,0.08405746549720625,0.5744775533676147,-0.021412033587694168,0.4443516031273508,0.3754417662118195,,2996,9998,24467,25867,"[1, 64, 28, 28, 20]",0.8981859334856226,0.056807298213243484,0.03891301900148392
baseline_ema,23X6SY44VT9KFHR7S7OC,2,51,0.02401116045331333,0.1641004979610443,-0.07385103404521942,0.49943632281029277,0.4760145904075282,,2996,9998,24467,25867,"[1, 64, 28, 28, 20]",0.8981859334856226,0.056807298213243484,0.03891301900148392
baseline_ema,23X6SY44VT9KFHR7S7OC,2,52,-0.017120649974678753,0.0,0.0009041838347911835,0.4263343386414544,0.4411868829424481,,2996,9998,24467,25867,"[1, 64, 28, 28, 20]",0.8981859334856226,0.056807298213243484,0.03891301900148392
baseline_ema,23X6SY44VT9KFHR7S7OC,2,53,0.07531405768861732,0.5147221088409424,-0.04117336869239807,0.5128313880621267,0.4409947927420683,,2996,9998,24467,25867,"[1, 64, 28, 28, 20]",0.8981859334856226,0.056807298213243484,0.03891301900148392
baseline_ema,23X6SY44VT9KFHR7S7OC,2,54,0.04043772581549263,0.2763652801513672,-0.010968693532049656,0.4832460746004803,0.44568228389949677,,2996,9998,24467,25867,"[1, 64, 28, 28, 20]",0.8981859334856226,0.056807298213243484,0.03891301900148392
baseline_ema,23X6SY44VT9KFHR7S7OC,2,55,0.00927666563499229,0.06339991092681885,-0.0024354225024580956,0.5595988486966138,0.5493118456890651,,2996,9998,24467,25867,"[1, 64, 28, 28, 20]",0.8981859334856226,0.056807298213243484,0.03891301900148392
baseline_ema,23X6SY44VT9KFHR7S7OC,2,56,-0.023086066750522147,0.0,-0.021087374538183212,0.43326091023827007,0.45373825526684536,,2996,9998,24467,25867,"[1, 64, 28, 28, 20]",0.8981859334856226,0.056807298213243484,0.03891301900148392
baseline_ema,23X6SY44VT9KFHR7S7OC,2,57,0.009878262196424866,0.0675114318728447,-0.013017294928431511,0.5996867437857455,0.5879548983708677,,2996,9998,24467,25867,"[1, 64, 28, 28, 20]",0.8981859334856226,0.056807298213243484,0.03891301900148392
baseline_ema,23X6SY44VT9KFHR7S7OC,2,58,-0.0028574737480064204,0.0,0.0006853956147097051,0.36289400226297136,0.3649738684530334,,2996,9998,24467,25867,"[1, 64, 28, 28, 20]",0.8981859334856226,0.056807298213243484,0.03891301900148392
baseline_ema,23X6SY44VT9KFHR7S7OC,2,59,0.04434870643785825,0.3030942678451538,-0.05128379911184311,0.37486933176621773,0.3430313220690256,,2996,9998,24467,25867,"[1, 64, 28, 28, 20]",0.8981859334856226,0.056807298213243484,0.03891301900148392
baseline_ema,23X6SY44VT9KFHR7S7OC,2,60,-0.07589538068430204,0.0,0.0578484944999218,0.4627177310805287,0.5387224940984404,,2996,9998,24467,25867,"[1, 64, 28, 28, 20]",0.8981859334856226,0.056807298213243484,0.03891301900148392
baseline_ema,23X6SY44VT9KFHR7S7OC,2,61,0.09127886163940968,0.623831033706665,-0.008528283797204494,0.535407249609626,0.4458400241914299,high,2996,9998,24467,25867,"[1, 64, 28, 28, 20]",0.8981859334856226,0.056807298213243484,0.03891301900148392
baseline_ema,23X6SY44VT9KFHR7S7OC,2,62,-0.008230759701760477,0.0,-0.006195705384016037,0.4437123135781665,0.4510771186089329,,2996,9998,24467,25867,"[1, 64, 28, 28, 20]",0.8981859334856226,0.056807298213243484,0.03891301900148392
baseline_ema,23X6SY44VT9KFHR7S7OC,2,63,0.05046851077326818,0.3449191153049469,-0.016018226742744446,0.5614644623939641,0.5075146291285508,,2996,9998,24467,25867,"[1, 64, 28, 28, 20]",0.8981859334856226,0.056807298213243484,0.03891301900148392
baseline_ema,2XL5HSFSE93RMOJDRGR4,0,0,0.1365823666109956,0.7661294341087341,0.017303097993135452,0.5464744924681076,0.4151354008938216,high,3518,9226,28994,31511,"[1, 64, 28, 28, 20]",0.8753505482342717,0.061630114912986755,0.042056627571582794
baseline_ema,2XL5HSFSE93RMOJDRGR4,0,1,0.062040136658953894,0.34800082445144653,0.025160223245620728,0.5427806461458747,0.4793664392426807,,3518,9226,28994,31511,"[1, 64, 28, 28, 20]",0.8753505482342717,0.061630114912986755,0.042056627571582794
baseline_ema,2XL5HSFSE93RMOJDRGR4,0,2,0.0099276314814555,0.055686917155981064,-0.0385044701397419,0.44015101025299547,0.4314975941990392,middle,3518,9226,28994,31511,"[1, 64, 28, 28, 20]",0.8753505482342717,0.061630114912986755,0.042056627571582794
baseline_ema,2XL5HSFSE93RMOJDRGR4,0,3,-0.027508023108799955,0.0,-0.0546758659183979,0.34764643491142494,0.36731359956982673,,3518,9226,28994,31511,"[1, 64, 28, 28, 20]",0.8753505482342717,0.061630114912986755,0.042056627571582794
baseline_ema,2XL5HSFSE93RMOJDRGR4,0,4,-0.10762642387262078,0.0,-0.028245797380805016,0.3346142019978017,0.4153278957122948,low,3518,9226,28994,31511,"[1, 64, 28, 28, 20]",0.8753505482342717,0.061630114912986755,0.042056627571582794
baseline_ema,2XL5HSFSE93RMOJDRGR4,0,5,-0.0674411622639606,0.0,-0.007469151169061661,0.3334655718981951,0.3816970368833081,,3518,9226,28994,31511,"[1, 64, 28, 28, 20]",0.8753505482342717,0.061630114912986755,0.042056627571582794
baseline_ema,2XL5HSFSE93RMOJDRGR4,0,6,0.03478081843472521,0.19509552419185638,-0.03575143963098526,0.4821972392041943,0.44978219687230164,,3518,9226,28994,31511,"[1, 64, 28, 28, 20]",0.8753505482342717,0.061630114912986755,0.042056627571582794
baseline_ema,2XL5HSFSE93RMOJDRGR4,0,7,0.005855426570672773,0.03284475579857826,-0.036263614892959595,0.4331548349415148,0.42811174586440476,,3518,9226,28994,31511,"[1, 64, 28, 28, 20]",0.8753505482342717,0.061630114912986755,0.042056627571582794
baseline_ema,2XL5HSFSE93RMOJDRGR4,0,8,0.09255784878842678,0.519183337688446,-0.06165841221809387,0.39031831387464117,0.3241853035375691,,3518,9226,28994,31511,"[1, 64, 28, 28, 20]",0.8753505482342717,0.061630114912986755,0.042056627571582794
baseline_ema,2XL5HSFSE93RMOJDRGR4,0,9,0.007111730072102333,0.03989172354340553,-0.07870134711265564,0.4085944686379995,0.40282387330283337,middle,3518,9226,28994,31511,"[1, 64, 28, 28, 20]",0.8753505482342717,0.061630114912986755,0.042056627571582794
baseline_ema,2XL5HSFSE93RMOJDRGR4,0,10,-0.045782727615216005,0.0,-0.00750140193849802,0.4278335379778495,0.4688879388823834,,3518,9226,28994,31511,"[1, 64, 28, 28, 20]",0.8753505482342717,0.061630114912986755,0.042056627571582794
baseline_ema,2XL5HSFSE93RMOJDRGR4,0,11,0.06288889055573885,0.35276171565055847,-0.010596117936074734,0.47865459151057943,0.4220125700699058,,3518,9226,28994,31511,"[1, 64, 28, 28, 20]",0.8753505482342717,0.061630114912986755,0.042056627571582794
baseline_ema,2XL5HSFSE93RMOJDRGR4,0,12,-0.010266848559156118,0.0,-0.030966367572546005,0.3535795583401977,0.36091517785992716,,3518,9226,28994,31511,"[1, 64, 28, 28, 20]",0.8753505482342717,0.061630114912986755,0.042056627571582794
baseline_ema,2XL5HSFSE93RMOJDRGR4,0,13,-0.03208060566914622,0.0,-0.009949981234967709,0.3686752157673011,0.3931139042089095,,3518,9226,28994,31511,"[1, 64, 28, 28, 20]",0.8753505482342717,0.061630114912986755,0.042056627571582794
baseline_ema,2XL5HSFSE93RMOJDRGR4,0,14,-0.016946677372950518,0.0,0.01409422978758812,0.5002153149462872,0.5174615737963949,,3518,9226,28994,31511,"[1, 64, 28, 28, 20]",0.8753505482342717,0.061630114912986755,0.042056627571582794
baseline_ema,2XL5HSFSE93RMOJDRGR4,0,15,-0.17205708234364758,0.0,-0.004254081752151251,0.3065953757512307,0.4340244308597076,low,3518,9226,28994,31511,"[1, 64, 28, 28, 20]",0.8753505482342717,0.061630114912986755,0.042056627571582794
baseline_ema,2XL5HSFSE93RMOJDRGR4,0,16,0.007080635930433539,0.039717305451631546,0.02092183381319046,0.3789231670531787,0.37359485383553936,,3518,9226,28994,31511,"[1, 64, 28, 28, 20]",0.8753505482342717,0.061630114912986755,0.042056627571582794
baseline_ema,2XL5HSFSE93RMOJDRGR4,0,17,-0.06484893752868917,0.0,-0.042550571262836456,0.3460697626992222,0.3940669040102976,,3518,9226,28994,31511,"[1, 64, 28, 28, 20]",0.8753505482342717,0.061630114912986755,0.042056627571582794
baseline_ema,2XL5HSFSE93RMOJDRGR4,0,18,0.11669312177001374,0.6545649766921997,-0.041786037385463715,0.6011220135858003,0.4754888180210631,,3518,9226,28994,31511,"[1, 64, 28, 28, 20]",0.8753505482342717,0.061630114912986755,0.042056627571582794
baseline_ema,2XL5HSFSE93RMOJDRGR4,0,19,0.07339652550991053,0.411702036857605,0.050548627972602844,0.6034292373734099,0.5209068049637716,,3518,9226,28994,31511,"[1, 64, 28, 28, 20]",0.8753505482342717,0.061630114912986755,0.042056627571582794
baseline_ema,2XL5HSFSE93RMOJDRGR4,0,20,-0.01804263523445918,0.0,-0.06353747099637985,0.30848296214191195,0.319819207040118,,3518,9226,28994,31511,"[1, 64, 28, 28, 20]",0.8753505482342717,0.061630114912986755,0.042056627571582794
baseline_ema,2XL5HSFSE93RMOJDRGR4,0,21,0.1782748364305082,0.9999943971633911,-0.009216208010911942,0.778868470199237,0.5431802691616745,high,3518,9226,28994,31511,"[1, 64, 28, 28, 20]",0.8753505482342717,0.061630114912986755,0.042056627571582794
baseline_ema,2XL5HSFSE93RMOJDRGR4,0,22,-0.08711467186328961,0.0,-0.010368593037128448,0.41147024938041177,0.49000177619721347,,3518,9226,28994,31511,"[1, 64, 28, 28, 20]",0.8753505482342717,0.061630114912986755,0.042056627571582794
baseline_ema,2XL5HSFSE93RMOJDRGR4,0,23,0.016790086086148095,0.0941803827881813,-0.03107653185725212,0.4289936127481032,0.41482579545315545,middle,3518,9226,28994,31511,"[1, 64, 28, 28, 20]",0.8753505482342717,0.061630114912986755,0.042056627571582794
baseline_ema,2XL5HSFSE93RMOJDRGR4,0,24,0.11292605914903724,0.6334344744682312,-0.028241541236639023,0.6288756669030452,0.5012544172480348,,3518,9226,28994,31511,"[1, 64, 28, 28, 20]",0.8753505482342717,0.061630114912986755,0.042056627571582794
baseline_ema,2XL5HSFSE93RMOJDRGR4,0,25,-0.00914813029687308,0.0,-0.024884387850761414,0.4182639670856559,0.42598729679910374,,3518,9226,28994,31511,"[1, 64, 28, 28, 20]",0.8753505482342717,0.061630114912986755,0.042056627571582794
baseline_ema,2XL5HSFSE93RMOJDRGR4,0,26,0.05520177872343262,0.3096425235271454,-0.012530960142612457,0.3898728257052678,0.3490811942093702,,3518,9226,28994,31511,"[1, 64, 28, 28, 20]",0.8753505482342717,0.061630114912986755,0.042056627571582794
baseline_ema,2XL5HSFSE93RMOJDRGR4,0,27,-0.04365224610194413,0.0,0.031000323593616486,0.3695638093756634,0.4033011441842756,,3518,9226,28994,31511,"[1, 64, 28, 28, 20]",0.8753505482342717,0.061630114912986755,0.042056627571582794
baseline_ema,2XL5HSFSE93RMOJDRGR4,0,28,0.04027357782001577,0.22590598464012146,0.010148112662136555,0.4156573083620402,0.38347341472389546,,3518,9226,28994,31511,"[1, 64, 28, 28, 20]",0.8753505482342717,0.061630114912986755,0.042056627571582794
baseline_ema,2XL5HSFSE93RMOJDRGR4,0,29,0.11520472422752817,0.6462161540985107,0.020783256739377975,0.5369818901604175,0.4260374028756805,,3518,9226,28994,31511,"[1, 64, 28, 28, 20]",0.8753505482342717,0.061630114912986755,0.042056627571582794
baseline_ema,2XL5HSFSE93RMOJDRGR4,0,30,-0.03556525939282076,0.0,-0.019452303647994995,0.4526839778711794,0.48607108059718895,,3518,9226,28994,31511,"[1, 64, 28, 28, 20]",0.8753505482342717,0.061630114912986755,0.042056627571582794
baseline_ema,2XL5HSFSE93RMOJDRGR4,0,31,0.046028121293574045,0.25818485021591187,0.0014005731791257858,0.6308816042988158,0.5753605003676886,,3518,9226,28994,31511,"[1, 64, 28, 28, 20]",0.8753505482342717,0.061630114912986755,0.042056627571582794
baseline_ema,2XL5HSFSE93RMOJDRGR4,0,32,0.0638426514298733,0.3581116497516632,-0.07033121585845947,0.3975219473285712,0.3498102166393809,,3518,9226,28994,31511,"[1, 64, 28, 28, 20]",0.8753505482342717,0.061630114912986755,0.042056627571582794
baseline_ema,2XL5HSFSE93RMOJDRGR4,0,33,0.09647618514124652,0.5411624312400818,0.17312267422676086,0.4286202929597876,0.35319375923776336,,3518,9226,28994,31511,"[1, 64, 28, 28, 20]",0.8753505482342717,0.061630114912986755,0.042056627571582794
baseline_ema,2XL5HSFSE93RMOJDRGR4,0,34,0.06042256477606933,0.33892738819122314,-0.025149766355752945,0.46150592312341115,0.40891292355510234,,3518,9226,28994,31511,"[1, 64, 28, 28, 20]",0.8753505482342717,0.061630114912986755,0.042056627571582794
baseline_ema,2XL5HSFSE93RMOJDRGR4,0,35,-0.09310556750304622,0.0,-0.01693907007575035,0.38561315274802993,0.46479056676561686,,3518,9226,28994,31511,"[1, 64, 28, 28, 20]",0.8753505482342717,0.061630114912986755,0.042056627571582794
baseline_ema,2XL5HSFSE93RMOJDRGR4,0,36,-0.09701877659422607,0.0,0.00806964561343193,0.3882079496017955,0.471628308447912,low,3518,9226,28994,31511,"[1, 64, 28, 28, 20]",0.8753505482342717,0.061630114912986755,0.042056627571582794
baseline_ema,2XL5HSFSE93RMOJDRGR4,0,37,0.015649259728500734,0.08778116106987,-0.0689617171883583,0.31623482014886606,0.3064896278732214,middle,3518,9226,28994,31511,"[1, 64, 28, 28, 20]",0.8753505482342717,0.061630114912986755,0.042056627571582794
baseline_ema,2XL5HSFSE93RMOJDRGR4,0,38,-0.006334109206554434,0.0,-0.04818107932806015,0.43478460867979796,0.4403276717662493,,3518,9226,28994,31511,"[1, 64, 28, 28, 20]",0.8753505482342717,0.061630114912986755,0.042056627571582794
baseline_ema,2XL5HSFSE93RMOJDRGR4,0,39,-0.05491983792743174,0.0,-0.061924584209918976,0.3781782585187378,0.42213117798304806,,3518,9226,28994,31511,"[1, 64, 28, 28, 20]",0.8753505482342717,0.061630114912986755,0.042056627571582794
baseline_ema,2XL5HSFSE93RMOJDRGR4,0,40,0.07270653799256707,0.40783169865608215,-0.009789461269974709,0.43673495273132273,0.37753232524266483,,3518,9226,28994,31511,"[1, 64, 28, 28, 20]",0.8753505482342717,0.061630114912986755,0.042056627571582794
baseline_ema,2XL5HSFSE93RMOJDRGR4,0,41,0.06722476398140778,0.377082884311676,-0.07330350577831268,0.5745129257853594,0.5021354271439511,,3518,9226,28994,31511,"[1, 64, 28, 28, 20]",0.8753505482342717,0.061630114912986755,0.042056627571582794
baseline_ema,2XL5HSFSE93RMOJDRGR4,0,42,0.017760977097559257,0.09962638467550278,-0.03596483916044235,0.4221058300400609,0.4073734497871724,,3518,9226,28994,31511,"[1, 64, 28, 28, 20]",0.8753505482342717,0.061630114912986755,0.042056627571582794
baseline_ema,2XL5HSFSE93RMOJDRGR4,0,43,-0.017806076222250743,0.0,-0.06789924204349518,0.42759193499991216,0.44309547927023707,,3518,9226,28994,31511,"[1, 64, 28, 28, 20]",0.8753505482342717,0.061630114912986755,0.042056627571582794
baseline_ema,2XL5HSFSE93RMOJDRGR4,0,44,-0.08871631543998812,0.0,-0.019598407670855522,0.3324669249943793,0.39720041128205036,,3518,9226,28994,31511,"[1, 64, 28, 28, 20]",0.8753505482342717,0.061630114912986755,0.042056627571582794
baseline_ema,2XL5HSFSE93RMOJDRGR4,0,45,0.13885665068800965,0.7788865566253662,-0.0639454647898674,0.6150239969840006,0.4650485954430183,high,3518,9226,28994,31511,"[1, 64, 28, 28, 20]",0.8753505482342717,0.061630114912986755,0.042056627571582794
baseline_ema,2XL5HSFSE93RMOJDRGR4,0,46,0.03453643166824833,0.19372469186782837,-0.03313325345516205,0.44979419842439305,0.41976276909749255,,3518,9226,28994,31511,"[1, 64, 28, 28, 20]",0.8753505482342717,0.061630114912986755,0.042056627571582794
baseline_ema,2XL5HSFSE93RMOJDRGR4,0,47,0.07977349659743195,0.4474722743034363,-0.023639127612113953,0.5463145510368578,0.46559121044302404,,3518,9226,28994,31511,"[1, 64, 28, 28, 20]",0.8753505482342717,0.061630114912986755,0.042056627571582794
baseline_ema,2XL5HSFSE93RMOJDRGR4,0,48,-0.003980688447105406,0.0,-0.05505761504173279,0.39556092128365167,0.3987227209828351,,3518,9226,28994,31511,"[1, 64, 28, 28, 20]",0.8753505482342717,0.061630114912986755,0.042056627571582794
baseline_ema,2XL5HSFSE93RMOJDRGR4,0,49,-0.02173244875952122,0.0,-0.01001413818448782,0.36902101403390214,0.3854168172775718,,3518,9226,28994,31511,"[1, 64, 28, 28, 20]",0.8753505482342717,0.061630114912986755,0.042056627571582794
baseline_ema,2XL5HSFSE93RMOJDRGR4,0,50,-0.07734766215219073,0.0,-0.013457315042614937,0.3694600309482057,0.43140515839027055,,3518,9226,28994,31511,"[1, 64, 28, 28, 20]",0.8753505482342717,0.061630114912986755,0.042056627571582794
baseline_ema,2XL5HSFSE93RMOJDRGR4,0,51,-0.12427691064079274,0.0,-0.18281298875808716,0.29009985878647054,0.3724381613934031,low,3518,9226,28994,31511,"[1, 64, 28, 28, 20]",0.8753505482342717,0.061630114912986755,0.042056627571582794
baseline_ema,2XL5HSFSE93RMOJDRGR4,0,52,-0.052494689766056396,0.0,-0.04687225818634033,0.38520332810653557,0.4278862666288689,,3518,9226,28994,31511,"[1, 64, 28, 28, 20]",0.8753505482342717,0.061630114912986755,0.042056627571582794
baseline_ema,2XL5HSFSE93RMOJDRGR4,0,53,0.14022287290533458,0.7865501046180725,-0.0666332095861435,0.5232941528117427,0.39458619345237234,high,3518,9226,28994,31511,"[1, 64, 28, 28, 20]",0.8753505482342717,0.061630114912986755,0.042056627571582794
baseline_ema,2XL5HSFSE93RMOJDRGR4,0,54,0.017001164702791338,0.09536437690258026,-0.021051134914159775,0.3929264735176139,0.3797893869049461,,3518,9226,28994,31511,"[1, 64, 28, 28, 20]",0.8753505482342717,0.061630114912986755,0.042056627571582794
baseline_ema,2XL5HSFSE93RMOJDRGR4,0,55,0.07173816676537914,0.40239983797073364,0.014093732461333275,0.4678471216453124,0.40521516219261744,,3518,9226,28994,31511,"[1, 64, 28, 28, 20]",0.8753505482342717,0.061630114912986755,0.042056627571582794
baseline_ema,2XL5HSFSE93RMOJDRGR4,0,56,0.039311149642278845,0.2205074429512024,-0.01810937002301216,0.4026335490979642,0.37217489894182076,,3518,9226,28994,31511,"[1, 64, 28, 28, 20]",0.8753505482342717,0.061630114912986755,0.042056627571582794
baseline_ema,2XL5HSFSE93RMOJDRGR4,0,57,0.13024251321642882,0.7305673956871033,-0.05235430970788002,0.6467399755463852,0.49768682288405947,,3518,9226,28994,31511,"[1, 64, 28, 28, 20]",0.8753505482342717,0.061630114912986755,0.042056627571582794
baseline_ema,2XL5HSFSE93RMOJDRGR4,0,58,-0.04816196959842006,0.0,0.016791705042123795,0.3286689791247542,0.36192961582122357,,3518,9226,28994,31511,"[1, 64, 28, 28, 20]",0.8753505482342717,0.061630114912986755,0.042056627571582794
baseline_ema,2XL5HSFSE93RMOJDRGR4,0,59,-0.05625000090335066,0.0,-0.08239547908306122,0.3414522196843299,0.3821551935843662,,3518,9226,28994,31511,"[1, 64, 28, 28, 20]",0.8753505482342717,0.061630114912986755,0.042056627571582794
baseline_ema,2XL5HSFSE93RMOJDRGR4,0,60,0.09102426187574758,0.5105810165405273,0.02404230833053589,0.5470964995616212,0.4558077861943942,,3518,9226,28994,31511,"[1, 64, 28, 28, 20]",0.8753505482342717,0.061630114912986755,0.042056627571582794
baseline_ema,2XL5HSFSE93RMOJDRGR4,0,61,0.05178260424789153,0.290463387966156,0.029224876314401627,0.498588575451004,0.449494322185875,,3518,9226,28994,31511,"[1, 64, 28, 28, 20]",0.8753505482342717,0.061630114912986755,0.042056627571582794
baseline_ema,2XL5HSFSE93RMOJDRGR4,0,62,0.00428393561798136,0.024029815569519997,0.004439647309482098,0.4977360347118193,0.4934896832691658,,3518,9226,28994,31511,"[1, 64, 28, 28, 20]",0.8753505482342717,0.061630114912986755,0.042056627571582794
baseline_ema,2XL5HSFSE93RMOJDRGR4,0,63,0.08481197037970895,0.47573453187942505,-0.06938153505325317,0.48326117385442474,0.40769715743922263,,3518,9226,28994,31511,"[1, 64, 28, 28, 20]",0.8753505482342717,0.061630114912986755,0.042056627571582794
baseline_ema,2XL5HSFSE93RMOJDRGR4,1,0,0.1395082238576286,0.7191692590713501,0.007016942836344242,0.517427321320315,0.3907315506087234,,2276,11253,18437,20089,"[1, 64, 28, 28, 20]",1.0858274449495822,0.06081360951066017,0.043482705950737
baseline_ema,2XL5HSFSE93RMOJDRGR4,1,1,0.04514302965194852,0.2327137291431427,-0.006942702457308769,0.5424470299126025,0.4955869844781978,,2276,11253,18437,20089,"[1, 64, 28, 28, 20]",1.0858274449495822,0.06081360951066017,0.043482705950737
baseline_ema,2XL5HSFSE93RMOJDRGR4,1,2,0.11905170732825728,0.6137152910232544,-0.0033903035800904036,0.5038316576493154,0.3966300365227309,,2276,11253,18437,20089,"[1, 64, 28, 28, 20]",1.0858274449495822,0.06081360951066017,0.043482705950737
baseline_ema,2XL5HSFSE93RMOJDRGR4,1,3,0.05781157979565893,0.29802048206329346,-0.0043677096255123615,0.4015478444050047,0.3576569576010069,,2276,11253,18437,20089,"[1, 64, 28, 28, 20]",1.0858274449495822,0.06081360951066017,0.043482705950737
baseline_ema,2XL5HSFSE93RMOJDRGR4,1,4,-0.04317169279134162,0.0,-0.06481903791427612,0.4562400589122889,0.4974108250777929,,2276,11253,18437,20089,"[1, 64, 28, 28, 20]",1.0858274449495822,0.06081360951066017,0.043482705950737
baseline_ema,2XL5HSFSE93RMOJDRGR4,1,5,-0.0019870633592066343,0.0,-0.0051181502640247345,0.35831056077124634,0.35973736949068735,,2276,11253,18437,20089,"[1, 64, 28, 28, 20]",1.0858274449495822,0.06081360951066017,0.043482705950737
baseline_ema,2XL5HSFSE93RMOJDRGR4,1,6,0.014850776024759007,0.07655621320009232,-0.03369211405515671,0.45963622714764796,0.44618407782898506,,2276,11253,18437,20089,"[1, 64, 28, 28, 20]",1.0858274449495822,0.06081360951066017,0.043482705950737
baseline_ema,2XL5HSFSE93RMOJDRGR4,1,7,0.11197622338838814,0.5772409439086914,-0.04125630855560303,0.4281372436367692,0.34191013443404566,,2276,11253,18437,20089,"[1, 64, 28, 28, 20]",1.0858274449495822,0.06081360951066017,0.043482705950737
baseline_ema,2XL5HSFSE93RMOJDRGR4,1,8,0.09500341145009522,0.489745557308197,-0.09702198207378387,0.3852235162151922,0.3183788007919143,,2276,11253,18437,20089,"[1, 64, 28, 28, 20]",1.0858274449495822,0.06081360951066017,0.043482705950737
baseline_ema,2XL5HSFSE93RMOJDRGR4,1,9,0.12486897568163059,0.6437034606933594,-0.06193089857697487,0.47312672554405794,0.3680853148589093,,2276,11253,18437,20089,"[1, 64, 28, 28, 20]",1.0858274449495822,0.06081360951066017,0.043482705950737
baseline_ema,2XL5HSFSE93RMOJDRGR4,1,10,-0.010161312147478715,0.0,0.027494966983795166,0.5100060749166584,0.5204771467561272,,2276,11253,18437,20089,"[1, 64, 28, 28, 20]",1.0858274449495822,0.06081360951066017,0.043482705950737
baseline_ema,2XL5HSFSE93RMOJDRGR4,1,11,-0.012977278455208562,0.0,-0.006201180629432201,0.4413634245142219,0.4529694441599303,,2276,11253,18437,20089,"[1, 64, 28, 28, 20]",1.0858274449495822,0.06081360951066017,0.043482705950737
baseline_ema,2XL5HSFSE93RMOJDRGR4,1,12,-0.07479187489684101,0.0,0.01315988413989544,0.3606231046584768,0.4189272089841005,,2276,11253,18437,20089,"[1, 64, 28, 28, 20]",1.0858274449495822,0.06081360951066017,0.043482705950737
baseline_ema,2XL5HSFSE93RMOJDRGR4,1,13,0.025090104048915898,0.129340261220932,-0.012090513482689857,0.4034992350160822,0.38374711704074294,,2276,11253,18437,20089,"[1, 64, 28, 28, 20]",1.0858274449495822,0.06081360951066017,0.043482705950737
baseline_ema,2XL5HSFSE93RMOJDRGR4,1,14,-0.03069871601153582,0.0,0.024285390973091125,0.49666759618597883,0.5281275211621743,,2276,11253,18437,20089,"[1, 64, 28, 28, 20]",1.0858274449495822,0.06081360951066017,0.043482705950737
baseline_ema,2XL5HSFSE93RMOJDRGR4,1,15,-0.14844938126204607,0.0,0.01873796433210373,0.386508152448981,0.5212669537367174,low,2276,11253,18437,20089,"[1, 64, 28, 28, 20]",1.0858274449495822,0.06081360951066017,0.043482705950737
baseline_ema,2XL5HSFSE93RMOJDRGR4,1,16,-0.06340713042170942,0.0,0.015079754404723644,0.37171142948179386,0.4220410605467188,,2276,11253,18437,20089,"[1, 64, 28, 28, 20]",1.0858274449495822,0.06081360951066017,0.043482705950737
baseline_ema,2XL5HSFSE93RMOJDRGR4,1,17,0.08238932350383923,0.42471954226493835,-0.07679349184036255,0.42318577702136073,0.35876158080510057,,2276,11253,18437,20089,"[1, 64, 28, 28, 20]",1.0858274449495822,0.06081360951066017,0.043482705950737
baseline_ema,2XL5HSFSE93RMOJDRGR4,1,18,0.12992517501392015,0.6697683334350586,-0.11153285205364227,0.541929744893455,0.4173013474205846,,2276,11253,18437,20089,"[1, 64, 28, 28, 20]",1.0858274449495822,0.06081360951066017,0.043482705950737
baseline_ema,2XL5HSFSE93RMOJDRGR4,1,19,0.15032457510254596,0.7749278545379639,0.0757448673248291,0.5927055133140684,0.43779570517714567,,2276,11253,18437,20089,"[1, 64, 28, 28, 20]",1.0858274449495822,0.06081360951066017,0.043482705950737
baseline_ema,2XL5HSFSE93RMOJDRGR4,1,20,-0.04777423469434808,0.0,-0.06290517747402191,0.3036755293862997,0.3341470634017482,,2276,11253,18437,20089,"[1, 64, 28, 28, 20]",1.0858274449495822,0.06081360951066017,0.043482705950737
baseline_ema,2XL5HSFSE93RMOJDRGR4,1,21,0.13427234253383033,0.6921781301498413,0.005942855961620808,0.7624755328187713,0.5819554950582199,,2276,11253,18437,20089,"[1, 64, 28, 28, 20]",1.0858274449495822,0.06081360951066017,0.043482705950737
baseline_ema,2XL5HSFSE93RMOJDRGR4,1,22,0.011329683806130326,0.05840487405657768,-0.024677664041519165,0.4551462726260888,0.44494847243925517,,2276,11253,18437,20089,"[1, 64, 28, 28, 20]",1.0858274449495822,0.06081360951066017,0.043482705950737
baseline_ema,2XL5HSFSE93RMOJDRGR4,1,23,-0.05333503582493569,0.0,-0.03611192852258682,0.35825736201732455,0.3986258062470306,,2276,11253,18437,20089,"[1, 64, 28, 28, 20]",1.0858274449495822,0.06081360951066017,0.043482705950737
baseline_ema,2XL5HSFSE93RMOJDRGR4,1,24,0.19398424780081155,0.9999948740005493,-0.04952515661716461,0.7199654113181118,0.4860225498331099,high,2276,11253,18437,20089,"[1, 64, 28, 28, 20]",1.0858274449495822,0.06081360951066017,0.043482705950737
baseline_ema,2XL5HSFSE93RMOJDRGR4,1,25,-0.1595631452855175,0.0,-0.01311536319553852,0.335438789199089,0.4628100431765893,low,2276,11253,18437,20089,"[1, 64, 28, 28, 20]",1.0858274449495822,0.06081360951066017,0.043482705950737
baseline_ema,2XL5HSFSE93RMOJDRGR4,1,26,0.009766984728744077,0.05034911260008812,0.009825395420193672,0.34997849887053223,0.3432081457315496,,2276,11253,18437,20089,"[1, 64, 28, 28, 20]",1.0858274449495822,0.06081360951066017,0.043482705950737
baseline_ema,2XL5HSFSE93RMOJDRGR4,1,27,-0.07899355924178113,0.0,0.020426657050848007,0.36817725787699546,0.4313335404854416,,2276,11253,18437,20089,"[1, 64, 28, 28, 20]",1.0858274449495822,0.06081360951066017,0.043482705950737
baseline_ema,2XL5HSFSE93RMOJDRGR4,1,28,0.0067415929978619695,0.03475312143564224,0.022926829755306244,0.4389217035010783,0.4330432638412692,,2276,11253,18437,20089,"[1, 64, 28, 28, 20]",1.0858274449495822,0.06081360951066017,0.043482705950737
baseline_ema,2XL5HSFSE93RMOJDRGR4,1,29,0.08465482574654778,0.4363982677459717,0.049389153718948364,0.5427144916509425,0.4579991666319852,,2276,11253,18437,20089,"[1, 64, 28, 28, 20]",1.0858274449495822,0.06081360951066017,0.043482705950737
baseline_ema,2XL5HSFSE93RMOJDRGR4,1,30,-0.11515230090058225,0.0,-0.026796501129865646,0.37871824954569616,0.47728964312848804,low,2276,11253,18437,20089,"[1, 64, 28, 28, 20]",1.0858274449495822,0.06081360951066017,0.043482705950737
baseline_ema,2XL5HSFSE93RMOJDRGR4,1,31,0.052334669806736456,0.26978686451911926,0.00033689732663333416,0.5908864411290756,0.5321145050818067,,2276,11253,18437,20089,"[1, 64, 28, 28, 20]",1.0858274449495822,0.06081360951066017,0.043482705950737
baseline_ema,2XL5HSFSE93RMOJDRGR4,1,32,0.04420582022159477,0.22788238525390625,-0.06695091724395752,0.3759336390517004,0.34410375141029115,middle,2276,11253,18437,20089,"[1, 64, 28, 28, 20]",1.0858274449495822,0.06081360951066017,0.043482705950737
baseline_ema,2XL5HSFSE93RMOJDRGR4,1,33,0.16568726112875673,0.8541229963302612,0.13536009192466736,0.44769390933111275,0.32042605117008016,high,2276,11253,18437,20089,"[1, 64, 28, 28, 20]",1.0858274449495822,0.06081360951066017,0.043482705950737
baseline_ema,2XL5HSFSE93RMOJDRGR4,1,34,0.047521835637669874,0.24497655034065247,-0.0209952425211668,0.43761448116048474,0.3979088320756024,,2276,11253,18437,20089,"[1, 64, 28, 28, 20]",1.0858274449495822,0.06081360951066017,0.043482705950737
baseline_ema,2XL5HSFSE93RMOJDRGR4,1,35,-0.027499628403408364,0.0,-0.031440369784832,0.415329648690218,0.4388184309823262,,2276,11253,18437,20089,"[1, 64, 28, 28, 20]",1.0858274449495822,0.06081360951066017,0.043482705950737
baseline_ema,2XL5HSFSE93RMOJDRGR4,1,36,-0.2195383451161188,0.0,0.011543997563421726,0.33349978336629105,0.5211223266336742,low,2276,11253,18437,20089,"[1, 64, 28, 28, 20]",1.0858274449495822,0.06081360951066017,0.043482705950737
baseline_ema,2XL5HSFSE93RMOJDRGR4,1,37,0.05995078527136783,0.3090481758117676,-0.033236414194107056,0.3529491381630351,0.3130234958348362,,2276,11253,18437,20089,"[1, 64, 28, 28, 20]",1.0858274449495822,0.06081360951066017,0.043482705950737
baseline_ema,2XL5HSFSE93RMOJDRGR4,1,38,0.048788861923472614,0.25150811672210693,-0.0006703236140310764,0.4495388241277991,0.4077143677280271,,2276,11253,18437,20089,"[1, 64, 28, 28, 20]",1.0858274449495822,0.06081360951066017,0.043482705950737
baseline_ema,2XL5HSFSE93RMOJDRGR4,1,39,0.06659860172194947,0.3433178663253784,-0.05360546335577965,0.440447417177594,0.38544412846520243,,2276,11253,18437,20089,"[1, 64, 28, 28, 20]",1.0858274449495822,0.06081360951066017,0.043482705950737
baseline_ema,2XL5HSFSE93RMOJDRGR4,1,40,-0.043461241172191405,0.0,0.01831325888633728,0.4081135477475389,0.44519964152308233,,2276,11253,18437,20089,"[1, 64, 28, 28, 20]",1.0858274449495822,0.06081360951066017,0.043482705950737
baseline_ema,2XL5HSFSE93RMOJDRGR4,1,41,0.07643187514498807,0.39400869607925415,-0.07822979986667633,0.5251260991316692,0.4505530368006455,,2276,11253,18437,20089,"[1, 64, 28, 28, 20]",1.0858274449495822,0.06081360951066017,0.043482705950737
baseline_ema,2XL5HSFSE93RMOJDRGR4,1,42,0.1024243147902205,0.52800053358078,-0.10535401105880737,0.5110128774515947,0.41605815932371004,,2276,11253,18437,20089,"[1, 64, 28, 28, 20]",1.0858274449495822,0.06081360951066017,0.043482705950737
baseline_ema,2XL5HSFSE93RMOJDRGR4,1,43,0.11348296270314874,0.5850082039833069,-0.04711589589715004,0.4987836688891363,0.3971143894642346,,2276,11253,18437,20089,"[1, 64, 28, 28, 20]",1.0858274449495822,0.06081360951066017,0.043482705950737
baseline_ema,2XL5HSFSE93RMOJDRGR4,1,44,-0.05026949786311966,0.0,-0.02983652800321579,0.3568030750230736,0.3945744986254942,,2276,11253,18437,20089,"[1, 64, 28, 28, 20]",1.0858274449495822,0.06081360951066017,0.043482705950737
baseline_ema,2XL5HSFSE93RMOJDRGR4,1,45,0.08975844580368848,0.4627075791358948,-0.07394678890705109,0.4823129501945193,0.402861020555658,,2276,11253,18437,20089,"[1, 64, 28, 28, 20]",1.0858274449495822,0.06081360951066017,0.043482705950737
baseline_ema,2XL5HSFSE93RMOJDRGR4,1,46,0.06989144261531355,0.36029255390167236,0.004971119109541178,0.4537049290749264,0.39442764972229954,,2276,11253,18437,20089,"[1, 64, 28, 28, 20]",1.0858274449495822,0.06081360951066017,0.043482705950737
baseline_ema,2XL5HSFSE93RMOJDRGR4,1,47,-0.049038252145729086,0.0,-0.0028895006980746984,0.49189722434660443,0.5426286122091489,,2276,11253,18437,20089,"[1, 64, 28, 28, 20]",1.0858274449495822,0.06081360951066017,0.043482705950737
baseline_ema,2XL5HSFSE93RMOJDRGR4,1,48,0.18347534899018766,0.9458211660385132,-0.038956254720687866,0.48731821602223857,0.336219214986144,high,2276,11253,18437,20089,"[1, 64, 28, 28, 20]",1.0858274449495822,0.06081360951066017,0.043482705950737
baseline_ema,2XL5HSFSE93RMOJDRGR4,1,49,-0.11470697917431259,0.0,-0.010229196399450302,0.31601960592234574,0.397912743800897,,2276,11253,18437,20089,"[1, 64, 28, 28, 20]",1.0858274449495822,0.06081360951066017,0.043482705950737
baseline_ema,2XL5HSFSE93RMOJDRGR4,1,50,-0.062423250556547565,0.0,0.008451338857412338,0.3565070937795917,0.40397918151006407,,2276,11253,18437,20089,"[1, 64, 28, 28, 20]",1.0858274449495822,0.06081360951066017,0.043482705950737
baseline_ema,2XL5HSFSE93RMOJDRGR4,1,51,-0.014867255080909823,0.0,-0.14309754967689514,0.30755219663865596,0.3168351372683964,,2276,11253,18437,20089,"[1, 64, 28, 28, 20]",1.0858274449495822,0.06081360951066017,0.043482705950737
baseline_ema,2XL5HSFSE93RMOJDRGR4,1,52,-0.044972382136774625,0.0,-0.027294104918837547,0.35229684106352116,0.3854763017445155,,2276,11253,18437,20089,"[1, 64, 28, 28, 20]",1.0858274449495822,0.06081360951066017,0.043482705950737
baseline_ema,2XL5HSFSE93RMOJDRGR4,1,53,0.19349015356273314,0.9974477887153625,-0.11214861273765564,0.6291466530457243,0.4251503672062787,high,2276,11253,18437,20089,"[1, 64, 28, 28, 20]",1.0858274449495822,0.06081360951066017,0.043482705950737
baseline_ema,2XL5HSFSE93RMOJDRGR4,1,54,-0.06783028735933289,0.0,-0.005435214377939701,0.36427328146587784,0.41728679378930617,,2276,11253,18437,20089,"[1, 64, 28, 28, 20]",1.0858274449495822,0.06081360951066017,0.043482705950737
baseline_ema,2XL5HSFSE93RMOJDRGR4,1,55,0.08554054850180552,0.4409641921520233,0.005238452926278114,0.4696701714480627,0.3956501140557768,,2276,11253,18437,20089,"[1, 64, 28, 28, 20]",1.0858274449495822,0.06081360951066017,0.043482705950737
baseline_ema,2XL5HSFSE93RMOJDRGR4,1,56,0.03576917220456542,0.18439120054244995,-0.01679030992090702,0.43919504037927154,0.40886075097023966,middle,2276,11253,18437,20089,"[1, 64, 28, 28, 20]",1.0858274449495822,0.06081360951066017,0.043482705950737
baseline_ema,2XL5HSFSE93RMOJDRGR4,1,57,0.04438642101216046,0.22881338000297546,-0.06761746108531952,0.5339226573058126,0.48853919085792424,middle,2276,11253,18437,20089,"[1, 64, 28, 28, 20]",1.0858274449495822,0.06081360951066017,0.043482705950737
baseline_ema,2XL5HSFSE93RMOJDRGR4,1,58,-0.08288025049132114,0.0,0.034321367740631104,0.3461388735342971,0.40870020862450834,,2276,11253,18437,20089,"[1, 64, 28, 28, 20]",1.0858274449495822,0.06081360951066017,0.043482705950737
baseline_ema,2XL5HSFSE93RMOJDRGR4,1,59,0.04441007700712474,0.2289353311061859,-0.09749224036931992,0.36654393095349214,0.3353717567978683,,2276,11253,18437,20089,"[1, 64, 28, 28, 20]",1.0858274449495822,0.06081360951066017,0.043482705950737
baseline_ema,2XL5HSFSE93RMOJDRGR4,1,60,-0.0198014299620224,0.0,0.02900560013949871,0.4568807357122423,0.4753400603153535,,2276,11253,18437,20089,"[1, 64, 28, 28, 20]",1.0858274449495822,0.06081360951066017,0.043482705950737
baseline_ema,2XL5HSFSE93RMOJDRGR4,1,61,0.15212734788026544,0.7842212319374084,-0.0036200983449816704,0.5409509736873683,0.398096083252925,,2276,11253,18437,20089,"[1, 64, 28, 28, 20]",1.0858274449495822,0.06081360951066017,0.043482705950737
baseline_ema,2XL5HSFSE93RMOJDRGR4,1,62,0.11341235268260322,0.5846441984176636,-0.0047067562118172646,0.6061513169986199,0.48266588326328,,2276,11253,18437,20089,"[1, 64, 28, 28, 20]",1.0858274449495822,0.06081360951066017,0.043482705950737
baseline_ema,2XL5HSFSE93RMOJDRGR4,1,63,0.037178583020358744,0.19165675342082977,-0.05069231241941452,0.4774528870050941,0.4432234096947784,middle,2276,11253,18437,20089,"[1, 64, 28, 28, 20]",1.0858274449495822,0.06081360951066017,0.043482705950737
baseline_ema,2XL5HSFSE93RMOJDRGR4,2,0,0.1470153987444101,0.6595613956451416,-0.011111447587609291,0.5259262473738524,0.39110795189123587,high,3005,10421,27679,29026,"[1, 64, 28, 28, 20]",0.8914712613511435,0.05962088704109192,0.04069659113883972
baseline_ema,2XL5HSFSE93RMOJDRGR4,2,1,0.052876312185300436,0.23722122609615326,0.0451599657535553,0.48646918235380765,0.4376073692516874,,3005,10421,27679,29026,"[1, 64, 28, 28, 20]",0.8914712613511435,0.05962088704109192,0.04069659113883972
baseline_ema,2XL5HSFSE93RMOJDRGR4,2,2,0.07050266574848944,0.31629908084869385,-0.03988415002822876,0.4647780854713649,0.40355800577052253,,3005,10421,27679,29026,"[1, 64, 28, 28, 20]",0.8914712613511435,0.05962088704109192,0.04069659113883972
baseline_ema,2XL5HSFSE93RMOJDRGR4,2,3,0.0698691191203061,0.31345677375793457,-0.06277637183666229,0.4171546916646872,0.3626690256010859,,3005,10421,27679,29026,"[1, 64, 28, 28, 20]",0.8914712613511435,0.05962088704109192,0.04069659113883972
baseline_ema,2XL5HSFSE93RMOJDRGR4,2,4,0.00938300704976136,0.042095381766557693,-0.051537349820137024,0.3900449312294364,0.3827933745747431,,3005,10421,27679,29026,"[1, 64, 28, 28, 20]",0.8914712613511435,0.05962088704109192,0.04069659113883972
baseline_ema,2XL5HSFSE93RMOJDRGR4,2,5,-0.04830097948654196,0.0,0.002703020814806223,0.33229161582478656,0.36602083971604027,,3005,10421,27679,29026,"[1, 64, 28, 28, 20]",0.8914712613511435,0.05962088704109192,0.04069659113883972
baseline_ema,2XL5HSFSE93RMOJDRGR4,2,6,-0.004994475697382732,0.0,-0.04543333873152733,0.4417099780498379,0.4461443499081157,,3005,10421,27679,29026,"[1, 64, 28, 28, 20]",0.8914712613511435,0.05962088704109192,0.04069659113883972
baseline_ema,2XL5HSFSE93RMOJDRGR4,2,7,0.020667370185776596,0.0927208960056305,-0.03798192739486694,0.46822305306684364,0.4492610488260875,,3005,10421,27679,29026,"[1, 64, 28, 28, 20]",0.8914712613511435,0.05962088704109192,0.04069659113883972
baseline_ema,2XL5HSFSE93RMOJDRGR4,2,8,0.03787480262388203,0.16991932690143585,-0.09023042023181915,0.34898224018968194,0.32351162972605035,,3005,10421,27679,29026,"[1, 64, 28, 28, 20]",0.8914712613511435,0.05962088704109192,0.04069659113883972
baseline_ema,2XL5HSFSE93RMOJDRGR4,2,9,0.013100233745120135,0.05877213180065155,-0.09585718810558319,0.425887761393813,0.4148735782207679,,3005,10421,27679,29026,"[1, 64, 28, 28, 20]",0.8914712613511435,0.05962088704109192,0.04069659113883972
baseline_ema,2XL5HSFSE93RMOJDRGR4,2,10,0.00754859682711591,0.033865589648485184,-0.009758196771144867,0.41963488778834324,0.41334703553629315,,3005,10421,27679,29026,"[1, 64, 28, 28, 20]",0.8914712613511435,0.05962088704109192,0.04069659113883972
baseline_ema,2XL5HSFSE93RMOJDRGR4,2,11,0.13108035035201068,0.5880712866783142,0.0038899886421859264,0.5156661739192063,0.3961454550575457,,3005,10421,27679,29026,"[1, 64, 28, 28, 20]",0.8914712613511435,0.05962088704109192,0.04069659113883972
baseline_ema,2XL5HSFSE93RMOJDRGR4,2,12,0.02591941229828107,0.1162833571434021,-0.029206816107034683,0.3326323714381655,0.315824718838138,,3005,10421,27679,29026,"[1, 64, 28, 28, 20]",0.8914712613511435,0.05962088704109192,0.04069659113883972
baseline_ema,2XL5HSFSE93RMOJDRGR4,2,13,0.052779844168135664,0.23678843677043915,-0.010708324611186981,0.41961473085967993,0.37754092669628425,,3005,10421,27679,29026,"[1, 64, 28, 28, 20]",0.8914712613511435,0.05962088704109192,0.04069659113883972
baseline_ema,2XL5HSFSE93RMOJDRGR4,2,14,0.0847268753945639,0.38011375069618225,0.012970765121281147,0.5540339047166313,0.4674838154037752,,3005,10421,27679,29026,"[1, 64, 28, 28, 20]",0.8914712613511435,0.05962088704109192,0.04069659113883972
baseline_ema,2XL5HSFSE93RMOJDRGR4,2,15,-0.08304761779682839,0.0,-0.021111782640218735,0.3091446492877055,0.365142689535122,,3005,10421,27679,29026,"[1, 64, 28, 28, 20]",0.8914712613511435,0.05962088704109192,0.04069659113883972
baseline_ema,2XL5HSFSE93RMOJDRGR4,2,16,-0.014767703180526042,0.0,0.016798626631498337,0.3350527315507852,0.34509699560747736,,3005,10421,27679,29026,"[1, 64, 28, 28, 20]",0.8914712613511435,0.05962088704109192,0.04069659113883972
baseline_ema,2XL5HSFSE93RMOJDRGR4,2,17,0.024784550989373107,0.11119198054075241,-0.07881243526935577,0.42162825789605923,0.4012339624540131,,3005,10421,27679,29026,"[1, 64, 28, 28, 20]",0.8914712613511435,0.05962088704109192,0.04069659113883972
baseline_ema,2XL5HSFSE93RMOJDRGR4,2,18,0.10657490761568222,0.478131502866745,-0.06197395548224449,0.574268797652706,0.4636523415544338,,3005,10421,27679,29026,"[1, 64, 28, 28, 20]",0.8914712613511435,0.05962088704109192,0.04069659113883972
baseline_ema,2XL5HSFSE93RMOJDRGR4,2,19,0.06550295748057773,0.29386869072914124,0.08423881232738495,0.5929638231140616,0.5200575649535385,,3005,10421,27679,29026,"[1, 64, 28, 28, 20]",0.8914712613511435,0.05962088704109192,0.04069659113883972
baseline_ema,2XL5HSFSE93RMOJDRGR4,2,20,-0.00800436102280967,0.0,-0.07376307994127274,0.288684072526872,0.2933428340161928,,3005,10421,27679,29026,"[1, 64, 28, 28, 20]",0.8914712613511435,0.05962088704109192,0.04069659113883972
baseline_ema,2XL5HSFSE93RMOJDRGR4,2,21,0.14623361991469155,0.6560540795326233,-0.036934107542037964,0.7464221127824812,0.5559686506662889,high,3005,10421,27679,29026,"[1, 64, 28, 28, 20]",0.8914712613511435,0.05962088704109192,0.04069659113883972
baseline_ema,2XL5HSFSE93RMOJDRGR4,2,22,-0.044215896594279366,0.0,-0.023851774632930756,0.43712086592497384,0.47756454571838924,,3005,10421,27679,29026,"[1, 64, 28, 28, 20]",0.8914712613511435,0.05962088704109192,0.04069659113883972
baseline_ema,2XL5HSFSE93RMOJDRGR4,2,23,0.008476687681944161,0.038029320538043976,-0.017146531492471695,0.41454876694675635,0.4075798311099474,,3005,10421,27679,29026,"[1, 64, 28, 28, 20]",0.8914712613511435,0.05962088704109192,0.04069659113883972
baseline_ema,2XL5HSFSE93RMOJDRGR4,2,24,0.13224745104754246,0.5933073163032532,-0.0449981689453125,0.6185170834992134,0.47403033942188566,high,3005,10421,27679,29026,"[1, 64, 28, 28, 20]",0.8914712613511435,0.05962088704109192,0.04069659113883972
baseline_ema,2XL5HSFSE93RMOJDRGR4,2,25,-0.056645976946243154,0.0,-0.045469630509614944,0.34081332311801266,0.3817433059145217,,3005,10421,27679,29026,"[1, 64, 28, 28, 20]",0.8914712613511435,0.05962088704109192,0.04069659113883972
baseline_ema,2XL5HSFSE93RMOJDRGR4,2,26,-0.020202690046110253,0.0,-0.006707544904202223,0.33248147531354433,0.3461925362134648,,3005,10421,27679,29026,"[1, 64, 28, 28, 20]",0.8914712613511435,0.05962088704109192,0.04069659113883972
baseline_ema,2XL5HSFSE93RMOJDRGR4,2,27,0.034947639540883854,0.15678706765174866,0.04284445941448212,0.38704639452640527,0.3609071487548457,middle,3005,10421,27679,29026,"[1, 64, 28, 28, 20]",0.8914712613511435,0.05962088704109192,0.04069659113883972
baseline_ema,2XL5HSFSE93RMOJDRGR4,2,28,0.07575947253315865,0.33988291025161743,0.06423293054103851,0.4116023231337247,0.3536287452662822,,3005,10421,27679,29026,"[1, 64, 28, 28, 20]",0.8914712613511435,0.05962088704109192,0.04069659113883972
baseline_ema,2XL5HSFSE93RMOJDRGR4,2,29,0.08065105707609659,0.3618282377719879,0.00986829586327076,0.4813091305257697,0.4094670123348367,,3005,10421,27679,29026,"[1, 64, 28, 28, 20]",0.8914712613511435,0.05962088704109192,0.04069659113883972
baseline_ema,2XL5HSFSE93RMOJDRGR4,2,30,-0.0774469462034259,0.0,-0.01074334979057312,0.4087048955548,0.47732530638607146,,3005,10421,27679,29026,"[1, 64, 28, 28, 20]",0.8914712613511435,0.05962088704109192,0.04069659113883972
baseline_ema,2XL5HSFSE93RMOJDRGR4,2,31,0.002997201745913564,0.013446472585201263,-0.007173220627009869,0.5317420156647996,0.5285640614420903,,3005,10421,27679,29026,"[1, 64, 28, 28, 20]",0.8914712613511435,0.05962088704109192,0.04069659113883972
baseline_ema,2XL5HSFSE93RMOJDRGR4,2,32,0.027163626607195075,0.12186532467603683,-0.06542116403579712,0.3643613351578514,0.3450900358560408,,3005,10421,27679,29026,"[1, 64, 28, 28, 20]",0.8914712613511435,0.05962088704109192,0.04069659113883972
baseline_ema,2XL5HSFSE93RMOJDRGR4,2,33,0.11980228315521156,0.5374740362167358,0.19849786162376404,0.4525631892942698,0.35572794602644675,,3005,10421,27679,29026,"[1, 64, 28, 28, 20]",0.8914712613511435,0.05962088704109192,0.04069659113883972
baseline_ema,2XL5HSFSE93RMOJDRGR4,2,34,0.09161140775996846,0.41100013256073,-0.05157091096043587,0.4929242631973708,0.41018871984330246,,3005,10421,27679,29026,"[1, 64, 28, 28, 20]",0.8914712613511435,0.05962088704109192,0.04069659113883972
baseline_ema,2XL5HSFSE93RMOJDRGR4,2,35,0.019753067686766077,0.08861902356147766,-0.033803705126047134,0.4436885826410912,0.42649967532812844,,3005,10421,27679,29026,"[1, 64, 28, 28, 20]",0.8914712613511435,0.05962088704109192,0.04069659113883972
baseline_ema,2XL5HSFSE93RMOJDRGR4,2,36,-0.10842319373206302,0.0,0.02613796666264534,0.35827897308443124,0.4454185317794581,low,3005,10421,27679,29026,"[1, 64, 28, 28, 20]",0.8914712613511435,0.05962088704109192,0.04069659113883972
baseline_ema,2XL5HSFSE93RMOJDRGR4,2,37,0.11242342236622958,0.5043699741363525,-0.08062314987182617,0.4055718794489472,0.32359619645248694,,3005,10421,27679,29026,"[1, 64, 28, 28, 20]",0.8914712613511435,0.05962088704109192,0.04069659113883972
baseline_ema,2XL5HSFSE93RMOJDRGR4,2,38,-0.0010429027646027195,0.0,-0.068122498691082,0.4634585703798047,0.4644262650828444,,3005,10421,27679,29026,"[1, 64, 28, 28, 20]",0.8914712613511435,0.05962088704109192,0.04069659113883972
baseline_ema,2XL5HSFSE93RMOJDRGR4,2,39,0.07050797017239577,0.3163228929042816,-0.0889546275138855,0.4582187177733861,0.3978583882113717,,3005,10421,27679,29026,"[1, 64, 28, 28, 20]",0.8914712613511435,0.05962088704109192,0.04069659113883972
baseline_ema,2XL5HSFSE93RMOJDRGR4,2,40,0.0954794891521993,0.4283536672592163,0.01385420374572277,0.42903608545088,0.3542483885344248,,3005,10421,27679,29026,"[1, 64, 28, 28, 20]",0.8914712613511435,0.05962088704109192,0.04069659113883972
baseline_ema,2XL5HSFSE93RMOJDRGR4,2,41,0.025950020035958466,0.1164206713438034,-0.08634185791015625,0.5364885065033792,0.5093489769045666,,3005,10421,27679,29026,"[1, 64, 28, 28, 20]",0.8914712613511435,0.05962088704109192,0.04069659113883972
baseline_ema,2XL5HSFSE93RMOJDRGR4,2,42,0.07859370389900637,0.35259824991226196,-0.05273403972387314,0.4512853132499881,0.3855177801146141,,3005,10421,27679,29026,"[1, 64, 28, 28, 20]",0.8914712613511435,0.05962088704109192,0.04069659113883972
baseline_ema,2XL5HSFSE93RMOJDRGR4,2,43,-0.014517678590133852,0.0,-0.07259811460971832,0.4303240159117561,0.4430027070982691,,3005,10421,27679,29026,"[1, 64, 28, 28, 20]",0.8914712613511435,0.05962088704109192,0.04069659113883972
baseline_ema,2XL5HSFSE93RMOJDRGR4,2,44,-0.10485511359298348,0.0,-0.006266062613576651,0.3043839641167982,0.3756936884878184,low,3005,10421,27679,29026,"[1, 64, 28, 28, 20]",0.8914712613511435,0.05962088704109192,0.04069659113883972
baseline_ema,2XL5HSFSE93RMOJDRGR4,2,45,0.03355321570038585,0.15053120255470276,-0.0922020971775055,0.49339182073289733,0.46135689749723896,middle,3005,10421,27679,29026,"[1, 64, 28, 28, 20]",0.8914712613511435,0.05962088704109192,0.04069659113883972
baseline_ema,2XL5HSFSE93RMOJDRGR4,2,46,0.03651484225665143,0.16381807625293732,-0.03891313821077347,0.47768467867471115,0.44402843327127395,middle,3005,10421,27679,29026,"[1, 64, 28, 28, 20]",0.8914712613511435,0.05962088704109192,0.04069659113883972
baseline_ema,2XL5HSFSE93RMOJDRGR4,2,47,0.043559883515604525,0.19542454183101654,-0.0319468230009079,0.4582982280239317,0.4200379623249127,,3005,10421,27679,29026,"[1, 64, 28, 28, 20]",0.8914712613511435,0.05962088704109192,0.04069659113883972
baseline_ema,2XL5HSFSE93RMOJDRGR4,2,48,0.0310321245356384,0.139220729470253,-0.06620452553033829,0.4293053108001726,0.4034627185712945,,3005,10421,27679,29026,"[1, 64, 28, 28, 20]",0.8914712613511435,0.05962088704109192,0.04069659113883972
baseline_ema,2XL5HSFSE93RMOJDRGR4,2,49,-0.07723565502059132,0.0,-0.011471562087535858,0.32041272528689607,0.3740500931954837,,3005,10421,27679,29026,"[1, 64, 28, 28, 20]",0.8914712613511435,0.05962088704109192,0.04069659113883972
baseline_ema,2XL5HSFSE93RMOJDRGR4,2,50,-0.1021893742896684,0.0,-0.029601462185382843,0.3488460354658784,0.4282579028720418,low,3005,10421,27679,29026,"[1, 64, 28, 28, 20]",0.8914712613511435,0.05962088704109192,0.04069659113883972
baseline_ema,2XL5HSFSE93RMOJDRGR4,2,51,-0.0797990899150677,0.0,-0.234919473528862,0.3183607111167162,0.37357677237670317,,3005,10421,27679,29026,"[1, 64, 28, 28, 20]",0.8914712613511435,0.05962088704109192,0.04069659113883972
baseline_ema,2XL5HSFSE93RMOJDRGR4,2,52,-0.08814545842142937,0.0,-0.06137852743268013,0.3761927712068718,0.4489230737574998,low,3005,10421,27679,29026,"[1, 64, 28, 28, 20]",0.8914712613511435,0.05962088704109192,0.04069659113883972
baseline_ema,2XL5HSFSE93RMOJDRGR4,2,53,0.2228977341145897,0.9999955296516418,-0.09466308355331421,0.586085885754781,0.37243379738169247,high,3005,10421,27679,29026,"[1, 64, 28, 28, 20]",0.8914712613511435,0.05962088704109192,0.04069659113883972
baseline_ema,2XL5HSFSE93RMOJDRGR4,2,54,0.032453982930619726,0.14559967815876007,-0.030386142432689667,0.40094390485920756,0.37573746837572775,middle,3005,10421,27679,29026,"[1, 64, 28, 28, 20]",0.8914712613511435,0.05962088704109192,0.04069659113883972
baseline_ema,2XL5HSFSE93RMOJDRGR4,2,55,0.07707853729629559,0.3458006978034973,0.0012005351018160582,0.48333365434576164,0.41415635974321435,,3005,10421,27679,29026,"[1, 64, 28, 28, 20]",0.8914712613511435,0.05962088704109192,0.04069659113883972
baseline_ema,2XL5HSFSE93RMOJDRGR4,2,56,0.11815842125450937,0.530099093914032,-0.028218140825629234,0.4595624039144086,0.3624362254383006,,3005,10421,27679,29026,"[1, 64, 28, 28, 20]",0.8914712613511435,0.05962088704109192,0.04069659113883972
baseline_ema,2XL5HSFSE93RMOJDRGR4,2,57,0.10540216802660152,0.47287020087242126,-0.08329042792320251,0.6230293045773445,0.5042151859749253,,3005,10421,27679,29026,"[1, 64, 28, 28, 20]",0.8914712613511435,0.05962088704109192,0.04069659113883972
baseline_ema,2XL5HSFSE93RMOJDRGR4,2,58,0.05855095652804234,0.2626796364784241,0.03347174823284149,0.3680189505739842,0.32730689846322586,,3005,10421,27679,29026,"[1, 64, 28, 28, 20]",0.8914712613511435,0.05962088704109192,0.04069659113883972
baseline_ema,2XL5HSFSE93RMOJDRGR4,2,59,0.00708539737272,0.03178751841187477,-0.14822697639465332,0.3892212061463474,0.38374443037076883,,3005,10421,27679,29026,"[1, 64, 28, 28, 20]",0.8914712613511435,0.05962088704109192,0.04069659113883972
baseline_ema,2XL5HSFSE93RMOJDRGR4,2,60,0.0414239728975131,0.1858421117067337,0.03741786256432533,0.4641005236665934,0.4271800979295435,,3005,10421,27679,29026,"[1, 64, 28, 28, 20]",0.8914712613511435,0.05962088704109192,0.04069659113883972
baseline_ema,2XL5HSFSE93RMOJDRGR4,2,61,0.07704428359747427,0.34564700722694397,0.0434282049536705,0.5182049670229556,0.444067311643134,,3005,10421,27679,29026,"[1, 64, 28, 28, 20]",0.8914712613511435,0.05962088704109192,0.04069659113883972
baseline_ema,2XL5HSFSE93RMOJDRGR4,2,62,0.0735769705165949,0.3300914764404297,0.0029609156772494316,0.5461721954592768,0.47130894221449193,,3005,10421,27679,29026,"[1, 64, 28, 28, 20]",0.8914712613511435,0.05962088704109192,0.04069659113883972
baseline_ema,2XL5HSFSE93RMOJDRGR4,2,63,0.04350579405402347,0.19518187642097473,-0.06969941407442093,0.45152315231684764,0.41387334693934097,,3005,10421,27679,29026,"[1, 64, 28, 28, 20]",0.8914712613511435,0.05962088704109192,0.04069659113883972
baseline_ema,38CWS74285MFGZZXR09Z,0,0,0.12308138442788306,0.7603098154067993,0.044371895492076874,0.5024246751056588,0.3923005345387167,high,3157,9643,24991,27247,"[1, 64, 28, 28, 20]",0.7442973706828,0.04201175644993782,0.029863620176911354
baseline_ema,38CWS74285MFGZZXR09Z,0,1,0.021538773838389258,0.133051335811615,-0.020568713545799255,0.5402326631400455,0.5174514232715881,,3157,9643,24991,27247,"[1, 64, 28, 28, 20]",0.7442973706828,0.04201175644993782,0.029863620176911354
baseline_ema,38CWS74285MFGZZXR09Z,0,2,0.11307136864142223,0.6984750628471375,-0.006888392847031355,0.4988527432796551,0.3975007176001333,,3157,9643,24991,27247,"[1, 64, 28, 28, 20]",0.7442973706828,0.04201175644993782,0.029863620176911354
baseline_ema,38CWS74285MFGZZXR09Z,0,3,0.019134151372093684,0.11819726973772049,-0.04017971456050873,0.3724005807248917,0.35841698761278185,middle,3157,9643,24991,27247,"[1, 64, 28, 28, 20]",0.7442973706828,0.04201175644993782,0.029863620176911354
baseline_ema,38CWS74285MFGZZXR09Z,0,4,-0.11349921731219424,0.0,-0.025219514966011047,0.3761121702722423,0.47242002364529967,,3157,9643,24991,27247,"[1, 64, 28, 28, 20]",0.7442973706828,0.04201175644993782,0.029863620176911354
baseline_ema,38CWS74285MFGZZXR09Z,0,5,-0.16102322551010034,0.0,0.019433755427598953,0.28871392019188247,0.3995387453936081,low,3157,9643,24991,27247,"[1, 64, 28, 28, 20]",0.7442973706828,0.04201175644993782,0.029863620176911354
baseline_ema,38CWS74285MFGZZXR09Z,0,6,0.06427257529019718,0.3970305621623993,-0.015101836994290352,0.5144636413247461,0.4523255462068009,,3157,9643,24991,27247,"[1, 64, 28, 28, 20]",0.7442973706828,0.04201175644993782,0.029863620176911354
baseline_ema,38CWS74285MFGZZXR09Z,0,7,0.13892241681686168,0.8581645488739014,-0.04559249430894852,0.48315560313872846,0.3652876736700224,high,3157,9643,24991,27247,"[1, 64, 28, 28, 20]",0.7442973706828,0.04201175644993782,0.029863620176911354
baseline_ema,38CWS74285MFGZZXR09Z,0,8,0.04348475811682464,0.268618106842041,-0.018709378316998482,0.3828240740372793,0.3509174575319642,,3157,9643,24991,27247,"[1, 64, 28, 28, 20]",0.7442973706828,0.04201175644993782,0.029863620176911354
baseline_ema,38CWS74285MFGZZXR09Z,0,9,0.1054216082828117,0.6512202024459839,-0.08747367560863495,0.4031383393258501,0.3262454244695593,,3157,9643,24991,27247,"[1, 64, 28, 28, 20]",0.7442973706828,0.04201175644993782,0.029863620176911354
baseline_ema,38CWS74285MFGZZXR09Z,0,10,-0.05714190306154297,0.0,-0.015839671716094017,0.442443088817227,0.4960716650462232,,3157,9643,24991,27247,"[1, 64, 28, 28, 20]",0.7442973706828,0.04201175644993782,0.029863620176911354
baseline_ema,38CWS74285MFGZZXR09Z,0,11,-0.017967224851766227,0.0,-0.007550346665084362,0.3780039172512698,0.3918358188569759,,3157,9643,24991,27247,"[1, 64, 28, 28, 20]",0.7442973706828,0.04201175644993782,0.029863620176911354
baseline_ema,38CWS74285MFGZZXR09Z,0,12,-0.028485528474815044,0.0,-0.011396035552024841,0.4069524667732113,0.430816795432629,,3157,9643,24991,27247,"[1, 64, 28, 28, 20]",0.7442973706828,0.04201175644993782,0.029863620176911354
baseline_ema,38CWS74285MFGZZXR09Z,0,13,-0.10972539523777938,0.0,-0.011614043265581131,0.3829765660279804,0.47737959563736443,,3157,9643,24991,27247,"[1, 64, 28, 28, 20]",0.7442973706828,0.04201175644993782,0.029863620176911354
baseline_ema,38CWS74285MFGZZXR09Z,0,14,0.007778634523577706,0.048050910234451294,0.02031155489385128,0.548382566499797,0.5399170735689267,,3157,9643,24991,27247,"[1, 64, 28, 28, 20]",0.7442973706828,0.04201175644993782,0.029863620176911354
baseline_ema,38CWS74285MFGZZXR09Z,0,15,-0.1957228008225437,0.0,0.00149370520375669,0.34924746850379507,0.5192281434428697,low,3157,9643,24991,27247,"[1, 64, 28, 28, 20]",0.7442973706828,0.04201175644993782,0.029863620176911354
baseline_ema,38CWS74285MFGZZXR09Z,0,16,-0.014049696616591325,0.0,0.028892431408166885,0.37506127624262336,0.3857504644311269,,3157,9643,24991,27247,"[1, 64, 28, 28, 20]",0.7442973706828,0.04201175644993782,0.029863620176911354
baseline_ema,38CWS74285MFGZZXR09Z,0,17,-0.018921849360387915,0.0,-0.03636224940419197,0.3581838505243846,0.3720003040239396,,3157,9643,24991,27247,"[1, 64, 28, 28, 20]",0.7442973706828,0.04201175644993782,0.029863620176911354
baseline_ema,38CWS74285MFGZZXR09Z,0,18,0.04311194429601974,0.26631513237953186,-0.018617097288370132,0.5605455663072771,0.5142106912861657,,3157,9643,24991,27247,"[1, 64, 28, 28, 20]",0.7442973706828,0.04201175644993782,0.029863620176911354
baseline_ema,38CWS74285MFGZZXR09Z,0,19,0.06222969748981642,0.384411096572876,0.05744398385286331,0.5856179287002605,0.5170021523788153,,3157,9643,24991,27247,"[1, 64, 28, 28, 20]",0.7442973706828,0.04201175644993782,0.029863620176911354
baseline_ema,38CWS74285MFGZZXR09Z,0,20,-0.045299022540511144,0.0,-0.07794797420501709,0.3322539687579766,0.36378384675077835,,3157,9643,24991,27247,"[1, 64, 28, 28, 20]",0.7442973706828,0.04201175644993782,0.029863620176911354
baseline_ema,38CWS74285MFGZZXR09Z,0,21,0.12237587398578888,0.7559517025947571,-0.03550974652171135,0.6762246918082571,0.5287631314223092,,3157,9643,24991,27247,"[1, 64, 28, 28, 20]",0.7442973706828,0.04201175644993782,0.029863620176911354
baseline_ema,38CWS74285MFGZZXR09Z,0,22,-0.06159287868870172,0.0,-0.011913574300706387,0.4277435877249925,0.48389403481077303,,3157,9643,24991,27247,"[1, 64, 28, 28, 20]",0.7442973706828,0.04201175644993782,0.029863620176911354
baseline_ema,38CWS74285MFGZZXR09Z,0,23,-0.05405377670965065,0.0,-0.031158460304141045,0.3969258265967345,0.44228858929885106,,3157,9643,24991,27247,"[1, 64, 28, 28, 20]",0.7442973706828,0.04201175644993782,0.029863620176911354
baseline_ema,38CWS74285MFGZZXR09Z,0,24,0.12092123617720724,0.7469659447669983,-0.03715481609106064,0.6533130082680284,0.5123584532442372,,3157,9643,24991,27247,"[1, 64, 28, 28, 20]",0.7442973706828,0.04201175644993782,0.029863620176911354
baseline_ema,38CWS74285MFGZZXR09Z,0,25,-0.07217985246583238,0.0,-0.05733977258205414,0.41090627674750035,0.4748393366226699,,3157,9643,24991,27247,"[1, 64, 28, 28, 20]",0.7442973706828,0.04201175644993782,0.029863620176911354
baseline_ema,38CWS74285MFGZZXR09Z,0,26,0.023463990558575887,0.1449439525604248,-0.0005531018832698464,0.37699399108119813,0.35970799907568246,,3157,9643,24991,27247,"[1, 64, 28, 28, 20]",0.7442973706828,0.04201175644993782,0.029863620176911354
baseline_ema,38CWS74285MFGZZXR09Z,0,27,-0.05398696287554717,0.0,0.011496838182210922,0.41836270206344733,0.46611290797381905,,3157,9643,24991,27247,"[1, 64, 28, 28, 20]",0.7442973706828,0.04201175644993782,0.029863620176911354
baseline_ema,38CWS74285MFGZZXR09Z,0,28,0.0671744985686132,0.41495659947395325,0.001431869575753808,0.4578557194964832,0.40021517054699063,,3157,9643,24991,27247,"[1, 64, 28, 28, 20]",0.7442973706828,0.04201175644993782,0.029863620176911354
baseline_ema,38CWS74285MFGZZXR09Z,0,29,0.04965931624669549,0.30676016211509705,0.028543375432491302,0.5160338244027778,0.46720672152658194,,3157,9643,24991,27247,"[1, 64, 28, 28, 20]",0.7442973706828,0.04201175644993782,0.029863620176911354
baseline_ema,38CWS74285MFGZZXR09Z,0,30,-0.017489586340864418,0.0,-0.02651691809296608,0.4658870358706464,0.48247348660025485,,3157,9643,24991,27247,"[1, 64, 28, 28, 20]",0.7442973706828,0.04201175644993782,0.029863620176911354
baseline_ema,38CWS74285MFGZZXR09Z,0,31,0.010367629856571903,0.06404389441013336,-0.05270766094326973,0.5683877423322604,0.5567230002380092,,3157,9643,24991,27247,"[1, 64, 28, 28, 20]",0.7442973706828,0.04201175644993782,0.029863620176911354
baseline_ema,38CWS74285MFGZZXR09Z,0,32,0.025125446989827847,0.15520726144313812,-0.05752396956086159,0.3928105282030249,0.3735552210694136,,3157,9643,24991,27247,"[1, 64, 28, 28, 20]",0.7442973706828,0.04201175644993782,0.029863620176911354
baseline_ema,38CWS74285MFGZZXR09Z,0,33,0.017580949157526393,0.10860268026590347,0.1862279176712036,0.32986830594762984,0.3184698875499178,middle,3157,9643,24991,27247,"[1, 64, 28, 28, 20]",0.7442973706828,0.04201175644993782,0.029863620176911354
baseline_ema,38CWS74285MFGZZXR09Z,0,34,0.048232558656289136,0.29794666171073914,-0.0019524109084159136,0.4348330888843711,0.3948168989494291,,3157,9643,24991,27247,"[1, 64, 28, 28, 20]",0.7442973706828,0.04201175644993782,0.029863620176911354
baseline_ema,38CWS74285MFGZZXR09Z,0,35,0.020532744905895503,0.12683679163455963,0.026006614789366722,0.4783172941161961,0.45907013659075263,middle,3157,9643,24991,27247,"[1, 64, 28, 28, 20]",0.7442973706828,0.04201175644993782,0.029863620176911354
baseline_ema,38CWS74285MFGZZXR09Z,0,36,-0.15344806078483558,0.0,-0.012117461301386356,0.39808592301336915,0.5424021469955751,low,3157,9643,24991,27247,"[1, 64, 28, 28, 20]",0.7442973706828,0.04201175644993782,0.029863620176911354
baseline_ema,38CWS74285MFGZZXR09Z,0,37,0.0046247150295725065,0.028568223118782043,-0.06858932971954346,0.30508515035993844,0.30227627223576253,,3157,9643,24991,27247,"[1, 64, 28, 28, 20]",0.7442973706828,0.04201175644993782,0.029863620176911354
baseline_ema,38CWS74285MFGZZXR09Z,0,38,0.011845398861665713,0.07317250221967697,-0.044025447219610214,0.4733647421317819,0.4622816258640041,middle,3157,9643,24991,27247,"[1, 64, 28, 28, 20]",0.7442973706828,0.04201175644993782,0.029863620176911354
baseline_ema,38CWS74285MFGZZXR09Z,0,39,0.1290297283505307,0.7970545291900635,-0.023397479206323624,0.48504365507518743,0.37417834480776235,high,3157,9643,24991,27247,"[1, 64, 28, 28, 20]",0.7442973706828,0.04201175644993782,0.029863620176911354
baseline_ema,38CWS74285MFGZZXR09Z,0,40,0.03202368989655655,0.19781973958015442,-0.027479607611894608,0.42502297488910595,0.398646022321341,,3157,9643,24991,27247,"[1, 64, 28, 28, 20]",0.7442973706828,0.04201175644993782,0.029863620176911354
baseline_ema,38CWS74285MFGZZXR09Z,0,41,-0.022803926732416904,0.0,-0.042134568095207214,0.5337789593664318,0.5586916007812897,,3157,9643,24991,27247,"[1, 64, 28, 28, 20]",0.7442973706828,0.04201175644993782,0.029863620176911354
baseline_ema,38CWS74285MFGZZXR09Z,0,42,-0.07081859320945294,0.0,-0.05497260019183159,0.4121926600379622,0.4750241792894607,,3157,9643,24991,27247,"[1, 64, 28, 28, 20]",0.7442973706828,0.04201175644993782,0.029863620176911354
baseline_ema,38CWS74285MFGZZXR09Z,0,43,-0.05000540624812856,0.0,-0.039106883108615875,0.3825592348859073,0.42283326398663024,,3157,9643,24991,27247,"[1, 64, 28, 28, 20]",0.7442973706828,0.04201175644993782,0.029863620176911354
baseline_ema,38CWS74285MFGZZXR09Z,0,44,-0.05232754057745908,0.0,-0.03921496495604515,0.37658631451833785,0.418174231570717,,3157,9643,24991,27247,"[1, 64, 28, 28, 20]",0.7442973706828,0.04201175644993782,0.029863620176911354
baseline_ema,38CWS74285MFGZZXR09Z,0,45,0.054906931853021625,0.3391762375831604,-0.05646582320332527,0.5861559396657307,0.5251381366422878,,3157,9643,24991,27247,"[1, 64, 28, 28, 20]",0.7442973706828,0.04201175644993782,0.029863620176911354
baseline_ema,38CWS74285MFGZZXR09Z,0,46,0.07055881980792335,0.43586254119873047,-0.03187268227338791,0.46465781175050297,0.40340803923087637,,3157,9643,24991,27247,"[1, 64, 28, 28, 20]",0.7442973706828,0.04201175644993782,0.029863620176911354
baseline_ema,38CWS74285MFGZZXR09Z,0,47,0.03829679448817691,0.2365705370903015,-0.04677319899201393,0.5528903764222219,0.512104450122281,,3157,9643,24991,27247,"[1, 64, 28, 28, 20]",0.7442973706828,0.04201175644993782,0.029863620176911354
baseline_ema,38CWS74285MFGZZXR09Z,0,48,-0.03360704069134065,0.0,-0.04901716858148575,0.3799161262851383,0.4063398980974152,,3157,9643,24991,27247,"[1, 64, 28, 28, 20]",0.7442973706828,0.04201175644993782,0.029863620176911354
baseline_ema,38CWS74285MFGZZXR09Z,0,49,-0.07121164366332423,0.0,-0.024679530411958694,0.41474062564074904,0.47833831622365963,,3157,9643,24991,27247,"[1, 64, 28, 28, 20]",0.7442973706828,0.04201175644993782,0.029863620176911354
baseline_ema,38CWS74285MFGZZXR09Z,0,50,0.03162463239843443,0.1953546404838562,-0.006326121278107166,0.4212071041049321,0.3953827194888441,,3157,9643,24991,27247,"[1, 64, 28, 28, 20]",0.7442973706828,0.04201175644993782,0.029863620176911354
baseline_ema,38CWS74285MFGZZXR09Z,0,51,-0.03428160773161207,0.0,-0.10211954265832901,0.3626539767962076,0.38840139677945557,,3157,9643,24991,27247,"[1, 64, 28, 28, 20]",0.7442973706828,0.04201175644993782,0.029863620176911354
baseline_ema,38CWS74285MFGZZXR09Z,0,52,-0.022670249362962525,0.0,-0.03711744397878647,0.40058062363247465,0.4191644720355845,,3157,9643,24991,27247,"[1, 64, 28, 28, 20]",0.7442973706828,0.04201175644993782,0.029863620176911354
baseline_ema,38CWS74285MFGZZXR09Z,0,53,0.16188219269935777,0.9999938011169434,-0.0336509570479393,0.5559245418596848,0.4010132000417205,high,3157,9643,24991,27247,"[1, 64, 28, 28, 20]",0.7442973706828,0.04201175644993782,0.029863620176911354
baseline_ema,38CWS74285MFGZZXR09Z,0,54,0.07031423998963252,0.43435171246528625,-0.025999723002314568,0.4722878996206927,0.41023397445648946,,3157,9643,24991,27247,"[1, 64, 28, 28, 20]",0.7442973706828,0.04201175644993782,0.029863620176911354
baseline_ema,38CWS74285MFGZZXR09Z,0,55,0.033601745803610805,0.20756784081459045,0.03062477707862854,0.44476937384463083,0.41585099342836757,,3157,9643,24991,27247,"[1, 64, 28, 28, 20]",0.7442973706828,0.04201175644993782,0.029863620176911354
baseline_ema,38CWS74285MFGZZXR09Z,0,56,-0.01095432015446941,0.0,-0.030834196135401726,0.4029098629680278,0.4118348483341123,,3157,9643,24991,27247,"[1, 64, 28, 28, 20]",0.7442973706828,0.04201175644993782,0.029863620176911354
baseline_ema,38CWS74285MFGZZXR09Z,0,57,0.06782576391986647,0.4189796447753906,-0.0897740051150322,0.6004021142925143,0.5241298096716067,,3157,9643,24991,27247,"[1, 64, 28, 28, 20]",0.7442973706828,0.04201175644993782,0.029863620176911354
baseline_ema,38CWS74285MFGZZXR09Z,0,58,-0.11823141008126103,0.0,0.0007168104057200253,0.29022101970439784,0.36804937490525536,low,3157,9643,24991,27247,"[1, 64, 28, 28, 20]",0.7442973706828,0.04201175644993782,0.029863620176911354
baseline_ema,38CWS74285MFGZZXR09Z,0,59,0.028568233532525685,0.17647436261177063,-0.061622411012649536,0.3753290974261728,0.3544797201240676,,3157,9643,24991,27247,"[1, 64, 28, 28, 20]",0.7442973706828,0.04201175644993782,0.029863620176911354
baseline_ema,38CWS74285MFGZZXR09Z,0,60,0.00492906766403582,0.030448297038674355,0.028021041303873062,0.5183508056106791,0.5132658921748773,,3157,9643,24991,27247,"[1, 64, 28, 28, 20]",0.7442973706828,0.04201175644993782,0.029863620176911354
baseline_ema,38CWS74285MFGZZXR09Z,0,61,0.10002611931658918,0.6178907155990601,-0.010050580836832523,0.49941344721623976,0.40858935095995186,,3157,9643,24991,27247,"[1, 64, 28, 28, 20]",0.7442973706828,0.04201175644993782,0.029863620176911354
baseline_ema,38CWS74285MFGZZXR09Z,0,62,0.07193380736811078,0.444356232881546,0.00953493732959032,0.5519910612352881,0.47790653407178146,,3157,9643,24991,27247,"[1, 64, 28, 28, 20]",0.7442973706828,0.04201175644993782,0.029863620176911354
baseline_ema,38CWS74285MFGZZXR09Z,0,63,0.04038179037014907,0.2494501769542694,-0.057163797318935394,0.4379474249095322,0.4039500569039917,,3157,9643,24991,27247,"[1, 64, 28, 28, 20]",0.7442973706828,0.04201175644993782,0.029863620176911354
baseline_ema,38CWS74285MFGZZXR09Z,1,0,0.16451287799358186,0.8407883644104004,0.03160491958260536,0.5088118909391312,0.3650501646859788,high,3461,9344,27300,29828,"[1, 64, 28, 28, 20]",0.7133369464103343,0.0431729294359684,0.0306361336261034
baseline_ema,38CWS74285MFGZZXR09Z,1,1,0.029434667942598036,0.1504339724779129,-0.027807261794805527,0.5528202245700049,0.5212065729877718,middle,3461,9344,27300,29828,"[1, 64, 28, 28, 20]",0.7133369464103343,0.0431729294359684,0.0306361336261034
baseline_ema,38CWS74285MFGZZXR09Z,1,2,0.0946045585746501,0.4835026264190674,-0.015716424211859703,0.4911740098571559,0.4062714807672638,,3461,9344,27300,29828,"[1, 64, 28, 28, 20]",0.7133369464103343,0.0431729294359684,0.0306361336261034
baseline_ema,38CWS74285MFGZZXR09Z,1,3,0.04797129955685779,0.24517053365707397,-0.03472409024834633,0.38501249312908575,0.3497642499100438,,3461,9344,27300,29828,"[1, 64, 28, 28, 20]",0.7133369464103343,0.0431729294359684,0.0306361336261034
baseline_ema,38CWS74285MFGZZXR09Z,1,4,-0.0795299657484112,0.0,-0.027369283139705658,0.41602586153155674,0.4879164414567201,,3461,9344,27300,29828,"[1, 64, 28, 28, 20]",0.7133369464103343,0.0431729294359684,0.0306361336261034
baseline_ema,38CWS74285MFGZZXR09Z,1,5,-0.15564170837869842,0.0,0.024372529238462448,0.30402309848080067,0.4161052624733678,low,3461,9344,27300,29828,"[1, 64, 28, 28, 20]",0.7133369464103343,0.0431729294359684,0.0306361336261034
baseline_ema,38CWS74285MFGZZXR09Z,1,6,0.0650274220880351,0.3323405385017395,-0.023520180955529213,0.49749129603941683,0.43674054289361525,,3461,9344,27300,29828,"[1, 64, 28, 28, 20]",0.7133369464103343,0.0431729294359684,0.0306361336261034
baseline_ema,38CWS74285MFGZZXR09Z,1,7,0.16753434247958507,0.8562303781509399,-0.05234840512275696,0.49173432572859016,0.35061218875094796,high,3461,9344,27300,29828,"[1, 64, 28, 28, 20]",0.7133369464103343,0.0431729294359684,0.0306361336261034
baseline_ema,38CWS74285MFGZZXR09Z,1,8,0.02758206043365548,0.14096571505069733,-0.017685288563370705,0.3754429050881135,0.3552878185265837,middle,3461,9344,27300,29828,"[1, 64, 28, 28, 20]",0.7133369464103343,0.0431729294359684,0.0306361336261034
baseline_ema,38CWS74285MFGZZXR09Z,1,9,0.13258067993076592,0.6775900721549988,-0.06250552833080292,0.4179880482069174,0.3201279894816803,,3461,9344,27300,29828,"[1, 64, 28, 28, 20]",0.7133369464103343,0.0431729294359684,0.0306361336261034
baseline_ema,38CWS74285MFGZZXR09Z,1,10,-0.054520129178270454,0.0,-0.020771533250808716,0.4433492628142183,0.4944798835407685,,3461,9344,27300,29828,"[1, 64, 28, 28, 20]",0.7133369464103343,0.0431729294359684,0.0306361336261034
baseline_ema,38CWS74285MFGZZXR09Z,1,11,0.007493027680472128,0.03829517960548401,-0.006349304690957069,0.39682337663416056,0.3909207803675886,,3461,9344,27300,29828,"[1, 64, 28, 28, 20]",0.7133369464103343,0.0431729294359684,0.0306361336261034
baseline_ema,38CWS74285MFGZZXR09Z,1,12,-0.04165989745829646,0.0,-0.017352044582366943,0.40453684217103064,0.43970803901064853,,3461,9344,27300,29828,"[1, 64, 28, 28, 20]",0.7133369464103343,0.0431729294359684,0.0306361336261034
baseline_ema,38CWS74285MFGZZXR09Z,1,13,-0.06777735376825833,0.0,-0.012125084176659584,0.4084166934842649,0.46780473070845585,,3461,9344,27300,29828,"[1, 64, 28, 28, 20]",0.7133369464103343,0.0431729294359684,0.0306361336261034
baseline_ema,38CWS74285MFGZZXR09Z,1,14,0.019892858417217812,0.10166792571544647,0.00977474544197321,0.548011898179404,0.52663409764302,,3461,9344,27300,29828,"[1, 64, 28, 28, 20]",0.7133369464103343,0.0431729294359684,0.0306361336261034
baseline_ema,38CWS74285MFGZZXR09Z,1,15,-0.20829627241965654,0.0,-0.011053944006562233,0.3604270642326818,0.550083157772661,low,3461,9344,27300,29828,"[1, 64, 28, 28, 20]",0.7133369464103343,0.0431729294359684,0.0306361336261034
baseline_ema,38CWS74285MFGZZXR09Z,1,16,-0.03507187021921883,0.0,0.030487388372421265,0.37371411673417954,0.4008806385353503,,3461,9344,27300,29828,"[1, 64, 28, 28, 20]",0.7133369464103343,0.0431729294359684,0.0306361336261034
baseline_ema,38CWS74285MFGZZXR09Z,1,17,0.025931081951204332,0.1325279325246811,-0.02115056663751602,0.36864695885249354,0.3500113455354152,middle,3461,9344,27300,29828,"[1, 64, 28, 28, 20]",0.7133369464103343,0.0431729294359684,0.0306361336261034
baseline_ema,38CWS74285MFGZZXR09Z,1,18,0.11155447620276124,0.5701298713684082,-0.023864980787038803,0.5765752315640914,0.4608461240792624,,3461,9344,27300,29828,"[1, 64, 28, 28, 20]",0.7133369464103343,0.0431729294359684,0.0306361336261034
baseline_ema,38CWS74285MFGZZXR09Z,1,19,0.08836621251538286,0.45161983370780945,0.05424684286117554,0.5759428825119214,0.4824193336353845,,3461,9344,27300,29828,"[1, 64, 28, 28, 20]",0.7133369464103343,0.0431729294359684,0.0306361336261034
baseline_ema,38CWS74285MFGZZXR09Z,1,20,-0.03856729553772766,0.0,-0.053024955093860626,0.3369023910533409,0.36393170533912084,,3461,9344,27300,29828,"[1, 64, 28, 28, 20]",0.7133369464103343,0.0431729294359684,0.0306361336261034
baseline_ema,38CWS74285MFGZZXR09Z,1,21,0.16246821212216883,0.8303385376930237,-0.023283522576093674,0.6988295162616486,0.5034905605201146,high,3461,9344,27300,29828,"[1, 64, 28, 28, 20]",0.7133369464103343,0.0431729294359684,0.0306361336261034
baseline_ema,38CWS74285MFGZZXR09Z,1,22,-0.03565816513609026,0.0,-0.020075291395187378,0.4374718015694345,0.4698243533469477,,3461,9344,27300,29828,"[1, 64, 28, 28, 20]",0.7133369464103343,0.0431729294359684,0.0306361336261034
baseline_ema,38CWS74285MFGZZXR09Z,1,23,-0.0655151048371417,0.0,-0.022811442613601685,0.3737379346909915,0.42614223326701567,,3461,9344,27300,29828,"[1, 64, 28, 28, 20]",0.7133369464103343,0.0431729294359684,0.0306361336261034
baseline_ema,38CWS74285MFGZZXR09Z,1,24,0.1512296993211296,0.7729009985923767,-0.029059998691082,0.6543385320124374,0.4824258457367565,,3461,9344,27300,29828,"[1, 64, 28, 28, 20]",0.7133369464103343,0.0431729294359684,0.0306361336261034
baseline_ema,38CWS74285MFGZZXR09Z,1,25,-0.07025765444209907,0.0,-0.056656017899513245,0.4060210558409972,0.46738455574526977,,3461,9344,27300,29828,"[1, 64, 28, 28, 20]",0.7133369464103343,0.0431729294359684,0.0306361336261034
baseline_ema,38CWS74285MFGZZXR09Z,1,26,0.014657556332767389,0.07491147518157959,0.013315270654857159,0.3709873570856594,0.36026891246349696,,3461,9344,27300,29828,"[1, 64, 28, 28, 20]",0.7133369464103343,0.0431729294359684,0.0306361336261034
baseline_ema,38CWS74285MFGZZXR09Z,1,27,-0.05744088637131128,0.0,0.005742930807173252,0.4328774421581311,0.48563783103692887,,3461,9344,27300,29828,"[1, 64, 28, 28, 20]",0.7133369464103343,0.0431729294359684,0.0306361336261034
baseline_ema,38CWS74285MFGZZXR09Z,1,28,0.11888577653438663,0.6075984835624695,-0.014056009240448475,0.48480774116023695,0.38178238248756174,,3461,9344,27300,29828,"[1, 64, 28, 28, 20]",0.7133369464103343,0.0431729294359684,0.0306361336261034
baseline_ema,38CWS74285MFGZZXR09Z,1,29,0.058537515960288826,0.2991720736026764,0.02755051478743553,0.5127737048159484,0.45606049863126735,,3461,9344,27300,29828,"[1, 64, 28, 28, 20]",0.7133369464103343,0.0431729294359684,0.0306361336261034
baseline_ema,38CWS74285MFGZZXR09Z,1,30,-0.026626083501299396,0.0,-0.02030298113822937,0.45024991694164945,0.47488259919207676,,3461,9344,27300,29828,"[1, 64, 28, 28, 20]",0.7133369464103343,0.0431729294359684,0.0306361336261034
baseline_ema,38CWS74285MFGZZXR09Z,1,31,0.0010604405575749079,0.005419673398137093,-0.05765392258763313,0.5628987821023992,0.5617062043031232,,3461,9344,27300,29828,"[1, 64, 28, 28, 20]",0.7133369464103343,0.0431729294359684,0.0306361336261034
baseline_ema,38CWS74285MFGZZXR09Z,1,32,0.017821337478128845,0.09108085185289383,-0.05008646100759506,0.393196939208552,0.37942771665121444,,3461,9344,27300,29828,"[1, 64, 28, 28, 20]",0.7133369464103343,0.0431729294359684,0.0306361336261034
baseline_ema,38CWS74285MFGZZXR09Z,1,33,0.06878101109930652,0.351524293422699,0.1891624629497528,0.33665745803103203,0.2933264584950555,,3461,9344,27300,29828,"[1, 64, 28, 28, 20]",0.7133369464103343,0.0431729294359684,0.0306361336261034
baseline_ema,38CWS74285MFGZZXR09Z,1,34,0.06503260051141745,0.3323670029640198,0.012013398110866547,0.433311314066721,0.38039388395698126,,3461,9344,27300,29828,"[1, 64, 28, 28, 20]",0.7133369464103343,0.0431729294359684,0.0306361336261034
baseline_ema,38CWS74285MFGZZXR09Z,1,35,0.0361480008470911,0.18474431335926056,0.023561913520097733,0.47161720703220816,0.438710639130005,,3461,9344,27300,29828,"[1, 64, 28, 28, 20]",0.7133369464103343,0.0431729294359684,0.0306361336261034
baseline_ema,38CWS74285MFGZZXR09Z,1,36,-0.1489628853574723,0.0,-0.011307962238788605,0.4002109545387956,0.5403144870298584,low,3461,9344,27300,29828,"[1, 64, 28, 28, 20]",0.7133369464103343,0.0431729294359684,0.0306361336261034
baseline_ema,38CWS74285MFGZZXR09Z,1,37,0.05211127966248078,0.2663290500640869,-0.07046037167310715,0.3301241906850277,0.29742190830802234,,3461,9344,27300,29828,"[1, 64, 28, 28, 20]",0.7133369464103343,0.0431729294359684,0.0306361336261034
baseline_ema,38CWS74285MFGZZXR09Z,1,38,0.02538715044990946,0.12974801659584045,-0.027315806597471237,0.4730192406470122,0.44959662741002393,middle,3461,9344,27300,29828,"[1, 64, 28, 28, 20]",0.7133369464103343,0.0431729294359684,0.0306361336261034
baseline_ema,38CWS74285MFGZZXR09Z,1,39,0.12683246918926097,0.6482122540473938,-0.03443494439125061,0.4753649491707172,0.36835387994058894,,3461,9344,27300,29828,"[1, 64, 28, 28, 20]",0.7133369464103343,0.0431729294359684,0.0306361336261034
baseline_ema,38CWS74285MFGZZXR09Z,1,40,0.08979833033478556,0.4589390754699707,-0.0033861538395285606,0.4499240866590624,0.3757773834866677,,3461,9344,27300,29828,"[1, 64, 28, 28, 20]",0.7133369464103343,0.0431729294359684,0.0306361336261034
baseline_ema,38CWS74285MFGZZXR09Z,1,41,0.01025845905077369,0.052428677678108215,-0.04147738963365555,0.5443334417440249,0.5332787905281885,,3461,9344,27300,29828,"[1, 64, 28, 28, 20]",0.7133369464103343,0.0431729294359684,0.0306361336261034
baseline_ema,38CWS74285MFGZZXR09Z,1,42,-0.05522060675751933,0.0,-0.038304638117551804,0.4204744597096826,0.46962642590959097,,3461,9344,27300,29828,"[1, 64, 28, 28, 20]",0.7133369464103343,0.0431729294359684,0.0306361336261034
baseline_ema,38CWS74285MFGZZXR09Z,1,43,-0.031062977354982854,0.0,-0.03765468671917915,0.39085712111355914,0.4159179891574486,,3461,9344,27300,29828,"[1, 64, 28, 28, 20]",0.7133369464103343,0.0431729294359684,0.0306361336261034
baseline_ema,38CWS74285MFGZZXR09Z,1,44,-0.05041040046708541,0.0,-0.027598794549703598,0.38008983744989755,0.42044517860768543,,3461,9344,27300,29828,"[1, 64, 28, 28, 20]",0.7133369464103343,0.0431729294359684,0.0306361336261034
baseline_ema,38CWS74285MFGZZXR09Z,1,45,0.04012441346789401,0.20506685972213745,-0.04892873391509056,0.5515646231525047,0.509009661901181,,3461,9344,27300,29828,"[1, 64, 28, 28, 20]",0.7133369464103343,0.0431729294359684,0.0306361336261034
baseline_ema,38CWS74285MFGZZXR09Z,1,46,0.09435214368319396,0.4822126030921936,-0.02537716180086136,0.4731532133331566,0.39156509308806925,,3461,9344,27300,29828,"[1, 64, 28, 28, 20]",0.7133369464103343,0.0431729294359684,0.0306361336261034
baseline_ema,38CWS74285MFGZZXR09Z,1,47,0.04943814993353206,0.25266727805137634,-0.07069750875234604,0.5831465020181643,0.5282033709324692,,3461,9344,27300,29828,"[1, 64, 28, 28, 20]",0.7133369464103343,0.0431729294359684,0.0306361336261034
baseline_ema,38CWS74285MFGZZXR09Z,1,48,0.037748286015263324,0.19292300939559937,-0.050693340599536896,0.39027302137629305,0.3618804781986701,,3461,9344,27300,29828,"[1, 64, 28, 28, 20]",0.7133369464103343,0.0431729294359684,0.0306361336261034
baseline_ema,38CWS74285MFGZZXR09Z,1,49,-0.06632434238206736,0.0,-0.022898979485034943,0.4148693243498164,0.473810495300693,,3461,9344,27300,29828,"[1, 64, 28, 28, 20]",0.7133369464103343,0.0431729294359684,0.0306361336261034
baseline_ema,38CWS74285MFGZZXR09Z,1,50,0.0314548478700946,0.16075865924358368,-0.003599524265155196,0.4065687638327604,0.3817716059757323,,3461,9344,27300,29828,"[1, 64, 28, 28, 20]",0.7133369464103343,0.0431729294359684,0.0306361336261034
baseline_ema,38CWS74285MFGZZXR09Z,1,51,-0.015858323340951063,0.0,-0.10535430908203125,0.36164205023907614,0.37329696666331835,,3461,9344,27300,29828,"[1, 64, 28, 28, 20]",0.7133369464103343,0.0431729294359684,0.0306361336261034
baseline_ema,38CWS74285MFGZZXR09Z,1,52,-0.019352122621877955,0.0,-0.030925603583455086,0.39636948262616295,0.41201342717417216,,3461,9344,27300,29828,"[1, 64, 28, 28, 20]",0.7133369464103343,0.0431729294359684,0.0306361336261034
baseline_ema,38CWS74285MFGZZXR09Z,1,53,0.1956640332510688,0.9999948740005493,-0.040200743824243546,0.5717627956580277,0.3846307763244972,high,3461,9344,27300,29828,"[1, 64, 28, 28, 20]",0.7133369464103343,0.0431729294359684,0.0306361336261034
baseline_ema,38CWS74285MFGZZXR09Z,1,54,0.04727750466304735,0.24162469804286957,-0.02110062912106514,0.4620711615163844,0.4203523333457525,,3461,9344,27300,29828,"[1, 64, 28, 28, 20]",0.7133369464103343,0.0431729294359684,0.0306361336261034
baseline_ema,38CWS74285MFGZZXR09Z,1,55,0.04093070722055304,0.20918764173984528,0.016478154808282852,0.4653251966481654,0.4287308110284693,,3461,9344,27300,29828,"[1, 64, 28, 28, 20]",0.7133369464103343,0.0431729294359684,0.0306361336261034
baseline_ema,38CWS74285MFGZZXR09Z,1,56,0.022221367061462074,0.11356841027736664,-0.03384143114089966,0.415858820972742,0.39777866159624553,,3461,9344,27300,29828,"[1, 64, 28, 28, 20]",0.7133369464103343,0.0431729294359684,0.0306361336261034
baseline_ema,38CWS74285MFGZZXR09Z,1,57,0.11064534776937608,0.5654835104942322,-0.07741007208824158,0.6051800112333257,0.4846007313342226,,3461,9344,27300,29828,"[1, 64, 28, 28, 20]",0.7133369464103343,0.0431729294359684,0.0306361336261034
baseline_ema,38CWS74285MFGZZXR09Z,1,58,-0.08559872966433438,0.0,0.00032392313005402684,0.31096094288141934,0.3691802506377764,low,3461,9344,27300,29828,"[1, 64, 28, 28, 20]",0.7133369464103343,0.0431729294359684,0.0306361336261034
baseline_ema,38CWS74285MFGZZXR09Z,1,59,0.043036968785501145,0.2199522703886032,-0.04189000278711319,0.3712480212139987,0.34061169384057066,,3461,9344,27300,29828,"[1, 64, 28, 28, 20]",0.7133369464103343,0.0431729294359684,0.0306361336261034
baseline_ema,38CWS74285MFGZZXR09Z,1,60,-0.0157523997169109,0.0,0.03582140803337097,0.48899357675431293,0.5046457970980969,,3461,9344,27300,29828,"[1, 64, 28, 28, 20]",0.7133369464103343,0.0431729294359684,0.0306361336261034
baseline_ema,38CWS74285MFGZZXR09Z,1,61,0.12389278033694069,0.6331881284713745,-0.021603569388389587,0.5056246065312979,0.3941490256710952,,3461,9344,27300,29828,"[1, 64, 28, 28, 20]",0.7133369464103343,0.0431729294359684,0.0306361336261034
baseline_ema,38CWS74285MFGZZXR09Z,1,62,0.07824614240910549,0.3998984396457672,0.017766010016202927,0.5525804775965751,0.4723811090758031,,3461,9344,27300,29828,"[1, 64, 28, 28, 20]",0.7133369464103343,0.0431729294359684,0.0306361336261034
baseline_ema,38CWS74285MFGZZXR09Z,1,63,0.024675212774248608,0.12610946595668793,-0.06071055307984352,0.44263049791285425,0.42131249603710486,,3461,9344,27300,29828,"[1, 64, 28, 28, 20]",0.7133369464103343,0.0431729294359684,0.0306361336261034
baseline_ema,38CWS74285MFGZZXR09Z,2,0,0.07427223099784584,0.3386678695678711,0.029561281204223633,0.46412673052099757,0.39994976702334367,,2467,10773,19802,21610,"[1, 64, 28, 28, 20]",0.7996623204589282,0.0367511510848999,0.027027949690818787
baseline_ema,38CWS74285MFGZZXR09Z,2,1,0.007283448671040683,0.033211201429367065,-0.04660210758447647,0.5080618713357503,0.5007144931807864,,2467,10773,19802,21610,"[1, 64, 28, 28, 20]",0.7996623204589282,0.0367511510848999,0.027027949690818787
baseline_ema,38CWS74285MFGZZXR09Z,2,2,0.16271649304354546,0.7419576048851013,-0.038346067070961,0.5524770013102186,0.39784394667220757,high,2467,10773,19802,21610,"[1, 64, 28, 28, 20]",0.7996623204589282,0.0367511510848999,0.027027949690818787
baseline_ema,38CWS74285MFGZZXR09Z,2,3,0.0480197864427871,0.21896149218082428,-0.023791607469320297,0.3856798397158365,0.3503364467991855,,2467,10773,19802,21610,"[1, 64, 28, 28, 20]",0.7996623204589282,0.0367511510848999,0.027027949690818787
baseline_ema,38CWS74285MFGZZXR09Z,2,4,0.004366040078454641,0.019908348098397255,-0.08030031621456146,0.47748915527149377,0.473337802301017,,2467,10773,19802,21610,"[1, 64, 28, 28, 20]",0.7996623204589282,0.0367511510848999,0.027027949690818787
baseline_ema,38CWS74285MFGZZXR09Z,2,5,-0.08635577661312932,0.0,0.014942754060029984,0.31661696766569775,0.37646903395075143,,2467,10773,19802,21610,"[1, 64, 28, 28, 20]",0.7996623204589282,0.0367511510848999,0.027027949690818787
baseline_ema,38CWS74285MFGZZXR09Z,2,6,0.005064600467046386,0.023093657568097115,-0.035909503698349,0.48096929484566964,0.4761220047381907,,2467,10773,19802,21610,"[1, 64, 28, 28, 20]",0.7996623204589282,0.0367511510848999,0.027027949690818787
baseline_ema,38CWS74285MFGZZXR09Z,2,7,0.13094608661015442,0.5970903635025024,-0.07936118543148041,0.4626253933201996,0.35549552919664307,,2467,10773,19802,21610,"[1, 64, 28, 28, 20]",0.7996623204589282,0.0367511510848999,0.027027949690818787
baseline_ema,38CWS74285MFGZZXR09Z,2,8,0.04599009335240728,0.20970645546913147,-0.07117894291877747,0.3511555578747827,0.3202762981464909,,2467,10773,19802,21610,"[1, 64, 28, 28, 20]",0.7996623204589282,0.0367511510848999,0.027027949690818787
baseline_ema,38CWS74285MFGZZXR09Z,2,9,0.0841175781662116,0.3835608661174774,-0.050220999866724014,0.4155192206363429,0.3510381841064265,,2467,10773,19802,21610,"[1, 64, 28, 28, 20]",0.7996623204589282,0.0367511510848999,0.027027949690818787
baseline_ema,38CWS74285MFGZZXR09Z,2,10,0.03902908714454043,0.17796553671360016,-0.018399162217974663,0.5232860222814645,0.48397356119182483,,2467,10773,19802,21610,"[1, 64, 28, 28, 20]",0.7996623204589282,0.0367511510848999,0.027027949690818787
baseline_ema,38CWS74285MFGZZXR09Z,2,11,-0.018240273815280404,0.0,0.05239848792552948,0.41528359329036124,0.4307148548724266,,2467,10773,19802,21610,"[1, 64, 28, 28, 20]",0.7996623204589282,0.0367511510848999,0.027027949690818787
baseline_ema,38CWS74285MFGZZXR09Z,2,12,-0.014082461595664125,0.0,-0.04334872588515282,0.4035035758963269,0.415030565591024,,2467,10773,19802,21610,"[1, 64, 28, 28, 20]",0.7996623204589282,0.0367511510848999,0.027027949690818787
baseline_ema,38CWS74285MFGZZXR09Z,2,13,0.003578166343743644,0.01631578803062439,-0.007415612228214741,0.42359066501234655,0.4205701137469154,,2467,10773,19802,21610,"[1, 64, 28, 28, 20]",0.7996623204589282,0.0367511510848999,0.027027949690818787
baseline_ema,38CWS74285MFGZZXR09Z,2,14,-0.008442637680392811,0.0,0.00852495338767767,0.5199679356656891,0.5288225017742932,,2467,10773,19802,21610,"[1, 64, 28, 28, 20]",0.7996623204589282,0.0367511510848999,0.027027949690818787
baseline_ema,38CWS74285MFGZZXR09Z,2,15,-0.06752342020940583,0.0,-0.01880967617034912,0.4451964566552624,0.5096725450240078,,2467,10773,19802,21610,"[1, 64, 28, 28, 20]",0.7996623204589282,0.0367511510848999,0.027027949690818787
baseline_ema,38CWS74285MFGZZXR09Z,2,16,-0.04102642131197102,0.0,0.03260152041912079,0.37658148445047435,0.40880304194885747,,2467,10773,19802,21610,"[1, 64, 28, 28, 20]",0.7996623204589282,0.0367511510848999,0.027027949690818787
baseline_ema,38CWS74285MFGZZXR09Z,2,17,0.0965998190623885,0.4404776096343994,-0.12819582223892212,0.4504765869222278,0.3711112535855034,,2467,10773,19802,21610,"[1, 64, 28, 28, 20]",0.7996623204589282,0.0367511510848999,0.027027949690818787
baseline_ema,38CWS74285MFGZZXR09Z,2,18,0.05654068981728791,0.25781527161598206,-0.05055276304483414,0.5023999863748978,0.4486281433442426,,2467,10773,19802,21610,"[1, 64, 28, 28, 20]",0.7996623204589282,0.0367511510848999,0.027027949690818787
baseline_ema,38CWS74285MFGZZXR09Z,2,19,0.07431515244302808,0.3388635814189911,0.05896766856312752,0.5293722413800696,0.45613411216745975,,2467,10773,19802,21610,"[1, 64, 28, 28, 20]",0.7996623204589282,0.0367511510848999,0.027027949690818787
baseline_ema,38CWS74285MFGZZXR09Z,2,20,-0.03742172561361203,0.0,-0.08061374723911285,0.3272220505650491,0.35266462043737973,,2467,10773,19802,21610,"[1, 64, 28, 28, 20]",0.7996623204589282,0.0367511510848999,0.027027949690818787
baseline_ema,38CWS74285MFGZZXR09Z,2,21,0.06699710016523094,0.30549460649490356,-0.014525827951729298,0.6500557888139539,0.5684212908608433,,2467,10773,19802,21610,"[1, 64, 28, 28, 20]",0.7996623204589282,0.0367511510848999,0.027027949690818787
baseline_ema,38CWS74285MFGZZXR09Z,2,22,0.0006525630048173889,0.0029755686409771442,-0.028719570487737656,0.4519412443781725,0.45135178811009835,,2467,10773,19802,21610,"[1, 64, 28, 28, 20]",0.7996623204589282,0.0367511510848999,0.027027949690818787
baseline_ema,38CWS74285MFGZZXR09Z,2,23,-0.10470890238308299,0.0,0.00505073694512248,0.3428726805260112,0.4230742473349269,low,2467,10773,19802,21610,"[1, 64, 28, 28, 20]",0.7996623204589282,0.0367511510848999,0.027027949690818787
baseline_ema,38CWS74285MFGZZXR09Z,2,24,0.16957796546418552,0.7732446789741516,-0.03077484853565693,0.671741709113121,0.4769489197455298,high,2467,10773,19802,21610,"[1, 64, 28, 28, 20]",0.7996623204589282,0.0367511510848999,0.027027949690818787
baseline_ema,38CWS74285MFGZZXR09Z,2,25,-0.1113424154695702,0.0,-0.06053759157657623,0.3539982900766345,0.4427053039964333,low,2467,10773,19802,21610,"[1, 64, 28, 28, 20]",0.7996623204589282,0.0367511510848999,0.027027949690818787
baseline_ema,38CWS74285MFGZZXR09Z,2,26,-0.03623116323902261,0.0,0.025581538677215576,0.32657329792100753,0.3511272119525692,,2467,10773,19802,21610,"[1, 64, 28, 28, 20]",0.7996623204589282,0.0367511510848999,0.027027949690818787
baseline_ema,38CWS74285MFGZZXR09Z,2,27,0.03428352948653447,0.15632666647434235,0.05856436863541603,0.4536938378699203,0.4236165084591755,,2467,10773,19802,21610,"[1, 64, 28, 28, 20]",0.7996623204589282,0.0367511510848999,0.027027949690818787
baseline_ema,38CWS74285MFGZZXR09Z,2,28,0.05708560631280544,0.2602999806404114,-0.017562810331583023,0.47518390936938004,0.4238613107884352,,2467,10773,19802,21610,"[1, 64, 28, 28, 20]",0.7996623204589282,0.0367511510848999,0.027027949690818787
baseline_ema,38CWS74285MFGZZXR09Z,2,29,0.04329454433841951,0.19741524755954742,0.08668411523103714,0.5019824680106195,0.46031997876708813,,2467,10773,19802,21610,"[1, 64, 28, 28, 20]",0.7996623204589282,0.0367511510848999,0.027027949690818787
baseline_ema,38CWS74285MFGZZXR09Z,2,30,-0.12816890333146633,0.0,-0.03563927114009857,0.3569100404678352,0.4618497076442065,low,2467,10773,19802,21610,"[1, 64, 28, 28, 20]",0.7996623204589282,0.0367511510848999,0.027027949690818787
baseline_ema,38CWS74285MFGZZXR09Z,2,31,-0.07509086738052409,0.0,-0.03456034138798714,0.46035171483714515,0.5351012137738987,,2467,10773,19802,21610,"[1, 64, 28, 28, 20]",0.7996623204589282,0.0367511510848999,0.027027949690818787
baseline_ema,38CWS74285MFGZZXR09Z,2,32,0.007960820093274324,0.03629989176988602,-0.03328631818294525,0.37433003750771326,0.3684171527901469,,2467,10773,19802,21610,"[1, 64, 28, 28, 20]",0.7996623204589282,0.0367511510848999,0.027027949690818787
baseline_ema,38CWS74285MFGZZXR09Z,2,33,0.09360863999549189,0.42683836817741394,0.21202820539474487,0.36855818194437495,0.3054638066558143,,2467,10773,19802,21610,"[1, 64, 28, 28, 20]",0.7996623204589282,0.0367511510848999,0.027027949690818787
baseline_ema,38CWS74285MFGZZXR09Z,2,34,0.06456418448808941,0.2944009304046631,-0.03159092739224434,0.43491388628781025,0.38216010576059295,,2467,10773,19802,21610,"[1, 64, 28, 28, 20]",0.7996623204589282,0.0367511510848999,0.027027949690818787
baseline_ema,38CWS74285MFGZZXR09Z,2,35,0.05208120531861417,0.23748081922531128,0.0369897335767746,0.4833953518543362,0.43553623511825157,,2467,10773,19802,21610,"[1, 64, 28, 28, 20]",0.7996623204589282,0.0367511510848999,0.027027949690818787
baseline_ema,38CWS74285MFGZZXR09Z,2,36,-0.17526843704474449,0.0,0.0052360049448907375,0.3692166965410837,0.5261456268124448,low,2467,10773,19802,21610,"[1, 64, 28, 28, 20]",0.7996623204589282,0.0367511510848999,0.027027949690818787
baseline_ema,38CWS74285MFGZZXR09Z,2,37,0.06471612980184394,0.2950937747955322,-0.06987280398607254,0.3589335535969987,0.31529972077959123,,2467,10773,19802,21610,"[1, 64, 28, 28, 20]",0.7996623204589282,0.0367511510848999,0.027027949690818787
baseline_ema,38CWS74285MFGZZXR09Z,2,38,-0.002007230594360952,0.0,-0.017063461244106293,0.4384735789814114,0.4402373564618633,,2467,10773,19802,21610,"[1, 64, 28, 28, 20]",0.7996623204589282,0.0367511510848999,0.027027949690818787
baseline_ema,38CWS74285MFGZZXR09Z,2,39,0.17188184581734808,0.7837499380111694,-0.04733574017882347,0.5189439718855317,0.3667150863152768,high,2467,10773,19802,21610,"[1, 64, 28, 28, 20]",0.7996623204589282,0.0367511510848999,0.027027949690818787
baseline_ema,38CWS74285MFGZZXR09Z,2,40,-0.006776826085142564,0.0,0.003145612310618162,0.424036267057139,0.42982272774296,,2467,10773,19802,21610,"[1, 64, 28, 28, 20]",0.7996623204589282,0.0367511510848999,0.027027949690818787
baseline_ema,38CWS74285MFGZZXR09Z,2,41,0.02682064461954719,0.1222972646355629,-0.07132342457771301,0.5010215281474651,0.47484805017169496,,2467,10773,19802,21610,"[1, 64, 28, 28, 20]",0.7996623204589282,0.0367511510848999,0.027027949690818787
baseline_ema,38CWS74285MFGZZXR09Z,2,42,0.02060594309041337,0.09395935386419296,-0.06538060307502747,0.44959853497421787,0.4314438060293115,middle,2467,10773,19802,21610,"[1, 64, 28, 28, 20]",0.7996623204589282,0.0367511510848999,0.027027949690818787
baseline_ema,38CWS74285MFGZZXR09Z,2,43,-0.012412351959040047,0.0,-0.0317971333861351,0.4173443682101668,0.4278350449674138,,2467,10773,19802,21610,"[1, 64, 28, 28, 20]",0.7996623204589282,0.0367511510848999,0.027027949690818787
baseline_ema,38CWS74285MFGZZXR09Z,2,44,0.015701081461172894,0.07159407436847687,-0.018714483827352524,0.40258445980496205,0.39013784659500583,middle,2467,10773,19802,21610,"[1, 64, 28, 28, 20]",0.7996623204589282,0.0367511510848999,0.027027949690818787
baseline_ema,38CWS74285MFGZZXR09Z,2,45,-0.040421653467924035,0.0,-0.02077494189143181,0.41735958828850395,0.4525216673852443,,2467,10773,19802,21610,"[1, 64, 28, 28, 20]",0.7996623204589282,0.0367511510848999,0.027027949690818787
baseline_ema,38CWS74285MFGZZXR09Z,2,46,0.09794187462430533,0.4465971291065216,-0.10154113918542862,0.4833173140614486,0.3970886095324451,,2467,10773,19802,21610,"[1, 64, 28, 28, 20]",0.7996623204589282,0.0367511510848999,0.027027949690818787
baseline_ema,38CWS74285MFGZZXR09Z,2,47,0.004381357305611856,0.019978191703557968,-0.032519035041332245,0.5380034846938689,0.5333096745755485,,2467,10773,19802,21610,"[1, 64, 28, 28, 20]",0.7996623204589282,0.0367511510848999,0.027027949690818787
baseline_ema,38CWS74285MFGZZXR09Z,2,48,0.08850943587560983,0.4035869240760803,-0.08149176836013794,0.4423883414932424,0.370444846089853,,2467,10773,19802,21610,"[1, 64, 28, 28, 20]",0.7996623204589282,0.0367511510848999,0.027027949690818787
baseline_ema,38CWS74285MFGZZXR09Z,2,49,-0.04053738568852324,0.0,0.0002360310172662139,0.3770211691130998,0.40887957106810696,,2467,10773,19802,21610,"[1, 64, 28, 28, 20]",0.7996623204589282,0.0367511510848999,0.027027949690818787
baseline_ema,38CWS74285MFGZZXR09Z,2,50,-0.0128282359720485,0.0,1.6209203749895096e-05,0.3972228233492773,0.4075466083504487,,2467,10773,19802,21610,"[1, 64, 28, 28, 20]",0.7996623204589282,0.0367511510848999,0.027027949690818787
baseline_ema,38CWS74285MFGZZXR09Z,2,51,0.04846557927229239,0.220994234085083,-0.2010788768529892,0.38414624301656475,0.3486316876626649,,2467,10773,19802,21610,"[1, 64, 28, 28, 20]",0.7996623204589282,0.0367511510848999,0.027027949690818787
baseline_ema,38CWS74285MFGZZXR09Z,2,52,-0.037409178063777526,0.0,-0.07435645908117294,0.3891706044867221,0.4194193266088313,,2467,10773,19802,21610,"[1, 64, 28, 28, 20]",0.7996623204589282,0.0367511510848999,0.027027949690818787
baseline_ema,38CWS74285MFGZZXR09Z,2,53,0.219305991280984,0.9999954104423523,-0.1108916774392128,0.6163199947233053,0.39461555300218987,high,2467,10773,19802,21610,"[1, 64, 28, 28, 20]",0.7996623204589282,0.0367511510848999,0.027027949690818787
baseline_ema,38CWS74285MFGZZXR09Z,2,54,0.02274724752472246,0.10372330993413925,-0.0293288417160511,0.4281018183971134,0.4090586981617763,middle,2467,10773,19802,21610,"[1, 64, 28, 28, 20]",0.7996623204589282,0.0367511510848999,0.027027949690818787
baseline_ema,38CWS74285MFGZZXR09Z,2,55,0.023718271160661605,0.10815100371837616,0.028108922764658928,0.4360830602989229,0.4158760396307271,middle,2467,10773,19802,21610,"[1, 64, 28, 28, 20]",0.7996623204589282,0.0367511510848999,0.027027949690818787
baseline_ema,38CWS74285MFGZZXR09Z,2,56,0.04738497584519025,0.2160668671131134,-0.029574068263173103,0.4575037334999013,0.4161076326326508,,2467,10773,19802,21610,"[1, 64, 28, 28, 20]",0.7996623204589282,0.0367511510848999,0.027027949690818787
baseline_ema,38CWS74285MFGZZXR09Z,2,57,0.04550549392464443,0.207496777176857,-0.08338107913732529,0.5447974754067517,0.49737294994210146,,2467,10773,19802,21610,"[1, 64, 28, 28, 20]",0.7996623204589282,0.0367511510848999,0.027027949690818787
baseline_ema,38CWS74285MFGZZXR09Z,2,58,-0.0031827920697872596,0.0,0.0075204926542937756,0.37148637424812303,0.37385865568143023,,2467,10773,19802,21610,"[1, 64, 28, 28, 20]",0.7996623204589282,0.0367511510848999,0.027027949690818787
baseline_ema,38CWS74285MFGZZXR09Z,2,59,0.09956971475507087,0.45401978492736816,-0.1538778394460678,0.40163563247668144,0.32889664265293755,,2467,10773,19802,21610,"[1, 64, 28, 28, 20]",0.7996623204589282,0.0367511510848999,0.027027949690818787
baseline_ema,38CWS74285MFGZZXR09Z,2,60,-0.03255754758700428,0.0,0.035936981439590454,0.4606365958569365,0.4916404331007862,,2467,10773,19802,21610,"[1, 64, 28, 28, 20]",0.7996623204589282,0.0367511510848999,0.027027949690818787
baseline_ema,38CWS74285MFGZZXR09Z,2,61,0.03605882006601203,0.1644216626882553,-0.016982391476631165,0.4648354712777054,0.4324793225265278,,2467,10773,19802,21610,"[1, 64, 28, 28, 20]",0.7996623204589282,0.0367511510848999,0.027027949690818787
baseline_ema,38CWS74285MFGZZXR09Z,2,62,0.10650258745568043,0.48563241958618164,0.0059146517887711525,0.5427367114031595,0.4382581173569755,,2467,10773,19802,21610,"[1, 64, 28, 28, 20]",0.7996623204589282,0.0367511510848999,0.027027949690818787
baseline_ema,38CWS74285MFGZZXR09Z,2,63,-0.00858272637376188,0.0,-0.05089091509580612,0.43371810713869924,0.4412275347577382,,2467,10773,19802,21610,"[1, 64, 28, 28, 20]",0.7996623204589282,0.0367511510848999,0.027027949690818787
experiment_A_ema,06SR5RBREL16DQ6M8LWS,0,0,0.056815304450442035,0.27197492122650146,0.04956889525055885,0.5396665473637496,0.4816406132791049,,3221,9673,25699,28153,"[1, 64, 28, 28, 20]",0.6951967595709521,0.04163382574915886,0.029392367228865623
experiment_A_ema,06SR5RBREL16DQ6M8LWS,0,1,0.1422841340473001,0.6811142563819885,-0.10059188306331635,0.6774277570497411,0.5086653798783481,,3221,9673,25699,28153,"[1, 64, 28, 28, 20]",0.6951967595709521,0.04163382574915886,0.029392367228865623
experiment_A_ema,06SR5RBREL16DQ6M8LWS,0,2,0.12447043708870431,0.5958400964736938,-0.03527965396642685,0.4382015415286465,0.34119018784033156,,3221,9673,25699,28153,"[1, 64, 28, 28, 20]",0.6951967595709521,0.04163382574915886,0.029392367228865623
experiment_A_ema,06SR5RBREL16DQ6M8LWS,0,3,0.044210513714676325,0.2116357684135437,0.00044701166916638613,0.38729213899912923,0.3544972067451857,,3221,9673,25699,28153,"[1, 64, 28, 28, 20]",0.6951967595709521,0.04163382574915886,0.029392367228865623
experiment_A_ema,06SR5RBREL16DQ6M8LWS,0,4,-0.13182101920688805,0.0,-0.042628902941942215,0.397345453565714,0.5180084729097566,low,3221,9673,25699,28153,"[1, 64, 28, 28, 20]",0.6951967595709521,0.04163382574915886,0.029392367228865623
experiment_A_ema,06SR5RBREL16DQ6M8LWS,0,5,0.06611328356273817,0.31648433208465576,0.008348476141691208,0.5801378205157167,0.5081851492917132,,3221,9673,25699,28153,"[1, 64, 28, 28, 20]",0.6951967595709521,0.04163382574915886,0.029392367228865623
experiment_A_ema,06SR5RBREL16DQ6M8LWS,0,6,0.0027146694005866345,0.01299512479454279,-0.04190912842750549,0.581326701521007,0.5781790240932076,,3221,9673,25699,28153,"[1, 64, 28, 28, 20]",0.6951967595709521,0.04163382574915886,0.029392367228865623
experiment_A_ema,06SR5RBREL16DQ6M8LWS,0,7,0.0017241431447822422,0.008253474719822407,-0.02912801504135132,0.49838579944803696,0.49667017878035674,,3221,9673,25699,28153,"[1, 64, 28, 28, 20]",0.6951967595709521,0.04163382574915886,0.029392367228865623
experiment_A_ema,06SR5RBREL16DQ6M8LWS,0,8,0.06344719574647026,0.3037217855453491,-0.0274396650493145,0.4514211261209798,0.39755585402990373,,3221,9673,25699,28153,"[1, 64, 28, 28, 20]",0.6951967595709521,0.04163382574915886,0.029392367228865623
experiment_A_ema,06SR5RBREL16DQ6M8LWS,0,9,-0.17855313090567035,0.0,0.02027110941708088,0.30992250817438843,0.4446548336143825,low,3221,9673,25699,28153,"[1, 64, 28, 28, 20]",0.6951967595709521,0.04163382574915886,0.029392367228865623
experiment_A_ema,06SR5RBREL16DQ6M8LWS,0,10,-0.03748727405880895,0.0,-0.0017908004811033607,0.5112126019507367,0.5510333443446446,,3221,9673,25699,28153,"[1, 64, 28, 28, 20]",0.6951967595709521,0.04163382574915886,0.029392367228865623
experiment_A_ema,06SR5RBREL16DQ6M8LWS,0,11,0.010395692420118162,0.04976418614387512,-0.0074578239582479,0.4439032994705982,0.43476888332445457,,3221,9673,25699,28153,"[1, 64, 28, 28, 20]",0.6951967595709521,0.04163382574915886,0.029392367228865623
experiment_A_ema,06SR5RBREL16DQ6M8LWS,0,12,-0.05294451418086266,0.0,-0.0271274633705616,0.4341721434303531,0.4827164156957922,,3221,9673,25699,28153,"[1, 64, 28, 28, 20]",0.6951967595709521,0.04163382574915886,0.029392367228865623
experiment_A_ema,06SR5RBREL16DQ6M8LWS,0,13,-0.038570918510985916,0.0,-0.023778211325407028,0.37565561554781607,0.40579699924406926,,3221,9673,25699,28153,"[1, 64, 28, 28, 20]",0.6951967595709521,0.04163382574915886,0.029392367228865623
experiment_A_ema,06SR5RBREL16DQ6M8LWS,0,14,0.14848265203139663,0.7107865810394287,-0.01652403548359871,0.6668982377849914,0.4944569857598812,,3221,9673,25699,28153,"[1, 64, 28, 28, 20]",0.6951967595709521,0.04163382574915886,0.029392367228865623
experiment_A_ema,06SR5RBREL16DQ6M8LWS,0,15,-0.0059906248434117085,0.0,-0.032307591289281845,0.47233974011362645,0.4780330730895292,,3221,9673,25699,28153,"[1, 64, 28, 28, 20]",0.6951967595709521,0.04163382574915886,0.029392367228865623
experiment_A_ema,06SR5RBREL16DQ6M8LWS,0,16,-0.07131024369626186,0.0,0.05344556272029877,0.32629390791658075,0.3764035028320409,,3221,9673,25699,28153,"[1, 64, 28, 28, 20]",0.6951967595709521,0.04163382574915886,0.029392367228865623
experiment_A_ema,06SR5RBREL16DQ6M8LWS,0,17,0.07826042207765056,0.37463271617889404,0.05393463000655174,0.5768788823269069,0.49313877089481567,,3221,9673,25699,28153,"[1, 64, 28, 28, 20]",0.6951967595709521,0.04163382574915886,0.029392367228865623
experiment_A_ema,06SR5RBREL16DQ6M8LWS,0,18,0.03663574750216443,0.17537535727024078,-0.06397326290607452,0.4954189744232294,0.46040173173917553,middle,3221,9673,25699,28153,"[1, 64, 28, 28, 20]",0.6951967595709521,0.04163382574915886,0.029392367228865623
experiment_A_ema,06SR5RBREL16DQ6M8LWS,0,19,0.1742678128363216,0.8342201709747314,0.05315138399600983,0.7676463554619003,0.5398003103439593,high,3221,9673,25699,28153,"[1, 64, 28, 28, 20]",0.6951967595709521,0.04163382574915886,0.029392367228865623
experiment_A_ema,06SR5RBREL16DQ6M8LWS,0,20,0.02189872597959088,0.10482922196388245,-0.15716961026191711,0.4101585802279286,0.3925796145680148,middle,3221,9673,25699,28153,"[1, 64, 28, 28, 20]",0.6951967595709521,0.04163382574915886,0.029392367228865623
experiment_A_ema,06SR5RBREL16DQ6M8LWS,0,21,-0.09317655714506617,0.0,-0.03611203283071518,0.460057810304155,0.554600248036381,,3221,9673,25699,28153,"[1, 64, 28, 28, 20]",0.6951967595709521,0.04163382574915886,0.029392367228865623
experiment_A_ema,06SR5RBREL16DQ6M8LWS,0,22,0.05359669813033954,0.25656744837760925,-0.037891507148742676,0.48627469360334546,0.4368008393172024,,3221,9673,25699,28153,"[1, 64, 28, 28, 20]",0.6951967595709521,0.04163382574915886,0.029392367228865623
experiment_A_ema,06SR5RBREL16DQ6M8LWS,0,23,0.04189309376797123,0.20054227113723755,-0.030313313007354736,0.4658298724053314,0.4283690703559198,,3221,9673,25699,28153,"[1, 64, 28, 28, 20]",0.6951967595709521,0.04163382574915886,0.029392367228865623
experiment_A_ema,06SR5RBREL16DQ6M8LWS,0,24,0.05510900256188856,0.26380684971809387,-0.08214006572961807,0.5851402974453529,0.5240157584125433,,3221,9673,25699,28153,"[1, 64, 28, 28, 20]",0.6951967595709521,0.04163382574915886,0.029392367228865623
experiment_A_ema,06SR5RBREL16DQ6M8LWS,0,25,-0.03406149892480172,0.0,0.0065856799483299255,0.49716470351806147,0.5322273747465706,,3221,9673,25699,28153,"[1, 64, 28, 28, 20]",0.6951967595709521,0.04163382574915886,0.029392367228865623
experiment_A_ema,06SR5RBREL16DQ6M8LWS,0,26,-0.07347844207126228,0.0,0.02387523651123047,0.271791776601195,0.31490113089685284,,3221,9673,25699,28153,"[1, 64, 28, 28, 20]",0.6951967595709521,0.04163382574915886,0.029392367228865623
experiment_A_ema,06SR5RBREL16DQ6M8LWS,0,27,0.08830322584437353,0.42270761728286743,-0.019283154979348183,0.5018617344730817,0.42042109700909674,,3221,9673,25699,28153,"[1, 64, 28, 28, 20]",0.6951967595709521,0.04163382574915886,0.029392367228865623
experiment_A_ema,06SR5RBREL16DQ6M8LWS,0,28,-0.11892896079689143,0.0,-0.04232247918844223,0.3790022155723353,0.481319502366793,low,3221,9673,25699,28153,"[1, 64, 28, 28, 20]",0.6951967595709521,0.04163382574915886,0.029392367228865623
experiment_A_ema,06SR5RBREL16DQ6M8LWS,0,29,0.12534971276991924,0.6000491976737976,-0.008768968284130096,0.6697484862191239,0.5205453681166249,,3221,9673,25699,28153,"[1, 64, 28, 28, 20]",0.6951967595709521,0.04163382574915886,0.029392367228865623
experiment_A_ema,06SR5RBREL16DQ6M8LWS,0,30,-0.0380066742042373,0.0,-0.04383402317762375,0.48681503478989924,0.5252814959018122,,3221,9673,25699,28153,"[1, 64, 28, 28, 20]",0.6951967595709521,0.04163382574915886,0.029392367228865623
experiment_A_ema,06SR5RBREL16DQ6M8LWS,0,31,0.07661776173285713,0.36676928400993347,-0.007366702891886234,0.6909126774621526,0.5925746728509643,,3221,9673,25699,28153,"[1, 64, 28, 28, 20]",0.6951967595709521,0.04163382574915886,0.029392367228865623
experiment_A_ema,06SR5RBREL16DQ6M8LWS,0,32,-0.02436875959362474,0.0,-0.04644560068845749,0.36233964774609295,0.38044029804479634,,3221,9673,25699,28153,"[1, 64, 28, 28, 20]",0.6951967595709521,0.04163382574915886,0.029392367228865623
experiment_A_ema,06SR5RBREL16DQ6M8LWS,0,33,0.20889806705449665,0.999995231628418,0.2824966311454773,0.4035329755157074,0.26407148521420254,high,3221,9673,25699,28153,"[1, 64, 28, 28, 20]",0.6951967595709521,0.04163382574915886,0.029392367228865623
experiment_A_ema,06SR5RBREL16DQ6M8LWS,0,34,0.006276086180762453,0.030043629929423332,0.0012750494061037898,0.49962065960805385,0.4933884426280523,,3221,9673,25699,28153,"[1, 64, 28, 28, 20]",0.6951967595709521,0.04163382574915886,0.029392367228865623
experiment_A_ema,06SR5RBREL16DQ6M8LWS,0,35,-0.12005534201128944,0.0,-0.019515832886099815,0.3098992033236012,0.394461600592429,low,3221,9673,25699,28153,"[1, 64, 28, 28, 20]",0.6951967595709521,0.04163382574915886,0.029392367228865623
experiment_A_ema,06SR5RBREL16DQ6M8LWS,0,36,-0.017187675065688916,0.0,-0.04861084371805191,0.4021938609095069,0.4162612180502042,,3221,9673,25699,28153,"[1, 64, 28, 28, 20]",0.6951967595709521,0.04163382574915886,0.029392367228865623
experiment_A_ema,06SR5RBREL16DQ6M8LWS,0,37,0.008472195790768224,0.0405564084649086,-0.08675150573253632,0.2748155948913502,0.2701981234883867,,3221,9673,25699,28153,"[1, 64, 28, 28, 20]",0.6951967595709521,0.04163382574915886,0.029392367228865623
experiment_A_ema,06SR5RBREL16DQ6M8LWS,0,38,0.044043018922574693,0.21083396673202515,-0.012058563530445099,0.5462222188508976,0.5001373409171956,,3221,9673,25699,28153,"[1, 64, 28, 28, 20]",0.6951967595709521,0.04163382574915886,0.029392367228865623
experiment_A_ema,06SR5RBREL16DQ6M8LWS,0,39,0.14210806182600969,0.6802713871002197,-0.06270384788513184,0.382222733601359,0.28710563439252074,,3221,9673,25699,28153,"[1, 64, 28, 28, 20]",0.6951967595709521,0.04163382574915886,0.029392367228865623
experiment_A_ema,06SR5RBREL16DQ6M8LWS,0,40,-0.093809988623242,0.0,0.025897115468978882,0.401207378575035,0.48427451913531866,,3221,9673,25699,28153,"[1, 64, 28, 28, 20]",0.6951967595709521,0.04163382574915886,0.029392367228865623
experiment_A_ema,06SR5RBREL16DQ6M8LWS,0,41,0.036108798000501846,0.17285284399986267,-0.10050870478153229,0.5484301159160517,0.5102040717677538,middle,3221,9673,25699,28153,"[1, 64, 28, 28, 20]",0.6951967595709521,0.04163382574915886,0.029392367228865623
experiment_A_ema,06SR5RBREL16DQ6M8LWS,0,42,0.017632299976987263,0.08440583199262619,-0.1818717122077942,0.39838807485599415,0.3845824854315543,,3221,9673,25699,28153,"[1, 64, 28, 28, 20]",0.6951967595709521,0.04163382574915886,0.029392367228865623
experiment_A_ema,06SR5RBREL16DQ6M8LWS,0,43,0.0816978766215507,0.3910878002643585,-0.0805511474609375,0.4363675083964042,0.37045198709963073,,3221,9673,25699,28153,"[1, 64, 28, 28, 20]",0.6951967595709521,0.04163382574915886,0.029392367228865623
experiment_A_ema,06SR5RBREL16DQ6M8LWS,0,44,0.050608755864858884,0.24226415157318115,0.004953696858137846,0.5847502056627641,0.5284142851033938,,3221,9673,25699,28153,"[1, 64, 28, 28, 20]",0.6951967595709521,0.04163382574915886,0.029392367228865623
experiment_A_ema,06SR5RBREL16DQ6M8LWS,0,45,-0.03878605548608872,0.0,-0.029696816578507423,0.5133889436910682,0.5548206177998822,,3221,9673,25699,28153,"[1, 64, 28, 28, 20]",0.6951967595709521,0.04163382574915886,0.029392367228865623
experiment_A_ema,06SR5RBREL16DQ6M8LWS,0,46,0.17209611079722462,0.8238242268562317,-0.22644764184951782,0.35904480554596446,0.2536092527525442,high,3221,9673,25699,28153,"[1, 64, 28, 28, 20]",0.6951967595709521,0.04163382574915886,0.029392367228865623
experiment_A_ema,06SR5RBREL16DQ6M8LWS,0,47,0.10133459268138902,0.4850887656211853,-0.04956230893731117,0.7096571835217911,0.5790649497342107,,3221,9673,25699,28153,"[1, 64, 28, 28, 20]",0.6951967595709521,0.04163382574915886,0.029392367228865623
experiment_A_ema,06SR5RBREL16DQ6M8LWS,0,48,0.05390715204744771,0.25805357098579407,-0.04299157112836838,0.5137462098280944,0.46119011521050657,,3221,9673,25699,28153,"[1, 64, 28, 28, 20]",0.6951967595709521,0.04163382574915886,0.029392367228865623
experiment_A_ema,06SR5RBREL16DQ6M8LWS,0,49,0.09903848965784194,0.474097341299057,-0.04652019590139389,0.5584137978346663,0.45777217485000204,,3221,9673,25699,28153,"[1, 64, 28, 28, 20]",0.6951967595709521,0.04163382574915886,0.029392367228865623
experiment_A_ema,06SR5RBREL16DQ6M8LWS,0,50,-0.024273447885378732,0.0,0.04039352387189865,0.32051435962036884,0.33646145201961425,,3221,9673,25699,28153,"[1, 64, 28, 28, 20]",0.6951967595709521,0.04163382574915886,0.029392367228865623
experiment_A_ema,06SR5RBREL16DQ6M8LWS,0,51,0.014884256738214386,0.07125094532966614,-0.06700041890144348,0.4321019200602613,0.4194275223352414,,3221,9673,25699,28153,"[1, 64, 28, 28, 20]",0.6951967595709521,0.04163382574915886,0.029392367228865623
experiment_A_ema,06SR5RBREL16DQ6M8LWS,0,52,0.043049032052384854,0.2060757577419281,-0.09307167679071426,0.6257436312971273,0.5740918328926035,,3221,9673,25699,28153,"[1, 64, 28, 28, 20]",0.6951967595709521,0.04163382574915886,0.029392367228865623
experiment_A_ema,06SR5RBREL16DQ6M8LWS,0,53,0.0184029994268985,0.08809517323970795,-0.02377457544207573,0.5651154317707315,0.5446916345620422,,3221,9673,25699,28153,"[1, 64, 28, 28, 20]",0.6951967595709521,0.04163382574915886,0.029392367228865623
experiment_A_ema,06SR5RBREL16DQ6M8LWS,0,54,0.029120218060522188,0.1393985003232956,0.0005557056865654886,0.43021961057847696,0.4058723997974515,middle,3221,9673,25699,28153,"[1, 64, 28, 28, 20]",0.6951967595709521,0.04163382574915886,0.029392367228865623
experiment_A_ema,06SR5RBREL16DQ6M8LWS,0,55,0.04856020183120644,0.2324577271938324,0.03307899832725525,0.526295648063666,0.47754871464329535,,3221,9673,25699,28153,"[1, 64, 28, 28, 20]",0.6951967595709521,0.04163382574915886,0.029392367228865623
experiment_A_ema,06SR5RBREL16DQ6M8LWS,0,56,-0.06843507805122721,0.0,-0.03710687533020973,0.30086601074916897,0.34507081636389136,,3221,9673,25699,28153,"[1, 64, 28, 28, 20]",0.6951967595709521,0.04163382574915886,0.029392367228865623
experiment_A_ema,06SR5RBREL16DQ6M8LWS,0,57,0.14672169743135038,0.7023568749427795,-0.10217944532632828,0.7567739088496559,0.5631171112365184,,3221,9673,25699,28153,"[1, 64, 28, 28, 20]",0.6951967595709521,0.04163382574915886,0.029392367228865623
experiment_A_ema,06SR5RBREL16DQ6M8LWS,0,58,-0.01793316620090328,0.0,-0.028550248593091965,0.4723694699968365,0.4896210233305313,,3221,9673,25699,28153,"[1, 64, 28, 28, 20]",0.6951967595709521,0.04163382574915886,0.029392367228865623
experiment_A_ema,06SR5RBREL16DQ6M8LWS,0,59,0.15293863292305201,0.7321173548698425,-0.04797263443470001,0.4539678968850488,0.3335290391223518,high,3221,9673,25699,28153,"[1, 64, 28, 28, 20]",0.6951967595709521,0.04163382574915886,0.029392367228865623
experiment_A_ema,06SR5RBREL16DQ6M8LWS,0,60,0.05004860139729994,0.23958268761634827,0.09002668410539627,0.7573832154297263,0.6851846607572913,,3221,9673,25699,28153,"[1, 64, 28, 28, 20]",0.6951967595709521,0.04163382574915886,0.029392367228865623
experiment_A_ema,06SR5RBREL16DQ6M8LWS,0,61,0.10003439074776962,0.4788646996021271,-0.007010936737060547,0.7331239803105354,0.5997869476741522,,3221,9673,25699,28153,"[1, 64, 28, 28, 20]",0.6951967595709521,0.04163382574915886,0.029392367228865623
experiment_A_ema,06SR5RBREL16DQ6M8LWS,0,62,-0.0710476554594489,0.0,-0.02287348359823227,0.3755207632882859,0.4329616115483733,,3221,9673,25699,28153,"[1, 64, 28, 28, 20]",0.6951967595709521,0.04163382574915886,0.029392367228865623
experiment_A_ema,06SR5RBREL16DQ6M8LWS,0,63,-0.01790475502225857,0.0,-0.020637385547161102,0.5918378399489479,0.6134176623618062,,3221,9673,25699,28153,"[1, 64, 28, 28, 20]",0.6951967595709521,0.04163382574915886,0.029392367228865623
experiment_A_ema,06SR5RBREL16DQ6M8LWS,1,0,0.05726232781670424,0.22216163575649261,0.0654960572719574,0.5264947586590343,0.4694637961399557,,3202,9631,24682,27237,"[1, 64, 28, 28, 20]",0.7301240247022216,0.04092709347605705,0.02890128456056118
experiment_A_ema,06SR5RBREL16DQ6M8LWS,1,1,0.11710071714193956,0.4543176591396332,-0.09304267913103104,0.656377438158083,0.518767057831574,,3202,9631,24682,27237,"[1, 64, 28, 28, 20]",0.7301240247022216,0.04092709347605705,0.02890128456056118
experiment_A_ema,06SR5RBREL16DQ6M8LWS,1,2,0.1542072984836313,0.5982807278633118,-0.028412172570824623,0.42465371746146097,0.3111822816969416,,3202,9631,24682,27237,"[1, 64, 28, 28, 20]",0.7301240247022216,0.04092709347605705,0.02890128456056118
experiment_A_ema,06SR5RBREL16DQ6M8LWS,1,3,0.03281722844476866,0.12732157111167908,-0.0021244771778583527,0.35846656494471196,0.33568635710884814,,3202,9631,24682,27237,"[1, 64, 28, 28, 20]",0.7301240247022216,0.04092709347605705,0.02890128456056118
experiment_A_ema,06SR5RBREL16DQ6M8LWS,1,4,-0.15587276908871034,0.0,-0.03589441627264023,0.37478517760546803,0.5131976804697247,low,3202,9631,24682,27237,"[1, 64, 28, 28, 20]",0.7301240247022216,0.04092709347605705,0.02890128456056118
experiment_A_ema,06SR5RBREL16DQ6M8LWS,1,5,0.060243446887051175,0.23372752964496613,0.008689824491739273,0.557964404263776,0.4945568365517649,,3202,9631,24682,27237,"[1, 64, 28, 28, 20]",0.7301240247022216,0.04092709347605705,0.02890128456056118
experiment_A_ema,06SR5RBREL16DQ6M8LWS,1,6,-0.013663530615709286,0.0,-0.03808395564556122,0.5839428726619958,0.6001213845549777,,3202,9631,24682,27237,"[1, 64, 28, 28, 20]",0.7301240247022216,0.04092709347605705,0.02890128456056118
experiment_A_ema,06SR5RBREL16DQ6M8LWS,1,7,0.004035697502363889,0.015657365322113037,-0.024667099118232727,0.49714462427299483,0.4931480983699182,,3202,9631,24682,27237,"[1, 64, 28, 28, 20]",0.7301240247022216,0.04092709347605705,0.02890128456056118
experiment_A_ema,06SR5RBREL16DQ6M8LWS,1,8,0.05082354196386091,0.19718097150325775,-0.03123653680086136,0.43264081376044256,0.3907910395840662,,3202,9631,24682,27237,"[1, 64, 28, 28, 20]",0.7301240247022216,0.04092709347605705,0.02890128456056118
experiment_A_ema,06SR5RBREL16DQ6M8LWS,1,9,-0.19736937435739701,0.0,0.028836823999881744,0.2984243279650668,0.44519152001190043,low,3202,9631,24682,27237,"[1, 64, 28, 28, 20]",0.7301240247022216,0.04092709347605705,0.02890128456056118
experiment_A_ema,06SR5RBREL16DQ6M8LWS,1,10,-0.06324432301681675,0.0,0.001406524796038866,0.507524545495061,0.5760548543153629,,3202,9631,24682,27237,"[1, 64, 28, 28, 20]",0.7301240247022216,0.04092709347605705,0.02890128456056118
experiment_A_ema,06SR5RBREL16DQ6M8LWS,1,11,-0.0004821152298893076,0.0,-0.008350498043000698,0.42606453697373037,0.4264755600206979,,3202,9631,24682,27237,"[1, 64, 28, 28, 20]",0.7301240247022216,0.04092709347605705,0.02890128456056118
experiment_A_ema,06SR5RBREL16DQ6M8LWS,1,12,-0.06830106809027203,0.0,-0.026466552168130875,0.4290312831522661,0.4919342833175876,,3202,9631,24682,27237,"[1, 64, 28, 28, 20]",0.7301240247022216,0.04092709347605705,0.02890128456056118
experiment_A_ema,06SR5RBREL16DQ6M8LWS,1,13,-0.02316841897561604,0.0,-0.02897631749510765,0.3697206865892632,0.3872587259431488,,3202,9631,24682,27237,"[1, 64, 28, 28, 20]",0.7301240247022216,0.04092709347605705,0.02890128456056118
experiment_A_ema,06SR5RBREL16DQ6M8LWS,1,14,0.1667116980136016,0.6467942595481873,-0.0174691341817379,0.6755605342701906,0.48249839676568534,high,3202,9631,24682,27237,"[1, 64, 28, 28, 20]",0.7301240247022216,0.04092709347605705,0.02890128456056118
experiment_A_ema,06SR5RBREL16DQ6M8LWS,1,15,0.014581188967187438,0.05657088756561279,-0.026372933760285378,0.4695887601954588,0.4560912307432482,,3202,9631,24682,27237,"[1, 64, 28, 28, 20]",0.7301240247022216,0.04092709347605705,0.02890128456056118
experiment_A_ema,06SR5RBREL16DQ6M8LWS,1,16,-0.051238999583466144,0.0,0.058598920702934265,0.32549568123720113,0.3606533209114934,,3202,9631,24682,27237,"[1, 64, 28, 28, 20]",0.7301240247022216,0.04092709347605705,0.02890128456056118
experiment_A_ema,06SR5RBREL16DQ6M8LWS,1,17,0.05974495299938281,0.23179352283477783,0.07068184018135071,0.5900502282773716,0.5235199694100691,,3202,9631,24682,27237,"[1, 64, 28, 28, 20]",0.7301240247022216,0.04092709347605705,0.02890128456056118
experiment_A_ema,06SR5RBREL16DQ6M8LWS,1,18,0.025146871535695246,0.0975627526640892,-0.057818904519081116,0.5214569720089204,0.4958742493297923,middle,3202,9631,24682,27237,"[1, 64, 28, 28, 20]",0.7301240247022216,0.04092709347605705,0.02890128456056118
experiment_A_ema,06SR5RBREL16DQ6M8LWS,1,19,0.14600657873417874,0.5664642453193665,0.040279190987348557,0.7913929238949764,0.589738503405938,,3202,9631,24682,27237,"[1, 64, 28, 28, 20]",0.7301240247022216,0.04092709347605705,0.02890128456056118
experiment_A_ema,06SR5RBREL16DQ6M8LWS,1,20,0.02762298924120256,0.10716938227415085,-0.16302037239074707,0.40736400436561704,0.38546370544441794,middle,3202,9631,24682,27237,"[1, 64, 28, 28, 20]",0.7301240247022216,0.04092709347605705,0.02890128456056118
experiment_A_ema,06SR5RBREL16DQ6M8LWS,1,21,-0.12882854903073532,0.0,-0.04204903542995453,0.4496222383424196,0.5826023651072106,low,3202,9631,24682,27237,"[1, 64, 28, 28, 20]",0.7301240247022216,0.04092709347605705,0.02890128456056118
experiment_A_ema,06SR5RBREL16DQ6M8LWS,1,22,0.027056375335801172,0.10497108101844788,-0.042026668787002563,0.4622141658745012,0.4378613576237884,middle,3202,9631,24682,27237,"[1, 64, 28, 28, 20]",0.7301240247022216,0.04092709347605705,0.02890128456056118
experiment_A_ema,06SR5RBREL16DQ6M8LWS,1,23,0.03128988964792829,0.12139592319726944,-0.03166656196117401,0.47505662915616864,0.44622965180097957,,3202,9631,24682,27237,"[1, 64, 28, 28, 20]",0.7301240247022216,0.04092709347605705,0.02890128456056118
experiment_A_ema,06SR5RBREL16DQ6M8LWS,1,24,0.04375266010422918,0.1697479486465454,-0.07953058928251266,0.5825501136415737,0.53371069034444,,3202,9631,24682,27237,"[1, 64, 28, 28, 20]",0.7301240247022216,0.04092709347605705,0.02890128456056118
experiment_A_ema,06SR5RBREL16DQ6M8LWS,1,25,-0.0396687523852616,0.0,0.021417565643787384,0.5074543176471512,0.5493775593576586,,3202,9631,24682,27237,"[1, 64, 28, 28, 20]",0.7301240247022216,0.04092709347605705,0.02890128456056118
experiment_A_ema,06SR5RBREL16DQ6M8LWS,1,26,-0.08546559256413647,0.0,0.0186099074780941,0.27360646795480137,0.32474501770384123,,3202,9631,24682,27237,"[1, 64, 28, 28, 20]",0.7301240247022216,0.04092709347605705,0.02890128456056118
experiment_A_ema,06SR5RBREL16DQ6M8LWS,1,27,0.09403372493984961,0.3648242652416229,-0.02151162177324295,0.47672321333751405,0.3947730768648049,,3202,9631,24682,27237,"[1, 64, 28, 28, 20]",0.7301240247022216,0.04092709347605705,0.02890128456056118
experiment_A_ema,06SR5RBREL16DQ6M8LWS,1,28,-0.12135196111842997,0.0,-0.042667362838983536,0.3785361830678624,0.48309720594119127,low,3202,9631,24682,27237,"[1, 64, 28, 28, 20]",0.7301240247022216,0.04092709347605705,0.02890128456056118
experiment_A_ema,06SR5RBREL16DQ6M8LWS,1,29,0.1198768623871153,0.4650883078575134,-0.013389158993959427,0.6748722883431167,0.5303892025785485,,3202,9631,24682,27237,"[1, 64, 28, 28, 20]",0.7301240247022216,0.04092709347605705,0.02890128456056118
experiment_A_ema,06SR5RBREL16DQ6M8LWS,1,30,-0.08167007543790551,0.0,-0.051857735961675644,0.4745179034141939,0.5589188420463342,,3202,9631,24682,27237,"[1, 64, 28, 28, 20]",0.7301240247022216,0.04092709347605705,0.02890128456056118
experiment_A_ema,06SR5RBREL16DQ6M8LWS,1,31,0.1058870034515275,0.4108116328716278,-0.012045619077980518,0.7033221226899322,0.5686379736875962,,3202,9631,24682,27237,"[1, 64, 28, 28, 20]",0.7301240247022216,0.04092709347605705,0.02890128456056118
experiment_A_ema,06SR5RBREL16DQ6M8LWS,1,32,-0.029542839729845394,0.0,-0.060736242681741714,0.3554876377675327,0.377131311511985,,3202,9631,24682,27237,"[1, 64, 28, 28, 20]",0.7301240247022216,0.04092709347605705,0.02890128456056118
experiment_A_ema,06SR5RBREL16DQ6M8LWS,1,33,0.25774974664761124,0.9999961256980896,0.2908179759979248,0.3877174393969401,0.22880792513679662,high,3202,9631,24682,27237,"[1, 64, 28, 28, 20]",0.7301240247022216,0.04092709347605705,0.02890128456056118
experiment_A_ema,06SR5RBREL16DQ6M8LWS,1,34,-0.018707901465840435,0.0,-0.0017846308182924986,0.5056747587506475,0.5249557107292722,,3202,9631,24682,27237,"[1, 64, 28, 28, 20]",0.7301240247022216,0.04092709347605705,0.02890128456056118
experiment_A_ema,06SR5RBREL16DQ6M8LWS,1,35,-0.10805392910470991,0.0,-0.018811900168657303,0.3122307557337907,0.3878806522291456,,3202,9631,24682,27237,"[1, 64, 28, 28, 20]",0.7301240247022216,0.04092709347605705,0.02890128456056118
experiment_A_ema,06SR5RBREL16DQ6M8LWS,1,36,-0.04142548365989727,0.0,-0.04344005137681961,0.41385434003004967,0.4496244061459143,,3202,9631,24682,27237,"[1, 64, 28, 28, 20]",0.7301240247022216,0.04092709347605705,0.02890128456056118
experiment_A_ema,06SR5RBREL16DQ6M8LWS,1,37,-0.009329242322329524,0.0,-0.09383657574653625,0.26487432992591525,0.2698630336992201,,3202,9631,24682,27237,"[1, 64, 28, 28, 20]",0.7301240247022216,0.04092709347605705,0.02890128456056118
experiment_A_ema,06SR5RBREL16DQ6M8LWS,1,38,0.08188803147609496,0.31770241260528564,-0.012935719452798367,0.5583507825117945,0.4738276413607426,,3202,9631,24682,27237,"[1, 64, 28, 28, 20]",0.7301240247022216,0.04092709347605705,0.02890128456056118
experiment_A_ema,06SR5RBREL16DQ6M8LWS,1,39,0.14598207694248183,0.5663691759109497,-0.07358862459659576,0.34820107433624525,0.25948906035454955,,3202,9631,24682,27237,"[1, 64, 28, 28, 20]",0.7301240247022216,0.04092709347605705,0.02890128456056118
experiment_A_ema,06SR5RBREL16DQ6M8LWS,1,40,-0.09592752430831604,0.0,0.03625328093767166,0.43086500379281006,0.5222998438084352,,3202,9631,24682,27237,"[1, 64, 28, 28, 20]",0.7301240247022216,0.04092709347605705,0.02890128456056118
experiment_A_ema,06SR5RBREL16DQ6M8LWS,1,41,0.055883581515999994,0.21681249141693115,-0.10143276304006577,0.5480777575679284,0.49006269507407063,,3202,9631,24682,27237,"[1, 64, 28, 28, 20]",0.7301240247022216,0.04092709347605705,0.02890128456056118
experiment_A_ema,06SR5RBREL16DQ6M8LWS,1,42,0.010299742134578835,0.03996008634567261,-0.20041349530220032,0.4024403069068138,0.3942347489665251,,3202,9631,24682,27237,"[1, 64, 28, 28, 20]",0.7301240247022216,0.04092709347605705,0.02890128456056118
experiment_A_ema,06SR5RBREL16DQ6M8LWS,1,43,0.09323434478289125,0.3617228865623474,-0.09418052434921265,0.42690182506154206,0.35408677172307396,,3202,9631,24682,27237,"[1, 64, 28, 28, 20]",0.7301240247022216,0.04092709347605705,0.02890128456056118
experiment_A_ema,06SR5RBREL16DQ6M8LWS,1,44,0.0161470235301415,0.06264588236808777,0.028556037694215775,0.5724082942063868,0.5542166387571569,,3202,9631,24682,27237,"[1, 64, 28, 28, 20]",0.7301240247022216,0.04092709347605705,0.02890128456056118
experiment_A_ema,06SR5RBREL16DQ6M8LWS,1,45,-0.06951108124359175,0.0,-0.03880763053894043,0.5532839262892499,0.6359488520747323,,3202,9631,24682,27237,"[1, 64, 28, 28, 20]",0.7301240247022216,0.04092709347605705,0.02890128456056118
experiment_A_ema,06SR5RBREL16DQ6M8LWS,1,46,0.21314233110045347,0.8269319534301758,-0.24384328722953796,0.34602281312717587,0.22443408658735256,high,3202,9631,24682,27237,"[1, 64, 28, 28, 20]",0.7301240247022216,0.04092709347605705,0.02890128456056118
experiment_A_ema,06SR5RBREL16DQ6M8LWS,1,47,0.10498743447534888,0.4073215425014496,-0.05916023254394531,0.7076369900526382,0.5731684118565862,,3202,9631,24682,27237,"[1, 64, 28, 28, 20]",0.7301240247022216,0.04092709347605705,0.02890128456056118
experiment_A_ema,06SR5RBREL16DQ6M8LWS,1,48,0.046617392334147086,0.18086229264736176,-0.03979367017745972,0.5082937746728232,0.4630138972368506,,3202,9631,24682,27237,"[1, 64, 28, 28, 20]",0.7301240247022216,0.04092709347605705,0.02890128456056118
experiment_A_ema,06SR5RBREL16DQ6M8LWS,1,49,0.08585967976654812,0.3331112861633301,-0.05125874653458595,0.5489808748582952,0.46216419693676797,,3202,9631,24682,27237,"[1, 64, 28, 28, 20]",0.7301240247022216,0.04092709347605705,0.02890128456056118
experiment_A_ema,06SR5RBREL16DQ6M8LWS,1,50,0.022607284366991488,0.08770986646413803,0.04362310469150543,0.3215331632555881,0.3073165562161044,middle,3202,9631,24682,27237,"[1, 64, 28, 28, 20]",0.7301240247022216,0.04092709347605705,0.02890128456056118
experiment_A_ema,06SR5RBREL16DQ6M8LWS,1,51,-0.008885982627995857,0.0,-0.06299881637096405,0.3859940996705105,0.39291548559998624,,3202,9631,24682,27237,"[1, 64, 28, 28, 20]",0.7301240247022216,0.04092709347605705,0.02890128456056118
experiment_A_ema,06SR5RBREL16DQ6M8LWS,1,52,0.03407066112723572,0.13218453526496887,-0.10323920845985413,0.6383131439407105,0.5962507033877839,,3202,9631,24682,27237,"[1, 64, 28, 28, 20]",0.7301240247022216,0.04092709347605705,0.02890128456056118
experiment_A_ema,06SR5RBREL16DQ6M8LWS,1,53,-0.01664966907131551,0.0,-0.033708348870277405,0.556058885554651,0.5748888070227008,,3202,9631,24682,27237,"[1, 64, 28, 28, 20]",0.7301240247022216,0.04092709347605705,0.02890128456056118
experiment_A_ema,06SR5RBREL16DQ6M8LWS,1,54,0.05079486089827387,0.1970696896314621,-0.009891865774989128,0.4325749868317493,0.3907540520341838,,3202,9631,24682,27237,"[1, 64, 28, 28, 20]",0.7301240247022216,0.04092709347605705,0.02890128456056118
experiment_A_ema,06SR5RBREL16DQ6M8LWS,1,55,0.038845708375132605,0.1507103592157364,0.03728887438774109,0.512361164790325,0.4740435365755,,3202,9631,24682,27237,"[1, 64, 28, 28, 20]",0.7301240247022216,0.04092709347605705,0.02890128456056118
experiment_A_ema,06SR5RBREL16DQ6M8LWS,1,56,-0.07653157335615239,0.0,-0.031454987823963165,0.29165219318861246,0.33999307597201933,,3202,9631,24682,27237,"[1, 64, 28, 28, 20]",0.7301240247022216,0.04092709347605705,0.02890128456056118
experiment_A_ema,06SR5RBREL16DQ6M8LWS,1,57,0.11544593918475506,0.4478975832462311,-0.13354142010211945,0.7717640482432949,0.6120125444338612,,3202,9631,24682,27237,"[1, 64, 28, 28, 20]",0.7301240247022216,0.04092709347605705,0.02890128456056118
experiment_A_ema,06SR5RBREL16DQ6M8LWS,1,58,-0.028790345075044466,0.0,-0.029640477150678635,0.4708250522247173,0.49873916953185093,,3202,9631,24682,27237,"[1, 64, 28, 28, 20]",0.7301240247022216,0.04092709347605705,0.02890128456056118
experiment_A_ema,06SR5RBREL16DQ6M8LWS,1,59,0.1908779623947371,0.7405524849891663,-0.035618849098682404,0.45965621282186864,0.31230553623689256,high,3202,9631,24682,27237,"[1, 64, 28, 28, 20]",0.7301240247022216,0.04092709347605705,0.02890128456056118
experiment_A_ema,06SR5RBREL16DQ6M8LWS,1,60,0.02900611474853881,0.1125355213880539,0.10649047046899796,0.764540101622777,0.7214376319625136,,3202,9631,24682,27237,"[1, 64, 28, 28, 20]",0.7301240247022216,0.04092709347605705,0.02890128456056118
experiment_A_ema,06SR5RBREL16DQ6M8LWS,1,61,0.11601120287447168,0.4500906467437744,-0.01726975291967392,0.7497788780555885,0.5938972752281914,,3202,9631,24682,27237,"[1, 64, 28, 28, 20]",0.7301240247022216,0.04092709347605705,0.02890128456056118
experiment_A_ema,06SR5RBREL16DQ6M8LWS,1,62,-0.046448094259406984,0.0,-0.0436052568256855,0.3687962006140749,0.4047248245506536,,3202,9631,24682,27237,"[1, 64, 28, 28, 20]",0.7301240247022216,0.04092709347605705,0.02890128456056118
experiment_A_ema,06SR5RBREL16DQ6M8LWS,1,63,-0.03504863592872748,0.0,-0.029777517542243004,0.6209449466512912,0.6660524861638727,,3202,9631,24682,27237,"[1, 64, 28, 28, 20]",0.7301240247022216,0.04092709347605705,0.02890128456056118
experiment_A_ema,06SR5RBREL16DQ6M8LWS,2,0,0.061966337535606354,0.26047343015670776,0.08414314687252045,0.5109535765290025,0.4513246567557736,,2856,10346,23674,25824,"[1, 64, 28, 28, 20]",0.9816873006671607,0.05713332071900368,0.038711726665496826
experiment_A_ema,06SR5RBREL16DQ6M8LWS,2,1,0.18425794966571798,0.7745221257209778,-0.09017719328403473,0.6722170615364722,0.46303724618803144,high,2856,10346,23674,25824,"[1, 64, 28, 28, 20]",0.9816873006671607,0.05713332071900368,0.038711726665496826
experiment_A_ema,06SR5RBREL16DQ6M8LWS,2,2,0.1358738988596109,0.5711413621902466,-0.08504341542720795,0.49196801933811957,0.37426889638834215,,2856,10346,23674,25824,"[1, 64, 28, 28, 20]",0.9816873006671607,0.05713332071900368,0.038711726665496826
experiment_A_ema,06SR5RBREL16DQ6M8LWS,2,3,0.009183348084498813,0.03860189765691757,-0.027602214366197586,0.38162053472118135,0.37467519856425185,,2856,10346,23674,25824,"[1, 64, 28, 28, 20]",0.9816873006671607,0.05713332071900368,0.038711726665496826
experiment_A_ema,06SR5RBREL16DQ6M8LWS,2,4,-0.06927034190933119,0.0,-0.13279618322849274,0.4746357420268289,0.5452861494398816,,2856,10346,23674,25824,"[1, 64, 28, 28, 20]",0.9816873006671607,0.05713332071900368,0.038711726665496826
experiment_A_ema,06SR5RBREL16DQ6M8LWS,2,5,0.12406663230730389,0.5215099453926086,-0.005447914823889732,0.5843299468488061,0.45534131110157217,,2856,10346,23674,25824,"[1, 64, 28, 28, 20]",0.9816873006671607,0.05713332071900368,0.038711726665496826
experiment_A_ema,06SR5RBREL16DQ6M8LWS,2,6,0.04448160473105277,0.18697693943977356,-0.06220214068889618,0.5875522650974602,0.5375077459076139,,2856,10346,23674,25824,"[1, 64, 28, 28, 20]",0.9816873006671607,0.05713332071900368,0.038711726665496826
experiment_A_ema,06SR5RBREL16DQ6M8LWS,2,7,-0.046547383546192096,0.0,-0.006826998200267553,0.49669622410690645,0.5451935118046038,,2856,10346,23674,25824,"[1, 64, 28, 28, 20]",0.9816873006671607,0.05713332071900368,0.038711726665496826
experiment_A_ema,06SR5RBREL16DQ6M8LWS,2,8,0.12580092694179706,0.5288000106811523,-0.059217192232608795,0.48621932672536855,0.3775555240303587,,2856,10346,23674,25824,"[1, 64, 28, 28, 20]",0.9816873006671607,0.05713332071900368,0.038711726665496826
experiment_A_ema,06SR5RBREL16DQ6M8LWS,2,9,-0.21053603972941556,0.0,0.021466083824634552,0.3239149711148928,0.4966799963156472,low,2856,10346,23674,25824,"[1, 64, 28, 28, 20]",0.9816873006671607,0.05713332071900368,0.038711726665496826
experiment_A_ema,06SR5RBREL16DQ6M8LWS,2,10,0.020123588958649276,0.08458883315324783,0.08138440549373627,0.5783950620036693,0.5555754847068628,,2856,10346,23674,25824,"[1, 64, 28, 28, 20]",0.9816873006671607,0.05713332071900368,0.038711726665496826
experiment_A_ema,06SR5RBREL16DQ6M8LWS,2,11,0.02802731486518222,0.11781188100576401,0.024690646678209305,0.4813313207259063,0.45508602879825827,,2856,10346,23674,25824,"[1, 64, 28, 28, 20]",0.9816873006671607,0.05713332071900368,0.038711726665496826
experiment_A_ema,06SR5RBREL16DQ6M8LWS,2,12,0.0042709339339607475,0.017952727153897285,-0.002488431753590703,0.4583552212009098,0.45445665770105104,,2856,10346,23674,25824,"[1, 64, 28, 28, 20]",0.9816873006671607,0.05713332071900368,0.038711726665496826
experiment_A_ema,06SR5RBREL16DQ6M8LWS,2,13,0.05927534147590874,0.24916191399097443,-0.022309279069304466,0.4050283257497782,0.35969880468219,,2856,10346,23674,25824,"[1, 64, 28, 28, 20]",0.9816873006671607,0.05713332071900368,0.038711726665496826
experiment_A_ema,06SR5RBREL16DQ6M8LWS,2,14,0.13518514400491494,0.5682462453842163,-0.025295857340097427,0.7086155079196746,0.5398424093978808,,2856,10346,23674,25824,"[1, 64, 28, 28, 20]",0.9816873006671607,0.05713332071900368,0.038711726665496826
experiment_A_ema,06SR5RBREL16DQ6M8LWS,2,15,0.05926506349526915,0.24911871552467346,-0.008111435920000076,0.5752451605328263,0.5108760582717504,,2856,10346,23674,25824,"[1, 64, 28, 28, 20]",0.9816873006671607,0.05713332071900368,0.038711726665496826
experiment_A_ema,06SR5RBREL16DQ6M8LWS,2,16,-0.10555535421279467,0.0,0.0449305884540081,0.3253301414367931,0.4021160918136624,low,2856,10346,23674,25824,"[1, 64, 28, 28, 20]",0.9816873006671607,0.05713332071900368,0.038711726665496826
experiment_A_ema,06SR5RBREL16DQ6M8LWS,2,17,0.07929799953568543,0.3333264887332916,0.054115258157253265,0.5952151613552511,0.5077519931513137,,2856,10346,23674,25824,"[1, 64, 28, 28, 20]",0.9816873006671607,0.05713332071900368,0.038711726665496826
experiment_A_ema,06SR5RBREL16DQ6M8LWS,2,18,0.03216316503858536,0.13519679009914398,-0.12372726202011108,0.47081398657145723,0.44147195122845306,,2856,10346,23674,25824,"[1, 64, 28, 28, 20]",0.9816873006671607,0.05713332071900368,0.038711726665496826
experiment_A_ema,06SR5RBREL16DQ6M8LWS,2,19,0.08600927012753064,0.3615370988845825,0.005824447609484196,0.7328482509714381,0.6167686042893725,,2856,10346,23674,25824,"[1, 64, 28, 28, 20]",0.9816873006671607,0.05713332071900368,0.038711726665496826
experiment_A_ema,06SR5RBREL16DQ6M8LWS,2,20,0.06647356409998631,0.2794193923473358,-0.2975461483001709,0.43105649950173996,0.3773207182284214,,2856,10346,23674,25824,"[1, 64, 28, 28, 20]",0.9816873006671607,0.05713332071900368,0.038711726665496826
experiment_A_ema,06SR5RBREL16DQ6M8LWS,2,21,-0.07692165656958655,0.0,-0.09419184923171997,0.4913083888553853,0.573191565699666,,2856,10346,23674,25824,"[1, 64, 28, 28, 20]",0.9816873006671607,0.05713332071900368,0.038711726665496826
experiment_A_ema,06SR5RBREL16DQ6M8LWS,2,22,0.07259208134292977,0.30513837933540344,-0.05308357998728752,0.5258989943834751,0.4547141711155413,,2856,10346,23674,25824,"[1, 64, 28, 28, 20]",0.9816873006671607,0.05713332071900368,0.038711726665496826
experiment_A_ema,06SR5RBREL16DQ6M8LWS,2,23,-0.03406925387844618,0.0,-0.040938861668109894,0.4459521129936532,0.4774104196079564,,2856,10346,23674,25824,"[1, 64, 28, 28, 20]",0.9816873006671607,0.05713332071900368,0.038711726665496826
experiment_A_ema,06SR5RBREL16DQ6M8LWS,2,24,0.12369957684887031,0.5199670195579529,-0.12339209765195847,0.6419984178212589,0.5006528195704852,,2856,10346,23674,25824,"[1, 64, 28, 28, 20]",0.9816873006671607,0.05713332071900368,0.038711726665496826
experiment_A_ema,06SR5RBREL16DQ6M8LWS,2,25,-0.00671721484950229,0.0,-0.015911638736724854,0.46954690459229514,0.47589766561589375,,2856,10346,23674,25824,"[1, 64, 28, 28, 20]",0.9816873006671607,0.05713332071900368,0.038711726665496826
experiment_A_ema,06SR5RBREL16DQ6M8LWS,2,26,-0.05978896390721809,0.0,0.02366672083735466,0.25265370390107345,0.28478677296357596,,2856,10346,23674,25824,"[1, 64, 28, 28, 20]",0.9816873006671607,0.05713332071900368,0.038711726665496826
experiment_A_ema,06SR5RBREL16DQ6M8LWS,2,27,0.14005485088364003,0.5887159109115601,-0.03234758973121643,0.5489197931665866,0.4140509318186216,high,2856,10346,23674,25824,"[1, 64, 28, 28, 20]",0.9816873006671607,0.05713332071900368,0.038711726665496826
experiment_A_ema,06SR5RBREL16DQ6M8LWS,2,28,-0.08713526736209053,0.0,-0.036769479513168335,0.4113113961916204,0.48983293561027863,,2856,10346,23674,25824,"[1, 64, 28, 28, 20]",0.9816873006671607,0.05713332071900368,0.038711726665496826
experiment_A_ema,06SR5RBREL16DQ6M8LWS,2,29,0.10452843566740215,0.43938177824020386,-0.025634314864873886,0.66313922381573,0.537625102637877,,2856,10346,23674,25824,"[1, 64, 28, 28, 20]",0.9816873006671607,0.05713332071900368,0.038711726665496826
experiment_A_ema,06SR5RBREL16DQ6M8LWS,2,30,-0.028419224721461436,0.0,-0.07985417544841766,0.4802551300569069,0.5083505659107533,,2856,10346,23674,25824,"[1, 64, 28, 28, 20]",0.9816873006671607,0.05713332071900368,0.038711726665496826
experiment_A_ema,06SR5RBREL16DQ6M8LWS,2,31,0.0902671677005169,0.3794350326061249,0.04380861297249794,0.7316387092004096,0.6104885890285654,,2856,10346,23674,25824,"[1, 64, 28, 28, 20]",0.9816873006671607,0.05713332071900368,0.038711726665496826
experiment_A_ema,06SR5RBREL16DQ6M8LWS,2,32,0.012285714320370678,0.05164258927106857,-0.11016834527254105,0.36935335244717343,0.36038794702832705,,2856,10346,23674,25824,"[1, 64, 28, 28, 20]",0.9816873006671607,0.05713332071900368,0.038711726665496826
experiment_A_ema,06SR5RBREL16DQ6M8LWS,2,33,0.19506600724278933,0.819953441619873,0.453555166721344,0.422359074994915,0.28447883170174,high,2856,10346,23674,25824,"[1, 64, 28, 28, 20]",0.9816873006671607,0.05713332071900368,0.038711726665496826
experiment_A_ema,06SR5RBREL16DQ6M8LWS,2,34,0.010625849209102582,0.04466540366411209,0.021272433921694756,0.5008476178550014,0.49031565574230673,,2856,10346,23674,25824,"[1, 64, 28, 28, 20]",0.9816873006671607,0.05713332071900368,0.038711726665496826
experiment_A_ema,06SR5RBREL16DQ6M8LWS,2,35,-0.08370092048130656,0.0,-0.07074719667434692,0.3511887362248101,0.4153487097360439,,2856,10346,23674,25824,"[1, 64, 28, 28, 20]",0.9816873006671607,0.05713332071900368,0.038711726665496826
experiment_A_ema,06SR5RBREL16DQ6M8LWS,2,36,-0.06344911342651671,0.0,-0.04113595560193062,0.36925786346994754,0.41929062970481534,,2856,10346,23674,25824,"[1, 64, 28, 28, 20]",0.9816873006671607,0.05713332071900368,0.038711726665496826
experiment_A_ema,06SR5RBREL16DQ6M8LWS,2,37,-0.028196599307326178,0.0,-0.12339619547128677,0.2742954723347951,0.290212711599496,,2856,10346,23674,25824,"[1, 64, 28, 28, 20]",0.9816873006671607,0.05713332071900368,0.038711726665496826
experiment_A_ema,06SR5RBREL16DQ6M8LWS,2,38,0.03639131036077527,0.15296965837478638,-0.014024026691913605,0.547469552532158,0.5090223899676778,,2856,10346,23674,25824,"[1, 64, 28, 28, 20]",0.9816873006671607,0.05713332071900368,0.038711726665496826
experiment_A_ema,06SR5RBREL16DQ6M8LWS,2,39,0.2378978828018292,0.999995768070221,-0.1112668514251709,0.4478657403899618,0.2757248362856066,high,2856,10346,23674,25824,"[1, 64, 28, 28, 20]",0.9816873006671607,0.05713332071900368,0.038711726665496826
experiment_A_ema,06SR5RBREL16DQ6M8LWS,2,40,-0.12404180512873533,0.0,0.05877651274204254,0.3519334920202819,0.4516061200337076,low,2856,10346,23674,25824,"[1, 64, 28, 28, 20]",0.9816873006671607,0.05713332071900368,0.038711726665496826
experiment_A_ema,06SR5RBREL16DQ6M8LWS,2,41,0.07868694599125989,0.3307579457759857,-0.11752326786518097,0.5659109096667118,0.4833478626329654,,2856,10346,23674,25824,"[1, 64, 28, 28, 20]",0.9816873006671607,0.05713332071900368,0.038711726665496826
experiment_A_ema,06SR5RBREL16DQ6M8LWS,2,42,0.04885529599697548,0.20536160469055176,-0.23053202033042908,0.42876934024584556,0.38882545563233434,middle,2856,10346,23674,25824,"[1, 64, 28, 28, 20]",0.9816873006671607,0.05713332071900368,0.038711726665496826
experiment_A_ema,06SR5RBREL16DQ6M8LWS,2,43,0.0696437017995303,0.2927449643611908,-0.07142865657806396,0.46966101952168293,0.4085023986514736,,2856,10346,23674,25824,"[1, 64, 28, 28, 20]",0.9816873006671607,0.05713332071900368,0.038711726665496826
experiment_A_ema,06SR5RBREL16DQ6M8LWS,2,44,0.05641197887063783,0.23712587356567383,0.11083859205245972,0.5964405662079746,0.5327411354982342,,2856,10346,23674,25824,"[1, 64, 28, 28, 20]",0.9816873006671607,0.05713332071900368,0.038711726665496826
experiment_A_ema,06SR5RBREL16DQ6M8LWS,2,45,-0.098534974578284,0.0,-0.05561739206314087,0.47359323248518104,0.57712591556189,low,2856,10346,23674,25824,"[1, 64, 28, 28, 20]",0.9816873006671607,0.05713332071900368,0.038711726665496826
experiment_A_ema,06SR5RBREL16DQ6M8LWS,2,46,0.12236194973167451,0.5143443942070007,-0.19940076768398285,0.3673221555788589,0.2872297819412976,,2856,10346,23674,25824,"[1, 64, 28, 28, 20]",0.9816873006671607,0.05713332071900368,0.038711726665496826
experiment_A_ema,06SR5RBREL16DQ6M8LWS,2,47,0.08681587905789924,0.36492764949798584,-0.037638574838638306,0.683641005952897,0.5744211473854737,,2856,10346,23674,25824,"[1, 64, 28, 28, 20]",0.9816873006671607,0.05713332071900368,0.038711726665496826
experiment_A_ema,06SR5RBREL16DQ6M8LWS,2,48,0.04799159189618165,0.20173105597496033,-0.060962263494729996,0.5075944951786369,0.46110501559592154,middle,2856,10346,23674,25824,"[1, 64, 28, 28, 20]",0.9816873006671607,0.05713332071900368,0.038711726665496826
experiment_A_ema,06SR5RBREL16DQ6M8LWS,2,49,0.11612066887328071,0.4881093502044678,-0.06688059866428375,0.5703506431029474,0.4516725143364351,,2856,10346,23674,25824,"[1, 64, 28, 28, 20]",0.9816873006671607,0.05713332071900368,0.038711726665496826
experiment_A_ema,06SR5RBREL16DQ6M8LWS,2,50,-0.006857719070777885,0.0,0.0201011523604393,0.31498195017956676,0.31933190324678634,,2856,10346,23674,25824,"[1, 64, 28, 28, 20]",0.9816873006671607,0.05713332071900368,0.038711726665496826
experiment_A_ema,06SR5RBREL16DQ6M8LWS,2,51,0.0817241324217437,0.34352466464042664,-0.14797310531139374,0.5032140715670556,0.4271784668307025,,2856,10346,23674,25824,"[1, 64, 28, 28, 20]",0.9816873006671607,0.05713332071900368,0.038711726665496826
experiment_A_ema,06SR5RBREL16DQ6M8LWS,2,52,0.045727436391409616,0.1922137439250946,-0.09206371754407883,0.6429584815655378,0.5867280243571471,middle,2856,10346,23674,25824,"[1, 64, 28, 28, 20]",0.9816873006671607,0.05713332071900368,0.038711726665496826
experiment_A_ema,06SR5RBREL16DQ6M8LWS,2,53,0.028074859495590604,0.11801173537969589,0.002868274226784706,0.589951063219017,0.5577300491681448,,2856,10346,23674,25824,"[1, 64, 28, 28, 20]",0.9816873006671607,0.05713332071900368,0.038711726665496826
experiment_A_ema,06SR5RBREL16DQ6M8LWS,2,54,0.00800931934940229,0.033666905015707016,0.0006024372996762395,0.43837320253571577,0.43140684833523163,,2856,10346,23674,25824,"[1, 64, 28, 28, 20]",0.9816873006671607,0.05713332071900368,0.038711726665496826
experiment_A_ema,06SR5RBREL16DQ6M8LWS,2,55,0.06019106555635964,0.25301113724708557,0.054052889347076416,0.5059461890326196,0.44849716627254876,,2856,10346,23674,25824,"[1, 64, 28, 28, 20]",0.9816873006671607,0.05713332071900368,0.038711726665496826
experiment_A_ema,06SR5RBREL16DQ6M8LWS,2,56,-0.06235699088749261,0.0,-0.041201598942279816,0.3070765363751407,0.34792022586657545,,2856,10346,23674,25824,"[1, 64, 28, 28, 20]",0.9816873006671607,0.05713332071900368,0.038711726665496826
experiment_A_ema,06SR5RBREL16DQ6M8LWS,2,57,0.08809359333042946,0.37029847502708435,-0.056045107543468475,0.706331353071718,0.5919601052264368,,2856,10346,23674,25824,"[1, 64, 28, 28, 20]",0.9816873006671607,0.05713332071900368,0.038711726665496826
experiment_A_ema,06SR5RBREL16DQ6M8LWS,2,58,0.08034730338299681,0.33773720264434814,-0.04513757303357124,0.5233387928070055,0.44549549038058084,,2856,10346,23674,25824,"[1, 64, 28, 28, 20]",0.9816873006671607,0.05713332071900368,0.038711726665496826
experiment_A_ema,06SR5RBREL16DQ6M8LWS,2,59,0.12941251934812323,0.5439811944961548,-0.0869239792227745,0.47368571170133617,0.36513206104387724,,2856,10346,23674,25824,"[1, 64, 28, 28, 20]",0.9816873006671607,0.05713332071900368,0.038711726665496826
experiment_A_ema,06SR5RBREL16DQ6M8LWS,2,60,0.046573720160790345,0.19577106833457947,0.15104490518569946,0.7881427144199507,0.7179961766120242,middle,2856,10346,23674,25824,"[1, 64, 28, 28, 20]",0.9816873006671607,0.05713332071900368,0.038711726665496826
experiment_A_ema,06SR5RBREL16DQ6M8LWS,2,61,0.10574195577443452,0.4444827735424042,-0.018485520035028458,0.7550734558338134,0.6106582124268897,,2856,10346,23674,25824,"[1, 64, 28, 28, 20]",0.9816873006671607,0.05713332071900368,0.038711726665496826
experiment_A_ema,06SR5RBREL16DQ6M8LWS,2,62,0.04189668054165418,0.17611129581928253,-0.10707463324069977,0.45147663593813964,0.4151670983620575,,2856,10346,23674,25824,"[1, 64, 28, 28, 20]",0.9816873006671607,0.05713332071900368,0.038711726665496826
experiment_A_ema,06SR5RBREL16DQ6M8LWS,2,63,-0.05521649186818971,0.0,-0.0021558557637035847,0.5318060014584283,0.5939673095475042,,2856,10346,23674,25824,"[1, 64, 28, 28, 20]",0.9816873006671607,0.05713332071900368,0.038711726665496826
experiment_A_ema,0RZDK210BSMWAA6467LU,0,0,0.12333857167663861,0.37345075607299805,0.028334878385066986,0.3933150494263613,0.30694575826589715,,3513,9164,28177,30206,"[1, 64, 28, 28, 20]",0.7734920718213609,0.05099231004714966,0.03541205823421478
experiment_A_ema,0RZDK210BSMWAA6467LU,0,1,0.15952168837837455,0.48300784826278687,-0.04155556112527847,0.5181338538915723,0.3755687466270149,,3513,9164,28177,30206,"[1, 64, 28, 28, 20]",0.7734920718213609,0.05099231004714966,0.03541205823421478
experiment_A_ema,0RZDK210BSMWAA6467LU,0,2,0.19891554547412443,0.6022865772247314,-0.005960389040410519,0.4396955919338148,0.2937930914615775,,3513,9164,28177,30206,"[1, 64, 28, 28, 20]",0.7734920718213609,0.05099231004714966,0.03541205823421478
experiment_A_ema,0RZDK210BSMWAA6467LU,0,3,0.16293161044909626,0.49333256483078003,-0.03648558259010315,0.3999904747514439,0.28790963853410345,,3513,9164,28177,30206,"[1, 64, 28, 28, 20]",0.7734920718213609,0.05099231004714966,0.03541205823421478
experiment_A_ema,0RZDK210BSMWAA6467LU,0,4,0.05382375319541465,0.16297028958797455,-0.055468276143074036,0.44722915799100504,0.4015448988150518,,3513,9164,28177,30206,"[1, 64, 28, 28, 20]",0.7734920718213609,0.05099231004714966,0.03541205823421478
experiment_A_ema,0RZDK210BSMWAA6467LU,0,5,0.1158998047245886,0.35092729330062866,-0.012705428525805473,0.518725293327031,0.41097329283797585,,3513,9164,28177,30206,"[1, 64, 28, 28, 20]",0.7734920718213609,0.05099231004714966,0.03541205823421478
experiment_A_ema,0RZDK210BSMWAA6467LU,0,6,-0.029735154414569035,0.0,0.005870080552995205,0.41831112935392134,0.443950646128836,,3513,9164,28177,30206,"[1, 64, 28, 28, 20]",0.7734920718213609,0.05099231004714966,0.03541205823421478
experiment_A_ema,0RZDK210BSMWAA6467LU,0,7,0.12219614358336839,0.369991660118103,-0.03353443741798401,0.36777935186649463,0.2876841210234394,,3513,9164,28177,30206,"[1, 64, 28, 28, 20]",0.7734920718213609,0.05099231004714966,0.03541205823421478
experiment_A_ema,0RZDK210BSMWAA6467LU,0,8,0.16845445295396158,0.5100549459457397,-0.0055101169273257256,0.4219640491475969,0.30029596510217765,,3513,9164,28177,30206,"[1, 64, 28, 28, 20]",0.7734920718213609,0.05099231004714966,0.03541205823421478
experiment_A_ema,0RZDK210BSMWAA6467LU,0,9,-0.053635062932369734,0.0,-0.002584715373814106,0.31765676777698976,0.35366310503824844,,3513,9164,28177,30206,"[1, 64, 28, 28, 20]",0.7734920718213609,0.05099231004714966,0.03541205823421478
experiment_A_ema,0RZDK210BSMWAA6467LU,0,10,0.05112360920990636,0.15479464828968048,0.004692086484283209,0.43084797979204065,0.38893753440469536,,3513,9164,28177,30206,"[1, 64, 28, 28, 20]",0.7734920718213609,0.05099231004714966,0.03541205823421478
experiment_A_ema,0RZDK210BSMWAA6467LU,0,11,0.04413607477154468,0.1336374431848526,0.00905516929924488,0.40087741881430516,0.3669868594771601,,3513,9164,28177,30206,"[1, 64, 28, 28, 20]",0.7734920718213609,0.05099231004714966,0.03541205823421478
experiment_A_ema,0RZDK210BSMWAA6467LU,0,12,-0.002024185890727565,0.0,-0.011940374039113522,0.47470338602469037,0.4766290617670877,,3513,9164,28177,30206,"[1, 64, 28, 28, 20]",0.7734920718213609,0.05099231004714966,0.03541205823421478
experiment_A_ema,0RZDK210BSMWAA6467LU,0,13,0.0787426750489667,0.23842105269432068,-0.01644551381468773,0.383167385595375,0.327228810062027,,3513,9164,28177,30206,"[1, 64, 28, 28, 20]",0.7734920718213609,0.05099231004714966,0.03541205823421478
experiment_A_ema,0RZDK210BSMWAA6467LU,0,14,0.18666077781246265,0.5651809573173523,-0.015904542058706284,0.43564566721126974,0.29859208973889606,,3513,9164,28177,30206,"[1, 64, 28, 28, 20]",0.7734920718213609,0.05099231004714966,0.03541205823421478
experiment_A_ema,0RZDK210BSMWAA6467LU,0,15,0.17720457101480985,0.5365489721298218,-0.010351793840527534,0.4329892109556565,0.30263335289509796,,3513,9164,28177,30206,"[1, 64, 28, 28, 20]",0.7734920718213609,0.05099231004714966,0.03541205823421478
experiment_A_ema,0RZDK210BSMWAA6467LU,0,16,0.13347991010783095,0.40415722131729126,0.046028461307287216,0.45334086125209416,0.34656885125266756,,3513,9164,28177,30206,"[1, 64, 28, 28, 20]",0.7734920718213609,0.05099231004714966,0.03541205823421478
experiment_A_ema,0RZDK210BSMWAA6467LU,0,17,0.05499169247709237,0.16650663316249847,0.03528431057929993,0.4084546371351041,0.3658729951142406,middle,3513,9164,28177,30206,"[1, 64, 28, 28, 20]",0.7734920718213609,0.05099231004714966,0.03541205823421478
experiment_A_ema,0RZDK210BSMWAA6467LU,0,18,-0.032692144983360504,0.0,-0.013993145897984505,0.42681355735608695,0.45566366329011043,,3513,9164,28177,30206,"[1, 64, 28, 28, 20]",0.7734920718213609,0.05099231004714966,0.03541205823421478
experiment_A_ema,0RZDK210BSMWAA6467LU,0,19,0.1275055239569347,0.3860676884651184,9.612902067601681e-05,0.5126266634274278,0.3966843577294773,,3513,9164,28177,30206,"[1, 64, 28, 28, 20]",0.7734920718213609,0.05099231004714966,0.03541205823421478
experiment_A_ema,0RZDK210BSMWAA6467LU,0,20,-0.04515258658217166,0.0,-0.013947892002761364,0.2811348838167133,0.30772340378485924,,3513,9164,28177,30206,"[1, 64, 28, 28, 20]",0.7734920718213609,0.05099231004714966,0.03541205823421478
experiment_A_ema,0RZDK210BSMWAA6467LU,0,21,-0.018793846832653067,0.0,0.016886714845895767,0.38264622927709663,0.39730452304713765,,3513,9164,28177,30206,"[1, 64, 28, 28, 20]",0.7734920718213609,0.05099231004714966,0.03541205823421478
experiment_A_ema,0RZDK210BSMWAA6467LU,0,22,0.16310547423970218,0.49385902285575867,-0.0017007894348353148,0.4816826800766302,0.3465871702372615,,3513,9164,28177,30206,"[1, 64, 28, 28, 20]",0.7734920718213609,0.05099231004714966,0.03541205823421478
experiment_A_ema,0RZDK210BSMWAA6467LU,0,23,0.05199034817933314,0.15741901099681854,0.01690402254462242,0.41520416904987456,0.3741645618957833,,3513,9164,28177,30206,"[1, 64, 28, 28, 20]",0.7734920718213609,0.05099231004714966,0.03541205823421478
experiment_A_ema,0RZDK210BSMWAA6467LU,0,24,-3.080963283619379e-05,0.0,-0.04277432709932327,0.4284615011811134,0.42848790350844074,,3513,9164,28177,30206,"[1, 64, 28, 28, 20]",0.7734920718213609,0.05099231004714966,0.03541205823421478
experiment_A_ema,0RZDK210BSMWAA6467LU,0,25,-0.044348631796222775,0.0,0.028391128405928612,0.38156460012505716,0.4169789587389962,,3513,9164,28177,30206,"[1, 64, 28, 28, 20]",0.7734920718213609,0.05099231004714966,0.03541205823421478
experiment_A_ema,0RZDK210BSMWAA6467LU,0,26,-0.07089688114036766,0.0,0.014140112325549126,0.3477642684050886,0.40083789812378934,,3513,9164,28177,30206,"[1, 64, 28, 28, 20]",0.7734920718213609,0.05099231004714966,0.03541205823421478
experiment_A_ema,0RZDK210BSMWAA6467LU,0,27,0.1932437920760468,0.5851133465766907,-0.03616468980908394,0.552280873295907,0.3733988249208904,,3513,9164,28177,30206,"[1, 64, 28, 28, 20]",0.7734920718213609,0.05099231004714966,0.03541205823421478
experiment_A_ema,0RZDK210BSMWAA6467LU,0,28,0.008239423010300458,0.024947742000222206,-0.012813271023333073,0.4373078412689701,0.43016039528061567,,3513,9164,28177,30206,"[1, 64, 28, 28, 20]",0.7734920718213609,0.05099231004714966,0.03541205823421478
experiment_A_ema,0RZDK210BSMWAA6467LU,0,29,0.19748709182825128,0.59796142578125,-0.018388070166110992,0.5194544585223778,0.34811958603080434,,3513,9164,28177,30206,"[1, 64, 28, 28, 20]",0.7734920718213609,0.05099231004714966,0.03541205823421478
experiment_A_ema,0RZDK210BSMWAA6467LU,0,30,-0.04561998944911794,0.0,-0.061130572110414505,0.4257865778386986,0.46649238010578536,,3513,9164,28177,30206,"[1, 64, 28, 28, 20]",0.7734920718213609,0.05099231004714966,0.03541205823421478
experiment_A_ema,0RZDK210BSMWAA6467LU,0,31,0.16791193429897489,0.50841224193573,0.008361715823411942,0.5863507306762623,0.4177500572350199,,3513,9164,28177,30206,"[1, 64, 28, 28, 20]",0.7734920718213609,0.05099231004714966,0.03541205823421478
experiment_A_ema,0RZDK210BSMWAA6467LU,0,32,0.018458250819101966,0.0558888278901577,-0.0603795126080513,0.3009615566836256,0.2900524533898356,,3513,9164,28177,30206,"[1, 64, 28, 28, 20]",0.7734920718213609,0.05099231004714966,0.03541205823421478
experiment_A_ema,0RZDK210BSMWAA6467LU,0,33,0.3302662845098347,0.9999969601631165,0.12846329808235168,0.41666393576483085,0.2097727040019469,high,3513,9164,28177,30206,"[1, 64, 28, 28, 20]",0.7734920718213609,0.05099231004714966,0.03541205823421478
experiment_A_ema,0RZDK210BSMWAA6467LU,0,34,-0.05601375197377423,0.0,0.0021921731531620026,0.4472752663919638,0.5003556876267935,,3513,9164,28177,30206,"[1, 64, 28, 28, 20]",0.7734920718213609,0.05099231004714966,0.03541205823421478
experiment_A_ema,0RZDK210BSMWAA6467LU,0,35,-0.00945447380598414,0.0,-0.0161002017557621,0.38195063551312125,0.38924186425603396,,3513,9164,28177,30206,"[1, 64, 28, 28, 20]",0.7734920718213609,0.05099231004714966,0.03541205823421478
experiment_A_ema,0RZDK210BSMWAA6467LU,0,36,-0.10569853715943286,0.0,0.014378531835973263,0.3555912715392484,0.43964688732287244,low,3513,9164,28177,30206,"[1, 64, 28, 28, 20]",0.7734920718213609,0.05099231004714966,0.03541205823421478
experiment_A_ema,0RZDK210BSMWAA6467LU,0,37,0.03878871801551806,0.11744644492864609,-0.046493493020534515,0.35156670769487114,0.32531143355436837,,3513,9164,28177,30206,"[1, 64, 28, 28, 20]",0.7734920718213609,0.05099231004714966,0.03541205823421478
experiment_A_ema,0RZDK210BSMWAA6467LU,0,38,0.11343723570666672,0.3434709906578064,-0.031009381636977196,0.45685507023191135,0.36376597397690874,,3513,9164,28177,30206,"[1, 64, 28, 28, 20]",0.7734920718213609,0.05099231004714966,0.03541205823421478
experiment_A_ema,0RZDK210BSMWAA6467LU,0,39,0.26459410571161895,0.8011514544487,-0.05151784420013428,0.4564759841914785,0.2654566103583833,high,3513,9164,28177,30206,"[1, 64, 28, 28, 20]",0.7734920718213609,0.05099231004714966,0.03541205823421478
experiment_A_ema,0RZDK210BSMWAA6467LU,0,40,-0.14903726030517414,0.0,0.022622330114245415,0.34109391550896057,0.4605721836434291,low,3513,9164,28177,30206,"[1, 64, 28, 28, 20]",0.7734920718213609,0.05099231004714966,0.03541205823421478
experiment_A_ema,0RZDK210BSMWAA6467LU,0,41,0.119082922581571,0.36056530475616455,-0.031014304608106613,0.5110831348734509,0.4023131202547946,,3513,9164,28177,30206,"[1, 64, 28, 28, 20]",0.7734920718213609,0.05099231004714966,0.03541205823421478
experiment_A_ema,0RZDK210BSMWAA6467LU,0,42,-0.003166062074392897,0.0,-0.032068073749542236,0.2800428190639826,0.2818217202388777,,3513,9164,28177,30206,"[1, 64, 28, 28, 20]",0.7734920718213609,0.05099231004714966,0.03541205823421478
experiment_A_ema,0RZDK210BSMWAA6467LU,0,43,0.2279849789991615,0.6903044581413269,-0.07421861588954926,0.4447305244041219,0.2795949649420081,high,3513,9164,28177,30206,"[1, 64, 28, 28, 20]",0.7734920718213609,0.05099231004714966,0.03541205823421478
experiment_A_ema,0RZDK210BSMWAA6467LU,0,44,0.03785759554119093,0.11462714523077011,0.003556040581315756,0.4146429384284501,0.3843933094749759,,3513,9164,28177,30206,"[1, 64, 28, 28, 20]",0.7734920718213609,0.05099231004714966,0.03541205823421478
experiment_A_ema,0RZDK210BSMWAA6467LU,0,45,-0.08335391999648793,0.0,-0.010997124947607517,0.41268725798052674,0.48774161780958314,low,3513,9164,28177,30206,"[1, 64, 28, 28, 20]",0.7734920718213609,0.05099231004714966,0.03541205823421478
experiment_A_ema,0RZDK210BSMWAA6467LU,0,46,0.2255488205329868,0.6829281449317932,-0.054174020886421204,0.37806384639494445,0.23890665251364349,high,3513,9164,28177,30206,"[1, 64, 28, 28, 20]",0.7734920718213609,0.05099231004714966,0.03541205823421478
experiment_A_ema,0RZDK210BSMWAA6467LU,0,47,0.20354809919356737,0.6163132190704346,-0.0124033372849226,0.6051214382404068,0.4004409266901121,,3513,9164,28177,30206,"[1, 64, 28, 28, 20]",0.7734920718213609,0.05099231004714966,0.03541205823421478
experiment_A_ema,0RZDK210BSMWAA6467LU,0,48,0.1783341657194333,0.5399692058563232,-0.05515191704034805,0.43365461277843764,0.3023921492138814,,3513,9164,28177,30206,"[1, 64, 28, 28, 20]",0.7734920718213609,0.05099231004714966,0.03541205823421478
experiment_A_ema,0RZDK210BSMWAA6467LU,0,49,0.11182973351323566,0.3386037349700928,-0.04208962619304657,0.504530852901826,0.403037602553504,,3513,9164,28177,30206,"[1, 64, 28, 28, 20]",0.7734920718213609,0.05099231004714966,0.03541205823421478
experiment_A_ema,0RZDK210BSMWAA6467LU,0,50,-0.020743583760184148,0.0,0.004600706044584513,0.28867542344970326,0.30090546473066015,,3513,9164,28177,30206,"[1, 64, 28, 28, 20]",0.7734920718213609,0.05099231004714966,0.03541205823421478
experiment_A_ema,0RZDK210BSMWAA6467LU,0,51,0.18300070638457955,0.5540987849235535,-0.043273355811834335,0.44446942758177094,0.3069575727279415,,3513,9164,28177,30206,"[1, 64, 28, 28, 20]",0.7734920718213609,0.05099231004714966,0.03541205823421478
experiment_A_ema,0RZDK210BSMWAA6467LU,0,52,0.030752846375352475,0.09311502426862717,-0.04344819486141205,0.37612721088123224,0.3536834257373562,,3513,9164,28177,30206,"[1, 64, 28, 28, 20]",0.7734920718213609,0.05099231004714966,0.03541205823421478
experiment_A_ema,0RZDK210BSMWAA6467LU,0,53,0.01593042499293978,0.04823494702577591,-0.016027148813009262,0.399077826515944,0.3865622305844325,,3513,9164,28177,30206,"[1, 64, 28, 28, 20]",0.7734920718213609,0.05099231004714966,0.03541205823421478
experiment_A_ema,0RZDK210BSMWAA6467LU,0,54,0.06849278554038683,0.20738592743873596,0.013205692172050476,0.36734790124382743,0.3202521873457266,middle,3513,9164,28177,30206,"[1, 64, 28, 28, 20]",0.7734920718213609,0.05099231004714966,0.03541205823421478
experiment_A_ema,0RZDK210BSMWAA6467LU,0,55,0.176684078194712,0.5349729657173157,0.016047606244683266,0.5547159532061391,0.3881299221543131,,3513,9164,28177,30206,"[1, 64, 28, 28, 20]",0.7734920718213609,0.05099231004714966,0.03541205823421478
experiment_A_ema,0RZDK210BSMWAA6467LU,0,56,-0.07200555665518248,0.0,-0.006048941053450108,0.3219614953977979,0.3719252702171209,,3513,9164,28177,30206,"[1, 64, 28, 28, 20]",0.7734920718213609,0.05099231004714966,0.03541205823421478
experiment_A_ema,0RZDK210BSMWAA6467LU,0,57,0.10901761548442535,0.3300890624523163,-0.028636300936341286,0.4952663080631261,0.3978957961979197,,3513,9164,28177,30206,"[1, 64, 28, 28, 20]",0.7734920718213609,0.05099231004714966,0.03541205823421478
experiment_A_ema,0RZDK210BSMWAA6467LU,0,58,-0.10265121519127089,0.0,0.003986099734902382,0.34537546349167236,0.42439326114285675,low,3513,9164,28177,30206,"[1, 64, 28, 28, 20]",0.7734920718213609,0.05099231004714966,0.03541205823421478
experiment_A_ema,0RZDK210BSMWAA6467LU,0,59,0.16926934459046272,0.512522280216217,-0.01761382818222046,0.39609480349767456,0.28141328425901707,,3513,9164,28177,30206,"[1, 64, 28, 28, 20]",0.7734920718213609,0.05099231004714966,0.03541205823421478
experiment_A_ema,0RZDK210BSMWAA6467LU,0,60,0.07778827064071481,0.2355312556028366,0.030019233003258705,0.503393246961092,0.4307293850614361,middle,3513,9164,28177,30206,"[1, 64, 28, 28, 20]",0.7734920718213609,0.05099231004714966,0.03541205823421478
experiment_A_ema,0RZDK210BSMWAA6467LU,0,61,0.13712806676653858,0.4152033030986786,-0.02641323395073414,0.5427588307429086,0.4118544235446719,,3513,9164,28177,30206,"[1, 64, 28, 28, 20]",0.7734920718213609,0.05099231004714966,0.03541205823421478
experiment_A_ema,0RZDK210BSMWAA6467LU,0,62,0.06267131958841399,0.18975938856601715,-0.025786716490983963,0.3467668961107545,0.30586549997085216,middle,3513,9164,28177,30206,"[1, 64, 28, 28, 20]",0.7734920718213609,0.05099231004714966,0.03541205823421478
experiment_A_ema,0RZDK210BSMWAA6467LU,0,63,-0.014583432424925461,0.0,-0.012917262502014637,0.42906816529046515,0.441767959655227,,3513,9164,28177,30206,"[1, 64, 28, 28, 20]",0.7734920718213609,0.05099231004714966,0.03541205823421478
experiment_A_ema,0RZDK210BSMWAA6467LU,1,0,0.08975788892502627,0.32770490646362305,0.04307245463132858,0.3821727017111703,0.3192173239379466,,3854,8352,30281,32845,"[1, 64, 28, 28, 20]",0.7233014292158744,0.04877590388059616,0.03330313786864281
experiment_A_ema,0RZDK210BSMWAA6467LU,1,1,0.14462657458125033,0.5280297994613647,-0.03915882110595703,0.5194660289737504,0.3881941078713238,,3854,8352,30281,32845,"[1, 64, 28, 28, 20]",0.7233014292158744,0.04877590388059616,0.03330313786864281
experiment_A_ema,0RZDK210BSMWAA6467LU,1,2,0.16424560763147616,0.5996586084365845,-0.03592269867658615,0.4285257518966042,0.30761732129151215,,3854,8352,30281,32845,"[1, 64, 28, 28, 20]",0.7233014292158744,0.04877590388059616,0.03330313786864281
experiment_A_ema,0RZDK210BSMWAA6467LU,1,3,0.1770917037826147,0.6465595364570618,-0.024072982370853424,0.39807001362239613,0.27829177500857666,,3854,8352,30281,32845,"[1, 64, 28, 28, 20]",0.7233014292158744,0.04877590388059616,0.03330313786864281
experiment_A_ema,0RZDK210BSMWAA6467LU,1,4,0.05880392114448536,0.2146923691034317,-0.0716949924826622,0.4629228132216384,0.41150308297129223,,3854,8352,30281,32845,"[1, 64, 28, 28, 20]",0.7233014292158744,0.04877590388059616,0.03330313786864281
experiment_A_ema,0RZDK210BSMWAA6467LU,1,5,0.08595295970013495,0.313813179731369,-0.01554582267999649,0.5080565008095188,0.4276312806821012,,3854,8352,30281,32845,"[1, 64, 28, 28, 20]",0.7233014292158744,0.04877590388059616,0.03330313786864281
experiment_A_ema,0RZDK210BSMWAA6467LU,1,6,0.009828650972790716,0.03588427975773811,0.01886214129626751,0.43034486716689174,0.4219677738697937,,3854,8352,30281,32845,"[1, 64, 28, 28, 20]",0.7233014292158744,0.04877590388059616,0.03330313786864281
experiment_A_ema,0RZDK210BSMWAA6467LU,1,7,0.08131690708533869,0.29688701033592224,-0.03866463899612427,0.3557027426091159,0.30220374090171653,,3854,8352,30281,32845,"[1, 64, 28, 28, 20]",0.7233014292158744,0.04877590388059616,0.03330313786864281
experiment_A_ema,0RZDK210BSMWAA6467LU,1,8,0.10334038218380957,0.3772944211959839,-0.03007655031979084,0.40494436777658255,0.3290889779528594,,3854,8352,30281,32845,"[1, 64, 28, 28, 20]",0.7233014292158744,0.04877590388059616,0.03330313786864281
experiment_A_ema,0RZDK210BSMWAA6467LU,1,9,-0.06725733347463259,0.0,0.006370570510625839,0.3128303707867028,0.3579450009044379,,3854,8352,30281,32845,"[1, 64, 28, 28, 20]",0.7233014292158744,0.04877590388059616,0.03330313786864281
experiment_A_ema,0RZDK210BSMWAA6467LU,1,10,0.06917582975865522,0.2525600790977478,-0.001220565289258957,0.43384782546337597,0.3777077275150213,middle,3854,8352,30281,32845,"[1, 64, 28, 28, 20]",0.7233014292158744,0.04877590388059616,0.03330313786864281
experiment_A_ema,0RZDK210BSMWAA6467LU,1,11,0.05184924122974834,0.18930092453956604,0.0012006342876702547,0.3999825184680601,0.3605494605745031,,3854,8352,30281,32845,"[1, 64, 28, 28, 20]",0.7233014292158744,0.04877590388059616,0.03330313786864281
experiment_A_ema,0RZDK210BSMWAA6467LU,1,12,-0.0002844584021234157,0.0,-0.017274901270866394,0.48128047140742475,0.48155435814900754,,3854,8352,30281,32845,"[1, 64, 28, 28, 20]",0.7233014292158744,0.04877590388059616,0.03330313786864281
experiment_A_ema,0RZDK210BSMWAA6467LU,1,13,-1.16972982280759e-05,0.0,-0.029006266966462135,0.38309362510305045,0.38310258754034826,,3854,8352,30281,32845,"[1, 64, 28, 28, 20]",0.7233014292158744,0.04877590388059616,0.03330313786864281
experiment_A_ema,0RZDK210BSMWAA6467LU,1,14,0.16867499175364067,0.6158302426338196,-0.016365157440304756,0.4194237768282474,0.29835267162880486,,3854,8352,30281,32845,"[1, 64, 28, 28, 20]",0.7233014292158744,0.04877590388059616,0.03330313786864281
experiment_A_ema,0RZDK210BSMWAA6467LU,1,15,0.11256734671397456,0.4109819531440735,-0.032742660492658615,0.4138917908410239,0.33013819670049666,,3854,8352,30281,32845,"[1, 64, 28, 28, 20]",0.7233014292158744,0.04877590388059616,0.03330313786864281
experiment_A_ema,0RZDK210BSMWAA6467LU,1,16,0.07531078522724827,0.2749587297439575,0.04911258816719055,0.4397764415123006,0.37817574477395316,middle,3854,8352,30281,32845,"[1, 64, 28, 28, 20]",0.7233014292158744,0.04877590388059616,0.03330313786864281
experiment_A_ema,0RZDK210BSMWAA6467LU,1,17,0.08616967701414985,0.31460440158843994,0.027230773121118546,0.38480376903272573,0.32374800531932935,,3854,8352,30281,32845,"[1, 64, 28, 28, 20]",0.7233014292158744,0.04877590388059616,0.03330313786864281
experiment_A_ema,0RZDK210BSMWAA6467LU,1,18,-0.04422049389121286,0.0,-0.032569579780101776,0.4148906315585645,0.4532816843721946,,3854,8352,30281,32845,"[1, 64, 28, 28, 20]",0.7233014292158744,0.04877590388059616,0.03330313786864281
experiment_A_ema,0RZDK210BSMWAA6467LU,1,19,0.19575575705168188,0.714701771736145,-0.022601857781410217,0.5183861691573406,0.3486572353546677,,3854,8352,30281,32845,"[1, 64, 28, 28, 20]",0.7233014292158744,0.04877590388059616,0.03330313786864281
experiment_A_ema,0RZDK210BSMWAA6467LU,1,20,-0.0289823676940858,0.0,-0.04220256209373474,0.30169389726128065,0.31970349391898034,,3854,8352,30281,32845,"[1, 64, 28, 28, 20]",0.7233014292158744,0.04877590388059616,0.03330313786864281
experiment_A_ema,0RZDK210BSMWAA6467LU,1,21,-0.006495911846418352,0.0,-0.0032737315632402897,0.38126762048721935,0.3862533757147343,,3854,8352,30281,32845,"[1, 64, 28, 28, 20]",0.7233014292158744,0.04877590388059616,0.03330313786864281
experiment_A_ema,0RZDK210BSMWAA6467LU,1,22,0.16940948095154854,0.6185118556022644,0.0013604280538856983,0.4837361261354069,0.34358065093920753,,3854,8352,30281,32845,"[1, 64, 28, 28, 20]",0.7233014292158744,0.04877590388059616,0.03330313786864281
experiment_A_ema,0RZDK210BSMWAA6467LU,1,23,0.0681446342236047,0.24879519641399384,0.007987510412931442,0.4034813988405689,0.3519993700377537,middle,3854,8352,30281,32845,"[1, 64, 28, 28, 20]",0.7233014292158744,0.04877590388059616,0.03330313786864281
experiment_A_ema,0RZDK210BSMWAA6467LU,1,24,0.03135833458027041,0.114488884806633,-0.027515659108757973,0.4272450624201998,0.40126435553085105,,3854,8352,30281,32845,"[1, 64, 28, 28, 20]",0.7233014292158744,0.04877590388059616,0.03330313786864281
experiment_A_ema,0RZDK210BSMWAA6467LU,1,25,-0.04074181426089254,0.0,0.02354194037616253,0.3698059366343413,0.40121892925265307,,3854,8352,30281,32845,"[1, 64, 28, 28, 20]",0.7233014292158744,0.04877590388059616,0.03330313786864281
experiment_A_ema,0RZDK210BSMWAA6467LU,1,26,-0.12152411474590881,0.0,0.017825085669755936,0.33952532538003083,0.43346205387827075,low,3854,8352,30281,32845,"[1, 64, 28, 28, 20]",0.7233014292158744,0.04877590388059616,0.03330313786864281
experiment_A_ema,0RZDK210BSMWAA6467LU,1,27,0.11365086469243198,0.4149378538131714,-0.011422425508499146,0.5395602427229257,0.4294331878106357,,3854,8352,30281,32845,"[1, 64, 28, 28, 20]",0.7233014292158744,0.04877590388059616,0.03330313786864281
experiment_A_ema,0RZDK210BSMWAA6467LU,1,28,-0.012878192672682037,0.0,-0.007711260113865137,0.4203721836563799,0.43134071940196733,,3854,8352,30281,32845,"[1, 64, 28, 28, 20]",0.7233014292158744,0.04877590388059616,0.03330313786864281
experiment_A_ema,0RZDK210BSMWAA6467LU,1,29,0.21052865641709417,0.768637478351593,-0.053319934755563736,0.5447700186193599,0.355282880528743,high,3854,8352,30281,32845,"[1, 64, 28, 28, 20]",0.7233014292158744,0.04877590388059616,0.03330313786864281
experiment_A_ema,0RZDK210BSMWAA6467LU,1,30,-0.028161064099396633,0.0,-0.06354892998933792,0.43244433325488996,0.4575063187730116,,3854,8352,30281,32845,"[1, 64, 28, 28, 20]",0.7233014292158744,0.04877590388059616,0.03330313786864281
experiment_A_ema,0RZDK210BSMWAA6467LU,1,31,0.11800019332853276,0.43081721663475037,0.018915006890892982,0.5640763368384577,0.4450044865896345,,3854,8352,30281,32845,"[1, 64, 28, 28, 20]",0.7233014292158744,0.04877590388059616,0.03330313786864281
experiment_A_ema,0RZDK210BSMWAA6467LU,1,32,0.003780844353097437,0.0138038145378232,-0.05903150886297226,0.3058992864007705,0.30359488004248336,,3854,8352,30281,32845,"[1, 64, 28, 28, 20]",0.7233014292158744,0.04877590388059616,0.03330313786864281
experiment_A_ema,0RZDK210BSMWAA6467LU,1,33,0.2738975137320356,0.9999963641166687,0.22143825888633728,0.4174763510749723,0.23795504686090838,high,3854,8352,30281,32845,"[1, 64, 28, 28, 20]",0.7233014292158744,0.04877590388059616,0.03330313786864281
experiment_A_ema,0RZDK210BSMWAA6467LU,1,34,-0.03481857479233726,0.0,-0.0008882989641278982,0.4329437958326894,0.464180417159344,,3854,8352,30281,32845,"[1, 64, 28, 28, 20]",0.7233014292158744,0.04877590388059616,0.03330313786864281
experiment_A_ema,0RZDK210BSMWAA6467LU,1,35,-0.029518984240032645,0.0,-0.009876418858766556,0.3648774188132891,0.3870742992469593,,3854,8352,30281,32845,"[1, 64, 28, 28, 20]",0.7233014292158744,0.04877590388059616,0.03330313786864281
experiment_A_ema,0RZDK210BSMWAA6467LU,1,36,-0.09358630646584847,0.0,0.008701478131115437,0.3506813453107134,0.4230964442470384,low,3854,8352,30281,32845,"[1, 64, 28, 28, 20]",0.7233014292158744,0.04877590388059616,0.03330313786864281
experiment_A_ema,0RZDK210BSMWAA6467LU,1,37,0.00946590623528815,0.03455990180373192,-0.05411156639456749,0.3358483911179819,0.3295497849086756,,3854,8352,30281,32845,"[1, 64, 28, 28, 20]",0.7233014292158744,0.04877590388059616,0.03330313786864281
experiment_A_ema,0RZDK210BSMWAA6467LU,1,38,0.08950713572129913,0.32678940892219543,-0.014346424490213394,0.4165480576517848,0.3481059757932459,,3854,8352,30281,32845,"[1, 64, 28, 28, 20]",0.7233014292158744,0.04877590388059616,0.03330313786864281
experiment_A_ema,0RZDK210BSMWAA6467LU,1,39,0.2121905057681125,0.7747048735618591,-0.0842360109090805,0.4483145615593955,0.29136200467482887,high,3854,8352,30281,32845,"[1, 64, 28, 28, 20]",0.7233014292158744,0.04877590388059616,0.03330313786864281
experiment_A_ema,0RZDK210BSMWAA6467LU,1,40,-0.12552706138997988,0.0,0.017088422551751137,0.3300353857799856,0.42478602485876915,low,3854,8352,30281,32845,"[1, 64, 28, 28, 20]",0.7233014292158744,0.04877590388059616,0.03330313786864281
experiment_A_ema,0RZDK210BSMWAA6467LU,1,41,0.05995351167225081,0.2188895046710968,-0.07021435350179672,0.5047771373777454,0.4476742708064131,,3854,8352,30281,32845,"[1, 64, 28, 28, 20]",0.7233014292158744,0.04877590388059616,0.03330313786864281
experiment_A_ema,0RZDK210BSMWAA6467LU,1,42,-0.0038948944003972933,0.0,-0.04321828484535217,0.2833185278351107,0.2855341528506591,,3854,8352,30281,32845,"[1, 64, 28, 28, 20]",0.7233014292158744,0.04877590388059616,0.03330313786864281
experiment_A_ema,0RZDK210BSMWAA6467LU,1,43,0.15352321549745918,0.5605112910270691,-0.05288586765527725,0.4255637843555788,0.31228648493517985,,3854,8352,30281,32845,"[1, 64, 28, 28, 20]",0.7233014292158744,0.04877590388059616,0.03330313786864281
experiment_A_ema,0RZDK210BSMWAA6467LU,1,44,0.06211627554993099,0.22678573429584503,0.005935669876635075,0.4377794709353484,0.3865736624361216,,3854,8352,30281,32845,"[1, 64, 28, 28, 20]",0.7233014292158744,0.04877590388059616,0.03330313786864281
experiment_A_ema,0RZDK210BSMWAA6467LU,1,45,-0.0070437977539501645,0.0,-0.02392900362610817,0.42300192404969256,0.4290032834605045,,3854,8352,30281,32845,"[1, 64, 28, 28, 20]",0.7233014292158744,0.04877590388059616,0.03330313786864281
experiment_A_ema,0RZDK210BSMWAA6467LU,1,46,0.20856683477100388,0.7614748477935791,-0.13436435163021088,0.3824662643504828,0.2504588649238682,high,3854,8352,30281,32845,"[1, 64, 28, 28, 20]",0.7233014292158744,0.04877590388059616,0.03330313786864281
experiment_A_ema,0RZDK210BSMWAA6467LU,1,47,0.1847333663906639,0.6744591593742371,-0.03387364745140076,0.6192028844515296,0.4261003198825759,,3854,8352,30281,32845,"[1, 64, 28, 28, 20]",0.7233014292158744,0.04877590388059616,0.03330313786864281
experiment_A_ema,0RZDK210BSMWAA6467LU,1,48,0.14053595996511598,0.5130950212478638,-0.04450790956616402,0.4323068758147689,0.32576971400184906,,3854,8352,30281,32845,"[1, 64, 28, 28, 20]",0.7233014292158744,0.04877590388059616,0.03330313786864281
experiment_A_ema,0RZDK210BSMWAA6467LU,1,49,0.11945484679534142,0.4361281394958496,-0.04176046699285507,0.5194781975417164,0.4086130770664571,,3854,8352,30281,32845,"[1, 64, 28, 28, 20]",0.7233014292158744,0.04877590388059616,0.03330313786864281
experiment_A_ema,0RZDK210BSMWAA6467LU,1,50,-0.011835136615467246,0.0,0.027259089052677155,0.2832296442604811,0.29001407381297545,,3854,8352,30281,32845,"[1, 64, 28, 28, 20]",0.7233014292158744,0.04877590388059616,0.03330313786864281
experiment_A_ema,0RZDK210BSMWAA6467LU,1,51,0.11691592958138806,0.4268585741519928,-0.06449604034423828,0.43525303016479194,0.3441305566911262,,3854,8352,30281,32845,"[1, 64, 28, 28, 20]",0.7233014292158744,0.04877590388059616,0.03330313786864281
experiment_A_ema,0RZDK210BSMWAA6467LU,1,52,0.06283925451139726,0.2294253259897232,-0.02442634478211403,0.392222002695892,0.3458425157370011,middle,3854,8352,30281,32845,"[1, 64, 28, 28, 20]",0.7233014292158744,0.04877590388059616,0.03330313786864281
experiment_A_ema,0RZDK210BSMWAA6467LU,1,53,0.048262292779278085,0.17620502412319183,-0.023228909820318222,0.40079846927169016,0.3638926732054452,,3854,8352,30281,32845,"[1, 64, 28, 28, 20]",0.7233014292158744,0.04877590388059616,0.03330313786864281
experiment_A_ema,0RZDK210BSMWAA6467LU,1,54,0.08640582447655303,0.31546658277511597,0.004658167250454426,0.3791958866426385,0.31887813854482516,,3854,8352,30281,32845,"[1, 64, 28, 28, 20]",0.7233014292158744,0.04877590388059616,0.03330313786864281
experiment_A_ema,0RZDK210BSMWAA6467LU,1,55,0.15203184481032664,0.5550663471221924,0.014599806629121304,0.567685643483914,0.4178523345247699,,3854,8352,30281,32845,"[1, 64, 28, 28, 20]",0.7233014292158744,0.04877590388059616,0.03330313786864281
experiment_A_ema,0RZDK210BSMWAA6467LU,1,56,-0.038577515192409026,0.0,-0.011444216594099998,0.30596901289957845,0.33052334508718006,,3854,8352,30281,32845,"[1, 64, 28, 28, 20]",0.7233014292158744,0.04877590388059616,0.03330313786864281
experiment_A_ema,0RZDK210BSMWAA6467LU,1,57,0.13431169443712862,0.4903703033924103,-0.024216245859861374,0.5136415001271234,0.3920027517840002,,3854,8352,30281,32845,"[1, 64, 28, 28, 20]",0.7233014292158744,0.04877590388059616,0.03330313786864281
experiment_A_ema,0RZDK210BSMWAA6467LU,1,58,-0.08824292666683517,0.0,0.004730740562081337,0.339370717700668,0.4050617013020678,low,3854,8352,30281,32845,"[1, 64, 28, 28, 20]",0.7233014292158744,0.04877590388059616,0.03330313786864281
experiment_A_ema,0RZDK210BSMWAA6467LU,1,59,0.14137683094789946,0.516165018081665,-0.04303078353404999,0.3990235065973507,0.30017315674748196,,3854,8352,30281,32845,"[1, 64, 28, 28, 20]",0.7233014292158744,0.04877590388059616,0.03330313786864281
experiment_A_ema,0RZDK210BSMWAA6467LU,1,60,0.09641066056448867,0.3519940972328186,0.049828678369522095,0.49434081519681233,0.40740300173574095,,3854,8352,30281,32845,"[1, 64, 28, 28, 20]",0.7233014292158744,0.04877590388059616,0.03330313786864281
experiment_A_ema,0RZDK210BSMWAA6467LU,1,61,0.144045198212611,0.5259072184562683,-0.03676522523164749,0.5154559454208691,0.38565508446429275,,3854,8352,30281,32845,"[1, 64, 28, 28, 20]",0.7233014292158744,0.04877590388059616,0.03330313786864281
experiment_A_ema,0RZDK210BSMWAA6467LU,1,62,0.04172293181305117,0.15232989192008972,-0.0036610316019505262,0.3376267833666052,0.31058158796591756,,3854,8352,30281,32845,"[1, 64, 28, 28, 20]",0.7233014292158744,0.04877590388059616,0.03330313786864281
experiment_A_ema,0RZDK210BSMWAA6467LU,1,63,0.016953928383423047,0.06189857795834541,0.005409650504589081,0.42920199235208817,0.41489127853461727,,3854,8352,30281,32845,"[1, 64, 28, 28, 20]",0.7233014292158744,0.04877590388059616,0.03330313786864281
experiment_A_ema,0RZDK210BSMWAA6467LU,2,0,0.15571529822562868,0.3293212950229645,0.054347697645425797,0.4017295011277249,0.2934753194485044,,2635,10522,21253,23200,"[1, 64, 28, 28, 20]",0.9026240507489505,0.04639383405447006,0.032491009682416916
experiment_A_ema,0RZDK210BSMWAA6467LU,2,1,0.24364879899279218,0.5152912735939026,-0.018803423270583153,0.5606140176330002,0.34094902212972283,,2635,10522,21253,23200,"[1, 64, 28, 28, 20]",0.9026240507489505,0.04639383405447006,0.032491009682416916
experiment_A_ema,0RZDK210BSMWAA6467LU,2,2,0.30526771352917664,0.6456087231636047,-0.06589215993881226,0.49567235288986905,0.2638227225162576,,2635,10522,21253,23200,"[1, 64, 28, 28, 20]",0.9026240507489505,0.04639383405447006,0.032491009682416916
experiment_A_ema,0RZDK210BSMWAA6467LU,2,3,0.23160646750835806,0.48982301354408264,-0.03919673711061478,0.41590490320327855,0.25948094182472725,,2635,10522,21253,23200,"[1, 64, 28, 28, 20]",0.9026240507489505,0.04639383405447006,0.032491009682416916
experiment_A_ema,0RZDK210BSMWAA6467LU,2,4,0.20439745598162362,0.4322788715362549,-0.09258674830198288,0.5578536949334295,0.3685075987809157,,2635,10522,21253,23200,"[1, 64, 28, 28, 20]",0.9026240507489505,0.04639383405447006,0.032491009682416916
experiment_A_ema,0RZDK210BSMWAA6467LU,2,5,0.08319506578105025,0.17594870924949646,0.016065411269664764,0.5196743771501868,0.4398468613959596,,2635,10522,21253,23200,"[1, 64, 28, 28, 20]",0.9026240507489505,0.04639383405447006,0.032491009682416916
experiment_A_ema,0RZDK210BSMWAA6467LU,2,6,0.02273820881588272,0.04808889329433441,-0.017109405249357224,0.4413976666379713,0.4217707404168765,,2635,10522,21253,23200,"[1, 64, 28, 28, 20]",0.9026240507489505,0.04639383405447006,0.032491009682416916
experiment_A_ema,0RZDK210BSMWAA6467LU,2,7,0.1885696652860591,0.39880478382110596,-0.03526029735803604,0.3540348750562098,0.24169761099233797,,2635,10522,21253,23200,"[1, 64, 28, 28, 20]",0.9026240507489505,0.04639383405447006,0.032491009682416916
experiment_A_ema,0RZDK210BSMWAA6467LU,2,8,0.2170907231447833,0.45912376046180725,-0.13171331584453583,0.4142021738065661,0.2664407024959783,,2635,10522,21253,23200,"[1, 64, 28, 28, 20]",0.9026240507489505,0.04639383405447006,0.032491009682416916
experiment_A_ema,0RZDK210BSMWAA6467LU,2,9,0.07282425958186618,0.15401555597782135,-0.015679029747843742,0.3695361027331489,0.3193671598851778,,2635,10522,21253,23200,"[1, 64, 28, 28, 20]",0.9026240507489505,0.04639383405447006,0.032491009682416916
experiment_A_ema,0RZDK210BSMWAA6467LU,2,10,0.09225645726990862,0.19511258602142334,0.06543178111314774,0.5136680425116015,0.42689494151008933,middle,2635,10522,21253,23200,"[1, 64, 28, 28, 20]",0.9026240507489505,0.04639383405447006,0.032491009682416916
experiment_A_ema,0RZDK210BSMWAA6467LU,2,11,-0.025677819769789226,0.0,0.01553303375840187,0.39912920369803323,0.4201669688321615,,2635,10522,21253,23200,"[1, 64, 28, 28, 20]",0.9026240507489505,0.04639383405447006,0.032491009682416916
experiment_A_ema,0RZDK210BSMWAA6467LU,2,12,-0.02063953554206998,0.0,0.0495033822953701,0.48690994703944285,0.5074327388861367,,2635,10522,21253,23200,"[1, 64, 28, 28, 20]",0.9026240507489505,0.04639383405447006,0.032491009682416916
experiment_A_ema,0RZDK210BSMWAA6467LU,2,13,0.2161659562193007,0.45716798305511475,-0.032252661883831024,0.4361358332008113,0.281094776466392,,2635,10522,21253,23200,"[1, 64, 28, 28, 20]",0.9026240507489505,0.04639383405447006,0.032491009682416916
experiment_A_ema,0RZDK210BSMWAA6467LU,2,14,0.15424868681271608,0.3262195587158203,-0.031870607286691666,0.4402765631906563,0.32260320630177447,,2635,10522,21253,23200,"[1, 64, 28, 28, 20]",0.9026240507489505,0.04639383405447006,0.032491009682416916
experiment_A_ema,0RZDK210BSMWAA6467LU,2,15,0.27857252932106347,0.5891512632369995,0.027187496423721313,0.5426933317406339,0.3062114898615407,,2635,10522,21253,23200,"[1, 64, 28, 28, 20]",0.9026240507489505,0.04639383405447006,0.032491009682416916
experiment_A_ema,0RZDK210BSMWAA6467LU,2,16,0.13337379958084147,0.28207138180732727,0.05432815104722977,0.3929198961628758,0.30044328131888803,,2635,10522,21253,23200,"[1, 64, 28, 28, 20]",0.9026240507489505,0.04639383405447006,0.032491009682416916
experiment_A_ema,0RZDK210BSMWAA6467LU,2,17,-0.006893845054642127,0.0,0.020971253514289856,0.42512478150550603,0.43102696588915096,,2635,10522,21253,23200,"[1, 64, 28, 28, 20]",0.9026240507489505,0.04639383405447006,0.032491009682416916
experiment_A_ema,0RZDK210BSMWAA6467LU,2,18,-0.14268529256738338,0.0,-0.07728023827075958,0.3854283329510294,0.5137243374794371,low,2635,10522,21253,23200,"[1, 64, 28, 28, 20]",0.9026240507489505,0.04639383405447006,0.032491009682416916
experiment_A_ema,0RZDK210BSMWAA6467LU,2,19,0.18458023718404015,0.3903675675392151,0.015053080394864082,0.5339831260122638,0.36757342028217505,,2635,10522,21253,23200,"[1, 64, 28, 28, 20]",0.9026240507489505,0.04639383405447006,0.032491009682416916
experiment_A_ema,0RZDK210BSMWAA6467LU,2,20,0.0455116270598702,0.09625224769115448,-0.10639046132564545,0.33209571895221396,0.3031831007206031,,2635,10522,21253,23200,"[1, 64, 28, 28, 20]",0.9026240507489505,0.04639383405447006,0.032491009682416916
experiment_A_ema,0RZDK210BSMWAA6467LU,2,21,0.0650451914400341,0.13756366074085236,-0.047472551465034485,0.42978184731562086,0.3772859057661476,,2635,10522,21253,23200,"[1, 64, 28, 28, 20]",0.9026240507489505,0.04639383405447006,0.032491009682416916
experiment_A_ema,0RZDK210BSMWAA6467LU,2,22,0.13576162369505568,0.28712138533592224,-0.02095460705459118,0.5070154307723581,0.38580459820878743,,2635,10522,21253,23200,"[1, 64, 28, 28, 20]",0.9026240507489505,0.04639383405447006,0.032491009682416916
experiment_A_ema,0RZDK210BSMWAA6467LU,2,23,0.0658050090860391,0.1391705870628357,0.00035284494515508413,0.370119309289676,0.324415381825278,,2635,10522,21253,23200,"[1, 64, 28, 28, 20]",0.9026240507489505,0.04639383405447006,0.032491009682416916
experiment_A_ema,0RZDK210BSMWAA6467LU,2,24,0.0073422637036387635,0.01552810613065958,-0.0741470456123352,0.4661701277319644,0.4593745274617749,,2635,10522,21253,23200,"[1, 64, 28, 28, 20]",0.9026240507489505,0.04639383405447006,0.032491009682416916
experiment_A_ema,0RZDK210BSMWAA6467LU,2,25,-0.02796877198173029,0.0,-0.005869007669389248,0.3985187862336866,0.4214524013804263,,2635,10522,21253,23200,"[1, 64, 28, 28, 20]",0.9026240507489505,0.04639383405447006,0.032491009682416916
experiment_A_ema,0RZDK210BSMWAA6467LU,2,26,-0.07625005187187366,0.0,0.016132965683937073,0.3292046115857388,0.3835524508159649,,2635,10522,21253,23200,"[1, 64, 28, 28, 20]",0.9026240507489505,0.04639383405447006,0.032491009682416916
experiment_A_ema,0RZDK210BSMWAA6467LU,2,27,0.3204157343171713,0.6776451468467712,-0.00724313547834754,0.5951651589419433,0.30631606892581575,high,2635,10522,21253,23200,"[1, 64, 28, 28, 20]",0.9026240507489505,0.04639383405447006,0.032491009682416916
experiment_A_ema,0RZDK210BSMWAA6467LU,2,28,0.0395511444079951,0.08364646136760712,0.034792445600032806,0.48115278644490794,0.4445405173575581,,2635,10522,21253,23200,"[1, 64, 28, 28, 20]",0.9026240507489505,0.04639383405447006,0.032491009682416916
experiment_A_ema,0RZDK210BSMWAA6467LU,2,29,0.25317728395429256,0.5354430079460144,-0.016113633289933205,0.5383471508494506,0.3208242228321743,,2635,10522,21253,23200,"[1, 64, 28, 28, 20]",0.9026240507489505,0.04639383405447006,0.032491009682416916
experiment_A_ema,0RZDK210BSMWAA6467LU,2,30,-0.03865837074281812,0.0,-0.06984713673591614,0.3994665558545354,0.43159404326335404,,2635,10522,21253,23200,"[1, 64, 28, 28, 20]",0.9026240507489505,0.04639383405447006,0.032491009682416916
experiment_A_ema,0RZDK210BSMWAA6467LU,2,31,0.17709788802603418,0.3745431900024414,0.05868823826313019,0.5635001545429117,0.39393944623480137,,2635,10522,21253,23200,"[1, 64, 28, 28, 20]",0.9026240507489505,0.04639383405447006,0.032491009682416916
experiment_A_ema,0RZDK210BSMWAA6467LU,2,32,0.09887502364794659,0.20911015570163727,-0.11410970985889435,0.3297798075704381,0.27043359438341297,middle,2635,10522,21253,23200,"[1, 64, 28, 28, 20]",0.9026240507489505,0.04639383405447006,0.032491009682416916
experiment_A_ema,0RZDK210BSMWAA6467LU,2,33,0.4728360336030604,0.9999979138374329,0.41392070055007935,0.4830213917937992,0.1728848249955165,high,2635,10522,21253,23200,"[1, 64, 28, 28, 20]",0.9026240507489505,0.04639383405447006,0.032491009682416916
experiment_A_ema,0RZDK210BSMWAA6467LU,2,34,-0.10308159929120679,0.0,0.0427391454577446,0.44508467665358764,0.5473907321297696,,2635,10522,21253,23200,"[1, 64, 28, 28, 20]",0.9026240507489505,0.04639383405447006,0.032491009682416916
experiment_A_ema,0RZDK210BSMWAA6467LU,2,35,0.02715207460042733,0.05742374807596207,-0.11408329010009766,0.4183736058893972,0.3962547294057664,,2635,10522,21253,23200,"[1, 64, 28, 28, 20]",0.9026240507489505,0.04639383405447006,0.032491009682416916
experiment_A_ema,0RZDK210BSMWAA6467LU,2,36,-0.23267053629886333,0.0,0.018457485362887383,0.30392412959321435,0.4882368919907462,low,2635,10522,21253,23200,"[1, 64, 28, 28, 20]",0.9026240507489505,0.04639383405447006,0.032491009682416916
experiment_A_ema,0RZDK210BSMWAA6467LU,2,37,0.053977765804021256,0.11415722966194153,-0.12636424601078033,0.3693923015938718,0.33155659237677093,,2635,10522,21253,23200,"[1, 64, 28, 28, 20]",0.9026240507489505,0.04639383405447006,0.032491009682416916
experiment_A_ema,0RZDK210BSMWAA6467LU,2,38,0.07604088719011372,0.16081838309764862,0.004292376339435577,0.42032212850503425,0.3609160112132172,,2635,10522,21253,23200,"[1, 64, 28, 28, 20]",0.9026240507489505,0.04639383405447006,0.032491009682416916
experiment_A_ema,0RZDK210BSMWAA6467LU,2,39,0.3109041464766977,0.6575291752815247,-0.11262613534927368,0.4934178385063582,0.25937203462118985,high,2635,10522,21253,23200,"[1, 64, 28, 28, 20]",0.9026240507489505,0.04639383405447006,0.032491009682416916
experiment_A_ema,0RZDK210BSMWAA6467LU,2,40,-0.3214941154502773,0.0,0.06293445825576782,0.2613043263330192,0.5089306650804645,low,2635,10522,21253,23200,"[1, 64, 28, 28, 20]",0.9026240507489505,0.04639383405447006,0.032491009682416916
experiment_A_ema,0RZDK210BSMWAA6467LU,2,41,0.17994060122835312,0.3805552124977112,-0.10060026496648788,0.5343091242478373,0.3713449971906574,,2635,10522,21253,23200,"[1, 64, 28, 28, 20]",0.9026240507489505,0.04639383405447006,0.032491009682416916
experiment_A_ema,0RZDK210BSMWAA6467LU,2,42,0.09598309077721777,0.20299401879310608,-0.08924829959869385,0.2953892017104548,0.24365041706584187,middle,2635,10522,21253,23200,"[1, 64, 28, 28, 20]",0.9026240507489505,0.04639383405447006,0.032491009682416916
experiment_A_ema,0RZDK210BSMWAA6467LU,2,43,0.26989067480754897,0.5707900524139404,-0.0625375285744667,0.42333423763329553,0.2433910342128248,,2635,10522,21253,23200,"[1, 64, 28, 28, 20]",0.9026240507489505,0.04639383405447006,0.032491009682416916
experiment_A_ema,0RZDK210BSMWAA6467LU,2,44,0.16548070023460865,0.3499740660190582,0.09802946448326111,0.46837427371525714,0.3353699511022355,,2635,10522,21253,23200,"[1, 64, 28, 28, 20]",0.9026240507489505,0.04639383405447006,0.032491009682416916
experiment_A_ema,0RZDK210BSMWAA6467LU,2,45,-0.12518390791488035,0.0,-0.052419766783714294,0.3759495510398249,0.4835445004143611,,2635,10522,21253,23200,"[1, 64, 28, 28, 20]",0.9026240507489505,0.04639383405447006,0.032491009682416916
experiment_A_ema,0RZDK210BSMWAA6467LU,2,46,0.2884252757494203,0.6099887490272522,-0.15619497001171112,0.3930227158153986,0.217059341716664,,2635,10522,21253,23200,"[1, 64, 28, 28, 20]",0.9026240507489505,0.04639383405447006,0.032491009682416916
experiment_A_ema,0RZDK210BSMWAA6467LU,2,47,0.25507391977567356,0.5394541621208191,-0.01741528883576393,0.6009174966197673,0.35666334322465043,,2635,10522,21253,23200,"[1, 64, 28, 28, 20]",0.9026240507489505,0.04639383405447006,0.032491009682416916
experiment_A_ema,0RZDK210BSMWAA6467LU,2,48,0.21835534486451658,0.4617983102798462,-0.05203449726104736,0.4553953958259086,0.2921620201082366,,2635,10522,21253,23200,"[1, 64, 28, 28, 20]",0.9026240507489505,0.04639383405447006,0.032491009682416916
experiment_A_ema,0RZDK210BSMWAA6467LU,2,49,0.1211216473994524,0.25615939497947693,-0.13109946250915527,0.48914514350109184,0.38345433591291533,,2635,10522,21253,23200,"[1, 64, 28, 28, 20]",0.9026240507489505,0.04639383405447006,0.032491009682416916
experiment_A_ema,0RZDK210BSMWAA6467LU,2,50,-0.057800834358525933,0.0,-0.032899871468544006,0.27736709522958947,0.31139828314169743,,2635,10522,21253,23200,"[1, 64, 28, 28, 20]",0.9026240507489505,0.04639383405447006,0.032491009682416916
experiment_A_ema,0RZDK210BSMWAA6467LU,2,51,0.3220124979327349,0.6810221672058105,-0.18875420093536377,0.5154053287714697,0.26432280325628815,high,2635,10522,21253,23200,"[1, 64, 28, 28, 20]",0.9026240507489505,0.04639383405447006,0.032491009682416916
experiment_A_ema,0RZDK210BSMWAA6467LU,2,52,0.11600625246053378,0.24534088373184204,-0.01677669957280159,0.40088750802186374,0.3175447572721238,,2635,10522,21253,23200,"[1, 64, 28, 28, 20]",0.9026240507489505,0.04639383405447006,0.032491009682416916
experiment_A_ema,0RZDK210BSMWAA6467LU,2,53,0.055558389351534385,0.11750008165836334,-0.004428626038134098,0.4561217040820242,0.40810652034247336,,2635,10522,21253,23200,"[1, 64, 28, 28, 20]",0.9026240507489505,0.04639383405447006,0.032491009682416916
experiment_A_ema,0RZDK210BSMWAA6467LU,2,54,0.07322812185723995,0.1548696905374527,-0.00953836552798748,0.3635564437182002,0.31394426596316477,,2635,10522,21253,23200,"[1, 64, 28, 28, 20]",0.9026240507489505,0.04639383405447006,0.032491009682416916
experiment_A_ema,0RZDK210BSMWAA6467LU,2,55,0.1409590589529503,0.2981134057044983,-0.03312775120139122,0.5472691966073616,0.4120450256401167,,2635,10522,21253,23200,"[1, 64, 28, 28, 20]",0.9026240507489505,0.04639383405447006,0.032491009682416916
experiment_A_ema,0RZDK210BSMWAA6467LU,2,56,-0.2029364496932458,0.0,-0.03466024994850159,0.2880966733464489,0.4347986960473671,low,2635,10522,21253,23200,"[1, 64, 28, 28, 20]",0.9026240507489505,0.04639383405447006,0.032491009682416916
experiment_A_ema,0RZDK210BSMWAA6467LU,2,57,0.04107794192820176,0.08687547594308853,0.0062817055732011795,0.4162677702994695,0.3834182723987756,,2635,10522,21253,23200,"[1, 64, 28, 28, 20]",0.9026240507489505,0.04639383405447006,0.032491009682416916
experiment_A_ema,0RZDK210BSMWAA6467LU,2,58,-0.03814128720726152,0.0,-0.04863094538450241,0.40583142984786713,0.4380169306669258,,2635,10522,21253,23200,"[1, 64, 28, 28, 20]",0.9026240507489505,0.04639383405447006,0.032491009682416916
experiment_A_ema,0RZDK210BSMWAA6467LU,2,59,0.18473632541253632,0.3906976580619812,-0.09852656722068787,0.40934400664160003,0.2816855591664711,,2635,10522,21253,23200,"[1, 64, 28, 28, 20]",0.9026240507489505,0.04639383405447006,0.032491009682416916
experiment_A_ema,0RZDK210BSMWAA6467LU,2,60,0.0356793776717015,0.0754580870270729,0.05153778940439224,0.4843404580541644,0.45096915736622867,,2635,10522,21253,23200,"[1, 64, 28, 28, 20]",0.9026240507489505,0.04639383405447006,0.032491009682416916
experiment_A_ema,0RZDK210BSMWAA6467LU,2,61,0.10928490564434946,0.23112595081329346,-0.003998897969722748,0.5439945347273795,0.43680756095954776,middle,2635,10522,21253,23200,"[1, 64, 28, 28, 20]",0.9026240507489505,0.04639383405447006,0.032491009682416916
experiment_A_ema,0RZDK210BSMWAA6467LU,2,62,0.13665844093094892,0.28901806473731995,-0.052364181727170944,0.41379446467278097,0.3142947861397209,,2635,10522,21253,23200,"[1, 64, 28, 28, 20]",0.9026240507489505,0.04639383405447006,0.032491009682416916
experiment_A_ema,0RZDK210BSMWAA6467LU,2,63,0.007542600274905521,0.015951797366142273,-0.01107870228588581,0.4295510535298067,0.42311969139215416,,2635,10522,21253,23200,"[1, 64, 28, 28, 20]",0.9026240507489505,0.04639383405447006,0.032491009682416916
experiment_A_ema,1D7CUD1955YZPGK8XHJX,0,0,0.015247753298911457,0.05449749901890755,0.06946281343698502,0.29562974699162575,0.2867497528046356,,1822,12051,14567,16099,"[1, 64, 28, 28, 20]",0.9936869423286345,0.03434043750166893,0.029197780415415764
experiment_A_ema,1D7CUD1955YZPGK8XHJX,0,1,0.15518335630870203,0.5546459555625916,-0.014557292684912682,0.45760233640711606,0.33465675617134716,,1822,12051,14567,16099,"[1, 64, 28, 28, 20]",0.9936869423286345,0.03434043750166893,0.029197780415415764
experiment_A_ema,1D7CUD1955YZPGK8XHJX,0,2,0.07518783354759045,0.26873132586479187,-0.03397272527217865,0.4249474611533315,0.36551428013571835,,1822,12051,14567,16099,"[1, 64, 28, 28, 20]",0.9936869423286345,0.03434043750166893,0.029197780415415764
experiment_A_ema,1D7CUD1955YZPGK8XHJX,0,3,-0.015542254227591323,0.0,-0.04218446463346481,0.3747560157181895,0.386589049824023,,1822,12051,14567,16099,"[1, 64, 28, 28, 20]",0.9936869423286345,0.03434043750166893,0.029197780415415764
experiment_A_ema,1D7CUD1955YZPGK8XHJX,0,4,0.1911845901351206,0.6833191514015198,-0.17542524635791779,0.5695296498145868,0.38671098482573846,high,1822,12051,14567,16099,"[1, 64, 28, 28, 20]",0.9936869423286345,0.03434043750166893,0.029197780415415764
experiment_A_ema,1D7CUD1955YZPGK8XHJX,0,5,0.0267812485189848,0.09571973979473114,0.023402901366353035,0.38832643908643333,0.3680691929061177,,1822,12051,14567,16099,"[1, 64, 28, 28, 20]",0.9936869423286345,0.03434043750166893,0.029197780415415764
experiment_A_ema,1D7CUD1955YZPGK8XHJX,0,6,0.09740923326417471,0.34815356135368347,-0.03837167099118233,0.43691972186184475,0.35935510418028366,,1822,12051,14567,16099,"[1, 64, 28, 28, 20]",0.9936869423286345,0.03434043750166893,0.029197780415415764
experiment_A_ema,1D7CUD1955YZPGK8XHJX,0,7,0.0819475982144664,0.29289162158966064,-0.03948378935456276,0.40492040076219954,0.34358231869785344,,1822,12051,14567,16099,"[1, 64, 28, 28, 20]",0.9936869423286345,0.03434043750166893,0.029197780415415764
experiment_A_ema,1D7CUD1955YZPGK8XHJX,0,8,0.17203182143821846,0.6148645877838135,-0.1373993456363678,0.420711575458455,0.2972066273532787,,1822,12051,14567,16099,"[1, 64, 28, 28, 20]",0.9936869423286345,0.03434043750166893,0.029197780415415764
experiment_A_ema,1D7CUD1955YZPGK8XHJX,0,9,-0.05266000252054308,0.0,-0.023334326222538948,0.3122485892846437,0.346962710661374,,1822,12051,14567,16099,"[1, 64, 28, 28, 20]",0.9936869423286345,0.03434043750166893,0.029197780415415764
experiment_A_ema,1D7CUD1955YZPGK8XHJX,0,10,0.02037529042789938,0.07282399386167526,0.08682405203580856,0.3955764700911002,0.37977836967098,,1822,12051,14567,16099,"[1, 64, 28, 28, 20]",0.9936869423286345,0.03434043750166893,0.029197780415415764
experiment_A_ema,1D7CUD1955YZPGK8XHJX,0,11,0.019358775260498295,0.06919083744287491,0.04005374386906624,0.38815617416530407,0.3734131062614479,,1822,12051,14567,16099,"[1, 64, 28, 28, 20]",0.9936869423286345,0.03434043750166893,0.029197780415415764
experiment_A_ema,1D7CUD1955YZPGK8XHJX,0,12,0.022867048341142348,0.08172987401485443,-0.0660693496465683,0.44644186003327896,0.426480675351514,,1822,12051,14567,16099,"[1, 64, 28, 28, 20]",0.9936869423286345,0.03434043750166893,0.029197780415415764
experiment_A_ema,1D7CUD1955YZPGK8XHJX,0,13,0.13021253740315714,0.465396910905838,-0.004485274665057659,0.3935780015107143,0.30288912016668884,,1822,12051,14567,16099,"[1, 64, 28, 28, 20]",0.9936869423286345,0.03434043750166893,0.029197780415415764
experiment_A_ema,1D7CUD1955YZPGK8XHJX,0,14,0.10023643389389512,0.35825833678245544,-0.09217359125614166,0.4861977256380666,0.39760808289915134,,1822,12051,14567,16099,"[1, 64, 28, 28, 20]",0.9936869423286345,0.03434043750166893,0.029197780415415764
experiment_A_ema,1D7CUD1955YZPGK8XHJX,0,15,0.1454063101692309,0.5197014808654785,-0.010952960699796677,0.4367301420110705,0.3258465356805159,,1822,12051,14567,16099,"[1, 64, 28, 28, 20]",0.9936869423286345,0.03434043750166893,0.029197780415415764
experiment_A_ema,1D7CUD1955YZPGK8XHJX,0,16,0.09537878188438173,0.34089645743370056,0.08105549216270447,0.4233877329666573,0.3496556969031671,,1822,12051,14567,16099,"[1, 64, 28, 28, 20]",0.9936869423286345,0.03434043750166893,0.029197780415415764
experiment_A_ema,1D7CUD1955YZPGK8XHJX,0,17,-0.10023823892612915,0.0,0.07147614657878876,0.3028331279830545,0.37030767706903134,,1822,12051,14567,16099,"[1, 64, 28, 28, 20]",0.9936869423286345,0.03434043750166893,0.029197780415415764
experiment_A_ema,1D7CUD1955YZPGK8XHJX,0,18,-0.1132989655498087,0.0,-0.054043594747781754,0.31577735949966046,0.3964749191839761,,1822,12051,14567,16099,"[1, 64, 28, 28, 20]",0.9936869423286345,0.03434043750166893,0.029197780415415764
experiment_A_ema,1D7CUD1955YZPGK8XHJX,0,19,-0.1038096988543246,0.0,-0.04533941671252251,0.36436705948447523,0.4487796816117485,,1822,12051,14567,16099,"[1, 64, 28, 28, 20]",0.9936869423286345,0.03434043750166893,0.029197780415415764
experiment_A_ema,1D7CUD1955YZPGK8XHJX,0,20,-0.028692022338522086,0.0,-0.1830315887928009,0.3024628120765236,0.32033208589341705,,1822,12051,14567,16099,"[1, 64, 28, 28, 20]",0.9936869423286345,0.03434043750166893,0.029197780415415764
experiment_A_ema,1D7CUD1955YZPGK8XHJX,0,21,0.07475220198725993,0.26717430353164673,-0.06700682640075684,0.4159874080342438,0.35812102345157304,,1822,12051,14567,16099,"[1, 64, 28, 28, 20]",0.9936869423286345,0.03434043750166893,0.029197780415415764
experiment_A_ema,1D7CUD1955YZPGK8XHJX,0,22,0.11130550752257186,0.39782068133354187,-0.06248417869210243,0.4975285226826182,0.3978660626263349,,1822,12051,14567,16099,"[1, 64, 28, 28, 20]",0.9936869423286345,0.03434043750166893,0.029197780415415764
experiment_A_ema,1D7CUD1955YZPGK8XHJX,0,23,-0.041267129043869144,0.0,-0.03353259712457657,0.38622218227568483,0.41947086238664194,,1822,12051,14567,16099,"[1, 64, 28, 28, 20]",0.9936869423286345,0.03434043750166893,0.029197780415415764
experiment_A_ema,1D7CUD1955YZPGK8XHJX,0,24,0.09867574450608926,0.3526802361011505,-0.12465967237949371,0.39451249809412037,0.3236474334944332,,1822,12051,14567,16099,"[1, 64, 28, 28, 20]",0.9936869423286345,0.03434043750166893,0.029197780415415764
experiment_A_ema,1D7CUD1955YZPGK8XHJX,0,25,-0.105102773720423,0.0,0.015220463275909424,0.2750250514371138,0.3396267675921686,,1822,12051,14567,16099,"[1, 64, 28, 28, 20]",0.9936869423286345,0.03434043750166893,0.029197780415415764
experiment_A_ema,1D7CUD1955YZPGK8XHJX,0,26,-0.02105696662383712,0.0,0.04373299330472946,0.3344004510990809,0.3487863130465085,,1822,12051,14567,16099,"[1, 64, 28, 28, 20]",0.9936869423286345,0.03434043750166893,0.029197780415415764
experiment_A_ema,1D7CUD1955YZPGK8XHJX,0,27,0.2013069321872836,0.7194977402687073,-0.07170793414115906,0.5535967117698753,0.36806052050538735,high,1822,12051,14567,16099,"[1, 64, 28, 28, 20]",0.9936869423286345,0.03434043750166893,0.029197780415415764
experiment_A_ema,1D7CUD1955YZPGK8XHJX,0,28,0.03366800850151539,0.12033393979072571,-0.011683992110192776,0.4234709079875984,0.39588479939758053,,1822,12051,14567,16099,"[1, 64, 28, 28, 20]",0.9936869423286345,0.03434043750166893,0.029197780415415764
experiment_A_ema,1D7CUD1955YZPGK8XHJX,0,29,0.15354960552714017,0.5488067269325256,-0.020462967455387115,0.44334080917612334,0.325314011175059,,1822,12051,14567,16099,"[1, 64, 28, 28, 20]",0.9936869423286345,0.03434043750166893,0.029197780415415764
experiment_A_ema,1D7CUD1955YZPGK8XHJX,0,30,0.027041252884789247,0.09664903581142426,-0.07081329077482224,0.4045897717363381,0.3832846336573807,,1822,12051,14567,16099,"[1, 64, 28, 28, 20]",0.9936869423286345,0.03434043750166893,0.029197780415415764
experiment_A_ema,1D7CUD1955YZPGK8XHJX,0,31,0.12237726362175318,0.43739262223243713,0.07986249029636383,0.4754044598537885,0.37173386711319534,,1822,12051,14567,16099,"[1, 64, 28, 28, 20]",0.9936869423286345,0.03434043750166893,0.029197780415415764
experiment_A_ema,1D7CUD1955YZPGK8XHJX,0,32,0.14621085345316231,0.5225770473480225,-0.12117913365364075,0.32108805305758975,0.23917183103760767,,1822,12051,14567,16099,"[1, 64, 28, 28, 20]",0.9936869423286345,0.03434043750166893,0.029197780415415764
experiment_A_ema,1D7CUD1955YZPGK8XHJX,0,33,0.15920849151350017,0.5690323114395142,0.338488906621933,0.392531719041884,0.284709074674415,,1822,12051,14567,16099,"[1, 64, 28, 28, 20]",0.9936869423286345,0.03434043750166893,0.029197780415415764
experiment_A_ema,1D7CUD1955YZPGK8XHJX,0,34,0.021302853416714854,0.07613923400640488,0.03012685850262642,0.47056152102380017,0.45093107796020293,,1822,12051,14567,16099,"[1, 64, 28, 28, 20]",0.9936869423286345,0.03434043750166893,0.029197780415415764
experiment_A_ema,1D7CUD1955YZPGK8XHJX,0,35,0.016645908227054924,0.05949468910694122,-0.10521850734949112,0.4642912127477813,0.44908718314723006,,1822,12051,14567,16099,"[1, 64, 28, 28, 20]",0.9936869423286345,0.03434043750166893,0.029197780415415764
experiment_A_ema,1D7CUD1955YZPGK8XHJX,0,36,-0.25436358258552644,0.0,-0.018086928874254227,0.2425755007138438,0.4080784164775309,low,1822,12051,14567,16099,"[1, 64, 28, 28, 20]",0.9936869423286345,0.03434043750166893,0.029197780415415764
experiment_A_ema,1D7CUD1955YZPGK8XHJX,0,37,-0.006915977592135699,0.0,-0.13848261535167694,0.3568800956357253,0.3618508295248887,,1822,12051,14567,16099,"[1, 64, 28, 28, 20]",0.9936869423286345,0.03434043750166893,0.029197780415415764
experiment_A_ema,1D7CUD1955YZPGK8XHJX,0,38,-0.016721482276548842,0.0,-0.02078552544116974,0.38093743261533075,0.39389377565319206,,1822,12051,14567,16099,"[1, 64, 28, 28, 20]",0.9936869423286345,0.03434043750166893,0.029197780415415764
experiment_A_ema,1D7CUD1955YZPGK8XHJX,0,39,0.2797871360799817,0.9999964237213135,-0.11488080024719238,0.5120308613771065,0.2881502110032593,high,1822,12051,14567,16099,"[1, 64, 28, 28, 20]",0.9936869423286345,0.03434043750166893,0.029197780415415764
experiment_A_ema,1D7CUD1955YZPGK8XHJX,0,40,-0.22759362638310804,0.0,0.07727602869272232,0.24557072759147694,0.39028845165991416,low,1822,12051,14567,16099,"[1, 64, 28, 28, 20]",0.9936869423286345,0.03434043750166893,0.029197780415415764
experiment_A_ema,1D7CUD1955YZPGK8XHJX,0,41,0.1387370006462016,0.49586448073387146,-0.12774638831615448,0.4634443934611415,0.35051760800126713,,1822,12051,14567,16099,"[1, 64, 28, 28, 20]",0.9936869423286345,0.03434043750166893,0.029197780415415764
experiment_A_ema,1D7CUD1955YZPGK8XHJX,0,42,0.10975187600194587,0.39226779341697693,-0.12458177655935287,0.33474704317510734,0.26853553834238925,,1822,12051,14567,16099,"[1, 64, 28, 28, 20]",0.9936869423286345,0.03434043750166893,0.029197780415415764
experiment_A_ema,1D7CUD1955YZPGK8XHJX,0,43,-0.01784299620005459,0.0,-0.11549168825149536,0.3732212290176626,0.38678198125355745,,1822,12051,14567,16099,"[1, 64, 28, 28, 20]",0.9936869423286345,0.03434043750166893,0.029197780415415764
experiment_A_ema,1D7CUD1955YZPGK8XHJX,0,44,0.07160931948503174,0.255941241979599,-0.06647449731826782,0.400795749235257,0.3472300585716442,middle,1822,12051,14567,16099,"[1, 64, 28, 28, 20]",0.9936869423286345,0.03434043750166893,0.029197780415415764
experiment_A_ema,1D7CUD1955YZPGK8XHJX,0,45,-0.1281868584566454,0.0,-0.061086442321538925,0.32090541308924136,0.41527407742538336,low,1822,12051,14567,16099,"[1, 64, 28, 28, 20]",0.9936869423286345,0.03434043750166893,0.029197780415415764
experiment_A_ema,1D7CUD1955YZPGK8XHJX,0,46,0.08145557558792774,0.2911330461502075,-0.13922443985939026,0.39163729040303324,0.33264072621791557,,1822,12051,14567,16099,"[1, 64, 28, 28, 20]",0.9936869423286345,0.03434043750166893,0.029197780415415764
experiment_A_ema,1D7CUD1955YZPGK8XHJX,0,47,0.05560041355969876,0.19872327148914337,-0.04019145667552948,0.45115343942420666,0.4036272253590119,middle,1822,12051,14567,16099,"[1, 64, 28, 28, 20]",0.9936869423286345,0.03434043750166893,0.029197780415415764
experiment_A_ema,1D7CUD1955YZPGK8XHJX,0,48,0.11983047048592103,0.4282900393009186,-0.06291766464710236,0.3787025129624052,0.297654244650811,,1822,12051,14567,16099,"[1, 64, 28, 28, 20]",0.9936869423286345,0.03434043750166893,0.029197780415415764
experiment_A_ema,1D7CUD1955YZPGK8XHJX,0,49,0.059945925040579474,0.2142547070980072,-0.07353314757347107,0.46510921123750154,0.4125000521722947,middle,1822,12051,14567,16099,"[1, 64, 28, 28, 20]",0.9936869423286345,0.03434043750166893,0.029197780415415764
experiment_A_ema,1D7CUD1955YZPGK8XHJX,0,50,-0.0026381807705285498,0.0,-0.009702842682600021,0.3225074599230869,0.3242136297038166,,1822,12051,14567,16099,"[1, 64, 28, 28, 20]",0.9936869423286345,0.03434043750166893,0.029197780415415764
experiment_A_ema,1D7CUD1955YZPGK8XHJX,0,51,0.22572495652777907,0.8067709803581238,-0.11656370759010315,0.4886616649756333,0.30868124545580705,high,1822,12051,14567,16099,"[1, 64, 28, 28, 20]",0.9936869423286345,0.03434043750166893,0.029197780415415764
experiment_A_ema,1D7CUD1955YZPGK8XHJX,0,52,0.08138838820921519,0.29089292883872986,-0.030366849154233932,0.3543283983112201,0.3009927822755173,,1822,12051,14567,16099,"[1, 64, 28, 28, 20]",0.9936869423286345,0.03434043750166893,0.029197780415415764
experiment_A_ema,1D7CUD1955YZPGK8XHJX,0,53,0.08343730844158,0.2982160449028015,-0.03819520026445389,0.4051264039335405,0.34272741106498755,,1822,12051,14567,16099,"[1, 64, 28, 28, 20]",0.9936869423286345,0.03434043750166893,0.029197780415415764
experiment_A_ema,1D7CUD1955YZPGK8XHJX,0,54,0.09399538051545542,0.3359519839286804,-0.04920012131333351,0.40508735352009867,0.3354775770768556,,1822,12051,14567,16099,"[1, 64, 28, 28, 20]",0.9936869423286345,0.03434043750166893,0.029197780415415764
experiment_A_ema,1D7CUD1955YZPGK8XHJX,0,55,0.08112086859545055,0.28993678092956543,-0.003909480758011341,0.4964230734053447,0.42192573895241425,,1822,12051,14567,16099,"[1, 64, 28, 28, 20]",0.9936869423286345,0.03434043750166893,0.029197780415415764
experiment_A_ema,1D7CUD1955YZPGK8XHJX,0,56,-0.19305019579140342,0.0,-0.06307214498519897,0.2607433390624092,0.3855011589909168,low,1822,12051,14567,16099,"[1, 64, 28, 28, 20]",0.9936869423286345,0.03434043750166893,0.029197780415415764
experiment_A_ema,1D7CUD1955YZPGK8XHJX,0,57,-0.04907244801928782,0.0,0.06304322928190231,0.37044623995734083,0.40867991686071015,,1822,12051,14567,16099,"[1, 64, 28, 28, 20]",0.9936869423286345,0.03434043750166893,0.029197780415415764
experiment_A_ema,1D7CUD1955YZPGK8XHJX,0,58,-0.04172188483987214,0.0,0.016719253733754158,0.3436404621369558,0.37356360954420964,,1822,12051,14567,16099,"[1, 64, 28, 28, 20]",0.9936869423286345,0.03434043750166893,0.029197780415415764
experiment_A_ema,1D7CUD1955YZPGK8XHJX,0,59,0.08904886382757157,0.3182724714279175,-0.04436323791742325,0.4346731926349387,0.3635887817319494,,1822,12051,14567,16099,"[1, 64, 28, 28, 20]",0.9936869423286345,0.03434043750166893,0.029197780415415764
experiment_A_ema,1D7CUD1955YZPGK8XHJX,0,60,0.01652381517323332,0.05905831232666969,0.0930541455745697,0.38638149542349637,0.37382004908383554,,1822,12051,14567,16099,"[1, 64, 28, 28, 20]",0.9936869423286345,0.03434043750166893,0.029197780415415764
experiment_A_ema,1D7CUD1955YZPGK8XHJX,0,61,0.09927033373678486,0.3548053801059723,-0.038204602897167206,0.4675243047299758,0.38308403199378305,,1822,12051,14567,16099,"[1, 64, 28, 28, 20]",0.9936869423286345,0.03434043750166893,0.029197780415415764
experiment_A_ema,1D7CUD1955YZPGK8XHJX,0,62,0.0693522629577234,0.2478742152452469,-0.02566949464380741,0.35579567139714746,0.30964573466846496,middle,1822,12051,14567,16099,"[1, 64, 28, 28, 20]",0.9936869423286345,0.03434043750166893,0.029197780415415764
experiment_A_ema,1D7CUD1955YZPGK8XHJX,0,63,-0.11320780913672236,0.0,-0.030863214284181595,0.3307199032605231,0.41515937549694365,,1822,12051,14567,16099,"[1, 64, 28, 28, 20]",0.9936869423286345,0.03434043750166893,0.029197780415415764
experiment_A_ema,1D7CUD1955YZPGK8XHJX,1,0,0.05189994709203115,0.3258166015148163,0.06217942386865616,0.3162684262218734,0.28505948741900333,,3819,8835,31785,34204,"[1, 64, 28, 28, 20]",1.0063419609789102,0.0728689432144165,0.048758044838905334
experiment_A_ema,1D7CUD1955YZPGK8XHJX,1,1,0.1266117883728112,0.7948412895202637,-0.022910062223672867,0.49465084673222315,0.3834702390426086,high,3819,8835,31785,34204,"[1, 64, 28, 28, 20]",1.0063419609789102,0.0728689432144165,0.048758044838905334
experiment_A_ema,1D7CUD1955YZPGK8XHJX,1,2,-0.02216107377349822,0.0,-0.08212992548942566,0.4077739953454452,0.4262570408285582,,3819,8835,31785,34204,"[1, 64, 28, 28, 20]",1.0063419609789102,0.0728689432144165,0.048758044838905334
experiment_A_ema,1D7CUD1955YZPGK8XHJX,1,3,-0.006112991997164318,0.0,-0.04649941250681877,0.40929663700433744,0.4143314751757257,,3819,8835,31785,34204,"[1, 64, 28, 28, 20]",1.0063419609789102,0.0728689432144165,0.048758044838905334
experiment_A_ema,1D7CUD1955YZPGK8XHJX,1,4,0.011808807034680983,0.07413312792778015,-0.2342844009399414,0.4270973475842759,0.41712804106710616,,3819,8835,31785,34204,"[1, 64, 28, 28, 20]",1.0063419609789102,0.0728689432144165,0.048758044838905334
experiment_A_ema,1D7CUD1955YZPGK8XHJX,1,5,0.07458351744959861,0.4682191014289856,0.02405967190861702,0.39893712035425904,0.34355906832604377,,3819,8835,31785,34204,"[1, 64, 28, 28, 20]",1.0063419609789102,0.0728689432144165,0.048758044838905334
experiment_A_ema,1D7CUD1955YZPGK8XHJX,1,6,0.035241424022506844,0.22123800218105316,-0.00889467541128397,0.37016278795708235,0.3449607798346229,middle,3819,8835,31785,34204,"[1, 64, 28, 28, 20]",1.0063419609789102,0.0728689432144165,0.048758044838905334
experiment_A_ema,1D7CUD1955YZPGK8XHJX,1,7,0.035487240164482896,0.22278118133544922,-0.06040982902050018,0.4160483166175553,0.3875314528595609,middle,3819,8835,31785,34204,"[1, 64, 28, 28, 20]",1.0063419609789102,0.0728689432144165,0.048758044838905334
experiment_A_ema,1D7CUD1955YZPGK8XHJX,1,8,0.071961495793052,0.45175862312316895,-0.047076888382434845,0.41483689663506124,0.3591402700492911,,3819,8835,31785,34204,"[1, 64, 28, 28, 20]",1.0063419609789102,0.0728689432144165,0.048758044838905334
experiment_A_ema,1D7CUD1955YZPGK8XHJX,1,9,-0.04362274890904171,0.0,0.023622408509254456,0.3331826655226666,0.3635772939054211,,3819,8835,31785,34204,"[1, 64, 28, 28, 20]",1.0063419609789102,0.0728689432144165,0.048758044838905334
experiment_A_ema,1D7CUD1955YZPGK8XHJX,1,10,-0.12703915791747022,0.0,0.0020240850280970335,0.27506497773144817,0.35512375008097863,,3819,8835,31785,34204,"[1, 64, 28, 28, 20]",1.0063419609789102,0.0728689432144165,0.048758044838905334
experiment_A_ema,1D7CUD1955YZPGK8XHJX,1,11,0.023252167265167094,0.14597205817699432,0.007789125200361013,0.3829972202097881,0.3655909007562025,,3819,8835,31785,34204,"[1, 64, 28, 28, 20]",1.0063419609789102,0.0728689432144165,0.048758044838905334
experiment_A_ema,1D7CUD1955YZPGK8XHJX,1,12,0.01709771008482342,0.10733570903539658,0.03808988630771637,0.4220700229911623,0.4078797650328569,,3819,8835,31785,34204,"[1, 64, 28, 28, 20]",1.0063419609789102,0.0728689432144165,0.048758044838905334
experiment_A_ema,1D7CUD1955YZPGK8XHJX,1,13,0.016243378359825315,0.10197240114212036,0.01318465918302536,0.43401287147949746,0.42013855051212634,,3819,8835,31785,34204,"[1, 64, 28, 28, 20]",1.0063419609789102,0.0728689432144165,0.048758044838905334
experiment_A_ema,1D7CUD1955YZPGK8XHJX,1,14,0.039448698052004086,0.2476503551006317,-0.053824979811906815,0.45443158527871197,0.41993877355861764,middle,3819,8835,31785,34204,"[1, 64, 28, 28, 20]",1.0063419609789102,0.0728689432144165,0.048758044838905334
experiment_A_ema,1D7CUD1955YZPGK8XHJX,1,15,0.05148182838528584,0.32319173216819763,-0.006835789419710636,0.39192008374030524,0.3535422674279415,,3819,8835,31785,34204,"[1, 64, 28, 28, 20]",1.0063419609789102,0.0728689432144165,0.048758044838905334
experiment_A_ema,1D7CUD1955YZPGK8XHJX,1,16,0.06871288985480169,0.43136459589004517,0.07753147184848785,0.47409349381668836,0.4131297519414031,,3819,8835,31785,34204,"[1, 64, 28, 28, 20]",1.0063419609789102,0.0728689432144165,0.048758044838905334
experiment_A_ema,1D7CUD1955YZPGK8XHJX,1,17,-0.04988529606282495,0.0,0.00044329394586384296,0.2642771833954848,0.2920287178667438,,3819,8835,31785,34204,"[1, 64, 28, 28, 20]",1.0063419609789102,0.0728689432144165,0.048758044838905334
experiment_A_ema,1D7CUD1955YZPGK8XHJX,1,18,-0.025234693769335063,0.0,-0.031908128410577774,0.31052975483089423,0.3266077498860791,,3819,8835,31785,34204,"[1, 64, 28, 28, 20]",1.0063419609789102,0.0728689432144165,0.048758044838905334
experiment_A_ema,1D7CUD1955YZPGK8XHJX,1,19,0.028895589213728676,0.18140022456645966,0.03601354733109474,0.39471957098622956,0.37254886844808766,,3819,8835,31785,34204,"[1, 64, 28, 28, 20]",1.0063419609789102,0.0728689432144165,0.048758044838905334
experiment_A_ema,1D7CUD1955YZPGK8XHJX,1,20,-0.14160655568554723,0.0,-0.0987572968006134,0.2503022656099711,0.3328856374923187,,3819,8835,31785,34204,"[1, 64, 28, 28, 20]",1.0063419609789102,0.0728689432144165,0.048758044838905334
experiment_A_ema,1D7CUD1955YZPGK8XHJX,1,21,0.03330719277282769,0.2090953141450882,-0.03270217031240463,0.35404617287368306,0.3312217875089824,,3819,8835,31785,34204,"[1, 64, 28, 28, 20]",1.0063419609789102,0.0728689432144165,0.048758044838905334
experiment_A_ema,1D7CUD1955YZPGK8XHJX,1,22,0.054067259460018946,0.3394224941730499,-0.010854152962565422,0.4336892278643687,0.38919792082272875,,3819,8835,31785,34204,"[1, 64, 28, 28, 20]",1.0063419609789102,0.0728689432144165,0.048758044838905334
experiment_A_ema,1D7CUD1955YZPGK8XHJX,1,23,-0.018484818431865464,0.0,-0.019342828541994095,0.376270122296774,0.3904426878668524,,3819,8835,31785,34204,"[1, 64, 28, 28, 20]",1.0063419609789102,0.0728689432144165,0.048758044838905334
experiment_A_ema,1D7CUD1955YZPGK8XHJX,1,24,0.06121492336789636,0.38429397344589233,-0.07436349242925644,0.30252095187841704,0.267619770061052,,3819,8835,31785,34204,"[1, 64, 28, 28, 20]",1.0063419609789102,0.0728689432144165,0.048758044838905334
experiment_A_ema,1D7CUD1955YZPGK8XHJX,1,25,-0.18050718290872453,0.0,0.006813487503677607,0.22629660963486634,0.32598815764760947,low,3819,8835,31785,34204,"[1, 64, 28, 28, 20]",1.0063419609789102,0.0728689432144165,0.048758044838905334
experiment_A_ema,1D7CUD1955YZPGK8XHJX,1,26,-0.04808853336160289,0.0,0.03535855934023857,0.33112222992010293,0.36457745554266946,,3819,8835,31785,34204,"[1, 64, 28, 28, 20]",1.0063419609789102,0.0728689432144165,0.048758044838905334
experiment_A_ema,1D7CUD1955YZPGK8XHJX,1,27,0.0583042374902205,0.3660213351249695,0.010912621393799782,0.5152682598165732,0.4584937500312158,,3819,8835,31785,34204,"[1, 64, 28, 28, 20]",1.0063419609789102,0.0728689432144165,0.048758044838905334
experiment_A_ema,1D7CUD1955YZPGK8XHJX,1,28,0.09034731706560462,0.5671808123588562,-0.04024408757686615,0.42153380156890286,0.3516762569098878,,3819,8835,31785,34204,"[1, 64, 28, 28, 20]",1.0063419609789102,0.0728689432144165,0.048758044838905334
experiment_A_ema,1D7CUD1955YZPGK8XHJX,1,29,0.11648901999558861,0.731292724609375,-0.06285729259252548,0.4674817264785063,0.3699320946369819,high,3819,8835,31785,34204,"[1, 64, 28, 28, 20]",1.0063419609789102,0.0728689432144165,0.048758044838905334
experiment_A_ema,1D7CUD1955YZPGK8XHJX,1,30,0.07044352018250268,0.44222912192344666,-0.09759645164012909,0.41918302782504013,0.3640119464073462,,3819,8835,31785,34204,"[1, 64, 28, 28, 20]",1.0063419609789102,0.0728689432144165,0.048758044838905334
experiment_A_ema,1D7CUD1955YZPGK8XHJX,1,31,0.0743453657718972,0.4667240381240845,-0.0205620639026165,0.493337419855565,0.42505883967207464,,3819,8835,31785,34204,"[1, 64, 28, 28, 20]",1.0063419609789102,0.0728689432144165,0.048758044838905334
experiment_A_ema,1D7CUD1955YZPGK8XHJX,1,32,0.07487025815601424,0.47001922130584717,-0.10326947271823883,0.2998172450193668,0.2580495399423586,,3819,8835,31785,34204,"[1, 64, 28, 28, 20]",1.0063419609789102,0.0728689432144165,0.048758044838905334
experiment_A_ema,1D7CUD1955YZPGK8XHJX,1,33,0.020075892653408027,0.12603208422660828,0.36031806468963623,0.362202768170959,0.34794588006511606,,3819,8835,31785,34204,"[1, 64, 28, 28, 20]",1.0063419609789102,0.0728689432144165,0.048758044838905334
experiment_A_ema,1D7CUD1955YZPGK8XHJX,1,34,0.049815980101486725,0.31273388862609863,-0.002429068321362138,0.42074772679300015,0.3808169471307784,,3819,8835,31785,34204,"[1, 64, 28, 28, 20]",1.0063419609789102,0.0728689432144165,0.048758044838905334
experiment_A_ema,1D7CUD1955YZPGK8XHJX,1,35,-0.1454801537050661,0.0,-0.05977476015686989,0.3539626706945887,0.4744855975800297,low,3819,8835,31785,34204,"[1, 64, 28, 28, 20]",1.0063419609789102,0.0728689432144165,0.048758044838905334
experiment_A_ema,1D7CUD1955YZPGK8XHJX,1,36,-0.07785338092498761,0.0,-0.042840130627155304,0.27738262547980425,0.32421945963054827,,3819,8835,31785,34204,"[1, 64, 28, 28, 20]",1.0063419609789102,0.0728689432144165,0.048758044838905334
experiment_A_ema,1D7CUD1955YZPGK8XHJX,1,37,0.053111756472019295,0.33342406153678894,-0.15689346194267273,0.38972480077316674,0.3504146418305078,,3819,8835,31785,34204,"[1, 64, 28, 28, 20]",1.0063419609789102,0.0728689432144165,0.048758044838905334
experiment_A_ema,1D7CUD1955YZPGK8XHJX,1,38,0.07928484776975686,0.49773305654525757,-0.03620090335607529,0.4340377851894394,0.3702684115368738,,3819,8835,31785,34204,"[1, 64, 28, 28, 20]",1.0063419609789102,0.0728689432144165,0.048758044838905334
experiment_A_ema,1D7CUD1955YZPGK8XHJX,1,39,0.10413294397036336,0.6537240147590637,-0.21130818128585815,0.4635346730672825,0.3761008500500361,,3819,8835,31785,34204,"[1, 64, 28, 28, 20]",1.0063419609789102,0.0728689432144165,0.048758044838905334
experiment_A_ema,1D7CUD1955YZPGK8XHJX,1,40,-0.1652337029831688,0.0,0.0373975932598114,0.21361461187219843,0.2981805941691467,low,3819,8835,31785,34204,"[1, 64, 28, 28, 20]",1.0063419609789102,0.0728689432144165,0.048758044838905334
experiment_A_ema,1D7CUD1955YZPGK8XHJX,1,41,0.02189205676973018,0.13743357360363007,-0.06307478249073029,0.45314639793036093,0.4337308098576297,,3819,8835,31785,34204,"[1, 64, 28, 28, 20]",1.0063419609789102,0.0728689432144165,0.048758044838905334
experiment_A_ema,1D7CUD1955YZPGK8XHJX,1,42,0.09298473758381452,0.5837379693984985,-0.10226534307003021,0.3168777907434108,0.2629614940238068,,3819,8835,31785,34204,"[1, 64, 28, 28, 20]",1.0063419609789102,0.0728689432144165,0.048758044838905334
experiment_A_ema,1D7CUD1955YZPGK8XHJX,1,43,0.04359296954193726,0.27366718649864197,-0.1710381805896759,0.43119031302111466,0.39516690441758007,,3819,8835,31785,34204,"[1, 64, 28, 28, 20]",1.0063419609789102,0.0728689432144165,0.048758044838905334
experiment_A_ema,1D7CUD1955YZPGK8XHJX,1,44,-0.05203562916644373,0.0,0.05162157118320465,0.33619897808126925,0.373108279539521,,3819,8835,31785,34204,"[1, 64, 28, 28, 20]",1.0063419609789102,0.0728689432144165,0.048758044838905334
experiment_A_ema,1D7CUD1955YZPGK8XHJX,1,45,0.020548398593846114,0.12899838387966156,-0.05177478864789009,0.31760221374123354,0.3048125662038229,,3819,8835,31785,34204,"[1, 64, 28, 28, 20]",1.0063419609789102,0.0728689432144165,0.048758044838905334
experiment_A_ema,1D7CUD1955YZPGK8XHJX,1,46,0.051722066742334684,0.32469990849494934,-0.25975126028060913,0.41033276709934985,0.3699736545569059,,3819,8835,31785,34204,"[1, 64, 28, 28, 20]",1.0063419609789102,0.0728689432144165,0.048758044838905334
experiment_A_ema,1D7CUD1955YZPGK8XHJX,1,47,0.15929091100205292,0.9999937415122986,-0.0978807657957077,0.568618389894326,0.4123576616773637,high,3819,8835,31785,34204,"[1, 64, 28, 28, 20]",1.0063419609789102,0.0728689432144165,0.048758044838905334
experiment_A_ema,1D7CUD1955YZPGK8XHJX,1,48,-0.0182777229240765,0.0,0.0016216184012591839,0.3572497088774122,0.37055229044228954,,3819,8835,31785,34204,"[1, 64, 28, 28, 20]",1.0063419609789102,0.0728689432144165,0.048758044838905334
experiment_A_ema,1D7CUD1955YZPGK8XHJX,1,49,0.04261460540254856,0.26752522587776184,-0.11295747011899948,0.47677651097461277,0.4378020633073558,middle,3819,8835,31785,34204,"[1, 64, 28, 28, 20]",1.0063419609789102,0.0728689432144165,0.048758044838905334
experiment_A_ema,1D7CUD1955YZPGK8XHJX,1,50,0.007887688351922524,0.0495171919465065,-0.00533452071249485,0.34677202876979274,0.34134437315388416,,3819,8835,31785,34204,"[1, 64, 28, 28, 20]",1.0063419609789102,0.0728689432144165,0.048758044838905334
experiment_A_ema,1D7CUD1955YZPGK8XHJX,1,51,0.029388773669822687,0.18449632823467255,-0.10449300706386566,0.42507125396239964,0.4007998846019204,,3819,8835,31785,34204,"[1, 64, 28, 28, 20]",1.0063419609789102,0.0728689432144165,0.048758044838905334
experiment_A_ema,1D7CUD1955YZPGK8XHJX,1,52,0.04595536653328303,0.28849780559539795,-0.04924354329705238,0.3182507777547195,0.2902852362280708,,3819,8835,31785,34204,"[1, 64, 28, 28, 20]",1.0063419609789102,0.0728689432144165,0.048758044838905334
experiment_A_ema,1D7CUD1955YZPGK8XHJX,1,53,0.14589937726833965,0.915924608707428,0.02892480045557022,0.33448043305294645,0.24930618336115998,high,3819,8835,31785,34204,"[1, 64, 28, 28, 20]",1.0063419609789102,0.0728689432144165,0.048758044838905334
experiment_A_ema,1D7CUD1955YZPGK8XHJX,1,54,0.0047365830014933896,0.02973523922264576,-0.00494577270001173,0.37275795560928743,0.36924339986527854,,3819,8835,31785,34204,"[1, 64, 28, 28, 20]",1.0063419609789102,0.0728689432144165,0.048758044838905334
experiment_A_ema,1D7CUD1955YZPGK8XHJX,1,55,0.07532220623969599,0.47285643219947815,0.015111880376935005,0.5292064387490399,0.45506859624446866,,3819,8835,31785,34204,"[1, 64, 28, 28, 20]",1.0063419609789102,0.0728689432144165,0.048758044838905334
experiment_A_ema,1D7CUD1955YZPGK8XHJX,1,56,-0.07690916100993823,0.0,-0.040450356900691986,0.26679362021251585,0.31125059255204984,,3819,8835,31785,34204,"[1, 64, 28, 28, 20]",1.0063419609789102,0.0728689432144165,0.048758044838905334
experiment_A_ema,1D7CUD1955YZPGK8XHJX,1,57,0.04861908011810712,0.30522000789642334,-0.04882316291332245,0.4451134796408239,0.40383818216023776,,3819,8835,31785,34204,"[1, 64, 28, 28, 20]",1.0063419609789102,0.0728689432144165,0.048758044838905334
experiment_A_ema,1D7CUD1955YZPGK8XHJX,1,58,-0.1857295667793551,0.0,-0.021798333153128624,0.261977684619984,0.381488581123153,low,3819,8835,31785,34204,"[1, 64, 28, 28, 20]",1.0063419609789102,0.0728689432144165,0.048758044838905334
experiment_A_ema,1D7CUD1955YZPGK8XHJX,1,59,0.05231611375562108,0.3284291923046112,-0.12265016883611679,0.43950074214381457,0.39580095140760196,,3819,8835,31785,34204,"[1, 64, 28, 28, 20]",1.0063419609789102,0.0728689432144165,0.048758044838905334
experiment_A_ema,1D7CUD1955YZPGK8XHJX,1,60,0.0704148970947092,0.44204941391944885,0.07691068947315216,0.340754255210086,0.295922646293253,,3819,8835,31785,34204,"[1, 64, 28, 28, 20]",1.0063419609789102,0.0728689432144165,0.048758044838905334
experiment_A_ema,1D7CUD1955YZPGK8XHJX,1,61,0.06128607007890367,0.3847406208515167,-0.05650785192847252,0.43010950214311217,0.38043439101869986,,3819,8835,31785,34204,"[1, 64, 28, 28, 20]",1.0063419609789102,0.0728689432144165,0.048758044838905334
experiment_A_ema,1D7CUD1955YZPGK8XHJX,1,62,-0.04481281881740714,0.0,-0.03748857602477074,0.31773905804293956,0.347552701957366,,3819,8835,31785,34204,"[1, 64, 28, 28, 20]",1.0063419609789102,0.0728689432144165,0.048758044838905334
experiment_A_ema,1D7CUD1955YZPGK8XHJX,1,63,0.05054629245655898,0.3173186480998993,-0.02460615709424019,0.4093111586362643,0.36992367623426753,,3819,8835,31785,34204,"[1, 64, 28, 28, 20]",1.0063419609789102,0.0728689432144165,0.048758044838905334
experiment_A_ema,1D7CUD1955YZPGK8XHJX,2,0,-0.028053203904985103,0.0,0.09442970901727676,0.28825433124137917,0.3048940724080777,,3027,9971,25421,26930,"[1, 64, 28, 28, 20]",1.0941416398723538,0.06483237445354462,0.04392468184232712
experiment_A_ema,1D7CUD1955YZPGK8XHJX,2,1,0.11027748506334183,0.7450903058052063,-0.019240813329815865,0.48321547857914143,0.38722534354170207,high,3027,9971,25421,26930,"[1, 64, 28, 28, 20]",1.0941416398723538,0.06483237445354462,0.04392468184232712
experiment_A_ema,1D7CUD1955YZPGK8XHJX,2,2,0.005381092674868603,0.03635737672448158,-0.0669722855091095,0.42612150376033037,0.42156004540440606,,3027,9971,25421,26930,"[1, 64, 28, 28, 20]",1.0941416398723538,0.06483237445354462,0.04392468184232712
experiment_A_ema,1D7CUD1955YZPGK8XHJX,2,3,0.016117891539406244,0.10890059918165207,-0.0162062831223011,0.4067679753948224,0.3938634685011769,,3027,9971,25421,26930,"[1, 64, 28, 28, 20]",1.0941416398723538,0.06483237445354462,0.04392468184232712
experiment_A_ema,1D7CUD1955YZPGK8XHJX,2,4,0.054259793759784826,0.36660653352737427,-0.18332144618034363,0.4762274627288038,0.42720722845020226,,3027,9971,25421,26930,"[1, 64, 28, 28, 20]",1.0941416398723538,0.06483237445354462,0.04392468184232712
experiment_A_ema,1D7CUD1955YZPGK8XHJX,2,5,0.04846324637307704,0.32744213938713074,0.010839157737791538,0.39337269489625987,0.35700681916953314,,3027,9971,25421,26930,"[1, 64, 28, 28, 20]",1.0941416398723538,0.06483237445354462,0.04392468184232712
experiment_A_ema,1D7CUD1955YZPGK8XHJX,2,6,0.05540775247507406,0.3743627071380615,-0.005171740893274546,0.37519469203324823,0.33580001773553964,,3027,9971,25421,26930,"[1, 64, 28, 28, 20]",1.0941416398723538,0.06483237445354462,0.04392468184232712
experiment_A_ema,1D7CUD1955YZPGK8XHJX,2,7,0.000327488324235983,0.0022126762196421623,-0.06699752807617188,0.3975022187250771,0.39724194896191667,,3027,9971,25421,26930,"[1, 64, 28, 28, 20]",1.0941416398723538,0.06483237445354462,0.04392468184232712
experiment_A_ema,1D7CUD1955YZPGK8XHJX,2,8,0.0655343483765692,0.44278308749198914,-0.07122360169887543,0.4088703922617934,0.35857621350472635,,3027,9971,25421,26930,"[1, 64, 28, 28, 20]",1.0941416398723538,0.06483237445354462,0.04392468184232712
experiment_A_ema,1D7CUD1955YZPGK8XHJX,2,9,-0.046905552863958686,0.0,0.04031500965356827,0.3322212176406019,0.3649211108907871,,3027,9971,25421,26930,"[1, 64, 28, 28, 20]",1.0941416398723538,0.06483237445354462,0.04392468184232712
experiment_A_ema,1D7CUD1955YZPGK8XHJX,2,10,-0.0775088374993498,0.0,0.03212372586131096,0.29359070084201183,0.3429264855136323,,3027,9971,25421,26930,"[1, 64, 28, 28, 20]",1.0941416398723538,0.06483237445354462,0.04392468184232712
experiment_A_ema,1D7CUD1955YZPGK8XHJX,2,11,-0.0040631691532840054,0.0,-0.0034574377350509167,0.361388141003757,0.36433688862106384,,3027,9971,25421,26930,"[1, 64, 28, 28, 20]",1.0941416398723538,0.06483237445354462,0.04392468184232712
experiment_A_ema,1D7CUD1955YZPGK8XHJX,2,12,0.017300865094183902,0.11689336597919464,0.006227138452231884,0.421272327439342,0.4069434605220831,,3027,9971,25421,26930,"[1, 64, 28, 28, 20]",1.0941416398723538,0.06483237445354462,0.04392468184232712
experiment_A_ema,1D7CUD1955YZPGK8XHJX,2,13,0.01386422056782252,0.09367366135120392,-0.02540426328778267,0.4275001552309607,0.4158083265683588,,3027,9971,25421,26930,"[1, 64, 28, 28, 20]",1.0941416398723538,0.06483237445354462,0.04392468184232712
experiment_A_ema,1D7CUD1955YZPGK8XHJX,2,14,0.0709270776404634,0.47921910881996155,-0.04821120947599411,0.47239488070400887,0.40982176149964383,,3027,9971,25421,26930,"[1, 64, 28, 28, 20]",1.0941416398723538,0.06483237445354462,0.04392468184232712
experiment_A_ema,1D7CUD1955YZPGK8XHJX,2,15,0.05734429263126678,0.38744693994522095,0.0032322637271136045,0.4122289860679158,0.3675150580785981,,3027,9971,25421,26930,"[1, 64, 28, 28, 20]",1.0941416398723538,0.06483237445354462,0.04392468184232712
experiment_A_ema,1D7CUD1955YZPGK8XHJX,2,16,0.039142236324965315,0.26446467638015747,0.08975036442279816,0.452866140444186,0.4187491303866408,,3027,9971,25421,26930,"[1, 64, 28, 28, 20]",1.0941416398723538,0.06483237445354462,0.04392468184232712
experiment_A_ema,1D7CUD1955YZPGK8XHJX,2,17,-0.050389521826131226,0.0,0.018795650452375412,0.2578456679636685,0.2852100355796936,,3027,9971,25421,26930,"[1, 64, 28, 28, 20]",1.0941416398723538,0.06483237445354462,0.04392468184232712
experiment_A_ema,1D7CUD1955YZPGK8XHJX,2,18,-0.0882407431348817,0.0,-0.046610355377197266,0.26868018752416173,0.3206864235006182,,3027,9971,25421,26930,"[1, 64, 28, 28, 20]",1.0941416398723538,0.06483237445354462,0.04392468184232712
experiment_A_ema,1D7CUD1955YZPGK8XHJX,2,19,-0.0036751543246631275,0.0,-0.013895509764552116,0.36002182870500865,0.3626778652859666,,3027,9971,25421,26930,"[1, 64, 28, 28, 20]",1.0941416398723538,0.06483237445354462,0.04392468184232712
experiment_A_ema,1D7CUD1955YZPGK8XHJX,2,20,-0.08919211332403226,0.0,-0.1074870228767395,0.25809114771065894,0.3086391059076544,,3027,9971,25421,26930,"[1, 64, 28, 28, 20]",1.0941416398723538,0.06483237445354462,0.04392468184232712
experiment_A_ema,1D7CUD1955YZPGK8XHJX,2,21,0.050115055925653705,0.33860257267951965,-0.06707815080881119,0.380471062802677,0.3441562732177023,,3027,9971,25421,26930,"[1, 64, 28, 28, 20]",1.0941416398723538,0.06483237445354462,0.04392468184232712
experiment_A_ema,1D7CUD1955YZPGK8XHJX,2,22,0.04677492176925103,0.3160349428653717,-0.012590315192937851,0.4315930040579739,0.3930216703957049,,3027,9971,25421,26930,"[1, 64, 28, 28, 20]",1.0941416398723538,0.06483237445354462,0.04392468184232712
experiment_A_ema,1D7CUD1955YZPGK8XHJX,2,23,-0.029652367675815576,0.0,0.0026432438753545284,0.37653408716502745,0.399546751182223,,3027,9971,25421,26930,"[1, 64, 28, 28, 20]",1.0941416398723538,0.06483237445354462,0.04392468184232712
experiment_A_ema,1D7CUD1955YZPGK8XHJX,2,24,0.10617154804328795,0.7173485159873962,-0.08839970827102661,0.31778720606607425,0.25678398687851994,,3027,9971,25421,26930,"[1, 64, 28, 28, 20]",1.0941416398723538,0.06483237445354462,0.04392468184232712
experiment_A_ema,1D7CUD1955YZPGK8XHJX,2,25,-0.1458537373041184,0.0,0.003342015203088522,0.2368946886242556,0.31779897895307485,low,3027,9971,25421,26930,"[1, 64, 28, 28, 20]",1.0941416398723538,0.06483237445354462,0.04392468184232712
experiment_A_ema,1D7CUD1955YZPGK8XHJX,2,26,-0.06659937487920252,0.0,0.03727766126394272,0.31974152639653775,0.36536956329197695,,3027,9971,25421,26930,"[1, 64, 28, 28, 20]",1.0941416398723538,0.06483237445354462,0.04392468184232712
experiment_A_ema,1D7CUD1955YZPGK8XHJX,2,27,0.11152328723789434,0.7535075545310974,-0.03341936320066452,0.5559076063907807,0.44435492883788286,high,3027,9971,25421,26930,"[1, 64, 28, 28, 20]",1.0941416398723538,0.06483237445354462,0.04392468184232712
experiment_A_ema,1D7CUD1955YZPGK8XHJX,2,28,0.025822232815429082,0.1744680255651474,-0.06543262302875519,0.39239671813963434,0.3726416923685143,middle,3027,9971,25421,26930,"[1, 64, 28, 28, 20]",1.0941416398723538,0.06483237445354462,0.04392468184232712
experiment_A_ema,1D7CUD1955YZPGK8XHJX,2,29,0.09651548780255688,0.652107298374176,-0.07365968823432922,0.4506962551682134,0.37135543844475216,,3027,9971,25421,26930,"[1, 64, 28, 28, 20]",1.0941416398723538,0.06483237445354462,0.04392468184232712
experiment_A_ema,1D7CUD1955YZPGK8XHJX,2,30,0.038385601280074226,0.2593524754047394,-0.08588310331106186,0.4067724362134139,0.37669839874262334,middle,3027,9971,25421,26930,"[1, 64, 28, 28, 20]",1.0941416398723538,0.06483237445354462,0.04392468184232712
experiment_A_ema,1D7CUD1955YZPGK8XHJX,2,31,0.0466216847549513,0.31499961018562317,0.02403268963098526,0.47543741667052153,0.4330807237136895,,3027,9971,25421,26930,"[1, 64, 28, 28, 20]",1.0941416398723538,0.06483237445354462,0.04392468184232712
experiment_A_ema,1D7CUD1955YZPGK8XHJX,2,32,0.08478346112919928,0.5728397965431213,-0.08149570971727371,0.3108818117894283,0.26228653108719907,,3027,9971,25421,26930,"[1, 64, 28, 28, 20]",1.0941416398723538,0.06483237445354462,0.04392468184232712
experiment_A_ema,1D7CUD1955YZPGK8XHJX,2,33,0.045735640372369456,0.3090130388736725,0.3945368528366089,0.38125476894145177,0.34790608463311506,,3027,9971,25421,26930,"[1, 64, 28, 28, 20]",1.0941416398723538,0.06483237445354462,0.04392468184232712
experiment_A_ema,1D7CUD1955YZPGK8XHJX,2,34,0.043546971192828354,0.2942253053188324,0.01062852330505848,0.410333792273784,0.3760874840608416,,3027,9971,25421,26930,"[1, 64, 28, 28, 20]",1.0941416398723538,0.06483237445354462,0.04392468184232712
experiment_A_ema,1D7CUD1955YZPGK8XHJX,2,35,-0.09102200903383449,0.0,-0.08308406174182892,0.3801324355878584,0.45626291144318415,,3027,9971,25421,26930,"[1, 64, 28, 28, 20]",1.0941416398723538,0.06483237445354462,0.04392468184232712
experiment_A_ema,1D7CUD1955YZPGK8XHJX,2,36,-0.16568443490060317,0.0,-0.020612802356481552,0.23660106676387377,0.3305731764204867,low,3027,9971,25421,26930,"[1, 64, 28, 28, 20]",1.0941416398723538,0.06483237445354462,0.04392468184232712
experiment_A_ema,1D7CUD1955YZPGK8XHJX,2,37,0.016655683962589707,0.11253419518470764,-0.11982256919145584,0.36419561299646774,0.3522624964966322,,3027,9971,25421,26930,"[1, 64, 28, 28, 20]",1.0941416398723538,0.06483237445354462,0.04392468184232712
experiment_A_ema,1D7CUD1955YZPGK8XHJX,2,38,0.04790744237611311,0.3236868381500244,-0.010802078992128372,0.41696975817726195,0.37884429440369627,,3027,9971,25421,26930,"[1, 64, 28, 28, 20]",1.0941416398723538,0.06483237445354462,0.04392468184232712
experiment_A_ema,1D7CUD1955YZPGK8XHJX,2,39,0.148004532586546,0.9999932646751404,-0.19444593787193298,0.48515300336774614,0.3600578221895215,high,3027,9971,25421,26930,"[1, 64, 28, 28, 20]",1.0941416398723538,0.06483237445354462,0.04392468184232712
experiment_A_ema,1D7CUD1955YZPGK8XHJX,2,40,-0.2113557556282767,0.0,0.03966968506574631,0.18639322430003125,0.28629983421940314,low,3027,9971,25421,26930,"[1, 64, 28, 28, 20]",1.0941416398723538,0.06483237445354462,0.04392468184232712
experiment_A_ema,1D7CUD1955YZPGK8XHJX,2,41,0.03062797418879003,0.2069380283355713,-0.08764716237783432,0.4498273260174524,0.42309155833075396,middle,3027,9971,25421,26930,"[1, 64, 28, 28, 20]",1.0941416398723538,0.06483237445354462,0.04392468184232712
experiment_A_ema,1D7CUD1955YZPGK8XHJX,2,42,0.07513654852675676,0.5076603889465332,-0.11141034960746765,0.3204607308341044,0.2756694885411974,,3027,9971,25421,26930,"[1, 64, 28, 28, 20]",1.0941416398723538,0.06483237445354462,0.04392468184232712
experiment_A_ema,1D7CUD1955YZPGK8XHJX,2,43,-0.008252302868401886,0.0,-0.1629033386707306,0.40581575309744117,0.41256932285952097,,3027,9971,25421,26930,"[1, 64, 28, 28, 20]",1.0941416398723538,0.06483237445354462,0.04392468184232712
experiment_A_ema,1D7CUD1955YZPGK8XHJX,2,44,-0.014862572560293587,0.0,0.05304857715964317,0.352800484464098,0.36344576112274285,,3027,9971,25421,26930,"[1, 64, 28, 28, 20]",1.0941416398723538,0.06483237445354462,0.04392468184232712
experiment_A_ema,1D7CUD1955YZPGK8XHJX,2,45,0.007396315741547383,0.04997323825955391,-0.052247971296310425,0.30124309916387065,0.29681963098214315,,3027,9971,25421,26930,"[1, 64, 28, 28, 20]",1.0941416398723538,0.06483237445354462,0.04392468184232712
experiment_A_ema,1D7CUD1955YZPGK8XHJX,2,46,0.03977775266508856,0.2687585651874542,-0.30042365193367004,0.4057285129836046,0.37468536306787315,,3027,9971,25421,26930,"[1, 64, 28, 28, 20]",1.0941416398723538,0.06483237445354462,0.04392468184232712
experiment_A_ema,1D7CUD1955YZPGK8XHJX,2,47,0.0864742182058807,0.5842634439468384,-0.10993621498346329,0.5005157649477052,0.42084198717108684,,3027,9971,25421,26930,"[1, 64, 28, 28, 20]",1.0941416398723538,0.06483237445354462,0.04392468184232712
experiment_A_ema,1D7CUD1955YZPGK8XHJX,2,48,0.0060198378673596035,0.04067305848002434,-0.020696941763162613,0.36715261458430337,0.3627586610277235,,3027,9971,25421,26930,"[1, 64, 28, 28, 20]",1.0941416398723538,0.06483237445354462,0.04392468184232712
experiment_A_ema,1D7CUD1955YZPGK8XHJX,2,49,0.03644719821563521,0.24625565111637115,-0.14363738894462585,0.45903147390301846,0.4267472835092174,middle,3027,9971,25421,26930,"[1, 64, 28, 28, 20]",1.0941416398723538,0.06483237445354462,0.04392468184232712
experiment_A_ema,1D7CUD1955YZPGK8XHJX,2,50,0.024214384457989124,0.16360458731651306,0.00031104811932891607,0.34879673860324434,0.33230427264770424,,3027,9971,25421,26930,"[1, 64, 28, 28, 20]",1.0941416398723538,0.06483237445354462,0.04392468184232712
experiment_A_ema,1D7CUD1955YZPGK8XHJX,2,51,0.08714197744371441,0.5887751579284668,-0.14376050233840942,0.4733840331484739,0.39749391913259163,,3027,9971,25421,26930,"[1, 64, 28, 28, 20]",1.0941416398723538,0.06483237445354462,0.04392468184232712
experiment_A_ema,1D7CUD1955YZPGK8XHJX,2,52,0.06896623666714781,0.4659706652164459,-0.04071427881717682,0.33064024148398125,0.2879765036655045,,3027,9971,25421,26930,"[1, 64, 28, 28, 20]",1.0941416398723538,0.06483237445354462,0.04392468184232712
experiment_A_ema,1D7CUD1955YZPGK8XHJX,2,53,0.1178946386491828,0.7965556383132935,0.03601868450641632,0.335217882504917,0.26451273962716676,high,3027,9971,25421,26930,"[1, 64, 28, 28, 20]",1.0941416398723538,0.06483237445354462,0.04392468184232712
experiment_A_ema,1D7CUD1955YZPGK8XHJX,2,54,0.041213159158988606,0.2784568965435028,-0.0016139474464580417,0.38048229223565816,0.3503618548675204,,3027,9971,25421,26930,"[1, 64, 28, 28, 20]",1.0941416398723538,0.06483237445354462,0.04392468184232712
experiment_A_ema,1D7CUD1955YZPGK8XHJX,2,55,0.06445515853524886,0.43549156188964844,0.0110419150441885,0.5025863880671171,0.441720850823294,,3027,9971,25421,26930,"[1, 64, 28, 28, 20]",1.0941416398723538,0.06483237445354462,0.04392468184232712
experiment_A_ema,1D7CUD1955YZPGK8XHJX,2,56,-0.10263962977977657,0.0,-0.03465308994054794,0.25775443573579365,0.31671819668578827,,3027,9971,25421,26930,"[1, 64, 28, 28, 20]",1.0941416398723538,0.06483237445354462,0.04392468184232712
experiment_A_ema,1D7CUD1955YZPGK8XHJX,2,57,0.01526081901944655,0.10310978442430496,-0.01363882515579462,0.3928572357453424,0.38104681089039805,,3027,9971,25421,26930,"[1, 64, 28, 28, 20]",1.0941416398723538,0.06483237445354462,0.04392468184232712
experiment_A_ema,1D7CUD1955YZPGK8XHJX,2,58,-0.15656463031821063,0.0,-0.023480158299207687,0.26468704069140914,0.36295350768536866,low,3027,9971,25421,26930,"[1, 64, 28, 28, 20]",1.0941416398723538,0.06483237445354462,0.04392468184232712
experiment_A_ema,1D7CUD1955YZPGK8XHJX,2,59,0.0809476718809082,0.5469232797622681,-0.08241119980812073,0.45967790412663956,0.3908310994275083,,3027,9971,25421,26930,"[1, 64, 28, 28, 20]",1.0941416398723538,0.06483237445354462,0.04392468184232712
experiment_A_ema,1D7CUD1955YZPGK8XHJX,2,60,0.06528009334619984,0.4410652220249176,0.1002473533153534,0.3440376052759535,0.30187246998929385,,3027,9971,25421,26930,"[1, 64, 28, 28, 20]",1.0941416398723538,0.06483237445354462,0.04392468184232712
experiment_A_ema,1D7CUD1955YZPGK8XHJX,2,61,0.07749726712691812,0.5236105918884277,-0.06015701964497566,0.43335072914716516,0.37101454140991985,,3027,9971,25421,26930,"[1, 64, 28, 28, 20]",1.0941416398723538,0.06483237445354462,0.04392468184232712
experiment_A_ema,1D7CUD1955YZPGK8XHJX,2,62,0.002184166863771935,0.014757332392036915,-0.04376056790351868,0.33386866950773336,0.3324133961139102,,3027,9971,25421,26930,"[1, 64, 28, 28, 20]",1.0941416398723538,0.06483237445354462,0.04392468184232712
experiment_A_ema,1D7CUD1955YZPGK8XHJX,2,63,0.006819496158966081,0.04607595503330231,0.008398840203881264,0.38751100043405146,0.38226153278101754,,3027,9971,25421,26930,"[1, 64, 28, 28, 20]",1.0941416398723538,0.06483237445354462,0.04392468184232712
experiment_A_ema,1GU15S0GJ6PFNARO469W,0,0,0.02114607874820969,0.09261433035135269,0.0879032164812088,0.5068695721425426,0.48587685683235665,middle,3093,9889,24378,26564,"[1, 64, 28, 28, 20]",0.8722329013065759,0.050782617181539536,0.034755825996398926
experiment_A_ema,1GU15S0GJ6PFNARO469W,0,1,0.12901079018928954,0.5650337338447571,-0.12378130853176117,0.6816162421456268,0.5258410887554396,,3093,9889,24378,26564,"[1, 64, 28, 28, 20]",0.8722329013065759,0.050782617181539536,0.034755825996398926
experiment_A_ema,1GU15S0GJ6PFNARO469W,0,2,0.1205672728812451,0.5280532836914062,-0.09874047338962555,0.4067598865621154,0.31922923720124896,,3093,9889,24378,26564,"[1, 64, 28, 28, 20]",0.8722329013065759,0.050782617181539536,0.034755825996398926
experiment_A_ema,1GU15S0GJ6PFNARO469W,0,3,0.049563399368660145,0.21707481145858765,-0.028212131932377815,0.3571247674171059,0.3233958049470335,,3093,9889,24378,26564,"[1, 64, 28, 28, 20]",0.8722329013065759,0.050782617181539536,0.034755825996398926
experiment_A_ema,1GU15S0GJ6PFNARO469W,0,4,-0.10816616947292142,0.0,-0.05885697901248932,0.443346864814964,0.5508897378401031,,3093,9889,24378,26564,"[1, 64, 28, 28, 20]",0.8722329013065759,0.050782617181539536,0.034755825996398926
experiment_A_ema,1GU15S0GJ6PFNARO469W,0,5,0.11942731305985835,0.5230605602264404,0.01237812452018261,0.5497053554099423,0.4324134285130863,,3093,9889,24378,26564,"[1, 64, 28, 28, 20]",0.8722329013065759,0.050782617181539536,0.034755825996398926
experiment_A_ema,1GU15S0GJ6PFNARO469W,0,6,-0.02887810604052211,0.0,-0.027839811518788338,0.5613690247371586,0.5947557473805544,,3093,9889,24378,26564,"[1, 64, 28, 28, 20]",0.8722329013065759,0.050782617181539536,0.034755825996398926
experiment_A_ema,1GU15S0GJ6PFNARO469W,0,7,-0.028772082292358375,0.0,-0.04048497974872589,0.507566447874183,0.5376392201387735,,3093,9889,24378,26564,"[1, 64, 28, 28, 20]",0.8722329013065759,0.050782617181539536,0.034755825996398926
experiment_A_ema,1GU15S0GJ6PFNARO469W,0,8,0.06723913398248287,0.29448992013931274,-0.03276377171278,0.46540563263904844,0.4067617836414726,,3093,9889,24378,26564,"[1, 64, 28, 28, 20]",0.8722329013065759,0.050782617181539536,0.034755825996398926
experiment_A_ema,1GU15S0GJ6PFNARO469W,0,9,-0.1868180830865259,0.0,0.029586125165224075,0.33365058018719806,0.4869546660845077,low,3093,9889,24378,26564,"[1, 64, 28, 28, 20]",0.8722329013065759,0.050782617181539536,0.034755825996398926
experiment_A_ema,1GU15S0GJ6PFNARO469W,0,10,-0.0443125856051275,0.0,0.01707625761628151,0.5251387139155952,0.5738372235344094,,3093,9889,24378,26564,"[1, 64, 28, 28, 20]",0.8722329013065759,0.050782617181539536,0.034755825996398926
experiment_A_ema,1GU15S0GJ6PFNARO469W,0,11,0.0132125374024848,0.05786747857928276,0.00408072117716074,0.4302422431322948,0.41902130354472045,,3093,9889,24378,26564,"[1, 64, 28, 28, 20]",0.8722329013065759,0.050782617181539536,0.034755825996398926
experiment_A_ema,1GU15S0GJ6PFNARO469W,0,12,0.006605379381209113,0.02892984449863434,-0.012481629848480225,0.480909370972201,0.4745978764958006,,3093,9889,24378,26564,"[1, 64, 28, 28, 20]",0.8722329013065759,0.050782617181539536,0.034755825996398926
experiment_A_ema,1GU15S0GJ6PFNARO469W,0,13,0.045934610002952236,0.20118165016174316,-0.010559323243796825,0.3989997889977432,0.3639537689293857,,3093,9889,24378,26564,"[1, 64, 28, 28, 20]",0.8722329013065759,0.050782617181539536,0.034755825996398926
experiment_A_ema,1GU15S0GJ6PFNARO469W,0,14,0.16416158264580566,0.7189850807189941,-0.021862266585230827,0.6762878198145834,0.4855573188933679,,3093,9889,24378,26564,"[1, 64, 28, 28, 20]",0.8722329013065759,0.050782617181539536,0.034755825996398926
experiment_A_ema,1GU15S0GJ6PFNARO469W,0,15,0.045675088600563504,0.20004501938819885,-0.030317142605781555,0.5233412035310833,0.47762207157941255,,3093,9889,24378,26564,"[1, 64, 28, 28, 20]",0.8722329013065759,0.050782617181539536,0.034755825996398926
experiment_A_ema,1GU15S0GJ6PFNARO469W,0,16,-0.030290528553460396,0.0,0.06178735941648483,0.36174428529145636,0.38434371547252033,,3093,9889,24378,26564,"[1, 64, 28, 28, 20]",0.8722329013065759,0.050782617181539536,0.034755825996398926
experiment_A_ema,1GU15S0GJ6PFNARO469W,0,17,0.021175904413909766,0.09274495393037796,0.04861664026975632,0.5192222879424145,0.49768826607709693,middle,3093,9889,24378,26564,"[1, 64, 28, 28, 20]",0.8722329013065759,0.050782617181539536,0.034755825996398926
experiment_A_ema,1GU15S0GJ6PFNARO469W,0,18,-0.003699735396585075,0.0,-0.09127737581729889,0.44849864785897314,0.4518296279492627,,3093,9889,24378,26564,"[1, 64, 28, 28, 20]",0.8722329013065759,0.050782617181539536,0.034755825996398926
experiment_A_ema,1GU15S0GJ6PFNARO469W,0,19,0.04752457158220985,0.20814527571201324,0.0032532140612602234,0.6653968443225896,0.6050207451288353,,3093,9889,24378,26564,"[1, 64, 28, 28, 20]",0.8722329013065759,0.050782617181539536,0.034755825996398926
experiment_A_ema,1GU15S0GJ6PFNARO469W,0,20,0.007191187177228925,0.031495530158281326,-0.1617128849029541,0.3924371224373092,0.3868332362352414,,3093,9889,24378,26564,"[1, 64, 28, 28, 20]",0.8722329013065759,0.050782617181539536,0.034755825996398926
experiment_A_ema,1GU15S0GJ6PFNARO469W,0,21,-0.11754788634471856,0.0,-0.0472378246486187,0.49986502121975285,0.6330351605774475,low,3093,9889,24378,26564,"[1, 64, 28, 28, 20]",0.8722329013065759,0.050782617181539536,0.034755825996398926
experiment_A_ema,1GU15S0GJ6PFNARO469W,0,22,0.034786158325451795,0.15235432982444763,-0.0364462211728096,0.4631970912101547,0.43205468634869215,,3093,9889,24378,26564,"[1, 64, 28, 28, 20]",0.8722329013065759,0.050782617181539536,0.034755825996398926
experiment_A_ema,1GU15S0GJ6PFNARO469W,0,23,-0.01987938603792198,0.0,-0.01542779989540577,0.43206697009309475,0.4495938660894711,,3093,9889,24378,26564,"[1, 64, 28, 28, 20]",0.8722329013065759,0.050782617181539536,0.034755825996398926
experiment_A_ema,1GU15S0GJ6PFNARO469W,0,24,0.03418428694788795,0.1497182846069336,-0.12523935735225677,0.5705593500541133,0.5328403827842566,middle,3093,9889,24378,26564,"[1, 64, 28, 28, 20]",0.8722329013065759,0.050782617181539536,0.034755825996398926
experiment_A_ema,1GU15S0GJ6PFNARO469W,0,25,-0.09996225712849548,0.0,-0.006724209524691105,0.4479407219754757,0.5474414728366708,,3093,9889,24378,26564,"[1, 64, 28, 28, 20]",0.8722329013065759,0.050782617181539536,0.034755825996398926
experiment_A_ema,1GU15S0GJ6PFNARO469W,0,26,-0.0722407162152899,0.0,0.020776331424713135,0.2721838724242891,0.3145715786972509,,3093,9889,24378,26564,"[1, 64, 28, 28, 20]",0.8722329013065759,0.050782617181539536,0.034755825996398926
experiment_A_ema,1GU15S0GJ6PFNARO469W,0,27,0.11305383714268398,0.49514642357826233,-0.03843558579683304,0.46870170179425913,0.3734887289409561,,3093,9889,24378,26564,"[1, 64, 28, 28, 20]",0.8722329013065759,0.050782617181539536,0.034755825996398926
experiment_A_ema,1GU15S0GJ6PFNARO469W,0,28,-0.08808994414291985,0.0,-0.033737994730472565,0.40501698342668263,0.483265857343156,,3093,9889,24378,26564,"[1, 64, 28, 28, 20]",0.8722329013065759,0.050782617181539536,0.034755825996398926
experiment_A_ema,1GU15S0GJ6PFNARO469W,0,29,0.08537065160008696,0.37390124797821045,-0.04845822602510452,0.6796608724100819,0.5727423111895098,,3093,9889,24378,26564,"[1, 64, 28, 28, 20]",0.8722329013065759,0.050782617181539536,0.034755825996398926
experiment_A_ema,1GU15S0GJ6PFNARO469W,0,30,-0.02904320301245806,0.0,-0.037011146545410156,0.5048125117174238,0.5350123863732837,,3093,9889,24378,26564,"[1, 64, 28, 28, 20]",0.8722329013065759,0.050782617181539536,0.034755825996398926
experiment_A_ema,1GU15S0GJ6PFNARO469W,0,31,0.07861638160003877,0.34431931376457214,-0.0183901097625494,0.6944917118650411,0.5932537450074551,,3093,9889,24378,26564,"[1, 64, 28, 28, 20]",0.8722329013065759,0.050782617181539536,0.034755825996398926
experiment_A_ema,1GU15S0GJ6PFNARO469W,0,32,-0.014933904570897895,0.0,-0.06066494435071945,0.3695930707537681,0.38079937486120946,,3093,9889,24378,26564,"[1, 64, 28, 28, 20]",0.8722329013065759,0.050782617181539536,0.034755825996398926
experiment_A_ema,1GU15S0GJ6PFNARO469W,0,33,0.22832305361759267,0.9999956488609314,0.4332553446292877,0.3808522558265689,0.23926496910603548,high,3093,9889,24378,26564,"[1, 64, 28, 28, 20]",0.8722329013065759,0.050782617181539536,0.034755825996398926
experiment_A_ema,1GU15S0GJ6PFNARO469W,0,34,-0.04813375346088943,0.0,0.0180182084441185,0.47060802518421546,0.518203272542068,,3093,9889,24378,26564,"[1, 64, 28, 28, 20]",0.8722329013065759,0.050782617181539536,0.034755825996398926
experiment_A_ema,1GU15S0GJ6PFNARO469W,0,35,-0.11703667031705033,0.0,-0.033688172698020935,0.31653006294504504,0.40044222983870703,,3093,9889,24378,26564,"[1, 64, 28, 28, 20]",0.8722329013065759,0.050782617181539536,0.034755825996398926
experiment_A_ema,1GU15S0GJ6PFNARO469W,0,36,-0.057710864312031145,0.0,-0.0823453739285469,0.3771195353476232,0.42331326159366583,,3093,9889,24378,26564,"[1, 64, 28, 28, 20]",0.8722329013065759,0.050782617181539536,0.034755825996398926
experiment_A_ema,1GU15S0GJ6PFNARO469W,0,37,0.04207611378900552,0.18428243696689606,-0.10570252686738968,0.28261484595525943,0.2597924142776049,,3093,9889,24378,26564,"[1, 64, 28, 28, 20]",0.8722329013065759,0.050782617181539536,0.034755825996398926
experiment_A_ema,1GU15S0GJ6PFNARO469W,0,38,0.07931358491079914,0.3473728895187378,-0.016452830284833908,0.5759331578509027,0.4912879468324202,,3093,9889,24378,26564,"[1, 64, 28, 28, 20]",0.8722329013065759,0.050782617181539536,0.034755825996398926
experiment_A_ema,1GU15S0GJ6PFNARO469W,0,39,0.2018258463671069,0.8839447498321533,-0.1608438491821289,0.3878262182562156,0.25756865075183194,high,3093,9889,24378,26564,"[1, 64, 28, 28, 20]",0.8722329013065759,0.050782617181539536,0.034755825996398926
experiment_A_ema,1GU15S0GJ6PFNARO469W,0,40,-0.13397740550409323,0.0,0.06000465899705887,0.3810393416387769,0.49893633347458327,low,3093,9889,24378,26564,"[1, 64, 28, 28, 20]",0.8722329013065759,0.050782617181539536,0.034755825996398926
experiment_A_ema,1GU15S0GJ6PFNARO469W,0,41,0.06848913648686257,0.2999646067619324,-0.11786824464797974,0.5727750222167839,0.4993462907906097,,3093,9889,24378,26564,"[1, 64, 28, 28, 20]",0.8722329013065759,0.050782617181539536,0.034755825996398926
experiment_A_ema,1GU15S0GJ6PFNARO469W,0,42,0.029319517052023004,0.12841185927391052,-0.2135964035987854,0.4143660128334331,0.39076007543976155,middle,3093,9889,24378,26564,"[1, 64, 28, 28, 20]",0.8722329013065759,0.050782617181539536,0.034755825996398926
experiment_A_ema,1GU15S0GJ6PFNARO469W,0,43,0.11010753164320913,0.4822423756122589,-0.07941831648349762,0.4710688008344544,0.3776214969124688,,3093,9889,24378,26564,"[1, 64, 28, 28, 20]",0.8722329013065759,0.050782617181539536,0.034755825996398926
experiment_A_ema,1GU15S0GJ6PFNARO469W,0,44,-0.015953543550537377,0.0,0.03279677778482437,0.5427109965107729,0.5603080752629316,,3093,9889,24378,26564,"[1, 64, 28, 28, 20]",0.8722329013065759,0.050782617181539536,0.034755825996398926
experiment_A_ema,1GU15S0GJ6PFNARO469W,0,45,-0.1420821285230676,0.0,-0.03580146282911301,0.4697112684557871,0.625291773474622,low,3093,9889,24378,26564,"[1, 64, 28, 28, 20]",0.8722329013065759,0.050782617181539536,0.034755825996398926
experiment_A_ema,1GU15S0GJ6PFNARO469W,0,46,0.19732520242427196,0.8642330765724182,-0.3223266005516052,0.36606077596303127,0.24540330507235067,high,3093,9889,24378,26564,"[1, 64, 28, 28, 20]",0.8722329013065759,0.050782617181539536,0.034755825996398926
experiment_A_ema,1GU15S0GJ6PFNARO469W,0,47,0.10266539649004411,0.4496477544307709,-0.08448442071676254,0.740192304876183,0.6023586736883609,,3093,9889,24378,26564,"[1, 64, 28, 28, 20]",0.8722329013065759,0.050782617181539536,0.034755825996398926
experiment_A_ema,1GU15S0GJ6PFNARO469W,0,48,0.07859013459895145,0.3442043662071228,-0.08468849211931229,0.5322863231631745,0.4547174826263628,,3093,9889,24378,26564,"[1, 64, 28, 28, 20]",0.8722329013065759,0.050782617181539536,0.034755825996398926
experiment_A_ema,1GU15S0GJ6PFNARO469W,0,49,0.14381414466595005,0.6298685669898987,-0.0720030665397644,0.5938381284818851,0.44450898296818825,,3093,9889,24378,26564,"[1, 64, 28, 28, 20]",0.8722329013065759,0.050782617181539536,0.034755825996398926
experiment_A_ema,1GU15S0GJ6PFNARO469W,0,50,0.012592776956976708,0.05515309050679207,0.0010071536526083946,0.3157146586437113,0.3078620832250231,,3093,9889,24378,26564,"[1, 64, 28, 28, 20]",0.8722329013065759,0.050782617181539536,0.034755825996398926
experiment_A_ema,1GU15S0GJ6PFNARO469W,0,51,0.04530897660851998,0.1984415352344513,-0.10950161516666412,0.44006235684829964,0.40191325809682993,,3093,9889,24378,26564,"[1, 64, 28, 28, 20]",0.8722329013065759,0.050782617181539536,0.034755825996398926
experiment_A_ema,1GU15S0GJ6PFNARO469W,0,52,0.03847493080858302,0.16851019859313965,-0.11242467910051346,0.6424868232904629,0.5948792122145847,,3093,9889,24378,26564,"[1, 64, 28, 28, 20]",0.8722329013065759,0.050782617181539536,0.034755825996398926
experiment_A_ema,1GU15S0GJ6PFNARO469W,0,53,-0.07059534009953679,0.0,-0.019103655591607094,0.5017462390120855,0.5779691873415789,,3093,9889,24378,26564,"[1, 64, 28, 28, 20]",0.8722329013065759,0.050782617181539536,0.034755825996398926
experiment_A_ema,1GU15S0GJ6PFNARO469W,0,54,0.034251311921072114,0.1500118374824524,-0.01892421767115593,0.44701021826677967,0.4174029006507564,,3093,9889,24378,26564,"[1, 64, 28, 28, 20]",0.8722329013065759,0.050782617181539536,0.034755825996398926
experiment_A_ema,1GU15S0GJ6PFNARO469W,0,55,0.0757531395892354,0.3317790627479553,0.012807052582502365,0.5110793801790633,0.4391002167824544,,3093,9889,24378,26564,"[1, 64, 28, 28, 20]",0.8722329013065759,0.050782617181539536,0.034755825996398926
experiment_A_ema,1GU15S0GJ6PFNARO469W,0,56,-0.038235391839144456,0.0,-0.09048719704151154,0.2842483555705287,0.3068492420667592,,3093,9889,24378,26564,"[1, 64, 28, 28, 20]",0.8722329013065759,0.050782617181539536,0.034755825996398926
experiment_A_ema,1GU15S0GJ6PFNARO469W,0,57,0.10452961586190687,0.4578125476837158,-0.13537757098674774,0.7410915046032263,0.6008217256004134,,3093,9889,24378,26564,"[1, 64, 28, 28, 20]",0.8722329013065759,0.050782617181539536,0.034755825996398926
experiment_A_ema,1GU15S0GJ6PFNARO469W,0,58,-0.02331574250770316,0.0,-0.0300906952470541,0.44525176347062373,0.466510193810656,,3093,9889,24378,26564,"[1, 64, 28, 28, 20]",0.8722329013065759,0.050782617181539536,0.034755825996398926
experiment_A_ema,1GU15S0GJ6PFNARO469W,0,59,0.21610966457264336,0.9465041756629944,-0.07522009313106537,0.48285596958213123,0.3112432397140645,high,3093,9889,24378,26564,"[1, 64, 28, 28, 20]",0.8722329013065759,0.050782617181539536,0.034755825996398926
experiment_A_ema,1GU15S0GJ6PFNARO469W,0,60,-0.031695962172523996,0.0,0.11497518420219421,0.6811971243267961,0.7257930638028273,,3093,9889,24378,26564,"[1, 64, 28, 28, 20]",0.8722329013065759,0.050782617181539536,0.034755825996398926
experiment_A_ema,1GU15S0GJ6PFNARO469W,0,61,0.08558839539345298,0.3748549222946167,-0.05257774144411087,0.711755776580714,0.5995252518583429,,3093,9889,24378,26564,"[1, 64, 28, 28, 20]",0.8722329013065759,0.050782617181539536,0.034755825996398926
experiment_A_ema,1GU15S0GJ6PFNARO469W,0,62,-0.04190060435191356,0.0,-0.018015597015619278,0.37228531363244266,0.4048476983989868,,3093,9889,24378,26564,"[1, 64, 28, 28, 20]",0.8722329013065759,0.050782617181539536,0.034755825996398926
experiment_A_ema,1GU15S0GJ6PFNARO469W,0,63,-0.056073000108289445,0.0,-0.007291627116501331,0.6069046329184902,0.6790097672938477,,3093,9889,24378,26564,"[1, 64, 28, 28, 20]",0.8722329013065759,0.050782617181539536,0.034755825996398926
experiment_A_ema,1GU15S0GJ6PFNARO469W,1,0,0.008611883241160639,0.04107188805937767,0.09453625231981277,0.4997480644696637,0.4912140062086798,middle,3072,9867,24105,26302,"[1, 64, 28, 28, 20]",0.8975369178361139,0.05036819726228714,0.03452557697892189
experiment_A_ema,1GU15S0GJ6PFNARO469W,1,1,0.1205165696107432,0.5747689604759216,-0.135114848613739,0.673840854476443,0.5288915503683048,,3072,9867,24105,26302,"[1, 64, 28, 28, 20]",0.8975369178361139,0.05036819726228714,0.03452557697892189
experiment_A_ema,1GU15S0GJ6PFNARO469W,1,2,0.11126566167340694,0.5306494235992432,-0.11021893471479416,0.4050564260206026,0.32394364004427495,,3072,9867,24105,26302,"[1, 64, 28, 28, 20]",0.8975369178361139,0.05036819726228714,0.03452557697892189
experiment_A_ema,1GU15S0GJ6PFNARO469W,1,3,0.035162895427860746,0.16769927740097046,-0.025737350806593895,0.35129574965916294,0.3274297603631321,,3072,9867,24105,26302,"[1, 64, 28, 28, 20]",0.8975369178361139,0.05036819726228714,0.03452557697892189
experiment_A_ema,1GU15S0GJ6PFNARO469W,1,4,-0.09588572758124501,0.0,-0.07749682664871216,0.44593742537568914,0.54052520865739,,3072,9867,24105,26302,"[1, 64, 28, 28, 20]",0.8975369178361139,0.05036819726228714,0.03452557697892189
experiment_A_ema,1GU15S0GJ6PFNARO469W,1,5,0.09532083933396669,0.45460522174835205,0.006202641408890486,0.5381697507258423,0.4445006847105331,,3072,9867,24105,26302,"[1, 64, 28, 28, 20]",0.8975369178361139,0.05036819726228714,0.03452557697892189
experiment_A_ema,1GU15S0GJ6PFNARO469W,1,6,-0.012999615979981673,0.0,-0.03321191295981407,0.572171891021109,0.5872438635918339,,3072,9867,24105,26302,"[1, 64, 28, 28, 20]",0.8975369178361139,0.05036819726228714,0.03452557697892189
experiment_A_ema,1GU15S0GJ6PFNARO469W,1,7,-0.004366234254469436,0.0,-0.06287704408168793,0.5179191454285762,0.5224616962635001,,3072,9867,24105,26302,"[1, 64, 28, 28, 20]",0.8975369178361139,0.05036819726228714,0.03452557697892189
experiment_A_ema,1GU15S0GJ6PFNARO469W,1,8,0.07793397670035586,0.37168359756469727,-0.04061513394117355,0.46802548853145964,0.4003494948736196,,3072,9867,24105,26302,"[1, 64, 28, 28, 20]",0.8975369178361139,0.05036819726228714,0.03452557697892189
experiment_A_ema,1GU15S0GJ6PFNARO469W,1,9,-0.20347218796548727,0.0,0.027816463261842728,0.31519490837381964,0.4762275764351767,low,3072,9867,24105,26302,"[1, 64, 28, 28, 20]",0.8975369178361139,0.05036819726228714,0.03452557697892189
experiment_A_ema,1GU15S0GJ6PFNARO469W,1,10,-0.03533149144142093,0.0,0.02805253304541111,0.5275524583514274,0.566196267426818,,3072,9867,24105,26302,"[1, 64, 28, 28, 20]",0.8975369178361139,0.05036819726228714,0.03452557697892189
experiment_A_ema,1GU15S0GJ6PFNARO469W,1,11,0.00821718185096588,0.039189476519823074,-0.0014104421716183424,0.4217929947653071,0.4149175835693228,,3072,9867,24105,26302,"[1, 64, 28, 28, 20]",0.8975369178361139,0.05036819726228714,0.03452557697892189
experiment_A_ema,1GU15S0GJ6PFNARO469W,1,12,0.006356822193056972,0.030317027121782303,-0.012060035020112991,0.4669468171460025,0.4610477145550277,,3072,9867,24105,26302,"[1, 64, 28, 28, 20]",0.8975369178361139,0.05036819726228714,0.03452557697892189
experiment_A_ema,1GU15S0GJ6PFNARO469W,1,13,0.03700815437008869,0.17649969458580017,-0.013090154156088829,0.4050776186506937,0.376165225852633,,3072,9867,24105,26302,"[1, 64, 28, 28, 20]",0.8975369178361139,0.05036819726228714,0.03452557697892189
experiment_A_ema,1GU15S0GJ6PFNARO469W,1,14,0.16559538573128418,0.7897593379020691,-0.010632643476128578,0.6698371526357114,0.47951034485419797,high,3072,9867,24105,26302,"[1, 64, 28, 28, 20]",0.8975369178361139,0.05036819726228714,0.03452557697892189
experiment_A_ema,1GU15S0GJ6PFNARO469W,1,15,0.012583246959379934,0.06001216173171997,-0.036158449947834015,0.48954778513478914,0.4773806729711428,middle,3072,9867,24105,26302,"[1, 64, 28, 28, 20]",0.8975369178361139,0.05036819726228714,0.03452557697892189
experiment_A_ema,1GU15S0GJ6PFNARO469W,1,16,-0.03591916362697962,0.0,0.06145627051591873,0.3547802246221039,0.3812166528107233,,3072,9867,24105,26302,"[1, 64, 28, 28, 20]",0.8975369178361139,0.05036819726228714,0.03452557697892189
experiment_A_ema,1GU15S0GJ6PFNARO469W,1,17,0.04071594264981893,0.19418293237686157,0.0501403845846653,0.5324978385013234,0.4908319603821889,,3072,9867,24105,26302,"[1, 64, 28, 28, 20]",0.8975369178361139,0.05036819726228714,0.03452557697892189
experiment_A_ema,1GU15S0GJ6PFNARO469W,1,18,-0.0030355065237495015,0.0,-0.09372265636920929,0.452847520659257,0.45560513766562627,,3072,9867,24105,26302,"[1, 64, 28, 28, 20]",0.8975369178361139,0.05036819726228714,0.03452557697892189
experiment_A_ema,1GU15S0GJ6PFNARO469W,1,19,0.06775233388820338,0.3231251835823059,0.015381474047899246,0.6735303586074982,0.5880549423183844,,3072,9867,24105,26302,"[1, 64, 28, 28, 20]",0.8975369178361139,0.05036819726228714,0.03452557697892189
experiment_A_ema,1GU15S0GJ6PFNARO469W,1,20,0.001785296289431927,0.00851445458829403,-0.17987599968910217,0.3857728179284952,0.3843978333372648,,3072,9867,24105,26302,"[1, 64, 28, 28, 20]",0.8975369178361139,0.05036819726228714,0.03452557697892189
experiment_A_ema,1GU15S0GJ6PFNARO469W,1,21,-0.09854830373822716,0.0,-0.03969462215900421,0.5018290536469721,0.6115508534565531,,3072,9867,24105,26302,"[1, 64, 28, 28, 20]",0.8975369178361139,0.05036819726228714,0.03452557697892189
experiment_A_ema,1GU15S0GJ6PFNARO469W,1,22,0.03031777859490555,0.14459188282489777,-0.03079836815595627,0.4613042202574107,0.43415583038371164,middle,3072,9867,24105,26302,"[1, 64, 28, 28, 20]",0.8975369178361139,0.05036819726228714,0.03452557697892189
experiment_A_ema,1GU15S0GJ6PFNARO469W,1,23,0.0066411997692975245,0.031673282384872437,-0.010382387787103653,0.44510039087310815,0.43922738679885,,3072,9867,24105,26302,"[1, 64, 28, 28, 20]",0.8975369178361139,0.05036819726228714,0.03452557697892189
experiment_A_ema,1GU15S0GJ6PFNARO469W,1,24,0.03158216502989178,0.15062201023101807,-0.12591496109962463,0.5719637317685056,0.5369420546374652,,3072,9867,24105,26302,"[1, 64, 28, 28, 20]",0.8975369178361139,0.05036819726228714,0.03452557697892189
experiment_A_ema,1GU15S0GJ6PFNARO469W,1,25,-0.10520874554402541,0.0,-0.011232261545956135,0.44306922211475186,0.5472606956458033,,3072,9867,24105,26302,"[1, 64, 28, 28, 20]",0.8975369178361139,0.05036819726228714,0.03452557697892189
experiment_A_ema,1GU15S0GJ6PFNARO469W,1,26,-0.07206917219515246,0.0,0.025608088821172714,0.2714955488884243,0.31366786370186944,,3072,9867,24105,26302,"[1, 64, 28, 28, 20]",0.8975369178361139,0.05036819726228714,0.03452557697892189
experiment_A_ema,1GU15S0GJ6PFNARO469W,1,27,0.08109936857823039,0.3867800235748291,-0.03723448887467384,0.4543262922387612,0.38616305572296783,,3072,9867,24105,26302,"[1, 64, 28, 28, 20]",0.8975369178361139,0.05036819726228714,0.03452557697892189
experiment_A_ema,1GU15S0GJ6PFNARO469W,1,28,-0.08399976553059761,0.0,-0.042381417006254196,0.3998594440673173,0.47319597889077974,,3072,9867,24105,26302,"[1, 64, 28, 28, 20]",0.8975369178361139,0.05036819726228714,0.03452557697892189
experiment_A_ema,1GU15S0GJ6PFNARO469W,1,29,0.10003931994057469,0.4771086275577545,-0.045719146728515625,0.6815413530795121,0.5575803595819403,,3072,9867,24105,26302,"[1, 64, 28, 28, 20]",0.8975369178361139,0.05036819726228714,0.03452557697892189
experiment_A_ema,1GU15S0GJ6PFNARO469W,1,30,-0.030836000039376036,0.0,-0.043895646929740906,0.4969103056178028,0.5285308396496478,,3072,9867,24105,26302,"[1, 64, 28, 28, 20]",0.8975369178361139,0.05036819726228714,0.03452557697892189
experiment_A_ema,1GU15S0GJ6PFNARO469W,1,31,0.07352869032971734,0.3506738543510437,0.0007917517796158791,0.6885949150438743,0.5942676381088283,,3072,9867,24105,26302,"[1, 64, 28, 28, 20]",0.8975369178361139,0.05036819726228714,0.03452557697892189
experiment_A_ema,1GU15S0GJ6PFNARO469W,1,32,-0.01667845520688104,0.0,-0.07335210591554642,0.373163837704908,0.3858225752748779,,3072,9867,24105,26302,"[1, 64, 28, 28, 20]",0.8975369178361139,0.05036819726228714,0.03452557697892189
experiment_A_ema,1GU15S0GJ6PFNARO469W,1,33,0.20967728271073702,0.999995231628418,0.47045767307281494,0.3819511263299849,0.24954130053520115,high,3072,9867,24105,26302,"[1, 64, 28, 28, 20]",0.8975369178361139,0.05036819726228714,0.03452557697892189
experiment_A_ema,1GU15S0GJ6PFNARO469W,1,34,-0.028453837272856483,0.0,0.031052958220243454,0.48304963937272305,0.5113439821176128,,3072,9867,24105,26302,"[1, 64, 28, 28, 20]",0.8975369178361139,0.05036819726228714,0.03452557697892189
experiment_A_ema,1GU15S0GJ6PFNARO469W,1,35,-0.11149947768209069,0.0,-0.03811691701412201,0.3136433994573717,0.3923628376326895,low,3072,9867,24105,26302,"[1, 64, 28, 28, 20]",0.8975369178361139,0.05036819726228714,0.03452557697892189
experiment_A_ema,1GU15S0GJ6PFNARO469W,1,36,-0.05471553860531769,0.0,-0.08010935038328171,0.36918116223855196,0.41191956388917383,,3072,9867,24105,26302,"[1, 64, 28, 28, 20]",0.8975369178361139,0.05036819726228714,0.03452557697892189
experiment_A_ema,1GU15S0GJ6PFNARO469W,1,37,0.015581924553736784,0.07431349158287048,-0.10482629388570786,0.27022406254132153,0.26193203086118777,middle,3072,9867,24105,26302,"[1, 64, 28, 28, 20]",0.8975369178361139,0.05036819726228714,0.03452557697892189
experiment_A_ema,1GU15S0GJ6PFNARO469W,1,38,0.06727895631299761,0.32086753845214844,-0.018556641414761543,0.5619376860451553,0.49109095109191836,,3072,9867,24105,26302,"[1, 64, 28, 28, 20]",0.8975369178361139,0.05036819726228714,0.03452557697892189
experiment_A_ema,1GU15S0GJ6PFNARO469W,1,39,0.1597254112706031,0.7617642283439636,-0.1827460676431656,0.3720002184648005,0.26953119058577635,,3072,9867,24105,26302,"[1, 64, 28, 28, 20]",0.8975369178361139,0.05036819726228714,0.03452557697892189
experiment_A_ema,1GU15S0GJ6PFNARO469W,1,40,-0.1394363298568124,0.0,0.05513419583439827,0.3752969904098175,0.4969151959715515,low,3072,9867,24105,26302,"[1, 64, 28, 28, 20]",0.8975369178361139,0.05036819726228714,0.03452557697892189
experiment_A_ema,1GU15S0GJ6PFNARO469W,1,41,0.05018410487976387,0.23933859169483185,-0.1318598985671997,0.5652629484828443,0.5112395823862724,,3072,9867,24105,26302,"[1, 64, 28, 28, 20]",0.8975369178361139,0.05036819726228714,0.03452557697892189
experiment_A_ema,1GU15S0GJ6PFNARO469W,1,42,0.045103610411825,0.21510864794254303,-0.23132486641407013,0.4207473719998613,0.38443088067550707,,3072,9867,24105,26302,"[1, 64, 28, 28, 20]",0.8975369178361139,0.05036819726228714,0.03452557697892189
experiment_A_ema,1GU15S0GJ6PFNARO469W,1,43,0.10695714559499393,0.5101011991500854,-0.10012109577655792,0.4685432379072599,0.377999351917829,,3072,9867,24105,26302,"[1, 64, 28, 28, 20]",0.8975369178361139,0.05036819726228714,0.03452557697892189
experiment_A_ema,1GU15S0GJ6PFNARO469W,1,44,0.0048208915747649335,0.02299184910953045,0.030934708192944527,0.5523965946618242,0.5470960549897116,,3072,9867,24105,26302,"[1, 64, 28, 28, 20]",0.8975369178361139,0.05036819726228714,0.03452557697892189
experiment_A_ema,1GU15S0GJ6PFNARO469W,1,45,-0.11783851818691686,0.0,-0.04020348936319351,0.47931128273044504,0.6073635529574343,low,3072,9867,24105,26302,"[1, 64, 28, 28, 20]",0.8975369178361139,0.05036819726228714,0.03452557697892189
experiment_A_ema,1GU15S0GJ6PFNARO469W,1,46,0.1965575669029276,0.9374245405197144,-0.3356429934501648,0.36952182214023804,0.24811954185680657,high,3072,9867,24105,26302,"[1, 64, 28, 28, 20]",0.8975369178361139,0.05036819726228714,0.03452557697892189
experiment_A_ema,1GU15S0GJ6PFNARO469W,1,47,0.09557347346208472,0.4558100700378418,-0.09776616096496582,0.7156935811240714,0.5908249695226429,,3072,9867,24105,26302,"[1, 64, 28, 28, 20]",0.8975369178361139,0.05036819726228714,0.03452557697892189
experiment_A_ema,1GU15S0GJ6PFNARO469W,1,48,0.09110478584369289,0.4344979524612427,-0.07930794358253479,0.5412444069149842,0.45085895178135954,,3072,9867,24105,26302,"[1, 64, 28, 28, 20]",0.8975369178361139,0.05036819726228714,0.03452557697892189
experiment_A_ema,1GU15S0GJ6PFNARO469W,1,49,0.12559845525162505,0.5990055799484253,-0.05926511436700821,0.5749945499506737,0.4466743844170575,,3072,9867,24105,26302,"[1, 64, 28, 28, 20]",0.8975369178361139,0.05036819726228714,0.03452557697892189
experiment_A_ema,1GU15S0GJ6PFNARO469W,1,50,0.00513368940287033,0.02448364906013012,0.0029704165644943714,0.31900428149087173,0.3157456672717472,,3072,9867,24105,26302,"[1, 64, 28, 28, 20]",0.8975369178361139,0.05036819726228714,0.03452557697892189
experiment_A_ema,1GU15S0GJ6PFNARO469W,1,51,0.03832808205865787,0.1827947199344635,-0.11819440871477127,0.4378550357723867,0.4055296788935701,,3072,9867,24105,26302,"[1, 64, 28, 28, 20]",0.8975369178361139,0.05036819726228714,0.03452557697892189
experiment_A_ema,1GU15S0GJ6PFNARO469W,1,52,0.06266398214510437,0.29885774850845337,-0.12835487723350525,0.6528065972521139,0.5758161412401813,,3072,9867,24105,26302,"[1, 64, 28, 28, 20]",0.8975369178361139,0.05036819726228714,0.03452557697892189
experiment_A_ema,1GU15S0GJ6PFNARO469W,1,53,-0.0458150122664583,0.0,-0.02206914871931076,0.5118391206791841,0.5609908864297152,,3072,9867,24105,26302,"[1, 64, 28, 28, 20]",0.8975369178361139,0.05036819726228714,0.03452557697892189
experiment_A_ema,1GU15S0GJ6PFNARO469W,1,54,0.035932546436565266,0.17136989533901215,-0.012365852482616901,0.4461435190006758,0.415193452347626,,3072,9867,24105,26302,"[1, 64, 28, 28, 20]",0.8975369178361139,0.05036819726228714,0.03452557697892189
experiment_A_ema,1GU15S0GJ6PFNARO469W,1,55,0.06962541020367578,0.33205828070640564,0.018404247239232063,0.5109655113665212,0.4444446194689442,,3072,9867,24105,26302,"[1, 64, 28, 28, 20]",0.8975369178361139,0.05036819726228714,0.03452557697892189
experiment_A_ema,1GU15S0GJ6PFNARO469W,1,56,-0.03242723688760891,0.0,-0.09116563946008682,0.2913906090811338,0.3109219743310658,,3072,9867,24105,26302,"[1, 64, 28, 28, 20]",0.8975369178361139,0.05036819726228714,0.03452557697892189
experiment_A_ema,1GU15S0GJ6PFNARO469W,1,57,0.12463053482484464,0.5943893194198608,-0.12823277711868286,0.7487324494422865,0.5827846380670443,,3072,9867,24105,26302,"[1, 64, 28, 28, 20]",0.8975369178361139,0.05036819726228714,0.03452557697892189
experiment_A_ema,1GU15S0GJ6PFNARO469W,1,58,-0.03341735017766462,0.0,-0.027625583112239838,0.4349704119453956,0.4650466300199682,,3072,9867,24105,26302,"[1, 64, 28, 28, 20]",0.8975369178361139,0.05036819726228714,0.03452557697892189
experiment_A_ema,1GU15S0GJ6PFNARO469W,1,59,0.19666993728190402,0.9379604458808899,-0.07847513258457184,0.46765096484395485,0.3139360909338489,high,3072,9867,24105,26302,"[1, 64, 28, 28, 20]",0.8975369178361139,0.05036819726228714,0.03452557697892189
experiment_A_ema,1GU15S0GJ6PFNARO469W,1,60,-0.021972762149301064,0.0,0.13084489107131958,0.680162092124192,0.7107237171612206,,3072,9867,24105,26302,"[1, 64, 28, 28, 20]",0.8975369178361139,0.05036819726228714,0.03452557697892189
experiment_A_ema,1GU15S0GJ6PFNARO469W,1,61,0.07964745768793723,0.37985554337501526,-0.04648683965206146,0.7036376517324167,0.5998204482209261,,3072,9867,24105,26302,"[1, 64, 28, 28, 20]",0.8975369178361139,0.05036819726228714,0.03452557697892189
experiment_A_ema,1GU15S0GJ6PFNARO469W,1,62,-0.05258026985123208,0.0,-0.03265868499875069,0.36380041852604944,0.40418114917691333,,3072,9867,24105,26302,"[1, 64, 28, 28, 20]",0.8975369178361139,0.05036819726228714,0.03452557697892189
experiment_A_ema,1GU15S0GJ6PFNARO469W,1,63,-0.04766690061647904,0.0,-0.009799325838685036,0.6023583008053682,0.6626577424860945,,3072,9867,24105,26302,"[1, 64, 28, 28, 20]",0.8975369178361139,0.05036819726228714,0.03452557697892189
experiment_A_ema,1GU15S0GJ6PFNARO469W,2,0,0.00908441986813472,0.03185848891735077,0.08927850425243378,0.4847026523099807,0.475975440076206,,3008,10000,24394,26515,"[1, 64, 28, 28, 20]",1.1229737656125076,0.06916951388120651,0.04589737579226494
experiment_A_ema,1GU15S0GJ6PFNARO469W,2,1,0.10234246223573965,0.35890859365463257,-0.09619545936584473,0.6404945542622529,0.5215662844211977,,3008,10000,24394,26515,"[1, 64, 28, 28, 20]",1.1229737656125076,0.06916951388120651,0.04589737579226494
experiment_A_ema,1GU15S0GJ6PFNARO469W,2,2,0.20115660657450374,0.7054435610771179,-0.11945308744907379,0.46413005583907124,0.3086750100788333,,3008,10000,24394,26515,"[1, 64, 28, 28, 20]",1.1229737656125076,0.06916951388120651,0.04589737579226494
experiment_A_ema,1GU15S0GJ6PFNARO469W,2,3,0.05626558114069145,0.1973198652267456,-0.058465879410505295,0.36274575235613415,0.32409992490545775,,3008,10000,24394,26515,"[1, 64, 28, 28, 20]",1.1229737656125076,0.06916951388120651,0.04589737579226494
experiment_A_ema,1GU15S0GJ6PFNARO469W,2,4,-0.05711442499002423,0.0,-0.12909504771232605,0.4990052771545379,0.5594589075509517,,3008,10000,24394,26515,"[1, 64, 28, 28, 20]",1.1229737656125076,0.06916951388120651,0.04589737579226494
experiment_A_ema,1GU15S0GJ6PFNARO469W,2,5,0.12951501692427894,0.4542010426521301,0.029666658490896225,0.5587247699741636,0.43059311751720963,,3008,10000,24394,26515,"[1, 64, 28, 28, 20]",1.1229737656125076,0.06916951388120651,0.04589737579226494
experiment_A_ema,1GU15S0GJ6PFNARO469W,2,6,-0.020657995819687285,0.0,-0.0060955071821808815,0.5624829628049678,0.5862127343733664,,3008,10000,24394,26515,"[1, 64, 28, 28, 20]",1.1229737656125076,0.06916951388120651,0.04589737579226494
experiment_A_ema,1GU15S0GJ6PFNARO469W,2,7,-0.04812818209567494,0.0,-0.028486667200922966,0.502969536941909,0.5538314977044487,,3008,10000,24394,26515,"[1, 64, 28, 28, 20]",1.1229737656125076,0.06916951388120651,0.04589737579226494
experiment_A_ema,1GU15S0GJ6PFNARO469W,2,8,0.09386410312820423,0.32917550206184387,-0.046765029430389404,0.48589886131900284,0.4025091465814126,,3008,10000,24394,26515,"[1, 64, 28, 28, 20]",1.1229737656125076,0.06916951388120651,0.04589737579226494
experiment_A_ema,1GU15S0GJ6PFNARO469W,2,9,-0.18742365804542613,0.0,0.024355601519346237,0.3425789746517875,0.500613352458243,low,3008,10000,24394,26515,"[1, 64, 28, 28, 20]",1.1229737656125076,0.06916951388120651,0.04589737579226494
experiment_A_ema,1GU15S0GJ6PFNARO469W,2,10,-0.015021895750849088,0.0,0.034414295107126236,0.5624530826195583,0.579609035724208,,3008,10000,24394,26515,"[1, 64, 28, 28, 20]",1.1229737656125076,0.06916951388120651,0.04589737579226494
experiment_A_ema,1GU15S0GJ6PFNARO469W,2,11,0.019952274467017826,0.06997137516736984,0.009584398940205574,0.4340287750142221,0.41704784083015983,,3008,10000,24394,26515,"[1, 64, 28, 28, 20]",1.1229737656125076,0.06916951388120651,0.04589737579226494
experiment_A_ema,1GU15S0GJ6PFNARO469W,2,12,0.020386125262051715,0.07149285823106766,0.008406449109315872,0.48764528017357966,0.4681600917492928,,3008,10000,24394,26515,"[1, 64, 28, 28, 20]",1.1229737656125076,0.06916951388120651,0.04589737579226494
experiment_A_ema,1GU15S0GJ6PFNARO469W,2,13,0.083528109895979,0.2929278314113617,-0.011547666043043137,0.41483747773396856,0.3508785792490642,,3008,10000,24394,26515,"[1, 64, 28, 28, 20]",1.1229737656125076,0.06916951388120651,0.04589737579226494
experiment_A_ema,1GU15S0GJ6PFNARO469W,2,14,0.17691483528412807,0.6204292178153992,-0.01638200879096985,0.6963551410818156,0.4870016010503125,,3008,10000,24394,26515,"[1, 64, 28, 28, 20]",1.1229737656125076,0.06916951388120651,0.04589737579226494
experiment_A_ema,1GU15S0GJ6PFNARO469W,2,15,0.07612700334054912,0.2669726312160492,-0.03377489373087883,0.5657924462548374,0.48574218940616576,,3008,10000,24394,26515,"[1, 64, 28, 28, 20]",1.1229737656125076,0.06916951388120651,0.04589737579226494
experiment_A_ema,1GU15S0GJ6PFNARO469W,2,16,-0.025461700482777357,0.0,0.06614069640636444,0.3602430024280267,0.3790671208115382,,3008,10000,24394,26515,"[1, 64, 28, 28, 20]",1.1229737656125076,0.06916951388120651,0.04589737579226494
experiment_A_ema,1GU15S0GJ6PFNARO469W,2,17,0.05301148876999886,0.18590795993804932,0.06061817333102226,0.5592276014602229,0.5029214461398195,,3008,10000,24394,26515,"[1, 64, 28, 28, 20]",1.1229737656125076,0.06916951388120651,0.04589737579226494
experiment_A_ema,1GU15S0GJ6PFNARO469W,2,18,0.011831164269661226,0.041491150856018066,-0.1330600529909134,0.46254662940891844,0.45172966455599817,,3008,10000,24394,26515,"[1, 64, 28, 28, 20]",1.1229737656125076,0.06916951388120651,0.04589737579226494
experiment_A_ema,1GU15S0GJ6PFNARO469W,2,19,0.05261422517049767,0.18451479077339172,-0.0026678694412112236,0.676537824511998,0.6089051840038766,,3008,10000,24394,26515,"[1, 64, 28, 28, 20]",1.1229737656125076,0.06916951388120651,0.04589737579226494
experiment_A_ema,1GU15S0GJ6PFNARO469W,2,20,0.024128956156721948,0.08461873233318329,-0.29014408588409424,0.4082872630096972,0.38904836252990355,middle,3008,10000,24394,26515,"[1, 64, 28, 28, 20]",1.1229737656125076,0.06916951388120651,0.04589737579226494
experiment_A_ema,1GU15S0GJ6PFNARO469W,2,21,-0.12845220296009607,0.0,-0.06919998675584793,0.49738211100943674,0.6439945912777598,low,3008,10000,24394,26515,"[1, 64, 28, 28, 20]",1.1229737656125076,0.06916951388120651,0.04589737579226494
experiment_A_ema,1GU15S0GJ6PFNARO469W,2,22,0.06559607250881666,0.23004131019115448,-0.04796917736530304,0.49100791376972763,0.430556821009508,,3008,10000,24394,26515,"[1, 64, 28, 28, 20]",1.1229737656125076,0.06916951388120651,0.04589737579226494
experiment_A_ema,1GU15S0GJ6PFNARO469W,2,23,-0.022298136397826778,0.0,-0.022341329604387283,0.4465893757530679,0.4669598431402148,,3008,10000,24394,26515,"[1, 64, 28, 28, 20]",1.1229737656125076,0.06916951388120651,0.04589737579226494
experiment_A_ema,1GU15S0GJ6PFNARO469W,2,24,0.062099863476943615,0.21778032183647156,-0.1581389307975769,0.5999010450305503,0.5297498185271426,,3008,10000,24394,26515,"[1, 64, 28, 28, 20]",1.1229737656125076,0.06916951388120651,0.04589737579226494
experiment_A_ema,1GU15S0GJ6PFNARO469W,2,25,-0.12581040987599232,0.0,-0.020163141191005707,0.42484134321866224,0.5471249462989275,,3008,10000,24394,26515,"[1, 64, 28, 28, 20]",1.1229737656125076,0.06916951388120651,0.04589737579226494
experiment_A_ema,1GU15S0GJ6PFNARO469W,2,26,-0.0957912694759695,0.0,0.024185754358768463,0.2556630846272244,0.3098327436970401,,3008,10000,24394,26515,"[1, 64, 28, 28, 20]",1.1229737656125076,0.06916951388120651,0.04589737579226494
experiment_A_ema,1GU15S0GJ6PFNARO469W,2,27,0.17314814542844986,0.6072196960449219,-0.036133117973804474,0.5055365656835613,0.3563093675508295,,3008,10000,24394,26515,"[1, 64, 28, 28, 20]",1.1229737656125076,0.06916951388120651,0.04589737579226494
experiment_A_ema,1GU15S0GJ6PFNARO469W,2,28,-0.08027684353111957,0.0,-0.03379088640213013,0.4199802514221448,0.49329520240682906,,3008,10000,24394,26515,"[1, 64, 28, 28, 20]",1.1229737656125076,0.06916951388120651,0.04589737579226494
experiment_A_ema,1GU15S0GJ6PFNARO469W,2,29,0.056250687799582026,0.19726763665676117,-0.046251557767391205,0.6477141821080604,0.5787260208934771,,3008,10000,24394,26515,"[1, 64, 28, 28, 20]",1.1229737656125076,0.06916951388120651,0.04589737579226494
experiment_A_ema,1GU15S0GJ6PFNARO469W,2,30,-0.034614625850546754,0.0,-0.039954669773578644,0.4912768793415609,0.5265071265156032,,3008,10000,24394,26515,"[1, 64, 28, 28, 20]",1.1229737656125076,0.06916951388120651,0.04589737579226494
experiment_A_ema,1GU15S0GJ6PFNARO469W,2,31,0.09555634158280005,0.3351100981235504,0.003027251921594143,0.7154108115465204,0.5906119580990155,,3008,10000,24394,26515,"[1, 64, 28, 28, 20]",1.1229737656125076,0.06916951388120651,0.04589737579226494
experiment_A_ema,1GU15S0GJ6PFNARO469W,2,32,-0.039427853121821316,0.0,-0.08490552753210068,0.3591164695166725,0.3885972558869078,,3008,10000,24394,26515,"[1, 64, 28, 28, 20]",1.1229737656125076,0.06916951388120651,0.04589737579226494
experiment_A_ema,1GU15S0GJ6PFNARO469W,2,33,0.25141998035451607,0.8817141056060791,0.5364108085632324,0.3966813895696295,0.23728845282854455,high,3008,10000,24394,26515,"[1, 64, 28, 28, 20]",1.1229737656125076,0.06916951388120651,0.04589737579226494
experiment_A_ema,1GU15S0GJ6PFNARO469W,2,34,-0.014919538368155159,0.0,0.025793801993131638,0.50816423158173,0.5235570517735294,,3008,10000,24394,26515,"[1, 64, 28, 28, 20]",1.1229737656125076,0.06916951388120651,0.04589737579226494
experiment_A_ema,1GU15S0GJ6PFNARO469W,2,35,-0.04303783308718406,0.0,-0.05982236564159393,0.35942066944670975,0.3917494465571998,,3008,10000,24394,26515,"[1, 64, 28, 28, 20]",1.1229737656125076,0.06916951388120651,0.04589737579226494
experiment_A_ema,1GU15S0GJ6PFNARO469W,2,36,-0.09672298616842144,0.0,-0.0737895742058754,0.36167941859786606,0.4391368568549187,,3008,10000,24394,26515,"[1, 64, 28, 28, 20]",1.1229737656125076,0.06916951388120651,0.04589737579226494
experiment_A_ema,1GU15S0GJ6PFNARO469W,2,37,0.021176219630056215,0.07426366955041885,-0.12173314392566681,0.26904425701418117,0.25788584820025207,middle,3008,10000,24394,26515,"[1, 64, 28, 28, 20]",1.1229737656125076,0.06916951388120651,0.04589737579226494
experiment_A_ema,1GU15S0GJ6PFNARO469W,2,38,0.04697894446435127,0.16475221514701843,-0.022596925497055054,0.5475212831147861,0.49838563319943496,,3008,10000,24394,26515,"[1, 64, 28, 28, 20]",1.1229737656125076,0.06916951388120651,0.04589737579226494
experiment_A_ema,1GU15S0GJ6PFNARO469W,2,39,0.2851481034776891,0.9999964833259583,-0.16655521094799042,0.4334907909080056,0.24112507190329488,high,3008,10000,24394,26515,"[1, 64, 28, 28, 20]",1.1229737656125076,0.06916951388120651,0.04589737579226494
experiment_A_ema,1GU15S0GJ6PFNARO469W,2,40,-0.1414395806941546,0.0,0.04197602719068527,0.3740445670904824,0.49728522962363014,low,3008,10000,24394,26515,"[1, 64, 28, 28, 20]",1.1229737656125076,0.06916951388120651,0.04589737579226494
experiment_A_ema,1GU15S0GJ6PFNARO469W,2,41,0.07997230594943394,0.28045785427093506,-0.13729971647262573,0.5645167769119402,0.4809113953030959,,3008,10000,24394,26515,"[1, 64, 28, 28, 20]",1.1229737656125076,0.06916951388120651,0.04589737579226494
experiment_A_ema,1GU15S0GJ6PFNARO469W,2,42,0.010083867754607168,0.035363491624593735,-0.2768518924713135,0.4055628349285066,0.3974651963737444,,3008,10000,24394,26515,"[1, 64, 28, 28, 20]",1.1229737656125076,0.06916951388120651,0.04589737579226494
experiment_A_ema,1GU15S0GJ6PFNARO469W,2,43,0.0992395125965798,0.34802675247192383,-0.10725560784339905,0.4699716816448153,0.3851133596759988,,3008,10000,24394,26515,"[1, 64, 28, 28, 20]",1.1229737656125076,0.06916951388120651,0.04589737579226494
experiment_A_ema,1GU15S0GJ6PFNARO469W,2,44,0.007985154355291397,0.02800343558192253,0.06450560688972473,0.5704231815985632,0.5613855065379787,,3008,10000,24394,26515,"[1, 64, 28, 28, 20]",1.1229737656125076,0.06916951388120651,0.04589737579226494
experiment_A_ema,1GU15S0GJ6PFNARO469W,2,45,-0.14798439577933242,0.0,-0.055330611765384674,0.47670595837530044,0.6423017922011408,low,3008,10000,24394,26515,"[1, 64, 28, 28, 20]",1.1229737656125076,0.06916951388120651,0.04589737579226494
experiment_A_ema,1GU15S0GJ6PFNARO469W,2,46,0.20237802268470945,0.7097269892692566,-0.34085994958877563,0.3706061276659076,0.24584896297088707,high,3008,10000,24394,26515,"[1, 64, 28, 28, 20]",1.1229737656125076,0.06916951388120651,0.04589737579226494
experiment_A_ema,1GU15S0GJ6PFNARO469W,2,47,0.07379050946109268,0.2587786912918091,-0.06398949027061462,0.6898593696162975,0.5950455101395593,,3008,10000,24394,26515,"[1, 64, 28, 28, 20]",1.1229737656125076,0.06916951388120651,0.04589737579226494
experiment_A_ema,1GU15S0GJ6PFNARO469W,2,48,0.0818248424129271,0.2869545817375183,-0.08762069046497345,0.5256249634896444,0.44611260801011376,,3008,10000,24394,26515,"[1, 64, 28, 28, 20]",1.1229737656125076,0.06916951388120651,0.04589737579226494
experiment_A_ema,1GU15S0GJ6PFNARO469W,2,49,0.16962530485614177,0.5948653221130371,-0.08796634525060654,0.6108634141716353,0.43368192325010607,,3008,10000,24394,26515,"[1, 64, 28, 28, 20]",1.1229737656125076,0.06916951388120651,0.04589737579226494
experiment_A_ema,1GU15S0GJ6PFNARO469W,2,50,0.030699183363257634,0.10766010731458664,0.0229923315346241,0.3176668281494663,0.2987435036474431,middle,3008,10000,24394,26515,"[1, 64, 28, 28, 20]",1.1229737656125076,0.06916951388120651,0.04589737579226494
experiment_A_ema,1GU15S0GJ6PFNARO469W,2,51,0.09031842246381486,0.31674104928970337,-0.1460026502609253,0.4721309853478275,0.3939113202049528,,3008,10000,24394,26515,"[1, 64, 28, 28, 20]",1.1229737656125076,0.06916951388120651,0.04589737579226494
experiment_A_ema,1GU15S0GJ6PFNARO469W,2,52,0.03659999611712526,0.12835389375686646,-0.14987023174762726,0.6409442317944826,0.5956836205985717,,3008,10000,24394,26515,"[1, 64, 28, 28, 20]",1.1229737656125076,0.06916951388120651,0.04589737579226494
experiment_A_ema,1GU15S0GJ6PFNARO469W,2,53,-0.041644440322800964,0.0,-0.010121945291757584,0.5357515513347375,0.5823127552727471,,3008,10000,24394,26515,"[1, 64, 28, 28, 20]",1.1229737656125076,0.06916951388120651,0.04589737579226494
experiment_A_ema,1GU15S0GJ6PFNARO469W,2,54,0.02255175410532612,0.07908758521080017,-0.022649846971035004,0.4409786877451813,0.4215276346954568,middle,3008,10000,24394,26515,"[1, 64, 28, 28, 20]",1.1229737656125076,0.06916951388120651,0.04589737579226494
experiment_A_ema,1GU15S0GJ6PFNARO469W,2,55,0.05240258414236771,0.18377257883548737,0.007252959534525871,0.48297495476764835,0.4348770836895663,,3008,10000,24394,26515,"[1, 64, 28, 28, 20]",1.1229737656125076,0.06916951388120651,0.04589737579226494
experiment_A_ema,1GU15S0GJ6PFNARO469W,2,56,0.01865063711994909,0.06540661305189133,-0.11128045618534088,0.3127969351671709,0.3013428188239113,,3008,10000,24394,26515,"[1, 64, 28, 28, 20]",1.1229737656125076,0.06916951388120651,0.04589737579226494
experiment_A_ema,1GU15S0GJ6PFNARO469W,2,57,0.07653612808504257,0.26840740442276,-0.09532672166824341,0.7099529167763706,0.6090049147107726,,3008,10000,24394,26515,"[1, 64, 28, 28, 20]",1.1229737656125076,0.06916951388120651,0.04589737579226494
experiment_A_ema,1GU15S0GJ6PFNARO469W,2,58,0.011894706701386482,0.04171399027109146,-0.050863102078437805,0.46830581834078755,0.45729604377396865,,3008,10000,24394,26515,"[1, 64, 28, 28, 20]",1.1229737656125076,0.06916951388120651,0.04589737579226494
experiment_A_ema,1GU15S0GJ6PFNARO469W,2,59,0.22168924359222175,0.7774502635002136,-0.11583421379327774,0.474498278483689,0.30229200616163654,high,3008,10000,24394,26515,"[1, 64, 28, 28, 20]",1.1229737656125076,0.06916951388120651,0.04589737579226494
experiment_A_ema,1GU15S0GJ6PFNARO469W,2,60,-0.01829629336302674,0.0,0.1363469958305359,0.7232129420748258,0.7501704144991985,,3008,10000,24394,26515,"[1, 64, 28, 28, 20]",1.1229737656125076,0.06916951388120651,0.04589737579226494
experiment_A_ema,1GU15S0GJ6PFNARO469W,2,61,0.09253278162670507,0.32450664043426514,-0.05140942335128784,0.7166830243162273,0.5952830605508017,,3008,10000,24394,26515,"[1, 64, 28, 28, 20]",1.1229737656125076,0.06916951388120651,0.04589737579226494
experiment_A_ema,1GU15S0GJ6PFNARO469W,2,62,0.02115990822248278,0.07420647144317627,-0.03026338666677475,0.41864365161672273,0.4012938286266901,,3008,10000,24394,26515,"[1, 64, 28, 28, 20]",1.1229737656125076,0.06916951388120651,0.04589737579226494
experiment_A_ema,1GU15S0GJ6PFNARO469W,2,63,-0.10151536340290053,0.0,-0.024017034098505974,0.5640488860634871,0.6915072221799106,,3008,10000,24394,26515,"[1, 64, 28, 28, 20]",1.1229737656125076,0.06916951388120651,0.04589737579226494
experiment_A_ema,1MHBF3G6DCPWHSKG7XCP,0,0,0.10344712823945966,0.5008203387260437,0.03153508901596069,0.392818841417552,0.3191659553904779,,3157,9864,25379,27612,"[1, 64, 28, 28, 20]",0.7331311401692104,0.04229418560862541,0.030291816219687462
experiment_A_ema,1MHBF3G6DCPWHSKG7XCP,0,1,0.2065543712442,0.9999951720237732,-0.033835649490356445,0.615909719810367,0.40502995968050387,high,3157,9864,25379,27612,"[1, 64, 28, 28, 20]",0.7331311401692104,0.04229418560862541,0.030291816219687462
experiment_A_ema,1MHBF3G6DCPWHSKG7XCP,0,2,0.07597641941413477,0.3678259253501892,-0.08488288521766663,0.4025645790376639,0.3457130482148908,,3157,9864,25379,27612,"[1, 64, 28, 28, 20]",0.7331311401692104,0.04229418560862541,0.030291816219687462
experiment_A_ema,1MHBF3G6DCPWHSKG7XCP,0,3,0.041368374439738426,0.2002774029970169,-0.060561344027519226,0.38817402621234676,0.3573335483517438,,3157,9864,25379,27612,"[1, 64, 28, 28, 20]",0.7331311401692104,0.04229418560862541,0.030291816219687462
experiment_A_ema,1MHBF3G6DCPWHSKG7XCP,0,4,0.01000338436067388,0.04842955246567726,-0.07288035750389099,0.4577866725498305,0.4487185424557896,,3157,9864,25379,27612,"[1, 64, 28, 28, 20]",0.7331311401692104,0.04229418560862541,0.030291816219687462
experiment_A_ema,1MHBF3G6DCPWHSKG7XCP,0,5,0.10802107555615302,0.5229642391204834,0.016934609040617943,0.5050388951449514,0.4065662218983641,,3157,9864,25379,27612,"[1, 64, 28, 28, 20]",0.7331311401692104,0.04229418560862541,0.030291816219687462
experiment_A_ema,1MHBF3G6DCPWHSKG7XCP,0,6,0.023555627167286056,0.11404025554656982,0.00042578321881592274,0.4528667016722153,0.4320225566629097,,3157,9864,25379,27612,"[1, 64, 28, 28, 20]",0.7331311401692104,0.04229418560862541,0.030291816219687462
experiment_A_ema,1MHBF3G6DCPWHSKG7XCP,0,7,0.10127401579504264,0.49029961228370667,-0.03326850384473801,0.44788890730352504,0.36551239018041276,,3157,9864,25379,27612,"[1, 64, 28, 28, 20]",0.7331311401692104,0.04229418560862541,0.030291816219687462
experiment_A_ema,1MHBF3G6DCPWHSKG7XCP,0,8,0.10187193475379737,0.4931943118572235,-0.0037307976745069027,0.4294615509454235,0.35005099758938446,,3157,9864,25379,27612,"[1, 64, 28, 28, 20]",0.7331311401692104,0.04229418560862541,0.030291816219687462
experiment_A_ema,1MHBF3G6DCPWHSKG7XCP,0,9,-0.08360791192945674,0.0,0.004080428741872311,0.2946782477716396,0.3484488446851242,,3157,9864,25379,27612,"[1, 64, 28, 28, 20]",0.7331311401692104,0.04229418560862541,0.030291816219687462
experiment_A_ema,1MHBF3G6DCPWHSKG7XCP,0,10,0.0845472395619972,0.4093199670314789,0.000528471078723669,0.475887871898801,0.4016909227646241,,3157,9864,25379,27612,"[1, 64, 28, 28, 20]",0.7331311401692104,0.04229418560862541,0.030291816219687462
experiment_A_ema,1MHBF3G6DCPWHSKG7XCP,0,11,0.06923849524871398,0.3352054953575134,0.010715756565332413,0.4188241345644294,0.3645821902289175,,3157,9864,25379,27612,"[1, 64, 28, 28, 20]",0.7331311401692104,0.04229418560862541,0.030291816219687462
experiment_A_ema,1MHBF3G6DCPWHSKG7XCP,0,12,0.01123622110346597,0.05439810827374458,0.002385486848652363,0.44681413806586723,0.43688469139297254,,3157,9864,25379,27612,"[1, 64, 28, 28, 20]",0.7331311401692104,0.04229418560862541,0.030291816219687462
experiment_A_ema,1MHBF3G6DCPWHSKG7XCP,0,13,0.0745704490412443,0.36101916432380676,-0.023675229400396347,0.43918180526433703,0.3782271759168601,,3157,9864,25379,27612,"[1, 64, 28, 28, 20]",0.7331311401692104,0.04229418560862541,0.030291816219687462
experiment_A_ema,1MHBF3G6DCPWHSKG7XCP,0,14,0.12635245132871076,0.6117122769355774,-0.0246373750269413,0.5145059843381851,0.3990729234983777,,3157,9864,25379,27612,"[1, 64, 28, 28, 20]",0.7331311401692104,0.04229418560862541,0.030291816219687462
experiment_A_ema,1MHBF3G6DCPWHSKG7XCP,0,15,0.10870019330277216,0.5262520909309387,0.00433980580419302,0.4452833129397051,0.3579694713195417,,3157,9864,25379,27612,"[1, 64, 28, 28, 20]",0.7331311401692104,0.04229418560862541,0.030291816219687462
experiment_A_ema,1MHBF3G6DCPWHSKG7XCP,0,16,0.10687238267609583,0.5174030661582947,0.032248422503471375,0.41062858810220276,0.33133325156937876,,3157,9864,25379,27612,"[1, 64, 28, 28, 20]",0.7331311401692104,0.04229418560862541,0.030291816219687462
experiment_A_ema,1MHBF3G6DCPWHSKG7XCP,0,17,0.0983523453640739,0.4761548638343811,0.004243689123541117,0.43441255970610493,0.35661322061566664,,3157,9864,25379,27612,"[1, 64, 28, 28, 20]",0.7331311401692104,0.04229418560862541,0.030291816219687462
experiment_A_ema,1MHBF3G6DCPWHSKG7XCP,0,18,0.0021521623167260234,0.010419299826025963,-0.06314654648303986,0.4088388393643632,0.40708284131763733,,3157,9864,25379,27612,"[1, 64, 28, 28, 20]",0.7331311401692104,0.04229418560862541,0.030291816219687462
experiment_A_ema,1MHBF3G6DCPWHSKG7XCP,0,19,0.190123111508583,0.9204462170600891,0.013080665841698647,0.5123262433995805,0.34863703574993116,high,3157,9864,25379,27612,"[1, 64, 28, 28, 20]",0.7331311401692104,0.04229418560862541,0.030291816219687462
experiment_A_ema,1MHBF3G6DCPWHSKG7XCP,0,20,-0.05140422754887983,0.0,-0.07975257933139801,0.3232911497411139,0.35832937784749375,,3157,9864,25379,27612,"[1, 64, 28, 28, 20]",0.7331311401692104,0.04229418560862541,0.030291816219687462
experiment_A_ema,1MHBF3G6DCPWHSKG7XCP,0,21,0.018865790837190137,0.09133527427911758,-0.0021184361539781094,0.4216536463801735,0.4060385594810326,,3157,9864,25379,27612,"[1, 64, 28, 28, 20]",0.7331311401692104,0.04229418560862541,0.030291816219687462
experiment_A_ema,1MHBF3G6DCPWHSKG7XCP,0,22,0.09576828294473042,0.4636445939540863,-0.055683910846710205,0.46775151755657673,0.38599005710447454,,3157,9864,25379,27612,"[1, 64, 28, 28, 20]",0.7331311401692104,0.04229418560862541,0.030291816219687462
experiment_A_ema,1MHBF3G6DCPWHSKG7XCP,0,23,0.0957122380151486,0.4633732736110687,0.03561371937394142,0.45794386627032496,0.37793950260352843,,3157,9864,25379,27612,"[1, 64, 28, 28, 20]",0.7331311401692104,0.04229418560862541,0.030291816219687462
experiment_A_ema,1MHBF3G6DCPWHSKG7XCP,0,24,0.07873486129361595,0.38118040561676025,-0.041702546179294586,0.4442151025596075,0.37937015296736293,,3157,9864,25379,27612,"[1, 64, 28, 28, 20]",0.7331311401692104,0.04229418560862541,0.030291816219687462
experiment_A_ema,1MHBF3G6DCPWHSKG7XCP,0,25,0.015236975702276286,0.0737670287489891,-0.01618099957704544,0.3874051717856998,0.37577657481928317,,3157,9864,25379,27612,"[1, 64, 28, 28, 20]",0.7331311401692104,0.04229418560862541,0.030291816219687462
experiment_A_ema,1MHBF3G6DCPWHSKG7XCP,0,26,-0.10556740753693847,0.0,0.01726108230650425,0.3086601736435751,0.38152090658137433,low,3157,9864,25379,27612,"[1, 64, 28, 28, 20]",0.7331311401692104,0.04229418560862541,0.030291816219687462
experiment_A_ema,1MHBF3G6DCPWHSKG7XCP,0,27,0.12382980034223715,0.5994992852210999,-0.003411659272387624,0.4991416952494661,0.3891451844587665,,3157,9864,25379,27612,"[1, 64, 28, 28, 20]",0.7331311401692104,0.04229418560862541,0.030291816219687462
experiment_A_ema,1MHBF3G6DCPWHSKG7XCP,0,28,0.08232843783071578,0.39857804775238037,-0.048354312777519226,0.48040525900397807,0.407320132010645,,3157,9864,25379,27612,"[1, 64, 28, 28, 20]",0.7331311401692104,0.04229418560862541,0.030291816219687462
experiment_A_ema,1MHBF3G6DCPWHSKG7XCP,0,29,0.17512093255439115,0.8478159308433533,-0.004670724738389254,0.551947921393053,0.3874410700579005,,3157,9864,25379,27612,"[1, 64, 28, 28, 20]",0.7331311401692104,0.04229418560862541,0.030291816219687462
experiment_A_ema,1MHBF3G6DCPWHSKG7XCP,0,30,0.013813087475894104,0.06687353551387787,-0.029154330492019653,0.4382884244701955,0.4263451514384863,,3157,9864,25379,27612,"[1, 64, 28, 28, 20]",0.7331311401692104,0.04229418560862541,0.030291816219687462
experiment_A_ema,1MHBF3G6DCPWHSKG7XCP,0,31,0.1324052592708771,0.6410158276557922,0.01688758283853531,0.5904395835641031,0.4523664481592754,,3157,9864,25379,27612,"[1, 64, 28, 28, 20]",0.7331311401692104,0.04229418560862541,0.030291816219687462
experiment_A_ema,1MHBF3G6DCPWHSKG7XCP,0,32,0.09121238519011113,0.44158804416656494,-0.07119753211736679,0.35297762363394475,0.2939680723980085,middle,3157,9864,25379,27612,"[1, 64, 28, 28, 20]",0.7331311401692104,0.04229418560862541,0.030291816219687462
experiment_A_ema,1MHBF3G6DCPWHSKG7XCP,0,33,0.15604921935647276,0.7554836869239807,0.32686400413513184,0.3804484691915135,0.2777387166078671,,3157,9864,25379,27612,"[1, 64, 28, 28, 20]",0.7331311401692104,0.04229418560862541,0.030291816219687462
experiment_A_ema,1MHBF3G6DCPWHSKG7XCP,0,34,-0.014313459691589127,0.0,0.01993018388748169,0.45997157241551884,0.47333036641044596,,3157,9864,25379,27612,"[1, 64, 28, 28, 20]",0.7331311401692104,0.04229418560862541,0.030291816219687462
experiment_A_ema,1MHBF3G6DCPWHSKG7XCP,0,35,-0.09940176371761349,0.0,-0.03675098717212677,0.34406794917396444,0.4200197094808817,,3157,9864,25379,27612,"[1, 64, 28, 28, 20]",0.7331311401692104,0.04229418560862541,0.030291816219687462
experiment_A_ema,1MHBF3G6DCPWHSKG7XCP,0,36,-0.15933407798344965,0.0,-0.023166410624980927,0.3169258742271012,0.4370619956128299,low,3157,9864,25379,27612,"[1, 64, 28, 28, 20]",0.7331311401692104,0.04229418560862541,0.030291816219687462
experiment_A_ema,1MHBF3G6DCPWHSKG7XCP,0,37,-0.03954148227444968,0.0,-0.14043548703193665,0.310558602449926,0.33612965423001284,,3157,9864,25379,27612,"[1, 64, 28, 28, 20]",0.7331311401692104,0.04229418560862541,0.030291816219687462
experiment_A_ema,1MHBF3G6DCPWHSKG7XCP,0,38,0.10760964498180313,0.5209723711013794,-0.026674605906009674,0.49807921548184164,0.40129749892949246,,3157,9864,25379,27612,"[1, 64, 28, 28, 20]",0.7331311401692104,0.04229418560862541,0.030291816219687462
experiment_A_ema,1MHBF3G6DCPWHSKG7XCP,0,39,0.10024524243458442,0.48531898856163025,-0.11926232278347015,0.3931574435145138,0.32151484631412036,,3157,9864,25379,27612,"[1, 64, 28, 28, 20]",0.7331311401692104,0.04229418560862541,0.030291816219687462
experiment_A_ema,1MHBF3G6DCPWHSKG7XCP,0,40,-0.141004878169546,0.0,0.011562380939722061,0.326089234628799,0.43314512385362475,low,3157,9864,25379,27612,"[1, 64, 28, 28, 20]",0.7331311401692104,0.04229418560862541,0.030291816219687462
experiment_A_ema,1MHBF3G6DCPWHSKG7XCP,0,41,0.09387455253164659,0.4544764459133148,-0.06638631969690323,0.5176677233989401,0.42881681683207934,,3157,9864,25379,27612,"[1, 64, 28, 28, 20]",0.7331311401692104,0.04229418560862541,0.030291816219687462
experiment_A_ema,1MHBF3G6DCPWHSKG7XCP,0,42,0.0879756583266286,0.4259180426597595,-0.14905133843421936,0.34582656889025853,0.28989817780918725,middle,3157,9864,25379,27612,"[1, 64, 28, 28, 20]",0.7331311401692104,0.04229418560862541,0.030291816219687462
experiment_A_ema,1MHBF3G6DCPWHSKG7XCP,0,43,0.12845662815176187,0.6218992471694946,-0.1482287347316742,0.4356340432242478,0.336454078070117,,3157,9864,25379,27612,"[1, 64, 28, 28, 20]",0.7331311401692104,0.04229418560862541,0.030291816219687462
experiment_A_ema,1MHBF3G6DCPWHSKG7XCP,0,44,0.03136930274876515,0.15186873078346252,0.03554642200469971,0.42246822689922886,0.39676928596572014,,3157,9864,25379,27612,"[1, 64, 28, 28, 20]",0.7331311401692104,0.04229418560862541,0.030291816219687462
experiment_A_ema,1MHBF3G6DCPWHSKG7XCP,0,45,0.06776774793467395,0.32808515429496765,-0.004075435921549797,0.4548233615859581,0.397090977617159,,3157,9864,25379,27612,"[1, 64, 28, 28, 20]",0.7331311401692104,0.04229418560862541,0.030291816219687462
experiment_A_ema,1MHBF3G6DCPWHSKG7XCP,0,46,0.10095506110043387,0.4887554347515106,-0.22005167603492737,0.3928045014162186,0.3207658609309412,,3157,9864,25379,27612,"[1, 64, 28, 28, 20]",0.7331311401692104,0.04229418560862541,0.030291816219687462
experiment_A_ema,1MHBF3G6DCPWHSKG7XCP,0,47,0.18170163306925607,0.8796751499176025,0.016401857137680054,0.6575280935641549,0.4553213505134138,high,3157,9864,25379,27612,"[1, 64, 28, 28, 20]",0.7331311401692104,0.04229418560862541,0.030291816219687462
experiment_A_ema,1MHBF3G6DCPWHSKG7XCP,0,48,0.03601593121471525,0.17436453700065613,-0.04063989967107773,0.4146574180851947,0.3858271837124797,,3157,9864,25379,27612,"[1, 64, 28, 28, 20]",0.7331311401692104,0.04229418560862541,0.030291816219687462
experiment_A_ema,1MHBF3G6DCPWHSKG7XCP,0,49,0.17605622291729106,0.8523439764976501,-0.0791156068444252,0.57721741503354,0.404397776072885,high,3157,9864,25379,27612,"[1, 64, 28, 28, 20]",0.7331311401692104,0.04229418560862541,0.030291816219687462
experiment_A_ema,1MHBF3G6DCPWHSKG7XCP,0,50,-0.024959067719395156,0.0,0.00717370817437768,0.31495923963649375,0.3310838990435267,,3157,9864,25379,27612,"[1, 64, 28, 28, 20]",0.7331311401692104,0.04229418560862541,0.030291816219687462
experiment_A_ema,1MHBF3G6DCPWHSKG7XCP,0,51,0.09016030343085965,0.4364945888519287,-0.09326916933059692,0.4288227168699493,0.35789217348194374,middle,3157,9864,25379,27612,"[1, 64, 28, 28, 20]",0.7331311401692104,0.04229418560862541,0.030291816219687462
experiment_A_ema,1MHBF3G6DCPWHSKG7XCP,0,52,0.15377188210562873,0.7444583773612976,-0.029703041538596153,0.5067896150720478,0.3717021319468135,,3157,9864,25379,27612,"[1, 64, 28, 28, 20]",0.7331311401692104,0.04229418560862541,0.030291816219687462
experiment_A_ema,1MHBF3G6DCPWHSKG7XCP,0,53,0.15090816289047618,0.7305942177772522,-0.0007039545453153551,0.4782174012467671,0.35280863751492725,,3157,9864,25379,27612,"[1, 64, 28, 28, 20]",0.7331311401692104,0.04229418560862541,0.030291816219687462
experiment_A_ema,1MHBF3G6DCPWHSKG7XCP,0,54,0.029754168602909057,0.14404936134815216,0.028423406183719635,0.3882349102503358,0.3657992217988282,,3157,9864,25379,27612,"[1, 64, 28, 28, 20]",0.7331311401692104,0.04229418560862541,0.030291816219687462
experiment_A_ema,1MHBF3G6DCPWHSKG7XCP,0,55,0.09060355530983098,0.4386405050754547,-0.0010171113535761833,0.49437547237835355,0.41223339510535484,middle,3157,9864,25379,27612,"[1, 64, 28, 28, 20]",0.7331311401692104,0.04229418560862541,0.030291816219687462
experiment_A_ema,1MHBF3G6DCPWHSKG7XCP,0,56,-0.1139320270868192,0.0,-0.04983234405517578,0.279552545417022,0.35144329447082107,low,3157,9864,25379,27612,"[1, 64, 28, 28, 20]",0.7331311401692104,0.04229418560862541,0.030291816219687462
experiment_A_ema,1MHBF3G6DCPWHSKG7XCP,0,57,0.16201884354115645,0.784384548664093,-0.03378540650010109,0.5858878331314722,0.42250846849235674,,3157,9864,25379,27612,"[1, 64, 28, 28, 20]",0.7331311401692104,0.04229418560862541,0.030291816219687462
experiment_A_ema,1MHBF3G6DCPWHSKG7XCP,0,58,-0.05638140882525109,0.0,-0.05418936163187027,0.36114160776957527,0.404298241207287,,3157,9864,25379,27612,"[1, 64, 28, 28, 20]",0.7331311401692104,0.04229418560862541,0.030291816219687462
experiment_A_ema,1MHBF3G6DCPWHSKG7XCP,0,59,0.14491934087261946,0.7016004323959351,-0.06076477840542793,0.4352322011129352,0.32505214926155546,,3157,9864,25379,27612,"[1, 64, 28, 28, 20]",0.7331311401692104,0.04229418560862541,0.030291816219687462
experiment_A_ema,1MHBF3G6DCPWHSKG7XCP,0,60,0.1129959409978573,0.5470491647720337,0.045623693615198135,0.5189777413729303,0.4136001158466926,,3157,9864,25379,27612,"[1, 64, 28, 28, 20]",0.7331311401692104,0.04229418560862541,0.030291816219687462
experiment_A_ema,1MHBF3G6DCPWHSKG7XCP,0,61,0.12922602474891628,0.6256241202354431,-0.001790876965969801,0.529009746336959,0.40793231863461665,,3157,9864,25379,27612,"[1, 64, 28, 28, 20]",0.7331311401692104,0.04229418560862541,0.030291816219687462
experiment_A_ema,1MHBF3G6DCPWHSKG7XCP,0,62,0.03114734758140493,0.15079417824745178,-0.061146415770053864,0.35721893637834334,0.3356382418756473,,3157,9864,25379,27612,"[1, 64, 28, 28, 20]",0.7331311401692104,0.04229418560862541,0.030291816219687462
experiment_A_ema,1MHBF3G6DCPWHSKG7XCP,0,63,0.10347174756335935,0.5009394884109497,-0.041131019592285156,0.5619170167823656,0.45653581862061343,,3157,9864,25379,27612,"[1, 64, 28, 28, 20]",0.7331311401692104,0.04229418560862541,0.030291816219687462
experiment_A_ema,1MHBF3G6DCPWHSKG7XCP,1,0,0.09538273257974121,0.5185223817825317,0.03810947388410568,0.4043591832046704,0.33393826021219986,,3172,9815,25103,27446,"[1, 64, 28, 28, 20]",0.8598149710496124,0.04992400109767914,0.03455650061368942
experiment_A_ema,1MHBF3G6DCPWHSKG7XCP,1,1,0.1787957122467512,0.9719744324684143,-0.056280434131622314,0.6177535819293223,0.4303559184930122,high,3172,9815,25103,27446,"[1, 64, 28, 28, 20]",0.8598149710496124,0.04992400109767914,0.03455650061368942
experiment_A_ema,1MHBF3G6DCPWHSKG7XCP,1,2,0.03189879891899575,0.17340917885303497,-0.12426848709583282,0.39864818590548134,0.3740015552778609,,3172,9815,25103,27446,"[1, 64, 28, 28, 20]",0.8598149710496124,0.04992400109767914,0.03455650061368942
experiment_A_ema,1MHBF3G6DCPWHSKG7XCP,1,3,-0.01069232710177091,0.0,-0.09286574274301529,0.3849054940107565,0.3932255362062013,,3172,9815,25103,27446,"[1, 64, 28, 28, 20]",0.8598149710496124,0.04992400109767914,0.03455650061368942
experiment_A_ema,1MHBF3G6DCPWHSKG7XCP,1,4,-0.020862594710253944,0.0,-0.07734157145023346,0.45424002718674705,0.47359713880044313,,3172,9815,25103,27446,"[1, 64, 28, 28, 20]",0.8598149710496124,0.04992400109767914,0.03455650061368942
experiment_A_ema,1MHBF3G6DCPWHSKG7XCP,1,5,0.09473285548900998,0.5149894952774048,0.004965051077306271,0.5004554394856306,0.41384139486972954,,3172,9815,25103,27446,"[1, 64, 28, 28, 20]",0.8598149710496124,0.04992400109767914,0.03455650061368942
experiment_A_ema,1MHBF3G6DCPWHSKG7XCP,1,6,0.05009900052090148,0.27234965562820435,-0.007894112728536129,0.4590472344536344,0.4152459687137314,,3172,9815,25103,27446,"[1, 64, 28, 28, 20]",0.8598149710496124,0.04992400109767914,0.03455650061368942
experiment_A_ema,1MHBF3G6DCPWHSKG7XCP,1,7,0.0669378346696903,0.3638893961906433,-0.040146760642528534,0.4482901012073174,0.3920401470440902,,3172,9815,25103,27446,"[1, 64, 28, 28, 20]",0.8598149710496124,0.04992400109767914,0.03455650061368942
experiment_A_ema,1MHBF3G6DCPWHSKG7XCP,1,8,0.06824576125141514,0.3709995746612549,-0.01839238405227661,0.43021585370106696,0.37524640074158583,,3172,9815,25103,27446,"[1, 64, 28, 28, 20]",0.8598149710496124,0.04992400109767914,0.03455650061368942
experiment_A_ema,1MHBF3G6DCPWHSKG7XCP,1,9,-0.10206834710317927,0.0,0.002161100273951888,0.2907657960970686,0.3568689012503327,low,3172,9815,25103,27446,"[1, 64, 28, 28, 20]",0.8598149710496124,0.04992400109767914,0.03455650061368942
experiment_A_ema,1MHBF3G6DCPWHSKG7XCP,1,10,0.12013009127941551,0.6530547142028809,0.0025220985990017653,0.47612293739755424,0.37399774240434236,,3172,9815,25103,27446,"[1, 64, 28, 28, 20]",0.8598149710496124,0.04992400109767914,0.03455650061368942
experiment_A_ema,1MHBF3G6DCPWHSKG7XCP,1,11,0.05801821058599035,0.31540027260780334,0.022724702954292297,0.415837463600748,0.3702311133499803,middle,3172,9815,25103,27446,"[1, 64, 28, 28, 20]",0.8598149710496124,0.04992400109767914,0.03455650061368942
experiment_A_ema,1MHBF3G6DCPWHSKG7XCP,1,12,0.018657699098006034,0.10142752528190613,0.009712828323245049,0.4452447636584207,0.4289345700349748,,3172,9815,25103,27446,"[1, 64, 28, 28, 20]",0.8598149710496124,0.04992400109767914,0.03455650061368942
experiment_A_ema,1MHBF3G6DCPWHSKG7XCP,1,13,0.01343340814683518,0.07302708178758621,-0.02474379725754261,0.43561755162762117,0.42406901763100935,,3172,9815,25103,27446,"[1, 64, 28, 28, 20]",0.8598149710496124,0.04992400109767914,0.03455650061368942
experiment_A_ema,1MHBF3G6DCPWHSKG7XCP,1,14,0.12673644812273324,0.6889683604240417,-0.02521759830415249,0.5153913187459463,0.399447739201315,,3172,9815,25103,27446,"[1, 64, 28, 28, 20]",0.8598149710496124,0.04992400109767914,0.03455650061368942
experiment_A_ema,1MHBF3G6DCPWHSKG7XCP,1,15,0.05404922251826984,0.2938239574432373,-5.324056837707758e-05,0.4326104797115479,0.3882438854259174,middle,3172,9815,25103,27446,"[1, 64, 28, 28, 20]",0.8598149710496124,0.04992400109767914,0.03455650061368942
experiment_A_ema,1MHBF3G6DCPWHSKG7XCP,1,16,0.015013027293358884,0.08161425590515137,0.04447918385267258,0.4107925923418093,0.3986405356855583,,3172,9815,25103,27446,"[1, 64, 28, 28, 20]",0.8598149710496124,0.04992400109767914,0.03455650061368942
experiment_A_ema,1MHBF3G6DCPWHSKG7XCP,1,17,0.14904645287805096,0.8102506399154663,0.02010529488325119,0.4323673957466952,0.32019977878398703,,3172,9815,25103,27446,"[1, 64, 28, 28, 20]",0.8598149710496124,0.04992400109767914,0.03455650061368942
experiment_A_ema,1MHBF3G6DCPWHSKG7XCP,1,18,0.030470478422441386,0.16564449667930603,-0.07740935683250427,0.41330700332445236,0.38886442563671375,,3172,9815,25103,27446,"[1, 64, 28, 28, 20]",0.8598149710496124,0.04992400109767914,0.03455650061368942
experiment_A_ema,1MHBF3G6DCPWHSKG7XCP,1,19,0.17086363807405908,0.9288538694381714,0.00521305575966835,0.5171365139819029,0.366205340242413,,3172,9815,25103,27446,"[1, 64, 28, 28, 20]",0.8598149710496124,0.04992400109767914,0.03455650061368942
experiment_A_ema,1MHBF3G6DCPWHSKG7XCP,1,20,-0.017867799712368453,0.0,-0.10186328738927841,0.32284315227397387,0.33459005501385247,,3172,9815,25103,27446,"[1, 64, 28, 28, 20]",0.8598149710496124,0.04992400109767914,0.03455650061368942
experiment_A_ema,1MHBF3G6DCPWHSKG7XCP,1,21,0.05726450760781176,0.3113029897212982,-0.009724589064717293,0.4223827270477949,0.3766277294201571,middle,3172,9815,25103,27446,"[1, 64, 28, 28, 20]",0.8598149710496124,0.04992400109767914,0.03455650061368942
experiment_A_ema,1MHBF3G6DCPWHSKG7XCP,1,22,0.06561502921578184,0.35669833421707153,-0.06344354152679443,0.459648086665924,0.403042549739004,,3172,9815,25103,27446,"[1, 64, 28, 28, 20]",0.8598149710496124,0.04992400109767914,0.03455650061368942
experiment_A_ema,1MHBF3G6DCPWHSKG7XCP,1,23,0.06850883721095095,0.3724297285079956,0.04396122321486473,0.4515300064610023,0.3936290722138709,,3172,9815,25103,27446,"[1, 64, 28, 28, 20]",0.8598149710496124,0.04992400109767914,0.03455650061368942
experiment_A_ema,1MHBF3G6DCPWHSKG7XCP,1,24,0.12321534940990564,0.669826865196228,-0.06363578140735626,0.44342768978575464,0.3461406301469098,,3172,9815,25103,27446,"[1, 64, 28, 28, 20]",0.8598149710496124,0.04992400109767914,0.03455650061368942
experiment_A_ema,1MHBF3G6DCPWHSKG7XCP,1,25,0.06990513472423668,0.3800203204154968,-0.022420283406972885,0.4006824958292532,0.34832308956773617,,3172,9815,25103,27446,"[1, 64, 28, 28, 20]",0.8598149710496124,0.04992400109767914,0.03455650061368942
experiment_A_ema,1MHBF3G6DCPWHSKG7XCP,1,26,-0.10569513023753464,0.0,0.025344571098685265,0.3117081278606067,0.3853878877094842,low,3172,9815,25103,27446,"[1, 64, 28, 28, 20]",0.8598149710496124,0.04992400109767914,0.03455650061368942
experiment_A_ema,1MHBF3G6DCPWHSKG7XCP,1,27,0.024711828349382303,0.13433915376663208,-0.00662847189232707,0.4974364525878581,0.47344419203829075,,3172,9815,25103,27446,"[1, 64, 28, 28, 20]",0.8598149710496124,0.04992400109767914,0.03455650061368942
experiment_A_ema,1MHBF3G6DCPWHSKG7XCP,1,28,0.08755665384763332,0.4759780168533325,-0.0566607341170311,0.4729124588560381,0.3967662165575302,,3172,9815,25103,27446,"[1, 64, 28, 28, 20]",0.8598149710496124,0.04992400109767914,0.03455650061368942
experiment_A_ema,1MHBF3G6DCPWHSKG7XCP,1,29,0.15042666019297213,0.817753791809082,-0.03448104113340378,0.5598886550870619,0.41346948975950537,,3172,9815,25103,27446,"[1, 64, 28, 28, 20]",0.8598149710496124,0.04992400109767914,0.03455650061368942
experiment_A_ema,1MHBF3G6DCPWHSKG7XCP,1,30,0.00916960998244219,0.04984809830784798,-0.040579840540885925,0.4371233648573715,0.42917969450679566,,3172,9815,25103,27446,"[1, 64, 28, 28, 20]",0.8598149710496124,0.04992400109767914,0.03455650061368942
experiment_A_ema,1MHBF3G6DCPWHSKG7XCP,1,31,0.11773995470471654,0.6400613784790039,0.020023811608552933,0.5972466371248151,0.47142157275879376,,3172,9815,25103,27446,"[1, 64, 28, 28, 20]",0.8598149710496124,0.04992400109767914,0.03455650061368942
experiment_A_ema,1MHBF3G6DCPWHSKG7XCP,1,32,0.07272029426421552,0.395324170589447,-0.09431612491607666,0.3542430879685628,0.3062143556027697,,3172,9815,25103,27446,"[1, 64, 28, 28, 20]",0.8598149710496124,0.04992400109767914,0.03455650061368942
experiment_A_ema,1MHBF3G6DCPWHSKG7XCP,1,33,0.10168033656426777,0.5527576208114624,0.4310070276260376,0.3791059574791327,0.309126180386294,,3172,9815,25103,27446,"[1, 64, 28, 28, 20]",0.8598149710496124,0.04992400109767914,0.03455650061368942
experiment_A_ema,1MHBF3G6DCPWHSKG7XCP,1,34,0.02405432680297959,0.13076482713222504,0.009241089224815369,0.45738720615735695,0.435899765361277,,3172,9815,25103,27446,"[1, 64, 28, 28, 20]",0.8598149710496124,0.04992400109767914,0.03455650061368942
experiment_A_ema,1MHBF3G6DCPWHSKG7XCP,1,35,-0.13622614446752956,0.0,-0.03219844400882721,0.33702378061787464,0.44332826771586353,low,3172,9815,25103,27446,"[1, 64, 28, 28, 20]",0.8598149710496124,0.04992400109767914,0.03455650061368942
experiment_A_ema,1MHBF3G6DCPWHSKG7XCP,1,36,-0.11693699778892536,0.0,-0.033636681735515594,0.3191958368274324,0.40373309235815547,low,3172,9815,25103,27446,"[1, 64, 28, 28, 20]",0.8598149710496124,0.04992400109767914,0.03455650061368942
experiment_A_ema,1MHBF3G6DCPWHSKG7XCP,1,37,-0.06551134470638267,0.0,-0.1739385426044464,0.3117989191460486,0.3555156600849928,,3172,9815,25103,27446,"[1, 64, 28, 28, 20]",0.8598149710496124,0.04992400109767914,0.03455650061368942
experiment_A_ema,1MHBF3G6DCPWHSKG7XCP,1,38,0.12270504144928235,0.667052686214447,-0.04461951553821564,0.4986181148762389,0.38962596547466066,,3172,9815,25103,27446,"[1, 64, 28, 28, 20]",0.8598149710496124,0.04992400109767914,0.03455650061368942
experiment_A_ema,1MHBF3G6DCPWHSKG7XCP,1,39,0.03373135940204537,0.1833713948726654,-0.15395092964172363,0.38888480910544126,0.3635056232883467,,3172,9815,25103,27446,"[1, 64, 28, 28, 20]",0.8598149710496124,0.04992400109767914,0.03455650061368942
experiment_A_ema,1MHBF3G6DCPWHSKG7XCP,1,40,-0.024083591292199114,0.0,0.01409480907022953,0.3299375285532687,0.3462218999615785,,3172,9815,25103,27446,"[1, 64, 28, 28, 20]",0.8598149710496124,0.04992400109767914,0.03455650061368942
experiment_A_ema,1MHBF3G6DCPWHSKG7XCP,1,41,0.04454193346958962,0.24214015901088715,-0.08426321297883987,0.5240141386890508,0.47932349597631707,,3172,9815,25103,27446,"[1, 64, 28, 28, 20]",0.8598149710496124,0.04992400109767914,0.03455650061368942
experiment_A_ema,1MHBF3G6DCPWHSKG7XCP,1,42,0.07627015715775601,0.414622038602829,-0.17993341386318207,0.34565043180954347,0.296661150232772,,3172,9815,25103,27446,"[1, 64, 28, 28, 20]",0.8598149710496124,0.04992400109767914,0.03455650061368942
experiment_A_ema,1MHBF3G6DCPWHSKG7XCP,1,43,0.059652197563099384,0.32428300380706787,-0.18390676379203796,0.4314580469138802,0.3828808806701194,middle,3172,9815,25103,27446,"[1, 64, 28, 28, 20]",0.8598149710496124,0.04992400109767914,0.03455650061368942
experiment_A_ema,1MHBF3G6DCPWHSKG7XCP,1,44,0.03175528370822554,0.1726289987564087,0.04974336177110672,0.42085308253968867,0.39494708501450365,,3172,9815,25103,27446,"[1, 64, 28, 28, 20]",0.8598149710496124,0.04992400109767914,0.03455650061368942
experiment_A_ema,1MHBF3G6DCPWHSKG7XCP,1,45,0.12240299415887344,0.6654106974601746,-0.006415936164557934,0.4563889836874507,0.3568464136895325,,3172,9815,25103,27446,"[1, 64, 28, 28, 20]",0.8598149710496124,0.04992400109767914,0.03455650061368942
experiment_A_ema,1MHBF3G6DCPWHSKG7XCP,1,46,0.041332845035659975,0.22469481825828552,-0.2745155692100525,0.38813894000347005,0.3573266835719697,,3172,9815,25103,27446,"[1, 64, 28, 28, 20]",0.8598149710496124,0.04992400109767914,0.03455650061368942
experiment_A_ema,1MHBF3G6DCPWHSKG7XCP,1,47,0.18395004272299129,0.9999945759773254,-0.0047722915187478065,0.6652238913201407,0.45851237345528395,high,3172,9815,25103,27446,"[1, 64, 28, 28, 20]",0.8598149710496124,0.04992400109767914,0.03455650061368942
experiment_A_ema,1MHBF3G6DCPWHSKG7XCP,1,48,0.03404915120965039,0.18509899079799652,-0.06775878369808197,0.42074596138479203,0.39303729808216814,,3172,9815,25103,27446,"[1, 64, 28, 28, 20]",0.8598149710496124,0.04992400109767914,0.03455650061368942
experiment_A_ema,1MHBF3G6DCPWHSKG7XCP,1,49,0.13690753144407009,0.7442606687545776,-0.10618158429861069,0.5764447575656202,0.43761253938916306,,3172,9815,25103,27446,"[1, 64, 28, 28, 20]",0.8598149710496124,0.04992400109767914,0.03455650061368942
experiment_A_ema,1MHBF3G6DCPWHSKG7XCP,1,50,-0.015563227813116448,0.0,0.008801664225757122,0.3167703583631159,0.3267861911165184,,3172,9815,25103,27446,"[1, 64, 28, 28, 20]",0.8598149710496124,0.04992400109767914,0.03455650061368942
experiment_A_ema,1MHBF3G6DCPWHSKG7XCP,1,51,0.014821821170497242,0.08057481795549393,-0.09923011064529419,0.42620813571980376,0.41375828876504617,,3172,9815,25103,27446,"[1, 64, 28, 28, 20]",0.8598149710496124,0.04992400109767914,0.03455650061368942
experiment_A_ema,1MHBF3G6DCPWHSKG7XCP,1,52,0.16598638608823837,0.9023399949073792,-0.050775088369846344,0.5042513705665755,0.3606837497569001,,3172,9815,25103,27446,"[1, 64, 28, 28, 20]",0.8598149710496124,0.04992400109767914,0.03455650061368942
experiment_A_ema,1MHBF3G6DCPWHSKG7XCP,1,53,0.1758629974309203,0.9560315608978271,-0.0024977093562483788,0.469160139523198,0.32882406886968757,high,3172,9815,25103,27446,"[1, 64, 28, 28, 20]",0.8598149710496124,0.04992400109767914,0.03455650061368942
experiment_A_ema,1MHBF3G6DCPWHSKG7XCP,1,54,0.025657787149510048,0.13948160409927368,0.040514856576919556,0.3857667404682417,0.3664660850855216,,3172,9815,25103,27446,"[1, 64, 28, 28, 20]",0.8598149710496124,0.04992400109767914,0.03455650061368942
experiment_A_ema,1MHBF3G6DCPWHSKG7XCP,1,55,0.03930275269868116,0.21365876495838165,0.00018123281188309193,0.4944189068801956,0.4570245217934955,,3172,9815,25103,27446,"[1, 64, 28, 28, 20]",0.8598149710496124,0.04992400109767914,0.03455650061368942
experiment_A_ema,1MHBF3G6DCPWHSKG7XCP,1,56,-0.0777229964090237,0.0,-0.07304408401250839,0.27937753708626634,0.32646555530350474,,3172,9815,25103,27446,"[1, 64, 28, 28, 20]",0.8598149710496124,0.04992400109767914,0.03455650061368942
experiment_A_ema,1MHBF3G6DCPWHSKG7XCP,1,57,0.18081073826153435,0.9829285740852356,-0.04934495687484741,0.5904728681023992,0.40964130526015363,high,3172,9815,25103,27446,"[1, 64, 28, 28, 20]",0.8598149710496124,0.04992400109767914,0.03455650061368942
experiment_A_ema,1MHBF3G6DCPWHSKG7XCP,1,58,-0.025726659355197246,0.0,-0.06996531784534454,0.36664440778979895,0.3860076567950178,,3172,9815,25103,27446,"[1, 64, 28, 28, 20]",0.8598149710496124,0.04992400109767914,0.03455650061368942
experiment_A_ema,1MHBF3G6DCPWHSKG7XCP,1,59,0.08876327943609914,0.48253750801086426,-0.09374894201755524,0.42821920632869465,0.3583965255480115,,3172,9815,25103,27446,"[1, 64, 28, 28, 20]",0.8598149710496124,0.04992400109767914,0.03455650061368942
experiment_A_ema,1MHBF3G6DCPWHSKG7XCP,1,60,0.141950029234934,0.7716728448867798,0.05646080896258354,0.518249359932053,0.38940732501807046,,3172,9815,25103,27446,"[1, 64, 28, 28, 20]",0.8598149710496124,0.04992400109767914,0.03455650061368942
experiment_A_ema,1MHBF3G6DCPWHSKG7XCP,1,61,0.13090793292454067,0.7116454839706421,-0.006311036646366119,0.5298619605187581,0.4071937973174484,,3172,9815,25103,27446,"[1, 64, 28, 28, 20]",0.8598149710496124,0.04992400109767914,0.03455650061368942
experiment_A_ema,1MHBF3G6DCPWHSKG7XCP,1,62,-0.004182137127002224,0.0,-0.07975126802921295,0.35594256722643114,0.35893227603171807,,3172,9815,25103,27446,"[1, 64, 28, 28, 20]",0.8598149710496124,0.04992400109767914,0.03455650061368942
experiment_A_ema,1MHBF3G6DCPWHSKG7XCP,1,63,0.13703913141972288,0.7449761033058167,-0.053889911621809006,0.5659470977907874,0.42952792788325844,,3172,9815,25103,27446,"[1, 64, 28, 28, 20]",0.8598149710496124,0.04992400109767914,0.03455650061368942
experiment_A_ema,1MHBF3G6DCPWHSKG7XCP,2,0,0.07587819200154833,0.29714563488960266,0.029743622988462448,0.38620924941764545,0.3317330127264573,,3045,10120,25126,27250,"[1, 64, 28, 28, 20]",0.7776938171885592,0.045745279639959335,0.032083481550216675
experiment_A_ema,1MHBF3G6DCPWHSKG7XCP,2,1,0.20313441510565183,0.7954921722412109,-0.05154091492295265,0.6102694412371853,0.4041963275213082,high,3045,10120,25126,27250,"[1, 64, 28, 28, 20]",0.7776938171885592,0.045745279639959335,0.032083481550216675
experiment_A_ema,1MHBF3G6DCPWHSKG7XCP,2,2,0.05061457961622259,0.19821111857891083,-0.07045895606279373,0.41618166462573136,0.3760815447244909,,3045,10120,25126,27250,"[1, 64, 28, 28, 20]",0.7776938171885592,0.045745279639959335,0.032083481550216675
experiment_A_ema,1MHBF3G6DCPWHSKG7XCP,2,3,0.06985711171768619,0.2735665738582611,-0.04871240258216858,0.3991229961527212,0.34700086815166614,middle,3045,10120,25126,27250,"[1, 64, 28, 28, 20]",0.7776938171885592,0.045745279639959335,0.032083481550216675
experiment_A_ema,1MHBF3G6DCPWHSKG7XCP,2,4,-0.017938467756787223,0.0,-0.07980051636695862,0.44494562482794714,0.4612005160983586,,3045,10120,25126,27250,"[1, 64, 28, 28, 20]",0.7776938171885592,0.045745279639959335,0.032083481550216675
experiment_A_ema,1MHBF3G6DCPWHSKG7XCP,2,5,0.0843943128399367,0.3304955065250397,0.010562714189291,0.4937204951658609,0.41687161532887695,,3045,10120,25126,27250,"[1, 64, 28, 28, 20]",0.7776938171885592,0.045745279639959335,0.032083481550216675
experiment_A_ema,1MHBF3G6DCPWHSKG7XCP,2,6,0.010135032646835157,0.039689674973487854,-0.009637895971536636,0.4474652833465968,0.43848612674675835,,3045,10120,25126,27250,"[1, 64, 28, 28, 20]",0.7776938171885592,0.045745279639959335,0.032083481550216675
experiment_A_ema,1MHBF3G6DCPWHSKG7XCP,2,7,0.14853654621004111,0.5816820859909058,-0.02287496067583561,0.4462952501178934,0.33085925545236833,,3045,10120,25126,27250,"[1, 64, 28, 28, 20]",0.7776938171885592,0.045745279639959335,0.032083481550216675
experiment_A_ema,1MHBF3G6DCPWHSKG7XCP,2,8,0.09369791087523674,0.36692923307418823,-0.008230045437812805,0.42769851102266226,0.3544159282953011,,3045,10120,25126,27250,"[1, 64, 28, 28, 20]",0.7776938171885592,0.045745279639959335,0.032083481550216675
experiment_A_ema,1MHBF3G6DCPWHSKG7XCP,2,9,-0.03125424878798833,0.0,0.02093261107802391,0.3054640364504575,0.3251741917851997,,3045,10120,25126,27250,"[1, 64, 28, 28, 20]",0.7776938171885592,0.045745279639959335,0.032083481550216675
experiment_A_ema,1MHBF3G6DCPWHSKG7XCP,2,10,0.06543969114518297,0.2562675476074219,-0.001700718654319644,0.4711632193089979,0.4132851272374401,,3045,10120,25126,27250,"[1, 64, 28, 28, 20]",0.7776938171885592,0.045745279639959335,0.032083481550216675
experiment_A_ema,1MHBF3G6DCPWHSKG7XCP,2,11,0.045885638806960026,0.17969217896461487,0.022735975682735443,0.4174980302649716,0.38086460486670776,,3045,10120,25126,27250,"[1, 64, 28, 28, 20]",0.7776938171885592,0.045745279639959335,0.032083481550216675
experiment_A_ema,1MHBF3G6DCPWHSKG7XCP,2,12,-0.013782335016048846,0.0,-0.013611306436359882,0.4400740404171263,0.45237407308417704,,3045,10120,25126,27250,"[1, 64, 28, 28, 20]",0.7776938171885592,0.045745279639959335,0.032083481550216675
experiment_A_ema,1MHBF3G6DCPWHSKG7XCP,2,13,0.06570395448074551,0.2573024332523346,-0.020529218018054962,0.45253034561432054,0.3967304849562755,middle,3045,10120,25126,27250,"[1, 64, 28, 28, 20]",0.7776938171885592,0.045745279639959335,0.032083481550216675
experiment_A_ema,1MHBF3G6DCPWHSKG7XCP,2,14,0.06590124919238727,0.2580750584602356,-0.03362101688981056,0.5002130140966777,0.43835982560128645,middle,3045,10120,25126,27250,"[1, 64, 28, 28, 20]",0.7776938171885592,0.045745279639959335,0.032083481550216675
experiment_A_ema,1MHBF3G6DCPWHSKG7XCP,2,15,0.05344562155806016,0.20929773151874542,0.00972545426338911,0.4434553713758457,0.39845869723485017,,3045,10120,25126,27250,"[1, 64, 28, 28, 20]",0.7776938171885592,0.045745279639959335,0.032083481550216675
experiment_A_ema,1MHBF3G6DCPWHSKG7XCP,2,16,0.09536846271802686,0.3734712600708008,0.020285535603761673,0.4134828164420367,0.3414828098857415,,3045,10120,25126,27250,"[1, 64, 28, 28, 20]",0.7776938171885592,0.045745279639959335,0.032083481550216675
experiment_A_ema,1MHBF3G6DCPWHSKG7XCP,2,17,0.09693046696655222,0.37958818674087524,0.02220616117119789,0.432457867493736,0.3560293375784686,,3045,10120,25126,27250,"[1, 64, 28, 28, 20]",0.7776938171885592,0.045745279639959335,0.032083481550216675
experiment_A_ema,1MHBF3G6DCPWHSKG7XCP,2,18,0.010596113485172247,0.04149530827999115,-0.06195694953203201,0.398229322919801,0.38987843310233256,,3045,10120,25126,27250,"[1, 64, 28, 28, 20]",0.7776938171885592,0.045745279639959335,0.032083481550216675
experiment_A_ema,1MHBF3G6DCPWHSKG7XCP,2,19,0.2553559074860553,0.9999960660934448,0.03976874798536301,0.5206251444554564,0.3088209332231733,high,3045,10120,25126,27250,"[1, 64, 28, 28, 20]",0.7776938171885592,0.045745279639959335,0.032083481550216675
experiment_A_ema,1MHBF3G6DCPWHSKG7XCP,2,20,-0.043667511201941386,0.0,-0.07863219082355499,0.3205269712551225,0.34979845811876403,,3045,10120,25126,27250,"[1, 64, 28, 28, 20]",0.7776938171885592,0.045745279639959335,0.032083481550216675
experiment_A_ema,1MHBF3G6DCPWHSKG7XCP,2,21,0.07049197307995836,0.2760527431964874,0.0031821434386074543,0.428988741007866,0.37249079653152845,,3045,10120,25126,27250,"[1, 64, 28, 28, 20]",0.7776938171885592,0.045745279639959335,0.032083481550216675
experiment_A_ema,1MHBF3G6DCPWHSKG7XCP,2,22,0.06567711817118267,0.2571973502635956,-0.0722925215959549,0.46981737834813564,0.41190812274141386,,3045,10120,25126,27250,"[1, 64, 28, 28, 20]",0.7776938171885592,0.045745279639959335,0.032083481550216675
experiment_A_ema,1MHBF3G6DCPWHSKG7XCP,2,23,0.0874403146635125,0.3424239158630371,0.000254583777859807,0.4537620282895582,0.38078857361599794,,3045,10120,25126,27250,"[1, 64, 28, 28, 20]",0.7776938171885592,0.045745279639959335,0.032083481550216675
experiment_A_ema,1MHBF3G6DCPWHSKG7XCP,2,24,0.04694235688902654,0.1838303804397583,-0.07785078138113022,0.431477068691558,0.3927842526337289,,3045,10120,25126,27250,"[1, 64, 28, 28, 20]",0.7776938171885592,0.045745279639959335,0.032083481550216675
experiment_A_ema,1MHBF3G6DCPWHSKG7XCP,2,25,-0.027635391465337025,0.0,-0.011117292568087578,0.37327527472450933,0.39449287575296355,,3045,10120,25126,27250,"[1, 64, 28, 28, 20]",0.7776938171885592,0.045745279639959335,0.032083481550216675
experiment_A_ema,1MHBF3G6DCPWHSKG7XCP,2,26,-0.10933921384190581,0.0,0.020038751885294914,0.30384099126518604,0.3784413111710201,low,3045,10120,25126,27250,"[1, 64, 28, 28, 20]",0.7776938171885592,0.045745279639959335,0.032083481550216675
experiment_A_ema,1MHBF3G6DCPWHSKG7XCP,2,27,0.07262749420762264,0.2844156324863434,-0.026199907064437866,0.48145075562711703,0.4162527284123815,,3045,10120,25126,27250,"[1, 64, 28, 28, 20]",0.7776938171885592,0.045745279639959335,0.032083481550216675
experiment_A_ema,1MHBF3G6DCPWHSKG7XCP,2,28,0.06881689512355675,0.2694929838180542,-0.04386855661869049,0.47782857566874065,0.4162975247706717,middle,3045,10120,25126,27250,"[1, 64, 28, 28, 20]",0.7776938171885592,0.045745279639959335,0.032083481550216675
experiment_A_ema,1MHBF3G6DCPWHSKG7XCP,2,29,0.18762010367271292,0.7347367405891418,-0.04990820586681366,0.5486533528440617,0.3753007926563398,,3045,10120,25126,27250,"[1, 64, 28, 28, 20]",0.7776938171885592,0.045745279639959335,0.032083481550216675
experiment_A_ema,1MHBF3G6DCPWHSKG7XCP,2,30,0.07021261443011102,0.2749587297439575,-0.040075089782476425,0.4460406228961891,0.38751447031750624,,3045,10120,25126,27250,"[1, 64, 28, 28, 20]",0.7776938171885592,0.045745279639959335,0.032083481550216675
experiment_A_ema,1MHBF3G6DCPWHSKG7XCP,2,31,0.10504434177184276,0.41136282682418823,0.0015323404222726822,0.5632331429276468,0.45615235883851857,,3045,10120,25126,27250,"[1, 64, 28, 28, 20]",0.7776938171885592,0.045745279639959335,0.032083481550216675
experiment_A_ema,1MHBF3G6DCPWHSKG7XCP,2,32,0.08393786241593984,0.3287080228328705,-0.10080248862504959,0.3557747413859625,0.3006737724136408,,3045,10120,25126,27250,"[1, 64, 28, 28, 20]",0.7776938171885592,0.045745279639959335,0.032083481550216675
experiment_A_ema,1MHBF3G6DCPWHSKG7XCP,2,33,0.15041627294080562,0.5890433192253113,0.2934698462486267,0.3922497201268982,0.2896767340531268,,3045,10120,25126,27250,"[1, 64, 28, 28, 20]",0.7776938171885592,0.045745279639959335,0.032083481550216675
experiment_A_ema,1MHBF3G6DCPWHSKG7XCP,2,34,0.0035528944634339974,0.013913446106016636,0.011683421209454536,0.44986876829459266,0.44668340947312757,,3045,10120,25126,27250,"[1, 64, 28, 28, 20]",0.7776938171885592,0.045745279639959335,0.032083481550216675
experiment_A_ema,1MHBF3G6DCPWHSKG7XCP,2,35,-0.14591117408202509,0.0,-0.03595595061779022,0.3288211803899754,0.44117192423153806,low,3045,10120,25126,27250,"[1, 64, 28, 28, 20]",0.7776938171885592,0.045745279639959335,0.032083481550216675
experiment_A_ema,1MHBF3G6DCPWHSKG7XCP,2,36,-0.07987489694296473,0.0,-0.04029014706611633,0.3346239869842575,0.3927206443271737,,3045,10120,25126,27250,"[1, 64, 28, 28, 20]",0.7776938171885592,0.045745279639959335,0.032083481550216675
experiment_A_ema,1MHBF3G6DCPWHSKG7XCP,2,37,-0.06260190238509233,0.0,-0.12490078061819077,0.3090443441544813,0.35032199388643703,,3045,10120,25126,27250,"[1, 64, 28, 28, 20]",0.7776938171885592,0.045745279639959335,0.032083481550216675
experiment_A_ema,1MHBF3G6DCPWHSKG7XCP,2,38,0.1447203714964567,0.5667376518249512,-0.043155279010534286,0.49556722385615376,0.3702637054006197,,3045,10120,25126,27250,"[1, 64, 28, 28, 20]",0.7776938171885592,0.045745279639959335,0.032083481550216675
experiment_A_ema,1MHBF3G6DCPWHSKG7XCP,2,39,-0.014043239893345572,0.0,-0.0979425460100174,0.3846245614466642,0.39558119205246073,,3045,10120,25126,27250,"[1, 64, 28, 28, 20]",0.7776938171885592,0.045745279639959335,0.032083481550216675
experiment_A_ema,1MHBF3G6DCPWHSKG7XCP,2,40,-0.06283539451546635,0.0,0.013066424988210201,0.32751735297164747,0.37143645401727826,,3045,10120,25126,27250,"[1, 64, 28, 28, 20]",0.7776938171885592,0.045745279639959335,0.032083481550216675
experiment_A_ema,1MHBF3G6DCPWHSKG7XCP,2,41,0.05421722330332617,0.21231938898563385,-0.07725469022989273,0.5119423848990271,0.45928507463018625,,3045,10120,25126,27250,"[1, 64, 28, 28, 20]",0.7776938171885592,0.045745279639959335,0.032083481550216675
experiment_A_ema,1MHBF3G6DCPWHSKG7XCP,2,42,0.11051536647225349,0.43278783559799194,-0.13178962469100952,0.35692005132715243,0.2858805921313673,,3045,10120,25126,27250,"[1, 64, 28, 28, 20]",0.7776938171885592,0.045745279639959335,0.032083481550216675
experiment_A_ema,1MHBF3G6DCPWHSKG7XCP,2,43,0.13487951597234624,0.5281999707221985,-0.12393855303525925,0.43905492698649873,0.33469215958518145,,3045,10120,25126,27250,"[1, 64, 28, 28, 20]",0.7776938171885592,0.045745279639959335,0.032083481550216675
experiment_A_ema,1MHBF3G6DCPWHSKG7XCP,2,44,0.04015998394418044,0.15727001428604126,0.034684229642152786,0.4285722401048162,0.3954783418060974,,3045,10120,25126,27250,"[1, 64, 28, 28, 20]",0.7776938171885592,0.045745279639959335,0.032083481550216675
experiment_A_ema,1MHBF3G6DCPWHSKG7XCP,2,45,0.1488761746371371,0.5830121040344238,-0.034345194697380066,0.4514275155445004,0.3344316589640016,,3045,10120,25126,27250,"[1, 64, 28, 28, 20]",0.7776938171885592,0.045745279639959335,0.032083481550216675
experiment_A_ema,1MHBF3G6DCPWHSKG7XCP,2,46,0.11369814372287528,0.4452518820762634,-0.22532790899276733,0.394176271518544,0.3136927626379072,,3045,10120,25126,27250,"[1, 64, 28, 28, 20]",0.7776938171885592,0.045745279639959335,0.032083481550216675
experiment_A_ema,1MHBF3G6DCPWHSKG7XCP,2,47,0.22024734184142655,0.8625078797340393,-0.005268549546599388,0.6707488337738328,0.42861635334956094,high,3045,10120,25126,27250,"[1, 64, 28, 28, 20]",0.7776938171885592,0.045745279639959335,0.032083481550216675
experiment_A_ema,1MHBF3G6DCPWHSKG7XCP,2,48,0.01365893850689966,0.053489599376916885,-0.053005579859018326,0.40673587959929186,0.39577442701120735,,3045,10120,25126,27250,"[1, 64, 28, 28, 20]",0.7776938171885592,0.045745279639959335,0.032083481550216675
experiment_A_ema,1MHBF3G6DCPWHSKG7XCP,2,49,0.18904975261341994,0.7403354048728943,-0.04516899585723877,0.5795683045153184,0.39527435234845953,,3045,10120,25126,27250,"[1, 64, 28, 28, 20]",0.7776938171885592,0.045745279639959335,0.032083481550216675
experiment_A_ema,1MHBF3G6DCPWHSKG7XCP,2,50,-0.048363690195993986,0.0,0.0065939174965023994,0.3154103265906389,0.3474696991566852,,3045,10120,25126,27250,"[1, 64, 28, 28, 20]",0.7776938171885592,0.045745279639959335,0.032083481550216675
experiment_A_ema,1MHBF3G6DCPWHSKG7XCP,2,51,0.06406465838075326,0.2508828043937683,-0.08727993816137314,0.43662265484582186,0.38404668958654703,,3045,10120,25126,27250,"[1, 64, 28, 28, 20]",0.7776938171885592,0.045745279639959335,0.032083481550216675
experiment_A_ema,1MHBF3G6DCPWHSKG7XCP,2,52,0.1992380797596472,0.7802337408065796,-0.048874758183956146,0.5061149576938082,0.3379457281980282,,3045,10120,25126,27250,"[1, 64, 28, 28, 20]",0.7776938171885592,0.045745279639959335,0.032083481550216675
experiment_A_ema,1MHBF3G6DCPWHSKG7XCP,2,53,0.15644942481427013,0.6126696467399597,0.006008570082485676,0.4791657342723447,0.34951841873259626,,3045,10120,25126,27250,"[1, 64, 28, 28, 20]",0.7776938171885592,0.045745279639959335,0.032083481550216675
experiment_A_ema,1MHBF3G6DCPWHSKG7XCP,2,54,0.006788308220603826,0.026583608239889145,0.020626643672585487,0.3919706043635903,0.3866848443914801,,3045,10120,25126,27250,"[1, 64, 28, 28, 20]",0.7776938171885592,0.045745279639959335,0.032083481550216675
experiment_A_ema,1MHBF3G6DCPWHSKG7XCP,2,55,0.02252296457516742,0.08820190280675888,0.010594247840344906,0.4852026050545815,0.4638276086476383,,3045,10120,25126,27250,"[1, 64, 28, 28, 20]",0.7776938171885592,0.045745279639959335,0.032083481550216675
experiment_A_ema,1MHBF3G6DCPWHSKG7XCP,2,56,-0.14426185467010558,0.0,-0.049468714743852615,0.27961663397584163,0.37389333898200594,low,3045,10120,25126,27250,"[1, 64, 28, 28, 20]",0.7776938171885592,0.045745279639959335,0.032083481550216675
experiment_A_ema,1MHBF3G6DCPWHSKG7XCP,2,57,0.21998912998282555,0.8614966869354248,-0.05780808627605438,0.5926195364261075,0.37889637608023613,high,3045,10120,25126,27250,"[1, 64, 28, 28, 20]",0.7776938171885592,0.045745279639959335,0.032083481550216675
experiment_A_ema,1MHBF3G6DCPWHSKG7XCP,2,58,-0.08528904641804869,0.0,-0.04018138349056244,0.35231118899118613,0.4180113489779514,low,3045,10120,25126,27250,"[1, 64, 28, 28, 20]",0.7776938171885592,0.045745279639959335,0.032083481550216675
experiment_A_ema,1MHBF3G6DCPWHSKG7XCP,2,59,0.09304106177102338,0.3643569350242615,-0.0329936221241951,0.42951716012057617,0.3563949682016863,,3045,10120,25126,27250,"[1, 64, 28, 28, 20]",0.7776938171885592,0.045745279639959335,0.032083481550216675
experiment_A_ema,1MHBF3G6DCPWHSKG7XCP,2,60,0.16007012378277544,0.6268486380577087,0.06325587630271912,0.5214630408660426,0.37755668240824675,,3045,10120,25126,27250,"[1, 64, 28, 28, 20]",0.7776938171885592,0.045745279639959335,0.032083481550216675
experiment_A_ema,1MHBF3G6DCPWHSKG7XCP,2,61,0.10304775544891928,0.40354403853416443,0.0031245481222867966,0.522362549568424,0.42476325793019104,,3045,10120,25126,27250,"[1, 64, 28, 28, 20]",0.7776938171885592,0.045745279639959335,0.032083481550216675
experiment_A_ema,1MHBF3G6DCPWHSKG7XCP,2,62,0.0010969285094724758,0.004295668099075556,-0.060162775218486786,0.3596404955014151,0.3588523591084128,,3045,10120,25126,27250,"[1, 64, 28, 28, 20]",0.7776938171885592,0.045745279639959335,0.032083481550216675
experiment_A_ema,1MHBF3G6DCPWHSKG7XCP,2,63,0.1749657668561833,0.6851812601089478,-0.03348543867468834,0.5691205197644259,0.3996233336064157,,3045,10120,25126,27250,"[1, 64, 28, 28, 20]",0.7776938171885592,0.045745279639959335,0.032083481550216675
experiment_A_ema,23X6SY44VT9KFHR7S7OC,0,0,0.0170468347883654,0.06052037328481674,0.05129726976156235,0.4251753580015935,0.41092251858567247,,2505,10740,19893,21545,"[1, 64, 28, 28, 20]",0.9200591989867647,0.04602847993373871,0.03421317785978317
experiment_A_ema,23X6SY44VT9KFHR7S7OC,0,1,0.0999479641139294,0.35483935475349426,0.018369752913713455,0.5123599209641556,0.41924755085458365,,2505,10740,19893,21545,"[1, 64, 28, 28, 20]",0.9200591989867647,0.04602847993373871,0.03421317785978317
experiment_A_ema,23X6SY44VT9KFHR7S7OC,0,2,0.19034342902673984,0.6757650375366211,-0.11957800388336182,0.5535295314075586,0.37650363841205586,high,2505,10740,19893,21545,"[1, 64, 28, 28, 20]",0.9200591989867647,0.04602847993373871,0.03421317785978317
experiment_A_ema,23X6SY44VT9KFHR7S7OC,0,3,-0.003918092776426528,0.0,-0.0736062303185463,0.400401207505211,0.40355117143180785,,2505,10740,19893,21545,"[1, 64, 28, 28, 20]",0.9200591989867647,0.04602847993373871,0.03421317785978317
experiment_A_ema,23X6SY44VT9KFHR7S7OC,0,4,0.039247605968998046,0.13933846354484558,-0.19265317916870117,0.5583530035361596,0.5161801119705081,,2505,10740,19893,21545,"[1, 64, 28, 28, 20]",0.9200591989867647,0.04602847993373871,0.03421317785978317
experiment_A_ema,23X6SY44VT9KFHR7S7OC,0,5,0.06709416236986883,0.23820045590400696,0.03595655411481857,0.637945453628076,0.5577230123378629,,2505,10740,19893,21545,"[1, 64, 28, 28, 20]",0.9200591989867647,0.04602847993373871,0.03421317785978317
experiment_A_ema,23X6SY44VT9KFHR7S7OC,0,6,-0.020426884798662625,0.0,-0.048440251499414444,0.43098638387324434,0.44896098789206507,,2505,10740,19893,21545,"[1, 64, 28, 28, 20]",0.9200591989867647,0.04602847993373871,0.03421317785978317
experiment_A_ema,23X6SY44VT9KFHR7S7OC,0,7,-0.10984051281995487,0.0,-0.0617557130753994,0.3027014263213134,0.3774047470128701,,2505,10740,19893,21545,"[1, 64, 28, 28, 20]",0.9200591989867647,0.04602847993373871,0.03421317785978317
experiment_A_ema,23X6SY44VT9KFHR7S7OC,0,8,0.10955522884362494,0.388947457075119,-0.10375213623046875,0.4574410480800949,0.36710735007260287,,2505,10740,19893,21545,"[1, 64, 28, 28, 20]",0.9200591989867647,0.04602847993373871,0.03421317785978317
experiment_A_ema,23X6SY44VT9KFHR7S7OC,0,9,-0.1204335799562104,0.0,0.025578809902071953,0.35874889377801317,0.45699155701578287,,2505,10740,19893,21545,"[1, 64, 28, 28, 20]",0.9200591989867647,0.04602847993373871,0.03421317785978317
experiment_A_ema,23X6SY44VT9KFHR7S7OC,0,10,0.02837890335442206,0.10075195133686066,0.07468362152576447,0.5069879685281339,0.4790064984625082,,2505,10740,19893,21545,"[1, 64, 28, 28, 20]",0.9200591989867647,0.04602847993373871,0.03421317785978317
experiment_A_ema,23X6SY44VT9KFHR7S7OC,0,11,0.0006376294119170839,0.002263738075271249,0.03431950509548187,0.4436044011461853,0.4430390505658606,middle,2505,10740,19893,21545,"[1, 64, 28, 28, 20]",0.9200591989867647,0.04602847993373871,0.03421317785978317
experiment_A_ema,23X6SY44VT9KFHR7S7OC,0,12,-0.06056693139670487,0.0,0.004937143996357918,0.46443625071934475,0.5243223879206862,,2505,10740,19893,21545,"[1, 64, 28, 28, 20]",0.9200591989867647,0.04602847993373871,0.03421317785978317
experiment_A_ema,23X6SY44VT9KFHR7S7OC,0,13,0.052294809414499384,0.18565918505191803,-0.03562406823039055,0.5048679115898543,0.45468806250710037,,2505,10740,19893,21545,"[1, 64, 28, 28, 20]",0.9200591989867647,0.04602847993373871,0.03421317785978317
experiment_A_ema,23X6SY44VT9KFHR7S7OC,0,14,0.05687030314699552,0.20190328359603882,-0.01403885893523693,0.4078848697204225,0.3639881596772821,,2505,10740,19893,21545,"[1, 64, 28, 28, 20]",0.9200591989867647,0.04602847993373871,0.03421317785978317
experiment_A_ema,23X6SY44VT9KFHR7S7OC,0,15,0.03589947403214185,0.1274517923593521,0.04995865374803543,0.5520737532435167,0.5138090841034013,,2505,10740,19893,21545,"[1, 64, 28, 28, 20]",0.9200591989867647,0.04602847993373871,0.03421317785978317
experiment_A_ema,23X6SY44VT9KFHR7S7OC,0,16,0.04338279577812933,0.15401938557624817,0.09312138706445694,0.4586382547338022,0.42049878854160117,,2505,10740,19893,21545,"[1, 64, 28, 28, 20]",0.9200591989867647,0.04602847993373871,0.03421317785978317
experiment_A_ema,23X6SY44VT9KFHR7S7OC,0,17,-0.13622217932292224,0.0,0.010481510311365128,0.378996220489633,0.4985356621966902,,2505,10740,19893,21545,"[1, 64, 28, 28, 20]",0.9200591989867647,0.04602847993373871,0.03421317785978317
experiment_A_ema,23X6SY44VT9KFHR7S7OC,0,18,-0.07084681829565652,0.0,-0.1119450032711029,0.44494726612934615,0.5128007356298245,,2505,10740,19893,21545,"[1, 64, 28, 28, 20]",0.9200591989867647,0.04602847993373871,0.03421317785978317
experiment_A_ema,23X6SY44VT9KFHR7S7OC,0,19,-0.053978132665070566,0.0,-0.01808604970574379,0.4954656343017505,0.5520062654474807,,2505,10740,19893,21545,"[1, 64, 28, 28, 20]",0.9200591989867647,0.04602847993373871,0.03421317785978317
experiment_A_ema,23X6SY44VT9KFHR7S7OC,0,20,-0.04914831706833133,0.0,-0.12220076471567154,0.31430037267738026,0.34679199933691096,,2505,10740,19893,21545,"[1, 64, 28, 28, 20]",0.9200591989867647,0.04602847993373871,0.03421317785978317
experiment_A_ema,23X6SY44VT9KFHR7S7OC,0,21,-0.11606575751005584,0.0,-0.051730163395404816,0.3819238463403451,0.4822216658809867,,2505,10740,19893,21545,"[1, 64, 28, 28, 20]",0.9200591989867647,0.04602847993373871,0.03421317785978317
experiment_A_ema,23X6SY44VT9KFHR7S7OC,0,22,0.11403783612549671,0.40486180782318115,-0.042456671595573425,0.5175488801481818,0.4115915966766317,,2505,10740,19893,21545,"[1, 64, 28, 28, 20]",0.9200591989867647,0.04602847993373871,0.03421317785978317
experiment_A_ema,23X6SY44VT9KFHR7S7OC,0,23,-0.026312797828704448,0.0,0.0010487770196050406,0.3974747650843474,0.4189574060572442,,2505,10740,19893,21545,"[1, 64, 28, 28, 20]",0.9200591989867647,0.04602847993373871,0.03421317785978317
experiment_A_ema,23X6SY44VT9KFHR7S7OC,0,24,0.00359286098943203,0.01275552250444889,-0.06989354640245438,0.4460589712797971,0.4428651867569621,middle,2505,10740,19893,21545,"[1, 64, 28, 28, 20]",0.9200591989867647,0.04602847993373871,0.03421317785978317
experiment_A_ema,23X6SY44VT9KFHR7S7OC,0,25,-0.002739928051999323,0.0,-0.13628286123275757,0.5068777733606736,0.5096630247493451,,2505,10740,19893,21545,"[1, 64, 28, 28, 20]",0.9200591989867647,0.04602847993373871,0.03421317785978317
experiment_A_ema,23X6SY44VT9KFHR7S7OC,0,26,-0.06749429216410562,0.0,0.04584352672100067,0.3686374093707049,0.4220010607644829,,2505,10740,19893,21545,"[1, 64, 28, 28, 20]",0.9200591989867647,0.04602847993373871,0.03421317785978317
experiment_A_ema,23X6SY44VT9KFHR7S7OC,0,27,0.16237936746666665,0.5764858722686768,0.030232256278395653,0.6157481217531008,0.44371328610963773,,2505,10740,19893,21545,"[1, 64, 28, 28, 20]",0.9200591989867647,0.04602847993373871,0.03421317785978317
experiment_A_ema,23X6SY44VT9KFHR7S7OC,0,28,-0.09091230204640915,0.0,-0.018754418939352036,0.43573009902369714,0.5228796048821021,,2505,10740,19893,21545,"[1, 64, 28, 28, 20]",0.9200591989867647,0.04602847993373871,0.03421317785978317
experiment_A_ema,23X6SY44VT9KFHR7S7OC,0,29,0.009148732086419295,0.03248020261526108,-0.0034307455644011497,0.48472086507928125,0.4759320993311338,middle,2505,10740,19893,21545,"[1, 64, 28, 28, 20]",0.9200591989867647,0.04602847993373871,0.03421317785978317
experiment_A_ema,23X6SY44VT9KFHR7S7OC,0,30,-0.14185765364295608,0.0,-0.07526109367609024,0.4134982661633174,0.5502074380185424,,2505,10740,19893,21545,"[1, 64, 28, 28, 20]",0.9200591989867647,0.04602847993373871,0.03421317785978317
experiment_A_ema,23X6SY44VT9KFHR7S7OC,0,31,0.06709218091910733,0.23819340765476227,0.09460045397281647,0.5938042066172413,0.5191346447567716,,2505,10740,19893,21545,"[1, 64, 28, 28, 20]",0.9200591989867647,0.04602847993373871,0.03421317785978317
experiment_A_ema,23X6SY44VT9KFHR7S7OC,0,32,0.019617029991533922,0.06964518874883652,-0.12082736939191818,0.3387368707928784,0.3257025236475538,,2505,10740,19893,21545,"[1, 64, 28, 28, 20]",0.9200591989867647,0.04602847993373871,0.03421317785978317
experiment_A_ema,23X6SY44VT9KFHR7S7OC,0,33,0.2816700147566596,0.9999964237213135,0.6221956014633179,0.4970995145695912,0.27860619440568524,high,2505,10740,19893,21545,"[1, 64, 28, 28, 20]",0.9200591989867647,0.04602847993373871,0.03421317785978317
experiment_A_ema,23X6SY44VT9KFHR7S7OC,0,34,-0.0669863621340544,0.0,0.0343133769929409,0.43486964458254856,0.49731325270155574,,2505,10740,19893,21545,"[1, 64, 28, 28, 20]",0.9200591989867647,0.04602847993373871,0.03421317785978317
experiment_A_ema,23X6SY44VT9KFHR7S7OC,0,35,-0.06121392249937974,0.0,-0.07522366940975189,0.40817557099321355,0.46140613964928395,,2505,10740,19893,21545,"[1, 64, 28, 28, 20]",0.9200591989867647,0.04602847993373871,0.03421317785978317
experiment_A_ema,23X6SY44VT9KFHR7S7OC,0,36,-0.20015502835880172,0.0,-0.034903157502412796,0.33486525183248456,0.502460389467454,low,2505,10740,19893,21545,"[1, 64, 28, 28, 20]",0.9200591989867647,0.04602847993373871,0.03421317785978317
experiment_A_ema,23X6SY44VT9KFHR7S7OC,0,37,0.05872616553469109,0.20849204063415527,-0.14304399490356445,0.4386620189285393,0.38999793837764096,,2505,10740,19893,21545,"[1, 64, 28, 28, 20]",0.9200591989867647,0.04602847993373871,0.03421317785978317
experiment_A_ema,23X6SY44VT9KFHR7S7OC,0,38,-0.054711202479521485,0.0,-0.026504892855882645,0.4005841163941148,0.44695400063522167,,2505,10740,19893,21545,"[1, 64, 28, 28, 20]",0.9200591989867647,0.04602847993373871,0.03421317785978317
experiment_A_ema,23X6SY44VT9KFHR7S7OC,0,39,0.21418197592932597,0.7603976726531982,-0.08386363089084625,0.48292081411240134,0.3125459554412966,high,2505,10740,19893,21545,"[1, 64, 28, 28, 20]",0.9200591989867647,0.04602847993373871,0.03421317785978317
experiment_A_ema,23X6SY44VT9KFHR7S7OC,0,40,-0.2645867097515252,0.0,0.03426678478717804,0.25020167797438136,0.4302369640392823,low,2505,10740,19893,21545,"[1, 64, 28, 28, 20]",0.9200591989867647,0.04602847993373871,0.03421317785978317
experiment_A_ema,23X6SY44VT9KFHR7S7OC,0,41,0.04444790689436524,0.15780077874660492,-0.0843321904540062,0.5482287809098506,0.5015674895734501,,2505,10740,19893,21545,"[1, 64, 28, 28, 20]",0.9200591989867647,0.04602847993373871,0.03421317785978317
experiment_A_ema,23X6SY44VT9KFHR7S7OC,0,42,-0.0437523349000151,0.0,-0.12528744339942932,0.29879297335063315,0.3261350785166808,,2505,10740,19893,21545,"[1, 64, 28, 28, 20]",0.9200591989867647,0.04602847993373871,0.03421317785978317
experiment_A_ema,23X6SY44VT9KFHR7S7OC,0,43,0.03144059031843328,0.1116216778755188,-0.06546428054571152,0.43264457650986654,0.4062686189772384,,2505,10740,19893,21545,"[1, 64, 28, 28, 20]",0.9200591989867647,0.04602847993373871,0.03421317785978317
experiment_A_ema,23X6SY44VT9KFHR7S7OC,0,44,0.016695743086090665,0.059273913502693176,0.1415865421295166,0.48641108980959097,0.4704358032151822,,2505,10740,19893,21545,"[1, 64, 28, 28, 20]",0.9200591989867647,0.04602847993373871,0.03421317785978317
experiment_A_ema,23X6SY44VT9KFHR7S7OC,0,45,-0.2572321741748905,0.0,-0.00556427426636219,0.30660633167369056,0.5189718628292322,low,2505,10740,19893,21545,"[1, 64, 28, 28, 20]",0.9200591989867647,0.04602847993373871,0.03421317785978317
experiment_A_ema,23X6SY44VT9KFHR7S7OC,0,46,0.2118303186033722,0.752048671245575,-0.17702403664588928,0.3878599593130511,0.2522624199403384,high,2505,10740,19893,21545,"[1, 64, 28, 28, 20]",0.9200591989867647,0.04602847993373871,0.03421317785978317
experiment_A_ema,23X6SY44VT9KFHR7S7OC,0,47,0.06581909144097492,0.23367364704608917,0.027422823011875153,0.5636297115504448,0.4940163433328063,,2505,10740,19893,21545,"[1, 64, 28, 28, 20]",0.9200591989867647,0.04602847993373871,0.03421317785978317
experiment_A_ema,23X6SY44VT9KFHR7S7OC,0,48,0.002018972808213369,0.007167840376496315,-0.16689351201057434,0.459587706720081,0.45773565377991976,middle,2505,10740,19893,21545,"[1, 64, 28, 28, 20]",0.9200591989867647,0.04602847993373871,0.03421317785978317
experiment_A_ema,23X6SY44VT9KFHR7S7OC,0,49,0.019361363583866323,0.06873750686645508,-0.11679419875144958,0.43919448311499437,0.4225106768494652,,2505,10740,19893,21545,"[1, 64, 28, 28, 20]",0.9200591989867647,0.04602847993373871,0.03421317785978317
experiment_A_ema,23X6SY44VT9KFHR7S7OC,0,50,0.038246205433919156,0.13578325510025024,-0.04550214111804962,0.3306359456050881,0.30627642595287224,,2505,10740,19893,21545,"[1, 64, 28, 28, 20]",0.9200591989867647,0.04602847993373871,0.03421317785978317
experiment_A_ema,23X6SY44VT9KFHR7S7OC,0,51,0.11958959302985761,0.4245718717575073,-0.13536766171455383,0.5222990279522477,0.4107195913866377,,2505,10740,19893,21545,"[1, 64, 28, 28, 20]",0.9200591989867647,0.04602847993373871,0.03421317785978317
experiment_A_ema,23X6SY44VT9KFHR7S7OC,0,52,-0.1332205395417068,0.0,0.001421343069523573,0.315357581956557,0.41229613609552374,,2505,10740,19893,21545,"[1, 64, 28, 28, 20]",0.9200591989867647,0.04602847993373871,0.03421317785978317
experiment_A_ema,23X6SY44VT9KFHR7S7OC,0,53,-0.03477991774567247,0.0,0.000899104168638587,0.442562889256309,0.47445679316189454,,2505,10740,19893,21545,"[1, 64, 28, 28, 20]",0.9200591989867647,0.04602847993373871,0.03421317785978317
experiment_A_ema,23X6SY44VT9KFHR7S7OC,0,54,0.07071408691301236,0.25105205178260803,-0.027562914416193962,0.37437912060766704,0.32492817314430006,,2505,10740,19893,21545,"[1, 64, 28, 28, 20]",0.9200591989867647,0.04602847993373871,0.03421317785978317
experiment_A_ema,23X6SY44VT9KFHR7S7OC,0,55,0.044135632392310546,0.15669213235378265,0.03678486496210098,0.5991825551910888,0.5485275976564546,,2505,10740,19893,21545,"[1, 64, 28, 28, 20]",0.9200591989867647,0.04602847993373871,0.03421317785978317
experiment_A_ema,23X6SY44VT9KFHR7S7OC,0,56,-0.054052539669792905,0.0,-0.0721643716096878,0.30590693045731915,0.34086674421760277,,2505,10740,19893,21545,"[1, 64, 28, 28, 20]",0.9200591989867647,0.04602847993373871,0.03421317785978317
experiment_A_ema,23X6SY44VT9KFHR7S7OC,0,57,-0.03270512359474113,0.0,0.022751757875084877,0.4059154941730171,0.43336427547504647,,2505,10740,19893,21545,"[1, 64, 28, 28, 20]",0.9200591989867647,0.04602847993373871,0.03421317785978317
experiment_A_ema,23X6SY44VT9KFHR7S7OC,0,58,-0.03421144091336063,0.0,-0.07602226734161377,0.4115982106462504,0.44075859950529134,,2505,10740,19893,21545,"[1, 64, 28, 28, 20]",0.9200591989867647,0.04602847993373871,0.03421317785978317
experiment_A_ema,23X6SY44VT9KFHR7S7OC,0,59,0.08161695152862425,0.2897598445415497,-0.11057431995868683,0.3678145260187591,0.31230514978783697,,2505,10740,19893,21545,"[1, 64, 28, 28, 20]",0.9200591989867647,0.04602847993373871,0.03421317785978317
experiment_A_ema,23X6SY44VT9KFHR7S7OC,0,60,-0.08023150510457062,0.0,0.03622213006019592,0.48015335687206584,0.5639211024132745,,2505,10740,19893,21545,"[1, 64, 28, 28, 20]",0.9200591989867647,0.04602847993373871,0.03421317785978317
experiment_A_ema,23X6SY44VT9KFHR7S7OC,0,61,-0.011021233322842633,0.0,-0.012957684695720673,0.5389857635738983,0.5509987482178734,,2505,10740,19893,21545,"[1, 64, 28, 28, 20]",0.9200591989867647,0.04602847993373871,0.03421317785978317
experiment_A_ema,23X6SY44VT9KFHR7S7OC,0,62,0.018443915563821422,0.06548034399747849,-0.06134762614965439,0.44783891975575735,0.431618267213387,,2505,10740,19893,21545,"[1, 64, 28, 28, 20]",0.9200591989867647,0.04602847993373871,0.03421317785978317
experiment_A_ema,23X6SY44VT9KFHR7S7OC,0,63,-0.22291855438673375,0.0,-0.011645951308310032,0.3213481512830461,0.5057164107557963,low,2505,10740,19893,21545,"[1, 64, 28, 28, 20]",0.9200591989867647,0.04602847993373871,0.03421317785978317
experiment_A_ema,23X6SY44VT9KFHR7S7OC,1,0,-0.00788347404014341,0.0,0.04231898486614227,0.4417730064370697,0.44879377441843216,,3272,9602,27321,28834,"[1, 64, 28, 28, 20]",0.7514543243047398,0.04801110550761223,0.032722048461437225
experiment_A_ema,23X6SY44VT9KFHR7S7OC,1,1,0.04486608584274146,0.18611419200897217,-0.04497362673282623,0.5076199350353624,0.46402594280533016,,3272,9602,27321,28834,"[1, 64, 28, 28, 20]",0.7514543243047398,0.04801110550761223,0.032722048461437225
experiment_A_ema,23X6SY44VT9KFHR7S7OC,1,2,0.16248840779026316,0.6740369200706482,-0.016152262687683105,0.5239478731641066,0.3774766716463801,high,3272,9602,27321,28834,"[1, 64, 28, 28, 20]",0.7514543243047398,0.04801110550761223,0.032722048461437225
experiment_A_ema,23X6SY44VT9KFHR7S7OC,1,3,0.026548146525498098,0.11012743413448334,-0.041061919182538986,0.37303170950250997,0.3537373124688742,,3272,9602,27321,28834,"[1, 64, 28, 28, 20]",0.7514543243047398,0.04801110550761223,0.032722048461437225
experiment_A_ema,23X6SY44VT9KFHR7S7OC,1,4,0.003404258762804465,0.014121598564088345,-0.08855491876602173,0.5211047235632729,0.5175688066919497,,3272,9602,27321,28834,"[1, 64, 28, 28, 20]",0.7514543243047398,0.04801110550761223,0.032722048461437225
experiment_A_ema,23X6SY44VT9KFHR7S7OC,1,5,0.010709902832893966,0.04442698508501053,-0.0015831392956897616,0.5950222145011028,0.5824119977854856,middle,3272,9602,27321,28834,"[1, 64, 28, 28, 20]",0.7514543243047398,0.04801110550761223,0.032722048461437225
experiment_A_ema,23X6SY44VT9KFHR7S7OC,1,6,-0.04591631670587229,0.0,-0.009380334988236427,0.41797583974542896,0.4582069731928623,,3272,9602,27321,28834,"[1, 64, 28, 28, 20]",0.7514543243047398,0.04801110550761223,0.032722048461437225
experiment_A_ema,23X6SY44VT9KFHR7S7OC,1,7,-0.014990345890074011,0.0,-0.020829763263463974,0.34265000342679464,0.3530792404283691,,3272,9602,27321,28834,"[1, 64, 28, 28, 20]",0.7514543243047398,0.04801110550761223,0.032722048461437225
experiment_A_ema,23X6SY44VT9KFHR7S7OC,1,8,0.05848749189929831,0.24261872470378876,0.002884149784222245,0.4497697570223221,0.4000649953402803,,3272,9602,27321,28834,"[1, 64, 28, 28, 20]",0.7514543243047398,0.04801110550761223,0.032722048461437225
experiment_A_ema,23X6SY44VT9KFHR7S7OC,1,9,-0.13458319372856004,0.0,0.041844166815280914,0.345894092119907,0.4534760077092229,low,3272,9602,27321,28834,"[1, 64, 28, 28, 20]",0.7514543243047398,0.04801110550761223,0.032722048461437225
experiment_A_ema,23X6SY44VT9KFHR7S7OC,1,10,0.050477370153464055,0.2093910127878189,0.003052242798730731,0.5196313599329594,0.46969282630507725,,3272,9602,27321,28834,"[1, 64, 28, 28, 20]",0.7514543243047398,0.04801110550761223,0.032722048461437225
experiment_A_ema,23X6SY44VT9KFHR7S7OC,1,11,-0.01760487181770312,0.0,0.009347193874418736,0.4130676548901139,0.4278723128331369,,3272,9602,27321,28834,"[1, 64, 28, 28, 20]",0.7514543243047398,0.04801110550761223,0.032722048461437225
experiment_A_ema,23X6SY44VT9KFHR7S7OC,1,12,-0.05283427281779043,0.0,-0.009319057688117027,0.45112891809239364,0.5014582196445798,,3272,9602,27321,28834,"[1, 64, 28, 28, 20]",0.7514543243047398,0.04801110550761223,0.032722048461437225
experiment_A_ema,23X6SY44VT9KFHR7S7OC,1,13,0.027094601774577103,0.11239424347877502,0.011088069528341293,0.5460546386355436,0.5172449330782775,,3272,9602,27321,28834,"[1, 64, 28, 28, 20]",0.7514543243047398,0.04801110550761223,0.032722048461437225
experiment_A_ema,23X6SY44VT9KFHR7S7OC,1,14,0.08390320337600182,0.3480485677719116,-0.019132470712065697,0.4058972055334464,0.3430574286398056,,3272,9602,27321,28834,"[1, 64, 28, 28, 20]",0.7514543243047398,0.04801110550761223,0.032722048461437225
experiment_A_ema,23X6SY44VT9KFHR7S7OC,1,15,-0.009926272495964441,0.0,-0.01582600548863411,0.5120103712650408,0.5222769994723876,,3272,9602,27321,28834,"[1, 64, 28, 28, 20]",0.7514543243047398,0.04801110550761223,0.032722048461437225
experiment_A_ema,23X6SY44VT9KFHR7S7OC,1,16,0.08184761497584106,0.3395215570926666,0.008656783029437065,0.472741330654836,0.4012103852558847,,3272,9602,27321,28834,"[1, 64, 28, 28, 20]",0.7514543243047398,0.04801110550761223,0.032722048461437225
experiment_A_ema,23X6SY44VT9KFHR7S7OC,1,17,-0.10646688200092638,0.0,-0.0009948213119059801,0.35421723046128334,0.4386292271785589,,3272,9602,27321,28834,"[1, 64, 28, 28, 20]",0.7514543243047398,0.04801110550761223,0.032722048461437225
experiment_A_ema,23X6SY44VT9KFHR7S7OC,1,18,-0.038951773035129214,0.0,-0.05931808799505234,0.4504141494755441,0.48692521875554595,,3272,9602,27321,28834,"[1, 64, 28, 28, 20]",0.7514543243047398,0.04801110550761223,0.032722048461437225
experiment_A_ema,23X6SY44VT9KFHR7S7OC,1,19,0.07187962381354565,0.2981721758842468,0.01361505500972271,0.5196941573214093,0.4499933147337524,,3272,9602,27321,28834,"[1, 64, 28, 28, 20]",0.7514543243047398,0.04801110550761223,0.032722048461437225
experiment_A_ema,23X6SY44VT9KFHR7S7OC,1,20,-0.04490549700841025,0.0,-0.0734494999051094,0.31355186535748836,0.34303632948211255,,3272,9602,27321,28834,"[1, 64, 28, 28, 20]",0.7514543243047398,0.04801110550761223,0.032722048461437225
experiment_A_ema,23X6SY44VT9KFHR7S7OC,1,21,-0.08843721207498034,0.0,-0.0232972651720047,0.3950311245679517,0.471680799216833,,3272,9602,27321,28834,"[1, 64, 28, 28, 20]",0.7514543243047398,0.04801110550761223,0.032722048461437225
experiment_A_ema,23X6SY44VT9KFHR7S7OC,1,22,0.10600976654823875,0.43975135684013367,-0.02169853448867798,0.49228733429883553,0.39791688664640706,,3272,9602,27321,28834,"[1, 64, 28, 28, 20]",0.7514543243047398,0.04801110550761223,0.032722048461437225
experiment_A_ema,23X6SY44VT9KFHR7S7OC,1,23,0.07412369291459718,0.307481050491333,-0.021612513810396194,0.41754257794982863,0.35991451315109485,,3272,9602,27321,28834,"[1, 64, 28, 28, 20]",0.7514543243047398,0.04801110550761223,0.032722048461437225
experiment_A_ema,23X6SY44VT9KFHR7S7OC,1,24,-0.0013288843886244954,0.0,-0.04202914237976074,0.44552098919275235,0.4467066579129747,,3272,9602,27321,28834,"[1, 64, 28, 28, 20]",0.7514543243047398,0.04801110550761223,0.032722048461437225
experiment_A_ema,23X6SY44VT9KFHR7S7OC,1,25,-0.08079088724752999,0.0,-0.014086819253861904,0.44004170382636615,0.5173938527123488,,3272,9602,27321,28834,"[1, 64, 28, 28, 20]",0.7514543243047398,0.04801110550761223,0.032722048461437225
experiment_A_ema,23X6SY44VT9KFHR7S7OC,1,26,-0.06675099547738296,0.0,0.025351479649543762,0.367598737612501,0.4201840924930308,,3272,9602,27321,28834,"[1, 64, 28, 28, 20]",0.7514543243047398,0.04801110550761223,0.032722048461437225
experiment_A_ema,23X6SY44VT9KFHR7S7OC,1,27,0.19121693050092267,0.7932090163230896,0.002816949039697647,0.6514557864947874,0.44230920996538936,high,3272,9602,27321,28834,"[1, 64, 28, 28, 20]",0.7514543243047398,0.04801110550761223,0.032722048461437225
experiment_A_ema,23X6SY44VT9KFHR7S7OC,1,28,-0.07591487367537002,0.0,-0.0017807175172492862,0.44760015736761366,0.5211421858952712,,3272,9602,27321,28834,"[1, 64, 28, 28, 20]",0.7514543243047398,0.04801110550761223,0.032722048461437225
experiment_A_ema,23X6SY44VT9KFHR7S7OC,1,29,0.0734117523413316,0.30452775955200195,-0.03666561096906662,0.5269727303802627,0.45489222968739224,,3272,9602,27321,28834,"[1, 64, 28, 28, 20]",0.7514543243047398,0.04801110550761223,0.032722048461437225
experiment_A_ema,23X6SY44VT9KFHR7S7OC,1,30,-0.042673212693856495,0.0,-0.06463654339313507,0.4684750539444507,0.5102400128287585,,3272,9602,27321,28834,"[1, 64, 28, 28, 20]",0.7514543243047398,0.04801110550761223,0.032722048461437225
experiment_A_ema,23X6SY44VT9KFHR7S7OC,1,31,0.08944363603737199,0.3710314631462097,-0.006679384503513575,0.6102014458773669,0.5100059351580237,,3272,9602,27321,28834,"[1, 64, 28, 28, 20]",0.7514543243047398,0.04801110550761223,0.032722048461437225
experiment_A_ema,23X6SY44VT9KFHR7S7OC,1,32,0.02915097029103116,0.12092451006174088,-0.10526515543460846,0.3538693655451972,0.33382245263312543,,3272,9602,27321,28834,"[1, 64, 28, 28, 20]",0.7514543243047398,0.04801110550761223,0.032722048461437225
experiment_A_ema,23X6SY44VT9KFHR7S7OC,1,33,0.24106651418063388,0.9999958276748657,0.15111996233463287,0.4760753315281619,0.29112804646196144,high,3272,9602,27321,28834,"[1, 64, 28, 28, 20]",0.7514543243047398,0.04801110550761223,0.032722048461437225
experiment_A_ema,23X6SY44VT9KFHR7S7OC,1,34,-0.06154485605076223,0.0,0.022220447659492493,0.424420169729763,0.48008806007466215,,3272,9602,27321,28834,"[1, 64, 28, 28, 20]",0.7514543243047398,0.04801110550761223,0.032722048461437225
experiment_A_ema,23X6SY44VT9KFHR7S7OC,1,35,-0.06944423649491427,0.0,-0.01959438994526863,0.3766773545804918,0.4328977489765373,,3272,9602,27321,28834,"[1, 64, 28, 28, 20]",0.7514543243047398,0.04801110550761223,0.032722048461437225
experiment_A_ema,23X6SY44VT9KFHR7S7OC,1,36,-0.15494993811212318,0.0,-0.0006275571649894118,0.3232333890145615,0.4417709132569835,low,3272,9602,27321,28834,"[1, 64, 28, 28, 20]",0.7514543243047398,0.04801110550761223,0.032722048461437225
experiment_A_ema,23X6SY44VT9KFHR7S7OC,1,37,0.03977756676678057,0.16500592231750488,-0.04613523185253143,0.41332557765003236,0.381701303044263,,3272,9602,27321,28834,"[1, 64, 28, 28, 20]",0.7514543243047398,0.04801110550761223,0.032722048461437225
experiment_A_ema,23X6SY44VT9KFHR7S7OC,1,38,0.023361677750685435,0.09690927714109421,-0.017187172546982765,0.4416270809169228,0.4214638063767374,,3272,9602,27321,28834,"[1, 64, 28, 28, 20]",0.7514543243047398,0.04801110550761223,0.032722048461437225
experiment_A_ema,23X6SY44VT9KFHR7S7OC,1,39,0.11962661488534904,0.49623697996139526,-0.015406811609864235,0.4581321752731575,0.3602337145137038,,3272,9602,27321,28834,"[1, 64, 28, 28, 20]",0.7514543243047398,0.04801110550761223,0.032722048461437225
experiment_A_ema,23X6SY44VT9KFHR7S7OC,1,40,-0.1675847850103741,0.0,0.018825899809598923,0.27517315767145717,0.3859710321720191,low,3272,9602,27321,28834,"[1, 64, 28, 28, 20]",0.7514543243047398,0.04801110550761223,0.032722048461437225
experiment_A_ema,23X6SY44VT9KFHR7S7OC,1,41,0.03198679415884354,0.13268812000751495,-0.0864880159497261,0.5604404672170489,0.5256983368758041,,3272,9602,27321,28834,"[1, 64, 28, 28, 20]",0.7514543243047398,0.04801110550761223,0.032722048461437225
experiment_A_ema,23X6SY44VT9KFHR7S7OC,1,42,0.013747063621465681,0.05702578276395798,-0.07967828214168549,0.32390543842301245,0.31512069180788566,middle,3272,9602,27321,28834,"[1, 64, 28, 28, 20]",0.7514543243047398,0.04801110550761223,0.032722048461437225
experiment_A_ema,23X6SY44VT9KFHR7S7OC,1,43,0.062089239788399586,0.25755953788757324,-0.09547501057386398,0.43717527623150426,0.38606109376313563,,3272,9602,27321,28834,"[1, 64, 28, 28, 20]",0.7514543243047398,0.04801110550761223,0.032722048461437225
experiment_A_ema,23X6SY44VT9KFHR7S7OC,1,44,0.016056471446802046,0.06660570204257965,0.04064983129501343,0.48115646091144937,0.4659492687495731,,3272,9602,27321,28834,"[1, 64, 28, 28, 20]",0.7514543243047398,0.04801110550761223,0.032722048461437225
experiment_A_ema,23X6SY44VT9KFHR7S7OC,1,45,-0.105245276810377,0.0,-0.03497518599033356,0.3441314858997799,0.4250883451968533,,3272,9602,27321,28834,"[1, 64, 28, 28, 20]",0.7514543243047398,0.04801110550761223,0.032722048461437225
experiment_A_ema,23X6SY44VT9KFHR7S7OC,1,46,0.23457309032129042,0.9730597138404846,-0.04304906725883484,0.38350095531470846,0.23776779099881995,high,3272,9602,27321,28834,"[1, 64, 28, 28, 20]",0.7514543243047398,0.04801110550761223,0.032722048461437225
experiment_A_ema,23X6SY44VT9KFHR7S7OC,1,47,0.05818680148361922,0.24137139320373535,-0.06576049327850342,0.5832671352473994,0.51912254743667,,3272,9602,27321,28834,"[1, 64, 28, 28, 20]",0.7514543243047398,0.04801110550761223,0.032722048461437225
experiment_A_ema,23X6SY44VT9KFHR7S7OC,1,48,-0.005072370235647134,0.0,-0.038088854402303696,0.4694192330523387,0.4742056529098796,,3272,9602,27321,28834,"[1, 64, 28, 28, 20]",0.7514543243047398,0.04801110550761223,0.032722048461437225
experiment_A_ema,23X6SY44VT9KFHR7S7OC,1,49,0.09788529257956423,0.40604928135871887,-0.03820379823446274,0.45340306845101425,0.3725539282823392,,3272,9602,27321,28834,"[1, 64, 28, 28, 20]",0.7514543243047398,0.04801110550761223,0.032722048461437225
experiment_A_ema,23X6SY44VT9KFHR7S7OC,1,50,0.008566881288249251,0.035537268966436386,0.005336732137948275,0.31851545812421417,0.3131044368973864,middle,3272,9602,27321,28834,"[1, 64, 28, 28, 20]",0.7514543243047398,0.04801110550761223,0.032722048461437225
experiment_A_ema,23X6SY44VT9KFHR7S7OC,1,51,0.06860368018356956,0.28458285331726074,-0.07870051264762878,0.47681607999603354,0.4155934344692055,,3272,9602,27321,28834,"[1, 64, 28, 28, 20]",0.7514543243047398,0.04801110550761223,0.032722048461437225
experiment_A_ema,23X6SY44VT9KFHR7S7OC,1,52,-0.051688556548965967,0.0,-0.021519389003515244,0.34938712415833434,0.3874744890077904,,3272,9602,27321,28834,"[1, 64, 28, 28, 20]",0.7514543243047398,0.04801110550761223,0.032722048461437225
experiment_A_ema,23X6SY44VT9KFHR7S7OC,1,53,-0.007472433035871985,0.0,0.025635473430156708,0.4575942603024645,0.46448443911006154,,3272,9602,27321,28834,"[1, 64, 28, 28, 20]",0.7514543243047398,0.04801110550761223,0.032722048461437225
experiment_A_ema,23X6SY44VT9KFHR7S7OC,1,54,0.0778378770729706,0.3228882849216461,0.014703398570418358,0.37034937608470836,0.31685849634877605,,3272,9602,27321,28834,"[1, 64, 28, 28, 20]",0.7514543243047398,0.04801110550761223,0.032722048461437225
experiment_A_ema,23X6SY44VT9KFHR7S7OC,1,55,0.0437661628355155,0.1815514713525772,0.020046742632985115,0.5913509317653961,0.5417590136189978,,3272,9602,27321,28834,"[1, 64, 28, 28, 20]",0.7514543243047398,0.04801110550761223,0.032722048461437225
experiment_A_ema,23X6SY44VT9KFHR7S7OC,1,56,-0.019337875008105708,0.0,0.006946035660803318,0.3076739643615849,0.31980815448350763,,3272,9602,27321,28834,"[1, 64, 28, 28, 20]",0.7514543243047398,0.04801110550761223,0.032722048461437225
experiment_A_ema,23X6SY44VT9KFHR7S7OC,1,57,0.11732834351271064,0.4867032468318939,0.029142562299966812,0.46036136837800234,0.36367806888629284,,3272,9602,27321,28834,"[1, 64, 28, 28, 20]",0.7514543243047398,0.04801110550761223,0.032722048461437225
experiment_A_ema,23X6SY44VT9KFHR7S7OC,1,58,-0.047593008909330665,0.0,-0.019514989107847214,0.4100160575763746,0.4509941727314486,,3272,9602,27321,28834,"[1, 64, 28, 28, 20]",0.7514543243047398,0.04801110550761223,0.032722048461437225
experiment_A_ema,23X6SY44VT9KFHR7S7OC,1,59,0.097240619603182,0.4033750593662262,-0.033745698630809784,0.3694697457507582,0.30398271404619576,,3272,9602,27321,28834,"[1, 64, 28, 28, 20]",0.7514543243047398,0.04801110550761223,0.032722048461437225
experiment_A_ema,23X6SY44VT9KFHR7S7OC,1,60,-0.03898737507902107,0.0,0.02565380558371544,0.49746534449185503,0.5378287839831951,,3272,9602,27321,28834,"[1, 64, 28, 28, 20]",0.7514543243047398,0.04801110550761223,0.032722048461437225
experiment_A_ema,23X6SY44VT9KFHR7S7OC,1,61,0.012779777746177572,0.05301327258348465,-0.012731200084090233,0.5580090236403421,0.5439265195282562,middle,3272,9602,27321,28834,"[1, 64, 28, 28, 20]",0.7514543243047398,0.04801110550761223,0.032722048461437225
experiment_A_ema,23X6SY44VT9KFHR7S7OC,1,62,-0.026907498705505017,0.0,-0.015136311762034893,0.4249130901811338,0.44841211388656915,,3272,9602,27321,28834,"[1, 64, 28, 28, 20]",0.7514543243047398,0.04801110550761223,0.032722048461437225
experiment_A_ema,23X6SY44VT9KFHR7S7OC,1,63,-0.10863253032044927,0.0,-0.019045375287532806,0.35565348951125575,0.44234185118786,low,3272,9602,27321,28834,"[1, 64, 28, 28, 20]",0.7514543243047398,0.04801110550761223,0.032722048461437225
experiment_A_ema,23X6SY44VT9KFHR7S7OC,2,0,0.0003713708653065731,0.0020492326002568007,0.06664914637804031,0.4257814419136889,0.42546531329824555,middle,2996,9998,24467,25867,"[1, 64, 28, 28, 20]",0.8228814074580062,0.05634536221623421,0.03824702650308609
experiment_A_ema,23X6SY44VT9KFHR7S7OC,2,1,0.054680162937100235,0.3017263412475586,-0.017653359100222588,0.5008053915608836,0.44887657235535533,,2996,9998,24467,25867,"[1, 64, 28, 28, 20]",0.8228814074580062,0.05634536221623421,0.03824702650308609
experiment_A_ema,23X6SY44VT9KFHR7S7OC,2,2,0.11414064908708231,0.6298306584358215,-0.0434284545481205,0.5322741327239374,0.4232139846690576,high,2996,9998,24467,25867,"[1, 64, 28, 28, 20]",0.8228814074580062,0.05634536221623421,0.03824702650308609
experiment_A_ema,23X6SY44VT9KFHR7S7OC,2,3,-0.0274118765282525,0.0,-0.0139986677095294,0.391564198942569,0.4136362825331473,,2996,9998,24467,25867,"[1, 64, 28, 28, 20]",0.8228814074580062,0.05634536221623421,0.03824702650308609
experiment_A_ema,23X6SY44VT9KFHR7S7OC,2,4,0.017791811888427135,0.09817561507225037,-0.11898978799581528,0.551720297658471,0.5324312593065913,,2996,9998,24467,25867,"[1, 64, 28, 28, 20]",0.8228814074580062,0.05634536221623421,0.03824702650308609
experiment_A_ema,23X6SY44VT9KFHR7S7OC,2,5,0.04489178722059547,0.2477138787508011,0.012984300963580608,0.6177331851848161,0.564653680697417,,2996,9998,24467,25867,"[1, 64, 28, 28, 20]",0.8228814074580062,0.05634536221623421,0.03824702650308609
experiment_A_ema,23X6SY44VT9KFHR7S7OC,2,6,-0.01046924275849997,0.0,-0.0590447373688221,0.42325505654902695,0.43221115041062347,,2996,9998,24467,25867,"[1, 64, 28, 28, 20]",0.8228814074580062,0.05634536221623421,0.03824702650308609
experiment_A_ema,23X6SY44VT9KFHR7S7OC,2,7,-0.0688692773770152,0.0,-0.018883835524320602,0.33757526089055884,0.3875115333121965,,2996,9998,24467,25867,"[1, 64, 28, 28, 20]",0.8228814074580062,0.05634536221623421,0.03824702650308609
experiment_A_ema,23X6SY44VT9KFHR7S7OC,2,8,0.06136397258926548,0.3386077582836151,-0.07260902225971222,0.4556474787514478,0.40295986017655505,,2996,9998,24467,25867,"[1, 64, 28, 28, 20]",0.8228814074580062,0.05634536221623421,0.03824702650308609
experiment_A_ema,23X6SY44VT9KFHR7S7OC,2,9,-0.11194463253881289,0.0,0.012662852182984352,0.36485109852519637,0.4568345032195814,,2996,9998,24467,25867,"[1, 64, 28, 28, 20]",0.8228814074580062,0.05634536221623421,0.03824702650308609
experiment_A_ema,23X6SY44VT9KFHR7S7OC,2,10,0.0357140034395036,0.1970706582069397,0.018798401579260826,0.4977905811368611,0.4634604237288571,,2996,9998,24467,25867,"[1, 64, 28, 28, 20]",0.8228814074580062,0.05634536221623421,0.03824702650308609
experiment_A_ema,23X6SY44VT9KFHR7S7OC,2,11,0.0048563176930748,0.02679726853966713,0.0041605522856116295,0.43706834874366846,0.4328437742530217,,2996,9998,24467,25867,"[1, 64, 28, 28, 20]",0.8228814074580062,0.05634536221623421,0.03824702650308609
experiment_A_ema,23X6SY44VT9KFHR7S7OC,2,12,-0.02000505582361701,0.0,-0.0006418782286345959,0.48558237319195857,0.5054071948258324,,2996,9998,24467,25867,"[1, 64, 28, 28, 20]",0.8228814074580062,0.05634536221623421,0.03824702650308609
experiment_A_ema,23X6SY44VT9KFHR7S7OC,2,13,0.016233592816455235,0.0895773246884346,0.003283248282968998,0.5339986798298462,0.5169381824974293,,2996,9998,24467,25867,"[1, 64, 28, 28, 20]",0.8228814074580062,0.05634536221623421,0.03824702650308609
experiment_A_ema,23X6SY44VT9KFHR7S7OC,2,14,0.065713858832811,0.36261051893234253,-0.019967632368206978,0.4133330935817087,0.36235928819414454,,2996,9998,24467,25867,"[1, 64, 28, 28, 20]",0.8228814074580062,0.05634536221623421,0.03824702650308609
experiment_A_ema,23X6SY44VT9KFHR7S7OC,2,15,0.00044465805000500113,0.0024536328855901957,0.02709895744919777,0.5359959880550497,0.5355195296097567,middle,2996,9998,24467,25867,"[1, 64, 28, 28, 20]",0.8228814074580062,0.05634536221623421,0.03824702650308609
experiment_A_ema,23X6SY44VT9KFHR7S7OC,2,16,0.012835911180186252,0.07082884013652802,0.024647939950227737,0.4760761868822353,0.4640093199784796,,2996,9998,24467,25867,"[1, 64, 28, 28, 20]",0.8228814074580062,0.05634536221623421,0.03824702650308609
experiment_A_ema,23X6SY44VT9KFHR7S7OC,2,17,-0.08299159437769653,0.0,0.018054502084851265,0.3713802633238509,0.4386020717183686,,2996,9998,24467,25867,"[1, 64, 28, 28, 20]",0.8228814074580062,0.05634536221623421,0.03824702650308609
experiment_A_ema,23X6SY44VT9KFHR7S7OC,2,18,-0.027003422514034897,0.0,-0.03265077993273735,0.4452983614110187,0.4700149813415217,,2996,9998,24467,25867,"[1, 64, 28, 28, 20]",0.8228814074580062,0.05634536221623421,0.03824702650308609
experiment_A_ema,23X6SY44VT9KFHR7S7OC,2,19,-0.01588298324782969,0.0,-0.01418740302324295,0.5269476635537707,0.5439568376900347,,2996,9998,24467,25867,"[1, 64, 28, 28, 20]",0.8228814074580062,0.05634536221623421,0.03824702650308609
experiment_A_ema,23X6SY44VT9KFHR7S7OC,2,20,-0.04803478862944679,0.0,-0.0638933926820755,0.31155501858730555,0.3429963009008324,,2996,9998,24467,25867,"[1, 64, 28, 28, 20]",0.8228814074580062,0.05634536221623421,0.03824702650308609
experiment_A_ema,23X6SY44VT9KFHR7S7OC,2,21,-0.0904976231397221,0.0,-0.02995627373456955,0.39734380687927545,0.4764171908649424,,2996,9998,24467,25867,"[1, 64, 28, 28, 20]",0.8228814074580062,0.05634536221623421,0.03824702650308609
experiment_A_ema,23X6SY44VT9KFHR7S7OC,2,22,0.09818909044082536,0.5418095588684082,-0.0220669936388731,0.49233290581590616,0.4042938427228779,,2996,9998,24467,25867,"[1, 64, 28, 28, 20]",0.8228814074580062,0.05634536221623421,0.03824702650308609
experiment_A_ema,23X6SY44VT9KFHR7S7OC,2,23,-0.025863960319059746,0.0,-0.036174215376377106,0.38949964674865234,0.4101826231080418,,2996,9998,24467,25867,"[1, 64, 28, 28, 20]",0.8228814074580062,0.05634536221623421,0.03824702650308609
experiment_A_ema,23X6SY44VT9KFHR7S7OC,2,24,0.038855327570339604,0.21440455317497253,-0.06734918057918549,0.4439351363852546,0.4107269232412,,2996,9998,24467,25867,"[1, 64, 28, 28, 20]",0.8228814074580062,0.05634536221623421,0.03824702650308609
experiment_A_ema,23X6SY44VT9KFHR7S7OC,2,25,-0.0386592571646905,0.0,-0.012830265797674656,0.45631587340241425,0.49301639225443794,,2996,9998,24467,25867,"[1, 64, 28, 28, 20]",0.8228814074580062,0.05634536221623421,0.03824702650308609
experiment_A_ema,23X6SY44VT9KFHR7S7OC,2,26,-0.07068685950410848,0.0,0.04224781319499016,0.37206772434162577,0.42866938669613736,,2996,9998,24467,25867,"[1, 64, 28, 28, 20]",0.8228814074580062,0.05634536221623421,0.03824702650308609
experiment_A_ema,23X6SY44VT9KFHR7S7OC,2,27,0.08017470200019011,0.4424057900905609,0.011841265484690666,0.596732693567974,0.5081490489420778,,2996,9998,24467,25867,"[1, 64, 28, 28, 20]",0.8228814074580062,0.05634536221623421,0.03824702650308609
experiment_A_ema,23X6SY44VT9KFHR7S7OC,2,28,-0.053712084844102115,0.0,-0.036211658269166946,0.4524448588780553,0.5038072045535249,,2996,9998,24467,25867,"[1, 64, 28, 28, 20]",0.8228814074580062,0.05634536221623421,0.03824702650308609
experiment_A_ema,23X6SY44VT9KFHR7S7OC,2,29,0.01565902726599285,0.08640685677528381,-0.00227604852989316,0.5137320605191127,0.49789101159100563,,2996,9998,24467,25867,"[1, 64, 28, 28, 20]",0.8228814074580062,0.05634536221623421,0.03824702650308609
experiment_A_ema,23X6SY44VT9KFHR7S7OC,2,30,-0.08710042426587329,0.0,-0.026825908571481705,0.46013968301904434,0.5479443139512156,,2996,9998,24467,25867,"[1, 64, 28, 28, 20]",0.8228814074580062,0.05634536221623421,0.03824702650308609
experiment_A_ema,23X6SY44VT9KFHR7S7OC,2,31,0.06640976335888034,0.36645054817199707,0.07263517379760742,0.6109229818079978,0.5348334986632362,,2996,9998,24467,25867,"[1, 64, 28, 28, 20]",0.8228814074580062,0.05634536221623421,0.03824702650308609
experiment_A_ema,23X6SY44VT9KFHR7S7OC,2,32,0.013255975522340762,0.0731467679142952,-0.08720424771308899,0.34584437981750227,0.3367953115225448,,2996,9998,24467,25867,"[1, 64, 28, 28, 20]",0.8228814074580062,0.05634536221623421,0.03824702650308609
experiment_A_ema,23X6SY44VT9KFHR7S7OC,2,33,0.18122335328685407,0.9999944567680359,0.295288622379303,0.4720848080998915,0.3272300990674941,high,2996,9998,24467,25867,"[1, 64, 28, 28, 20]",0.8228814074580062,0.05634536221623421,0.03824702650308609
experiment_A_ema,23X6SY44VT9KFHR7S7OC,2,34,-0.025796227762443644,0.0,0.01098543219268322,0.4249914561736616,0.4474984297886003,,2996,9998,24467,25867,"[1, 64, 28, 28, 20]",0.8228814074580062,0.05634536221623421,0.03824702650308609
experiment_A_ema,23X6SY44VT9KFHR7S7OC,2,35,-0.05289041485806821,0.0,-0.055973347276449203,0.40940680287257053,0.4551327092186837,,2996,9998,24467,25867,"[1, 64, 28, 28, 20]",0.8228814074580062,0.05634536221623421,0.03824702650308609
experiment_A_ema,23X6SY44VT9KFHR7S7OC,2,36,-0.14942994889083014,0.0,-0.021134302020072937,0.3390964644617797,0.45824301095135456,low,2996,9998,24467,25867,"[1, 64, 28, 28, 20]",0.8228814074580062,0.05634536221623421,0.03824702650308609
experiment_A_ema,23X6SY44VT9KFHR7S7OC,2,37,0.04304330292784847,0.23751389980316162,-0.09757141023874283,0.4380324998881003,0.40187985492378675,,2996,9998,24467,25867,"[1, 64, 28, 28, 20]",0.8228814074580062,0.05634536221623421,0.03824702650308609
experiment_A_ema,23X6SY44VT9KFHR7S7OC,2,38,-0.04183017537165689,0.0,-0.008308334276080132,0.4140701652725988,0.45022377416198295,,2996,9998,24467,25867,"[1, 64, 28, 28, 20]",0.8228814074580062,0.05634536221623421,0.03824702650308609
experiment_A_ema,23X6SY44VT9KFHR7S7OC,2,39,0.1407029752428253,0.7764021158218384,-0.023806728422641754,0.46756510244333027,0.3522189118699672,high,2996,9998,24467,25867,"[1, 64, 28, 28, 20]",0.8228814074580062,0.05634536221623421,0.03824702650308609
experiment_A_ema,23X6SY44VT9KFHR7S7OC,2,40,-0.1522897749811443,0.0,0.04166526347398758,0.26732364082529825,0.3633723424966904,low,2996,9998,24467,25867,"[1, 64, 28, 28, 20]",0.8228814074580062,0.05634536221623421,0.03824702650308609
experiment_A_ema,23X6SY44VT9KFHR7S7OC,2,41,0.021564761106253435,0.1189948320388794,-0.068002849817276,0.5650375102003489,0.5411821264403839,,2996,9998,24467,25867,"[1, 64, 28, 28, 20]",0.8228814074580062,0.05634536221623421,0.03824702650308609
experiment_A_ema,23X6SY44VT9KFHR7S7OC,2,42,-0.03244761177408144,0.0,-0.10192625969648361,0.31341435231831793,0.3344355674504567,,2996,9998,24467,25867,"[1, 64, 28, 28, 20]",0.8228814074580062,0.05634536221623421,0.03824702650308609
experiment_A_ema,23X6SY44VT9KFHR7S7OC,2,43,-0.013801718477513278,0.0,-0.05024911090731621,0.4432707462221396,0.4556777947115968,,2996,9998,24467,25867,"[1, 64, 28, 28, 20]",0.8228814074580062,0.05634536221623421,0.03824702650308609
experiment_A_ema,23X6SY44VT9KFHR7S7OC,2,44,-0.008933831595492957,0.0,0.050799205899238586,0.4842194600309928,0.4929493303787163,,2996,9998,24467,25867,"[1, 64, 28, 28, 20]",0.8228814074580062,0.05634536221623421,0.03824702650308609
experiment_A_ema,23X6SY44VT9KFHR7S7OC,2,45,-0.17866852432203933,0.0,-0.021711204200983047,0.3246636680742425,0.465915451374489,low,2996,9998,24467,25867,"[1, 64, 28, 28, 20]",0.8228814074580062,0.05634536221623421,0.03824702650308609
experiment_A_ema,23X6SY44VT9KFHR7S7OC,2,46,0.15264855576388772,0.8423181176185608,-0.12273955345153809,0.3841598186529169,0.2824089119590729,high,2996,9998,24467,25867,"[1, 64, 28, 28, 20]",0.8228814074580062,0.05634536221623421,0.03824702650308609
experiment_A_ema,23X6SY44VT9KFHR7S7OC,2,47,0.048432969459069025,0.26725420355796814,0.004587965551763773,0.5968230998872742,0.5416818747869118,,2996,9998,24467,25867,"[1, 64, 28, 28, 20]",0.8228814074580062,0.05634536221623421,0.03824702650308609
experiment_A_ema,23X6SY44VT9KFHR7S7OC,2,48,-0.02324757185450355,0.0,-0.07111650705337524,0.4718531992701669,0.4943142701874383,,2996,9998,24467,25867,"[1, 64, 28, 28, 20]",0.8228814074580062,0.05634536221623421,0.03824702650308609
experiment_A_ema,23X6SY44VT9KFHR7S7OC,2,49,0.039132929495550334,0.21593637764453888,-0.07335804402828217,0.4700697287459694,0.43466477795030317,,2996,9998,24467,25867,"[1, 64, 28, 28, 20]",0.8228814074580062,0.05634536221623421,0.03824702650308609
experiment_A_ema,23X6SY44VT9KFHR7S7OC,2,50,0.033473819308653244,0.18470928072929382,-0.0068196626380085945,0.32086134183631515,0.30007615866862664,,2996,9998,24467,25867,"[1, 64, 28, 28, 20]",0.8228814074580062,0.05634536221623421,0.03824702650308609
experiment_A_ema,23X6SY44VT9KFHR7S7OC,2,51,0.051685479919851056,0.28520163893699646,-0.06357662379741669,0.49934314575014593,0.4502622818068855,,2996,9998,24467,25867,"[1, 64, 28, 28, 20]",0.8228814074580062,0.05634536221623421,0.03824702650308609
experiment_A_ema,23X6SY44VT9KFHR7S7OC,2,52,-0.09525239422770704,0.0,0.0002238668967038393,0.33637958522928,0.40720819706353595,,2996,9998,24467,25867,"[1, 64, 28, 28, 20]",0.8228814074580062,0.05634536221623421,0.03824702650308609
experiment_A_ema,23X6SY44VT9KFHR7S7OC,2,53,0.012168238244410564,0.06714460998773575,0.0018329387530684471,0.45790390605855336,0.4468940962353363,,2996,9998,24467,25867,"[1, 64, 28, 28, 20]",0.8228814074580062,0.05634536221623421,0.03824702650308609
experiment_A_ema,23X6SY44VT9KFHR7S7OC,2,54,0.07192265492870102,0.39687079191207886,0.0011799618368968368,0.3750141612885642,0.3246895414047627,,2996,9998,24467,25867,"[1, 64, 28, 28, 20]",0.8228814074580062,0.05634536221623421,0.03824702650308609
experiment_A_ema,23X6SY44VT9KFHR7S7OC,2,55,-0.0005029977928715075,0.0,0.01339973509311676,0.5867606004570107,0.5873511765924488,middle,2996,9998,24467,25867,"[1, 64, 28, 28, 20]",0.8228814074580062,0.05634536221623421,0.03824702650308609
experiment_A_ema,23X6SY44VT9KFHR7S7OC,2,56,0.0075368073839050505,0.04158826917409897,-0.019319672137498856,0.3159969723025529,0.3112693790968434,,2996,9998,24467,25867,"[1, 64, 28, 28, 20]",0.8228814074580062,0.05634536221623421,0.03824702650308609
experiment_A_ema,23X6SY44VT9KFHR7S7OC,2,57,-0.006680355612869312,0.0,-0.006757854484021664,0.431605044697066,0.43741038347065186,middle,2996,9998,24467,25867,"[1, 64, 28, 28, 20]",0.8228814074580062,0.05634536221623421,0.03824702650308609
experiment_A_ema,23X6SY44VT9KFHR7S7OC,2,58,-0.049043367849631196,0.0,-0.022984890267252922,0.38926196766755,0.4294125733764676,,2996,9998,24467,25867,"[1, 64, 28, 28, 20]",0.8228814074580062,0.05634536221623421,0.03824702650308609
experiment_A_ema,23X6SY44VT9KFHR7S7OC,2,59,0.06069807203297807,0.3349333107471466,-0.05968380346894264,0.37641443780720363,0.33333401442994637,,2996,9998,24467,25867,"[1, 64, 28, 28, 20]",0.8228814074580062,0.05634536221623421,0.03824702650308609
experiment_A_ema,23X6SY44VT9KFHR7S7OC,2,60,-0.04332308425706047,0.0,0.03231281042098999,0.4854356068407723,0.5294015247217325,,2996,9998,24467,25867,"[1, 64, 28, 28, 20]",0.8228814074580062,0.05634536221623421,0.03824702650308609
experiment_A_ema,23X6SY44VT9KFHR7S7OC,2,61,0.007331966254071756,0.04045795276761055,-0.0018447928596287966,0.5418050898845496,0.5339179177617918,,2996,9998,24467,25867,"[1, 64, 28, 28, 20]",0.8228814074580062,0.05634536221623421,0.03824702650308609
experiment_A_ema,23X6SY44VT9KFHR7S7OC,2,62,-0.014610088266054071,0.0,-0.03569851815700531,0.42393796595199085,0.43650918945078887,,2996,9998,24467,25867,"[1, 64, 28, 28, 20]",0.8228814074580062,0.05634536221623421,0.03824702650308609
experiment_A_ema,23X6SY44VT9KFHR7S7OC,2,63,-0.15462910275790112,0.0,-0.004450957290828228,0.34225178986787175,0.4674563945491,low,2996,9998,24467,25867,"[1, 64, 28, 28, 20]",0.8228814074580062,0.05634536221623421,0.03824702650308609
experiment_A_ema,2XL5HSFSE93RMOJDRGR4,0,0,0.05015954425513626,0.367349237203598,0.020180977880954742,0.4920107876371799,0.4450101921728627,,3518,9226,28994,31511,"[1, 64, 28, 28, 20]",0.8149159628258265,0.056140556931495667,0.03790215402841568
experiment_A_ema,2XL5HSFSE93RMOJDRGR4,0,1,0.11065609401873129,0.8104027509689331,0.011951790191233158,0.6214879066678719,0.49764852933018866,,3518,9226,28994,31511,"[1, 64, 28, 28, 20]",0.8149159628258265,0.056140556931495667,0.03790215402841568
experiment_A_ema,2XL5HSFSE93RMOJDRGR4,0,2,-0.04410621462155,0.0,-0.036819834262132645,0.429796058823629,0.46945883215063294,,3518,9226,28994,31511,"[1, 64, 28, 28, 20]",0.8149159628258265,0.056140556931495667,0.03790215402841568
experiment_A_ema,2XL5HSFSE93RMOJDRGR4,0,3,-0.05685130586913313,0.0,0.005653874017298222,0.37151038025912797,0.4162983947445553,,3518,9226,28994,31511,"[1, 64, 28, 28, 20]",0.8149159628258265,0.056140556931495667,0.03790215402841568
experiment_A_ema,2XL5HSFSE93RMOJDRGR4,0,4,-0.0898262724933098,0.0,-0.036534760147333145,0.39892177810601126,0.47766213321374335,,3518,9226,28994,31511,"[1, 64, 28, 28, 20]",0.8149159628258265,0.056140556931495667,0.03790215402841568
experiment_A_ema,2XL5HSFSE93RMOJDRGR4,0,5,0.071481763296836,0.5235049724578857,-0.0027556312270462513,0.558942965296488,0.48436537405554747,,3518,9226,28994,31511,"[1, 64, 28, 28, 20]",0.8149159628258265,0.056140556931495667,0.03790215402841568
experiment_A_ema,2XL5HSFSE93RMOJDRGR4,0,6,-0.017232125315597566,0.0,-0.027704892680048943,0.44855655525551613,0.46428680364166874,,3518,9226,28994,31511,"[1, 64, 28, 28, 20]",0.8149159628258265,0.056140556931495667,0.03790215402841568
experiment_A_ema,2XL5HSFSE93RMOJDRGR4,0,7,0.015585229262732064,0.11414023488759995,-0.01724608615040779,0.46164433384550735,0.4474754775720438,,3518,9226,28994,31511,"[1, 64, 28, 28, 20]",0.8149159628258265,0.056140556931495667,0.03790215402841568
experiment_A_ema,2XL5HSFSE93RMOJDRGR4,0,8,0.04416407648642474,0.3234407305717468,0.0023578456602990627,0.40505740741055224,0.370792661462757,,3518,9226,28994,31511,"[1, 64, 28, 28, 20]",0.8149159628258265,0.056140556931495667,0.03790215402841568
experiment_A_ema,2XL5HSFSE93RMOJDRGR4,0,9,-0.062020344589268576,0.0,0.008686220273375511,0.3813219543894162,0.4317489543449776,,3518,9226,28994,31511,"[1, 64, 28, 28, 20]",0.8149159628258265,0.056140556931495667,0.03790215402841568
experiment_A_ema,2XL5HSFSE93RMOJDRGR4,0,10,-0.09695268900504661,0.0,0.010552437976002693,0.38513645380541484,0.46783436531462935,,3518,9226,28994,31511,"[1, 64, 28, 28, 20]",0.8149159628258265,0.056140556931495667,0.03790215402841568
experiment_A_ema,2XL5HSFSE93RMOJDRGR4,0,11,-0.01533874464009424,0.0,-0.010626746341586113,0.40834473056946774,0.42106687878564,,3518,9226,28994,31511,"[1, 64, 28, 28, 20]",0.8149159628258265,0.056140556931495667,0.03790215402841568
experiment_A_ema,2XL5HSFSE93RMOJDRGR4,0,12,-0.035670161865859355,0.0,0.012035025283694267,0.3981584419767938,0.42761391114724157,,3518,9226,28994,31511,"[1, 64, 28, 28, 20]",0.8149159628258265,0.056140556931495667,0.03790215402841568
experiment_A_ema,2XL5HSFSE93RMOJDRGR4,0,13,-0.026266621668046674,0.0,0.013097518123686314,0.42601688599609217,0.4490006672877196,,3518,9226,28994,31511,"[1, 64, 28, 28, 20]",0.8149159628258265,0.056140556931495667,0.03790215402841568
experiment_A_ema,2XL5HSFSE93RMOJDRGR4,0,14,0.003868750532067249,0.02833324298262596,0.01994297280907631,0.5595481179740859,0.5552352951825459,,3518,9226,28994,31511,"[1, 64, 28, 28, 20]",0.8149159628258265,0.056140556931495667,0.03790215402841568
experiment_A_ema,2XL5HSFSE93RMOJDRGR4,0,15,-0.0036459716307274486,0.0,0.003416811116039753,0.49991016405855765,0.503568823625657,,3518,9226,28994,31511,"[1, 64, 28, 28, 20]",0.8149159628258265,0.056140556931495667,0.03790215402841568
experiment_A_ema,2XL5HSFSE93RMOJDRGR4,0,16,0.051808897338891345,0.3794284760951996,0.019636038690805435,0.41138040321219116,0.37085366677627807,,3518,9226,28994,31511,"[1, 64, 28, 28, 20]",0.8149159628258265,0.056140556931495667,0.03790215402841568
experiment_A_ema,2XL5HSFSE93RMOJDRGR4,0,17,0.016298262713878815,0.11936222016811371,0.0014262781478464603,0.4604543349484545,0.44568580853608886,middle,3518,9226,28994,31511,"[1, 64, 28, 28, 20]",0.8149159628258265,0.056140556931495667,0.03790215402841568
experiment_A_ema,2XL5HSFSE93RMOJDRGR4,0,18,0.045208064082618606,0.33108651638031006,0.0029960330575704575,0.43790744834432205,0.40002605176628475,,3518,9226,28994,31511,"[1, 64, 28, 28, 20]",0.8149159628258265,0.056140556931495667,0.03790215402841568
experiment_A_ema,2XL5HSFSE93RMOJDRGR4,0,19,0.08972301797517238,0.6570969223976135,-0.02399369701743126,0.6699693669461645,0.5596446010684484,,3518,9226,28994,31511,"[1, 64, 28, 28, 20]",0.8149159628258265,0.056140556931495667,0.03790215402841568
experiment_A_ema,2XL5HSFSE93RMOJDRGR4,0,20,-0.08502946457455597,0.0,-0.04943375289440155,0.30908898389617295,0.36653720174309395,,3518,9226,28994,31511,"[1, 64, 28, 28, 20]",0.8149159628258265,0.056140556931495667,0.03790215402841568
experiment_A_ema,2XL5HSFSE93RMOJDRGR4,0,21,0.03718174601024024,0.27230483293533325,-0.015912212431430817,0.4522860455344109,0.41985816387413455,,3518,9226,28994,31511,"[1, 64, 28, 28, 20]",0.8149159628258265,0.056140556931495667,0.03790215402841568
experiment_A_ema,2XL5HSFSE93RMOJDRGR4,0,22,-0.0004103107788449592,0.0,-0.024080703034996986,0.43118518371941894,0.4315391692309173,,3518,9226,28994,31511,"[1, 64, 28, 28, 20]",0.8149159628258265,0.056140556931495667,0.03790215402841568
experiment_A_ema,2XL5HSFSE93RMOJDRGR4,0,23,0.010486000773189435,0.07679544389247894,-0.03299576789140701,0.43288800734720834,0.4239036785801114,,3518,9226,28994,31511,"[1, 64, 28, 28, 20]",0.8149159628258265,0.056140556931495667,0.03790215402841568
experiment_A_ema,2XL5HSFSE93RMOJDRGR4,0,24,0.09626109718364648,0.7049793004989624,-0.06673039495944977,0.4894427644340061,0.40348815788160297,,3518,9226,28994,31511,"[1, 64, 28, 28, 20]",0.8149159628258265,0.056140556931495667,0.03790215402841568
experiment_A_ema,2XL5HSFSE93RMOJDRGR4,0,25,-0.15198631437806281,0.0,0.030083514750003815,0.3396506562726914,0.4613994636124545,low,3518,9226,28994,31511,"[1, 64, 28, 28, 20]",0.8149159628258265,0.056140556931495667,0.03790215402841568
experiment_A_ema,2XL5HSFSE93RMOJDRGR4,0,26,-0.057849600568763794,0.0,0.004418247379362583,0.27434176072590344,0.30803190236720834,,3518,9226,28994,31511,"[1, 64, 28, 28, 20]",0.8149159628258265,0.056140556931495667,0.03790215402841568
experiment_A_ema,2XL5HSFSE93RMOJDRGR4,0,27,0.04676839809081583,0.3425137996673584,-0.03031746856868267,0.5400006441851185,0.4917473944179153,,3518,9226,28994,31511,"[1, 64, 28, 28, 20]",0.8149159628258265,0.056140556931495667,0.03790215402841568
experiment_A_ema,2XL5HSFSE93RMOJDRGR4,0,28,0.027672706631458474,0.20266428589820862,-0.020017754286527634,0.4168270743814313,0.3943787849458409,middle,3518,9226,28994,31511,"[1, 64, 28, 28, 20]",0.8149159628258265,0.056140556931495667,0.03790215402841568
experiment_A_ema,2XL5HSFSE93RMOJDRGR4,0,29,0.11530804184025222,0.84447181224823,-0.04843829572200775,0.588449218438744,0.46677344419674666,high,3518,9226,28994,31511,"[1, 64, 28, 28, 20]",0.8149159628258265,0.056140556931495667,0.03790215402841568
experiment_A_ema,2XL5HSFSE93RMOJDRGR4,0,30,0.11253789910371526,0.8241843581199646,-0.011583714745938778,0.5437139873044097,0.43371596177595495,,3518,9226,28994,31511,"[1, 64, 28, 28, 20]",0.8149159628258265,0.056140556931495667,0.03790215402841568
experiment_A_ema,2XL5HSFSE93RMOJDRGR4,0,31,0.04421679243255539,0.3238268196582794,0.011880340054631233,0.6361391483637969,0.5822651731631203,,3518,9226,28994,31511,"[1, 64, 28, 28, 20]",0.8149159628258265,0.056140556931495667,0.03790215402841568
experiment_A_ema,2XL5HSFSE93RMOJDRGR4,0,32,0.09201691390292638,0.6738965511322021,-0.06755902618169785,0.3432645560509159,0.2854152852083433,,3518,9226,28994,31511,"[1, 64, 28, 28, 20]",0.8149159628258265,0.056140556931495667,0.03790215402841568
experiment_A_ema,2XL5HSFSE93RMOJDRGR4,0,33,0.08479367727472344,0.620996356010437,0.16057878732681274,0.4058439844109768,0.3423977329148855,,3518,9226,28994,31511,"[1, 64, 28, 28, 20]",0.8149159628258265,0.056140556931495667,0.03790215402841568
experiment_A_ema,2XL5HSFSE93RMOJDRGR4,0,34,0.011068748552585462,0.08106326311826706,-0.005442792549729347,0.45472852744743264,0.444772169343035,,3518,9226,28994,31511,"[1, 64, 28, 28, 20]",0.8149159628258265,0.056140556931495667,0.03790215402841568
experiment_A_ema,2XL5HSFSE93RMOJDRGR4,0,35,-0.23433669931356277,0.0,-0.025335775688290596,0.29478687946249177,0.47523042805781684,low,3518,9226,28994,31511,"[1, 64, 28, 28, 20]",0.8149159628258265,0.056140556931495667,0.03790215402841568
experiment_A_ema,2XL5HSFSE93RMOJDRGR4,0,36,-0.01846984234589099,0.0,-0.031597547233104706,0.35780613751781487,0.371272116395249,,3518,9226,28994,31511,"[1, 64, 28, 28, 20]",0.8149159628258265,0.056140556931495667,0.03790215402841568
experiment_A_ema,2XL5HSFSE93RMOJDRGR4,0,37,-0.04913627961874982,0.0,-0.028895309194922447,0.3159755772519939,0.3486319685978842,,3518,9226,28994,31511,"[1, 64, 28, 28, 20]",0.8149159628258265,0.056140556931495667,0.03790215402841568
experiment_A_ema,2XL5HSFSE93RMOJDRGR4,0,38,0.09771504747549964,0.7156274914741516,-0.03148021548986435,0.5838950537257648,0.4799420617643975,,3518,9226,28994,31511,"[1, 64, 28, 28, 20]",0.8149159628258265,0.056140556931495667,0.03790215402841568
experiment_A_ema,2XL5HSFSE93RMOJDRGR4,0,39,-0.025452620995010236,0.0,-0.05396734178066254,0.3758800889389796,0.39551411879889903,,3518,9226,28994,31511,"[1, 64, 28, 28, 20]",0.8149159628258265,0.056140556931495667,0.03790215402841568
experiment_A_ema,2XL5HSFSE93RMOJDRGR4,0,40,-0.05223139913988436,0.0,0.009461533278226852,0.31986639831445574,0.3551220411419079,,3518,9226,28994,31511,"[1, 64, 28, 28, 20]",0.8149159628258265,0.056140556931495667,0.03790215402841568
experiment_A_ema,2XL5HSFSE93RMOJDRGR4,0,41,0.030281895969017297,0.22177298367023468,-0.03595676273107529,0.5339178021170774,0.5025321036127723,,3518,9226,28994,31511,"[1, 64, 28, 28, 20]",0.8149159628258265,0.056140556931495667,0.03790215402841568
experiment_A_ema,2XL5HSFSE93RMOJDRGR4,0,42,0.07774793193674465,0.5693960189819336,-0.08855438232421875,0.39776379431646053,0.3403749553032236,,3518,9226,28994,31511,"[1, 64, 28, 28, 20]",0.8149159628258265,0.056140556931495667,0.03790215402841568
experiment_A_ema,2XL5HSFSE93RMOJDRGR4,0,43,0.03785774399515852,0.2772555947303772,-0.02748805843293667,0.46003742579544316,0.4264759899944518,,3518,9226,28994,31511,"[1, 64, 28, 28, 20]",0.8149159628258265,0.056140556931495667,0.03790215402841568
experiment_A_ema,2XL5HSFSE93RMOJDRGR4,0,44,-0.0117523980378797,0.0,0.042553119361400604,0.43726395377812816,0.4476639909720734,,3518,9226,28994,31511,"[1, 64, 28, 28, 20]",0.8149159628258265,0.056140556931495667,0.03790215402841568
experiment_A_ema,2XL5HSFSE93RMOJDRGR4,0,45,0.03987281081324493,0.29201316833496094,-0.051545433700084686,0.4303762888208551,0.3973716134401316,,3518,9226,28994,31511,"[1, 64, 28, 28, 20]",0.8149159628258265,0.056140556931495667,0.03790215402841568
experiment_A_ema,2XL5HSFSE93RMOJDRGR4,0,46,0.07257476817337193,0.5315097570419312,-0.07803551852703094,0.3753682788549602,0.3245703244124649,,3518,9226,28994,31511,"[1, 64, 28, 28, 20]",0.8149159628258265,0.056140556931495667,0.03790215402841568
experiment_A_ema,2XL5HSFSE93RMOJDRGR4,0,47,0.1365435693805243,0.9999926686286926,-0.06253699958324432,0.7167060323558212,0.5444967642508742,high,3518,9226,28994,31511,"[1, 64, 28, 28, 20]",0.8149159628258265,0.056140556931495667,0.03790215402841568
experiment_A_ema,2XL5HSFSE93RMOJDRGR4,0,48,0.009315061847847425,0.06821993738412857,0.005097593180835247,0.48032335593825465,0.47145744955443436,,3518,9226,28994,31511,"[1, 64, 28, 28, 20]",0.8149159628258265,0.056140556931495667,0.03790215402841568
experiment_A_ema,2XL5HSFSE93RMOJDRGR4,0,49,0.09531456271990743,0.6980472803115845,-0.04175949841737747,0.5327403209224606,0.4400218268614011,,3518,9226,28994,31511,"[1, 64, 28, 28, 20]",0.8149159628258265,0.056140556931495667,0.03790215402841568
experiment_A_ema,2XL5HSFSE93RMOJDRGR4,0,50,-0.012084711712656316,0.0,-0.048823945224285126,0.3288790503781439,0.33692511384457324,,3518,9226,28994,31511,"[1, 64, 28, 28, 20]",0.8149159628258265,0.056140556931495667,0.03790215402841568
experiment_A_ema,2XL5HSFSE93RMOJDRGR4,0,51,-0.10173245360205732,0.0,-0.09238224476575851,0.3879397589627844,0.47581138374442294,low,3518,9226,28994,31511,"[1, 64, 28, 28, 20]",0.8149159628258265,0.056140556931495667,0.03790215402841568
experiment_A_ema,2XL5HSFSE93RMOJDRGR4,0,52,0.10831399881518765,0.7932501435279846,-0.07335688173770905,0.5596946506781068,0.4502981800890465,,3518,9226,28994,31511,"[1, 64, 28, 28, 20]",0.8149159628258265,0.056140556931495667,0.03790215402841568
experiment_A_ema,2XL5HSFSE93RMOJDRGR4,0,53,0.11782314150220116,0.862891435623169,0.012066494673490524,0.4973758719775718,0.39252485488982175,high,3518,9226,28994,31511,"[1, 64, 28, 28, 20]",0.8149159628258265,0.056140556931495667,0.03790215402841568
experiment_A_ema,2XL5HSFSE93RMOJDRGR4,0,54,0.023461806488845927,0.17182525992393494,-0.013123742304742336,0.41026866793356326,0.3914586727478719,middle,3518,9226,28994,31511,"[1, 64, 28, 28, 20]",0.8149159628258265,0.056140556931495667,0.03790215402841568
experiment_A_ema,2XL5HSFSE93RMOJDRGR4,0,55,0.033087467690049686,0.24231991171836853,-0.006574535742402077,0.5043085959615708,0.4720048241314146,,3518,9226,28994,31511,"[1, 64, 28, 28, 20]",0.8149159628258265,0.056140556931495667,0.03790215402841568
experiment_A_ema,2XL5HSFSE93RMOJDRGR4,0,56,-0.09277562079449986,0.0,-0.00222693826071918,0.2912361478817071,0.35080170062621546,,3518,9226,28994,31511,"[1, 64, 28, 28, 20]",0.8149159628258265,0.056140556931495667,0.03790215402841568
experiment_A_ema,2XL5HSFSE93RMOJDRGR4,0,57,0.11546698409713897,0.8456358313560486,-0.03756026551127434,0.5761450450982771,0.4568662328305231,high,3518,9226,28994,31511,"[1, 64, 28, 28, 20]",0.8149159628258265,0.056140556931495667,0.03790215402841568
experiment_A_ema,2XL5HSFSE93RMOJDRGR4,0,58,-0.06641524197065503,0.0,-0.016761984676122665,0.38613491615064854,0.441074281594485,,3518,9226,28994,31511,"[1, 64, 28, 28, 20]",0.8149159628258265,0.056140556931495667,0.03790215402841568
experiment_A_ema,2XL5HSFSE93RMOJDRGR4,0,59,0.026840321456243245,0.19656820595264435,-0.044661086052656174,0.4312449834605057,0.4087005485356716,middle,3518,9226,28994,31511,"[1, 64, 28, 28, 20]",0.8149159628258265,0.056140556931495667,0.03790215402841568
experiment_A_ema,2XL5HSFSE93RMOJDRGR4,0,60,0.08618275335993342,0.6311693787574768,0.038122668862342834,0.6065047106325652,0.5102588646775065,,3518,9226,28994,31511,"[1, 64, 28, 28, 20]",0.8149159628258265,0.056140556931495667,0.03790215402841568
experiment_A_ema,2XL5HSFSE93RMOJDRGR4,0,61,0.06318106053343464,0.4627138376235962,-0.003572434186935425,0.6236614676329831,0.5495374524635438,,3518,9226,28994,31511,"[1, 64, 28, 28, 20]",0.8149159628258265,0.056140556931495667,0.03790215402841568
experiment_A_ema,2XL5HSFSE93RMOJDRGR4,0,62,-0.16529711429105726,0.0,-0.028846319764852524,0.3177432429522889,0.44358951638272975,low,3518,9226,28994,31511,"[1, 64, 28, 28, 20]",0.8149159628258265,0.056140556931495667,0.03790215402841568
experiment_A_ema,2XL5HSFSE93RMOJDRGR4,0,63,0.08766541135994169,0.6420277953147888,0.012288562022149563,0.5214745274751315,0.43741315654234614,,3518,9226,28994,31511,"[1, 64, 28, 28, 20]",0.8149159628258265,0.056140556931495667,0.03790215402841568
experiment_A_ema,2XL5HSFSE93RMOJDRGR4,1,0,0.055953140987805135,0.2955665588378906,0.07773544639348984,0.4978628490985925,0.44510100374110784,,2276,11253,18437,20089,"[1, 64, 28, 28, 20]",1.232112481864775,0.06185055151581764,0.04205027222633362
experiment_A_ema,2XL5HSFSE93RMOJDRGR4,1,1,0.16131397796412503,0.852124035358429,0.00262239295989275,0.6351196564505244,0.45867511024461194,high,2276,11253,18437,20089,"[1, 64, 28, 28, 20]",1.232112481864775,0.06185055151581764,0.04205027222633362
experiment_A_ema,2XL5HSFSE93RMOJDRGR4,1,2,0.06340674984039389,0.33493945002555847,-0.03581491857767105,0.47200887756245086,0.4157207629159822,,2276,11253,18437,20089,"[1, 64, 28, 28, 20]",1.232112481864775,0.06185055151581764,0.04205027222633362
experiment_A_ema,2XL5HSFSE93RMOJDRGR4,1,3,-0.03406047296598734,0.0,-0.03805510327219963,0.36698706627798783,0.39286812762858053,,2276,11253,18437,20089,"[1, 64, 28, 28, 20]",1.232112481864775,0.06185055151581764,0.04205027222633362
experiment_A_ema,2XL5HSFSE93RMOJDRGR4,1,4,0.023318599206285203,0.12317803502082825,-0.06232961639761925,0.4966020145642374,0.47396962029144946,,2276,11253,18437,20089,"[1, 64, 28, 28, 20]",1.232112481864775,0.06185055151581764,0.04205027222633362
experiment_A_ema,2XL5HSFSE93RMOJDRGR4,1,5,0.09679480960491102,0.5113083124160767,0.006738204974681139,0.5916956128473889,0.4872583706477108,,2276,11253,18437,20089,"[1, 64, 28, 28, 20]",1.232112481864775,0.06185055151581764,0.04205027222633362
experiment_A_ema,2XL5HSFSE93RMOJDRGR4,1,6,-0.029256475687133063,0.0,-0.000850446056574583,0.4457021850934987,0.47256755054490956,,2276,11253,18437,20089,"[1, 64, 28, 28, 20]",1.232112481864775,0.06185055151581764,0.04205027222633362
experiment_A_ema,2XL5HSFSE93RMOJDRGR4,1,7,0.0076797208555319735,0.0405673123896122,-0.02019348368048668,0.42166897327377434,0.4152417250499192,,2276,11253,18437,20089,"[1, 64, 28, 28, 20]",1.232112481864775,0.06185055151581764,0.04205027222633362
experiment_A_ema,2XL5HSFSE93RMOJDRGR4,1,8,0.14163066127194196,0.7481489777565002,0.03695473074913025,0.4485554575033384,0.3372597836329711,,2276,11253,18437,20089,"[1, 64, 28, 28, 20]",1.232112481864775,0.06185055151581764,0.04205027222633362
experiment_A_ema,2XL5HSFSE93RMOJDRGR4,1,9,-0.030436950706801694,0.0,0.002346483990550041,0.4305649556083317,0.45759795683080173,,2276,11253,18437,20089,"[1, 64, 28, 28, 20]",1.232112481864775,0.06185055151581764,0.04205027222633362
experiment_A_ema,2XL5HSFSE93RMOJDRGR4,1,10,-0.06758469567534314,0.0,0.038114145398139954,0.436579816917713,0.499869528529857,,2276,11253,18437,20089,"[1, 64, 28, 28, 20]",1.232112481864775,0.06185055151581764,0.04205027222633362
experiment_A_ema,2XL5HSFSE93RMOJDRGR4,1,11,-0.02721952174505155,0.0,0.004577081650495529,0.42963384843252084,0.45367717938126373,,2276,11253,18437,20089,"[1, 64, 28, 28, 20]",1.232112481864775,0.06185055151581764,0.04205027222633362
experiment_A_ema,2XL5HSFSE93RMOJDRGR4,1,12,-0.07224227057167347,0.0,-0.033013131469488144,0.4163564112131944,0.4811978405651953,,2276,11253,18437,20089,"[1, 64, 28, 28, 20]",1.232112481864775,0.06185055151581764,0.04205027222633362
experiment_A_ema,2XL5HSFSE93RMOJDRGR4,1,13,0.11357457445432632,0.5999456644058228,-0.03135769069194794,0.47190061289890134,0.37564128853658135,,2276,11253,18437,20089,"[1, 64, 28, 28, 20]",1.232112481864775,0.06185055151581764,0.04205027222633362
experiment_A_ema,2XL5HSFSE93RMOJDRGR4,1,14,0.0747885294649448,0.39506250619888306,0.010590581223368645,0.5794376851135095,0.4987979525662163,,2276,11253,18437,20089,"[1, 64, 28, 28, 20]",1.232112481864775,0.06185055151581764,0.04205027222633362
experiment_A_ema,2XL5HSFSE93RMOJDRGR4,1,15,0.09259045254806796,0.48909926414489746,-0.009723151102662086,0.6516970130779637,0.5412421440653051,,2276,11253,18437,20089,"[1, 64, 28, 28, 20]",1.232112481864775,0.06185055151581764,0.04205027222633362
experiment_A_ema,2XL5HSFSE93RMOJDRGR4,1,16,0.09313896685091873,0.49199673533439636,0.02401791512966156,0.3909918744556034,0.3243642508730495,,2276,11253,18437,20089,"[1, 64, 28, 28, 20]",1.232112481864775,0.06185055151581764,0.04205027222633362
experiment_A_ema,2XL5HSFSE93RMOJDRGR4,1,17,-0.01737106790043585,0.0,0.06383530795574188,0.48815871064786664,0.5054182203516335,,2276,11253,18437,20089,"[1, 64, 28, 28, 20]",1.232112481864775,0.06185055151581764,0.04205027222633362
experiment_A_ema,2XL5HSFSE93RMOJDRGR4,1,18,-0.027584438348174763,0.0,-0.07713527977466583,0.4121439396398743,0.4355264796446377,,2276,11253,18437,20089,"[1, 64, 28, 28, 20]",1.232112481864775,0.06185055151581764,0.04205027222633362
experiment_A_ema,2XL5HSFSE93RMOJDRGR4,1,19,0.08165639275688198,0.4313412606716156,-0.04552316293120384,0.6654052622776899,0.5649396529934817,,2276,11253,18437,20089,"[1, 64, 28, 28, 20]",1.232112481864775,0.06185055151581764,0.04205027222633362
experiment_A_ema,2XL5HSFSE93RMOJDRGR4,1,20,-0.025463443755975375,0.0,-0.21183696389198303,0.33750639461532894,0.35514367619953946,,2276,11253,18437,20089,"[1, 64, 28, 28, 20]",1.232112481864775,0.06185055151581764,0.04205027222633362
experiment_A_ema,2XL5HSFSE93RMOJDRGR4,1,21,-0.003503247307178163,0.0,-0.0344090536236763,0.4724779320172458,0.47579998758880954,,2276,11253,18437,20089,"[1, 64, 28, 28, 20]",1.232112481864775,0.06185055151581764,0.04205027222633362
experiment_A_ema,2XL5HSFSE93RMOJDRGR4,1,22,0.0885991399048029,0.4680155813694,-0.03971436992287636,0.4861404885594116,0.4070081948069086,,2276,11253,18437,20089,"[1, 64, 28, 28, 20]",1.232112481864775,0.06185055151581764,0.04205027222633362
experiment_A_ema,2XL5HSFSE93RMOJDRGR4,1,23,-0.0820546321939314,0.0,0.005703412927687168,0.37077145992965654,0.4370576635902616,,2276,11253,18437,20089,"[1, 64, 28, 28, 20]",1.232112481864775,0.06185055151581764,0.04205027222633362
experiment_A_ema,2XL5HSFSE93RMOJDRGR4,1,24,0.11638103808054652,0.6147705316543579,-0.06782974302768707,0.5520007231654125,0.4369101345897096,,2276,11253,18437,20089,"[1, 64, 28, 28, 20]",1.232112481864775,0.06185055151581764,0.04205027222633362
experiment_A_ema,2XL5HSFSE93RMOJDRGR4,1,25,-0.17684584668457523,0.0,-0.04442598670721054,0.339025589351642,0.48469783209759404,low,2276,11253,18437,20089,"[1, 64, 28, 28, 20]",1.232112481864775,0.06185055151581764,0.04205027222633362
experiment_A_ema,2XL5HSFSE93RMOJDRGR4,1,26,-0.06558503907066106,0.0,0.009130747988820076,0.2672837822032505,0.30480426469603755,,2276,11253,18437,20089,"[1, 64, 28, 28, 20]",1.232112481864775,0.06185055151581764,0.04205027222633362
experiment_A_ema,2XL5HSFSE93RMOJDRGR4,1,27,0.08679971516445509,0.45851030945777893,0.016741808503866196,0.4969284841028674,0.4175517715858532,,2276,11253,18437,20089,"[1, 64, 28, 28, 20]",1.232112481864775,0.06185055151581764,0.04205027222633362
experiment_A_ema,2XL5HSFSE93RMOJDRGR4,1,28,-0.009765327574207195,0.0,-0.014020347967743874,0.4604802270696222,0.46956240782265163,,2276,11253,18437,20089,"[1, 64, 28, 28, 20]",1.232112481864775,0.06185055151581764,0.04205027222633362
experiment_A_ema,2XL5HSFSE93RMOJDRGR4,1,29,0.10800491676276947,0.5705245733261108,-0.04204411804676056,0.5429114892061244,0.4370687021993017,,2276,11253,18437,20089,"[1, 64, 28, 28, 20]",1.232112481864775,0.06185055151581764,0.04205027222633362
experiment_A_ema,2XL5HSFSE93RMOJDRGR4,1,30,0.07262288941331861,0.3836227357387543,-0.05196976661682129,0.48444804041455125,0.4188479993857555,,2276,11253,18437,20089,"[1, 64, 28, 28, 20]",1.232112481864775,0.06185055151581764,0.04205027222633362
experiment_A_ema,2XL5HSFSE93RMOJDRGR4,1,31,0.018942347007226676,0.10006094723939896,0.02255520597100258,0.5887259515536654,0.5668368608304909,,2276,11253,18437,20089,"[1, 64, 28, 28, 20]",1.232112481864775,0.06185055151581764,0.04205027222633362
experiment_A_ema,2XL5HSFSE93RMOJDRGR4,1,32,0.07774800218294338,0.4106955826282501,-0.0999528095126152,0.3549980365853871,0.3037793343628293,,2276,11253,18437,20089,"[1, 64, 28, 28, 20]",1.232112481864775,0.06185055151581764,0.04205027222633362
experiment_A_ema,2XL5HSFSE93RMOJDRGR4,1,33,0.18930709891202616,0.999994695186615,0.3005917966365814,0.4232602708264371,0.2885158155352512,high,2276,11253,18437,20089,"[1, 64, 28, 28, 20]",1.232112481864775,0.06185055151581764,0.04205027222633362
experiment_A_ema,2XL5HSFSE93RMOJDRGR4,1,34,-0.031180613263806327,0.0,0.015767842531204224,0.46941867276009985,0.49963437216668927,,2276,11253,18437,20089,"[1, 64, 28, 28, 20]",1.232112481864775,0.06185055151581764,0.04205027222633362
experiment_A_ema,2XL5HSFSE93RMOJDRGR4,1,35,-0.14883883120246785,0.0,-0.04801866039633751,0.3370622498811662,0.45494362786995957,low,2276,11253,18437,20089,"[1, 64, 28, 28, 20]",1.232112481864775,0.06185055151581764,0.04205027222633362
experiment_A_ema,2XL5HSFSE93RMOJDRGR4,1,36,-0.15653839291855817,0.0,-0.052178770303726196,0.3246062435442016,0.4450940465178573,low,2276,11253,18437,20089,"[1, 64, 28, 28, 20]",1.232112481864775,0.06185055151581764,0.04205027222633362
experiment_A_ema,2XL5HSFSE93RMOJDRGR4,1,37,-0.0480699024653687,0.0,-0.0702749490737915,0.3247928628479073,0.35759524048872987,,2276,11253,18437,20089,"[1, 64, 28, 28, 20]",1.232112481864775,0.06185055151581764,0.04205027222633362
experiment_A_ema,2XL5HSFSE93RMOJDRGR4,1,38,0.10646965116244583,0.5624146461486816,-0.01168384961783886,0.5878445147124944,0.4747141571138596,,2276,11253,18437,20089,"[1, 64, 28, 28, 20]",1.232112481864775,0.06185055151581764,0.04205027222633362
experiment_A_ema,2XL5HSFSE93RMOJDRGR4,1,39,0.14329610201608106,0.7569465041160583,-0.022603314369916916,0.4321036721297746,0.3237872991063817,high,2276,11253,18437,20089,"[1, 64, 28, 28, 20]",1.232112481864775,0.06185055151581764,0.04205027222633362
experiment_A_ema,2XL5HSFSE93RMOJDRGR4,1,40,-0.25574327590106327,0.0,0.03484305366873741,0.248103147958529,0.4186110859788071,low,2276,11253,18437,20089,"[1, 64, 28, 28, 20]",1.232112481864775,0.06185055151581764,0.04205027222633362
experiment_A_ema,2XL5HSFSE93RMOJDRGR4,1,41,0.07874791704661016,0.4159775376319885,-0.07053422927856445,0.5228532901656908,0.44651729684447355,,2276,11253,18437,20089,"[1, 64, 28, 28, 20]",1.232112481864775,0.06185055151581764,0.04205027222633362
experiment_A_ema,2XL5HSFSE93RMOJDRGR4,1,42,0.07883990867832995,0.4164634644985199,-0.1722758561372757,0.3867056343233456,0.3301858929416001,,2276,11253,18437,20089,"[1, 64, 28, 28, 20]",1.232112481864775,0.06185055151581764,0.04205027222633362
experiment_A_ema,2XL5HSFSE93RMOJDRGR4,1,43,0.1384225250670974,0.7312023639678955,-0.06928054988384247,0.4963193449534141,0.375622776383124,,2276,11253,18437,20089,"[1, 64, 28, 28, 20]",1.232112481864775,0.06185055151581764,0.04205027222633362
experiment_A_ema,2XL5HSFSE93RMOJDRGR4,1,44,-0.02230027164612246,0.0,0.022876618430018425,0.41156397671740247,0.430338656436594,,2276,11253,18437,20089,"[1, 64, 28, 28, 20]",1.232112481864775,0.06185055151581764,0.04205027222633362
experiment_A_ema,2XL5HSFSE93RMOJDRGR4,1,45,-0.12123826201331284,0.0,-0.059829533100128174,0.36626531573005106,0.46732895793126034,,2276,11253,18437,20089,"[1, 64, 28, 28, 20]",1.232112481864775,0.06185055151581764,0.04205027222633362
experiment_A_ema,2XL5HSFSE93RMOJDRGR4,1,46,0.1460723438730327,0.7716116905212402,-0.16994063556194305,0.3845257643589754,0.28650638012736435,high,2276,11253,18437,20089,"[1, 64, 28, 28, 20]",1.232112481864775,0.06185055151581764,0.04205027222633362
experiment_A_ema,2XL5HSFSE93RMOJDRGR4,1,47,0.11823031847034826,0.6245391368865967,-0.028243305161595345,0.6550086241730206,0.5165005975655957,,2276,11253,18437,20089,"[1, 64, 28, 28, 20]",1.232112481864775,0.06185055151581764,0.04205027222633362
experiment_A_ema,2XL5HSFSE93RMOJDRGR4,1,48,0.03800060724047802,0.2007341831922531,-0.015650765970349312,0.42188044217336285,0.3909908032387709,middle,2276,11253,18437,20089,"[1, 64, 28, 28, 20]",1.232112481864775,0.06185055151581764,0.04205027222633362
experiment_A_ema,2XL5HSFSE93RMOJDRGR4,1,49,0.14253549522345615,0.7529286742210388,-0.05798733979463577,0.5277740526389733,0.39609042873191674,,2276,11253,18437,20089,"[1, 64, 28, 28, 20]",1.232112481864775,0.06185055151581764,0.04205027222633362
experiment_A_ema,2XL5HSFSE93RMOJDRGR4,1,50,-0.05413485752285193,0.0,-0.02989998832345009,0.2993838282233214,0.33365325464599094,,2276,11253,18437,20089,"[1, 64, 28, 28, 20]",1.232112481864775,0.06185055151581764,0.04205027222633362
experiment_A_ema,2XL5HSFSE93RMOJDRGR4,1,51,0.09223647809130812,0.48722943663597107,-0.1358364224433899,0.48165846906587245,0.40030882026937353,,2276,11253,18437,20089,"[1, 64, 28, 28, 20]",1.232112481864775,0.06185055151581764,0.04205027222633362
experiment_A_ema,2XL5HSFSE93RMOJDRGR4,1,52,0.12126807668280148,0.6405857801437378,-0.06694719195365906,0.5278975411855192,0.41371043201787594,,2276,11253,18437,20089,"[1, 64, 28, 28, 20]",1.232112481864775,0.06185055151581764,0.04205027222633362
experiment_A_ema,2XL5HSFSE93RMOJDRGR4,1,53,0.07880568139809686,0.41628268361091614,-0.016859669238328934,0.5765913627970494,0.4923524392915069,,2276,11253,18437,20089,"[1, 64, 28, 28, 20]",1.232112481864775,0.06185055151581764,0.04205027222633362
experiment_A_ema,2XL5HSFSE93RMOJDRGR4,1,54,0.0482700244674645,0.25498130917549133,-0.0060849119909107685,0.4184141716757275,0.3798804237521545,middle,2276,11253,18437,20089,"[1, 64, 28, 28, 20]",1.232112481864775,0.06185055151581764,0.04205027222633362
experiment_A_ema,2XL5HSFSE93RMOJDRGR4,1,55,0.03545870057296899,0.18730683624744415,0.05811058729887009,0.5045999358381013,0.47004041984104195,middle,2276,11253,18437,20089,"[1, 64, 28, 28, 20]",1.232112481864775,0.06185055151581764,0.04205027222633362
experiment_A_ema,2XL5HSFSE93RMOJDRGR4,1,56,-0.09776121089800585,0.0,-0.050448257476091385,0.3131769218522792,0.3810449948192315,,2276,11253,18437,20089,"[1, 64, 28, 28, 20]",1.232112481864775,0.06185055151581764,0.04205027222633362
experiment_A_ema,2XL5HSFSE93RMOJDRGR4,1,57,0.022720643451750906,0.12001939117908478,-0.020766254514455795,0.46469961408734545,0.44405216618107923,,2276,11253,18437,20089,"[1, 64, 28, 28, 20]",1.232112481864775,0.06185055151581764,0.04205027222633362
experiment_A_ema,2XL5HSFSE93RMOJDRGR4,1,58,-0.04106419992308401,0.0,-0.004596885293722153,0.4196742860678508,0.4556174833421322,,2276,11253,18437,20089,"[1, 64, 28, 28, 20]",1.232112481864775,0.06185055151581764,0.04205027222633362
experiment_A_ema,2XL5HSFSE93RMOJDRGR4,1,59,0.08512543146655438,0.4496660828590393,-0.019983407109975815,0.4190738037345869,0.3533230990004087,,2276,11253,18437,20089,"[1, 64, 28, 28, 20]",1.232112481864775,0.06185055151581764,0.04205027222633362
experiment_A_ema,2XL5HSFSE93RMOJDRGR4,1,60,0.045134703456315296,0.2384192943572998,0.09391661733388901,0.6295302219028353,0.5751569772755943,middle,2276,11253,18437,20089,"[1, 64, 28, 28, 20]",1.232112481864775,0.06185055151581764,0.04205027222633362
experiment_A_ema,2XL5HSFSE93RMOJDRGR4,1,61,0.08713974303498304,0.46030646562576294,-0.01710447482764721,0.6714523248457324,0.5638116521685901,,2276,11253,18437,20089,"[1, 64, 28, 28, 20]",1.232112481864775,0.06185055151581764,0.04205027222633362
experiment_A_ema,2XL5HSFSE93RMOJDRGR4,1,62,-0.07502830147417147,0.0,-0.018212977796792984,0.37174830577859097,0.43205648929830653,,2276,11253,18437,20089,"[1, 64, 28, 28, 20]",1.232112481864775,0.06185055151581764,0.04205027222633362
experiment_A_ema,2XL5HSFSE93RMOJDRGR4,1,63,-0.03446314467831219,0.0,-0.007192601915448904,0.4681372849138302,0.5015559993252956,,2276,11253,18437,20089,"[1, 64, 28, 28, 20]",1.232112481864775,0.06185055151581764,0.04205027222633362
experiment_A_ema,2XL5HSFSE93RMOJDRGR4,2,0,0.06518151873182937,0.375578373670578,0.05241730064153671,0.45606211622915044,0.40024655157680966,,3005,10421,27679,29026,"[1, 64, 28, 28, 20]",0.9441226673132999,0.06417558342218399,0.04257366433739662
experiment_A_ema,2XL5HSFSE93RMOJDRGR4,2,1,0.13537105288304233,0.7800130844116211,-0.014082932844758034,0.6003734837271453,0.45720749742803474,high,3005,10421,27679,29026,"[1, 64, 28, 28, 20]",0.9441226673132999,0.06417558342218399,0.04257366433739662
experiment_A_ema,2XL5HSFSE93RMOJDRGR4,2,2,0.024152433739063832,0.13916723430156708,-0.04714412987232208,0.4671137245632032,0.4450819547100616,,3005,10421,27679,29026,"[1, 64, 28, 28, 20]",0.9441226673132999,0.06417558342218399,0.04257366433739662
experiment_A_ema,2XL5HSFSE93RMOJDRGR4,2,3,0.03565679235827604,0.20545578002929688,-0.0004607909359037876,0.4313700541448485,0.401666603364416,middle,3005,10421,27679,29026,"[1, 64, 28, 28, 20]",0.9441226673132999,0.06417558342218399,0.04257366433739662
experiment_A_ema,2XL5HSFSE93RMOJDRGR4,2,4,-0.02811940743081761,0.0,-0.06371463090181351,0.4224738710373756,0.44692076103416856,,3005,10421,27679,29026,"[1, 64, 28, 28, 20]",0.9441226673132999,0.06417558342218399,0.04257366433739662
experiment_A_ema,2XL5HSFSE93RMOJDRGR4,2,5,0.17354871425306245,0.9999942183494568,0.00043122004717588425,0.622877864813635,0.43865076279979254,high,3005,10421,27679,29026,"[1, 64, 28, 28, 20]",0.9441226673132999,0.06417558342218399,0.04257366433739662
experiment_A_ema,2XL5HSFSE93RMOJDRGR4,2,6,0.020781394933845187,0.11974318325519562,-0.020230470225214958,0.45263845129767605,0.43420851349504175,,3005,10421,27679,29026,"[1, 64, 28, 28, 20]",0.9441226673132999,0.06417558342218399,0.04257366433739662
experiment_A_ema,2XL5HSFSE93RMOJDRGR4,2,7,-0.09720648759875629,0.0,-0.01828092709183693,0.376333915702681,0.4573760282355611,low,3005,10421,27679,29026,"[1, 64, 28, 28, 20]",0.9441226673132999,0.06417558342218399,0.04257366433739662
experiment_A_ema,2XL5HSFSE93RMOJDRGR4,2,8,-0.009554134383580866,0.0,-0.004502533003687859,0.36459234464032647,0.3716262859265931,,3005,10421,27679,29026,"[1, 64, 28, 28, 20]",0.9441226673132999,0.06417558342218399,0.04257366433739662
experiment_A_ema,2XL5HSFSE93RMOJDRGR4,2,9,-0.0661674332921938,0.0,0.0006822521099820733,0.37845379346205865,0.43208514047125,,3005,10421,27679,29026,"[1, 64, 28, 28, 20]",0.9441226673132999,0.06417558342218399,0.04257366433739662
experiment_A_ema,2XL5HSFSE93RMOJDRGR4,2,10,-0.05245355251022855,0.0,-0.0031959377229213715,0.3790737361474551,0.4210427402078074,,3005,10421,27679,29026,"[1, 64, 28, 28, 20]",0.9441226673132999,0.06417558342218399,0.04257366433739662
experiment_A_ema,2XL5HSFSE93RMOJDRGR4,2,11,0.06042162875927959,0.34815171360969543,0.0007047432591207325,0.4355849504790628,0.38594661480576437,,3005,10421,27679,29026,"[1, 64, 28, 28, 20]",0.9441226673132999,0.06417558342218399,0.04257366433739662
experiment_A_ema,2XL5HSFSE93RMOJDRGR4,2,12,0.03458795402823784,0.19929710030555725,0.014597432687878609,0.43579198731035507,0.4066534873727643,middle,3005,10421,27679,29026,"[1, 64, 28, 28, 20]",0.9441226673132999,0.06417558342218399,0.04257366433739662
experiment_A_ema,2XL5HSFSE93RMOJDRGR4,2,13,0.033212970142670155,0.19137439131736755,0.0005342714721336961,0.4444713595218665,0.41589597182126803,,3005,10421,27679,29026,"[1, 64, 28, 28, 20]",0.9441226673132999,0.06417558342218399,0.04257366433739662
experiment_A_ema,2XL5HSFSE93RMOJDRGR4,2,14,0.0316167278752196,0.18217678368091583,0.02464694157242775,0.5934453914624394,0.5570698330752075,,3005,10421,27679,29026,"[1, 64, 28, 28, 20]",0.9441226673132999,0.06417558342218399,0.04257366433739662
experiment_A_ema,2XL5HSFSE93RMOJDRGR4,2,15,0.06532905838009703,0.376428484916687,0.010059641674160957,0.5478119168876471,0.4806250339566337,,3005,10421,27679,29026,"[1, 64, 28, 28, 20]",0.9441226673132999,0.06417558342218399,0.04257366433739662
experiment_A_ema,2XL5HSFSE93RMOJDRGR4,2,16,0.02682606969405772,0.15457282960414886,0.025922641158103943,0.4351432489273843,0.4124067858005033,,3005,10421,27679,29026,"[1, 64, 28, 28, 20]",0.9441226673132999,0.06417558342218399,0.04257366433739662
experiment_A_ema,2XL5HSFSE93RMOJDRGR4,2,17,0.07848634375349962,0.45224127173423767,0.01746455579996109,0.4841408717635374,0.41367454393359715,,3005,10421,27679,29026,"[1, 64, 28, 28, 20]",0.9441226673132999,0.06417558342218399,0.04257366433739662
experiment_A_ema,2XL5HSFSE93RMOJDRGR4,2,18,0.08734725416383067,0.5032981634140015,-0.025381505489349365,0.4372425584571348,0.36699456654438445,,3005,10421,27679,29026,"[1, 64, 28, 28, 20]",0.9441226673132999,0.06417558342218399,0.04257366433739662
experiment_A_ema,2XL5HSFSE93RMOJDRGR4,2,19,0.08804167932037087,0.5072994828224182,-0.0628485381603241,0.6321854389340427,0.5298755499576481,,3005,10421,27679,29026,"[1, 64, 28, 28, 20]",0.9441226673132999,0.06417558342218399,0.04257366433739662
experiment_A_ema,2XL5HSFSE93RMOJDRGR4,2,20,-0.0732370877493688,0.0,-0.07992678135633469,0.3045259604419577,0.35265613658642747,,3005,10421,27679,29026,"[1, 64, 28, 28, 20]",0.9441226673132999,0.06417558342218399,0.04257366433739662
experiment_A_ema,2XL5HSFSE93RMOJDRGR4,2,21,-0.08914726407526284,0.0,-0.02843352034687996,0.3559503130978144,0.42562577188824036,low,3005,10421,27679,29026,"[1, 64, 28, 28, 20]",0.9441226673132999,0.06417558342218399,0.04257366433739662
experiment_A_ema,2XL5HSFSE93RMOJDRGR4,2,22,0.03489875662661849,0.20108795166015625,-0.04621325433254242,0.45376458329368635,0.4231609380460246,middle,3005,10421,27679,29026,"[1, 64, 28, 28, 20]",0.9441226673132999,0.06417558342218399,0.04257366433739662
experiment_A_ema,2XL5HSFSE93RMOJDRGR4,2,23,-0.03109491188982321,0.0,-0.021964311599731445,0.4046022426219136,0.4305719413810527,,3005,10421,27679,29026,"[1, 64, 28, 28, 20]",0.9441226673132999,0.06417558342218399,0.04257366433739662
experiment_A_ema,2XL5HSFSE93RMOJDRGR4,2,24,0.12687779958122075,0.7310746908187866,-0.08416025340557098,0.47604162086712926,0.36884423562084095,,3005,10421,27679,29026,"[1, 64, 28, 28, 20]",0.9441226673132999,0.06417558342218399,0.04257366433739662
experiment_A_ema,2XL5HSFSE93RMOJDRGR4,2,25,-0.12108614491829207,0.0,0.029563892632722855,0.31246640273008497,0.3985622412411927,low,3005,10421,27679,29026,"[1, 64, 28, 28, 20]",0.9441226673132999,0.06417558342218399,0.04257366433739662
experiment_A_ema,2XL5HSFSE93RMOJDRGR4,2,26,-0.046949745952147896,0.0,0.006261277943849564,0.2818992509906445,0.30967348773581405,,3005,10421,27679,29026,"[1, 64, 28, 28, 20]",0.9441226673132999,0.06417558342218399,0.04257366433739662
experiment_A_ema,2XL5HSFSE93RMOJDRGR4,2,27,0.12911584756548636,0.7439703941345215,-0.03049485944211483,0.6242979275217643,0.4815192732728292,,3005,10421,27679,29026,"[1, 64, 28, 28, 20]",0.9441226673132999,0.06417558342218399,0.04257366433739662
experiment_A_ema,2XL5HSFSE93RMOJDRGR4,2,28,0.10378125119335704,0.5979914665222168,-0.02026406303048134,0.45156502677264765,0.3666495866642285,,3005,10421,27679,29026,"[1, 64, 28, 28, 20]",0.9441226673132999,0.06417558342218399,0.04257366433739662
experiment_A_ema,2XL5HSFSE93RMOJDRGR4,2,29,0.07456819546283015,0.4296647608280182,-0.04032450169324875,0.5027833999189245,0.43300339287419665,,3005,10421,27679,29026,"[1, 64, 28, 28, 20]",0.9441226673132999,0.06417558342218399,0.04257366433739662
experiment_A_ema,2XL5HSFSE93RMOJDRGR4,2,30,0.04536345913487486,0.261385977268219,-0.02293676882982254,0.4920060182831892,0.4493048555608908,,3005,10421,27679,29026,"[1, 64, 28, 28, 20]",0.9441226673132999,0.06417558342218399,0.04257366433739662
experiment_A_ema,2XL5HSFSE93RMOJDRGR4,2,31,0.06395136481708974,0.36849018931388855,0.0050137583166360855,0.6077548520027438,0.5346936472884699,,3005,10421,27679,29026,"[1, 64, 28, 28, 20]",0.9441226673132999,0.06417558342218399,0.04257366433739662
experiment_A_ema,2XL5HSFSE93RMOJDRGR4,2,32,0.04962455112095638,0.2859385311603546,-0.08518368005752563,0.3072860380670113,0.2782300170339613,,3005,10421,27679,29026,"[1, 64, 28, 28, 20]",0.9441226673132999,0.06417558342218399,0.04257366433739662
experiment_A_ema,2XL5HSFSE93RMOJDRGR4,2,33,0.14117388326946476,0.8134492635726929,0.2525409460067749,0.44242832067231963,0.33296315396924936,high,3005,10421,27679,29026,"[1, 64, 28, 28, 20]",0.9441226673132999,0.06417558342218399,0.04257366433739662
experiment_A_ema,2XL5HSFSE93RMOJDRGR4,2,34,0.04742534675135703,0.27326664328575134,-0.006548759993165731,0.47255765604668415,0.42976465990580315,,3005,10421,27679,29026,"[1, 64, 28, 28, 20]",0.9441226673132999,0.06417558342218399,0.04257366433739662
experiment_A_ema,2XL5HSFSE93RMOJDRGR4,2,35,-0.17344536182135256,0.0,-0.05902058258652687,0.3241241748625461,0.46015370977784564,low,3005,10421,27679,29026,"[1, 64, 28, 28, 20]",0.9441226673132999,0.06417558342218399,0.04257366433739662
experiment_A_ema,2XL5HSFSE93RMOJDRGR4,2,36,-0.020495143493062917,0.0,-0.05054662376642227,0.33332384409245025,0.34727279026974256,,3005,10421,27679,29026,"[1, 64, 28, 28, 20]",0.9441226673132999,0.06417558342218399,0.04257366433739662
experiment_A_ema,2XL5HSFSE93RMOJDRGR4,2,37,0.0366486398644172,0.21117085218429565,-0.08028493821620941,0.3806893724749768,0.3537723139850509,middle,3005,10421,27679,29026,"[1, 64, 28, 28, 20]",0.9441226673132999,0.06417558342218399,0.04257366433739662
experiment_A_ema,2XL5HSFSE93RMOJDRGR4,2,38,0.07416819239184799,0.4273599088191986,-0.02812124975025654,0.5543612041674126,0.4778070745244403,,3005,10421,27679,29026,"[1, 64, 28, 28, 20]",0.9441226673132999,0.06417558342218399,0.04257366433739662
experiment_A_ema,2XL5HSFSE93RMOJDRGR4,2,39,0.1027557262725071,0.5920823812484741,-0.08669060468673706,0.4515230534724671,0.3673763479767093,,3005,10421,27679,29026,"[1, 64, 28, 28, 20]",0.9441226673132999,0.06417558342218399,0.04257366433739662
experiment_A_ema,2XL5HSFSE93RMOJDRGR4,2,40,-0.010094493098100614,0.0,0.012656326405704021,0.2959474729274875,0.3019832909915029,,3005,10421,27679,29026,"[1, 64, 28, 28, 20]",0.9441226673132999,0.06417558342218399,0.04257366433739662
experiment_A_ema,2XL5HSFSE93RMOJDRGR4,2,41,0.06684038408647214,0.38513681292533875,-0.07005424052476883,0.5469876339609749,0.4784471146667019,,3005,10421,27679,29026,"[1, 64, 28, 28, 20]",0.9441226673132999,0.06417558342218399,0.04257366433739662
experiment_A_ema,2XL5HSFSE93RMOJDRGR4,2,42,0.043197766532501694,0.2489071637392044,-0.10806600004434586,0.3881806867012751,0.35603230446083306,,3005,10421,27679,29026,"[1, 64, 28, 28, 20]",0.9441226673132999,0.06417558342218399,0.04257366433739662
experiment_A_ema,2XL5HSFSE93RMOJDRGR4,2,43,0.05027405699263267,0.28968101739883423,-0.05165550112724304,0.48036048827110206,0.43437307090971494,,3005,10421,27679,29026,"[1, 64, 28, 28, 20]",0.9441226673132999,0.06417558342218399,0.04257366433739662
experiment_A_ema,2XL5HSFSE93RMOJDRGR4,2,44,-0.033578003560407146,0.0,0.03613937273621559,0.4004659976563827,0.42829414215985956,,3005,10421,27679,29026,"[1, 64, 28, 28, 20]",0.9441226673132999,0.06417558342218399,0.04257366433739662
experiment_A_ema,2XL5HSFSE93RMOJDRGR4,2,45,-0.020676453333951794,0.0,-0.05537683144211769,0.36192508663399303,0.3772077529762386,,3005,10421,27679,29026,"[1, 64, 28, 28, 20]",0.9441226673132999,0.06417558342218399,0.04257366433739662
experiment_A_ema,2XL5HSFSE93RMOJDRGR4,2,46,0.08246325322363755,0.47515636682510376,-0.15368887782096863,0.4126499087295608,0.3497775755643203,,3005,10421,27679,29026,"[1, 64, 28, 28, 20]",0.9441226673132999,0.06417558342218399,0.04257366433739662
experiment_A_ema,2XL5HSFSE93RMOJDRGR4,2,47,0.08042844904982305,0.4634317457675934,-0.08121045678853989,0.6040753567252015,0.5141390276557869,,3005,10421,27679,29026,"[1, 64, 28, 28, 20]",0.9441226673132999,0.06417558342218399,0.04257366433739662
experiment_A_ema,2XL5HSFSE93RMOJDRGR4,2,48,-0.00422127335769326,0.0,0.0029815728776156902,0.4756260505150566,0.479658572263479,,3005,10421,27679,29026,"[1, 64, 28, 28, 20]",0.9441226673132999,0.06417558342218399,0.04257366433739662
experiment_A_ema,2XL5HSFSE93RMOJDRGR4,2,49,0.09953318917763168,0.5735139846801758,-0.06078937649726868,0.5246917258921235,0.42969815754187984,,3005,10421,27679,29026,"[1, 64, 28, 28, 20]",0.9441226673132999,0.06417558342218399,0.04257366433739662
experiment_A_ema,2XL5HSFSE93RMOJDRGR4,2,50,-0.010525418208796518,0.0,-0.05187416821718216,0.3349681112663464,0.34209448881111504,,3005,10421,27679,29026,"[1, 64, 28, 28, 20]",0.9441226673132999,0.06417558342218399,0.04257366433739662
experiment_A_ema,2XL5HSFSE93RMOJDRGR4,2,51,0.01286138969967259,0.0741078108549118,-0.12048278003931046,0.45672348502180005,0.4451244543621467,,3005,10421,27679,29026,"[1, 64, 28, 28, 20]",0.9441226673132999,0.06417558342218399,0.04257366433739662
experiment_A_ema,2XL5HSFSE93RMOJDRGR4,2,52,0.01624650975110535,0.09361299872398376,-0.06822118908166885,0.47319339160881424,0.45806369797558555,,3005,10421,27679,29026,"[1, 64, 28, 28, 20]",0.9441226673132999,0.06417558342218399,0.04257366433739662
experiment_A_ema,2XL5HSFSE93RMOJDRGR4,2,53,0.1442626833903271,0.8312470316886902,0.011552788317203522,0.4743152723553708,0.3547167446963157,high,3005,10421,27679,29026,"[1, 64, 28, 28, 20]",0.9441226673132999,0.06417558342218399,0.04257366433739662
experiment_A_ema,2XL5HSFSE93RMOJDRGR4,2,54,0.023191724804547956,0.13363158702850342,-0.004179305862635374,0.40279414002163894,0.38453460523911664,,3005,10421,27679,29026,"[1, 64, 28, 28, 20]",0.9441226673132999,0.06417558342218399,0.04257366433739662
experiment_A_ema,2XL5HSFSE93RMOJDRGR4,2,55,0.1158796974146977,0.6677032113075256,-0.01236083172261715,0.5415270195956323,0.42905603323776703,,3005,10421,27679,29026,"[1, 64, 28, 28, 20]",0.9441226673132999,0.06417558342218399,0.04257366433739662
experiment_A_ema,2XL5HSFSE93RMOJDRGR4,2,56,-0.0064998271099955054,0.0,-0.020555529743433,0.32975224290992644,0.33406695945743653,,3005,10421,27679,29026,"[1, 64, 28, 28, 20]",0.9441226673132999,0.06417558342218399,0.04257366433739662
experiment_A_ema,2XL5HSFSE93RMOJDRGR4,2,57,0.020772565657848883,0.11969230324029922,-0.02497115172445774,0.46865586974966444,0.4495816987950012,,3005,10421,27679,29026,"[1, 64, 28, 28, 20]",0.9441226673132999,0.06417558342218399,0.04257366433739662
experiment_A_ema,2XL5HSFSE93RMOJDRGR4,2,58,0.03201259234501994,0.18445776402950287,-0.015006506815552711,0.4254824153911795,0.3990858167038744,,3005,10421,27679,29026,"[1, 64, 28, 28, 20]",0.9441226673132999,0.06417558342218399,0.04257366433739662
experiment_A_ema,2XL5HSFSE93RMOJDRGR4,2,59,0.06722071499348033,0.38732829689979553,-0.056572988629341125,0.46058960208929256,0.4025674974835897,,3005,10421,27679,29026,"[1, 64, 28, 28, 20]",0.9441226673132999,0.06417558342218399,0.04257366433739662
experiment_A_ema,2XL5HSFSE93RMOJDRGR4,2,60,0.05656638614605093,0.3259376585483551,0.0513249933719635,0.5400961123452214,0.48226479397149713,,3005,10421,27679,29026,"[1, 64, 28, 28, 20]",0.9441226673132999,0.06417558342218399,0.04257366433739662
experiment_A_ema,2XL5HSFSE93RMOJDRGR4,2,61,0.10929457864168705,0.6297594904899597,-0.0006144576473161578,0.6442418509429692,0.5172923505214305,,3005,10421,27679,29026,"[1, 64, 28, 28, 20]",0.9441226673132999,0.06417558342218399,0.04257366433739662
experiment_A_ema,2XL5HSFSE93RMOJDRGR4,2,62,-0.04702807772315891,0.0,-0.0325368195772171,0.37433788029232884,0.4112842247367456,,3005,10421,27679,29026,"[1, 64, 28, 28, 20]",0.9441226673132999,0.06417558342218399,0.04257366433739662
experiment_A_ema,2XL5HSFSE93RMOJDRGR4,2,63,-0.028021887165075664,0.0,0.007868549786508083,0.40830170679721245,0.43184420887012903,,3005,10421,27679,29026,"[1, 64, 28, 28, 20]",0.9441226673132999,0.06417558342218399,0.04257366433739662
experiment_A_ema,38CWS74285MFGZZXR09Z,0,0,0.01734713572949561,0.08176511526107788,0.013562176376581192,0.4576359404202249,0.4420293078993786,,3157,9643,24991,27247,"[1, 64, 28, 28, 20]",0.5887994844442452,0.03189126029610634,0.02355244942009449
experiment_A_ema,38CWS74285MFGZZXR09Z,0,1,0.11703608871326253,0.5516455173492432,-0.02893640287220478,0.6680445796505501,0.5280573688586343,,3157,9643,24991,27247,"[1, 64, 28, 28, 20]",0.5887994844442452,0.03189126029610634,0.02355244942009449
experiment_A_ema,38CWS74285MFGZZXR09Z,0,2,0.05905481280414709,0.2783527970314026,-0.051925621926784515,0.4399065389918214,0.3908465139113388,,3157,9643,24991,27247,"[1, 64, 28, 28, 20]",0.5887994844442452,0.03189126029610634,0.02355244942009449
experiment_A_ema,38CWS74285MFGZZXR09Z,0,3,-0.05729701908388742,0.0,0.014012609608471394,0.3506507037710021,0.39327551587190507,,3157,9643,24991,27247,"[1, 64, 28, 28, 20]",0.5887994844442452,0.03189126029610634,0.02355244942009449
experiment_A_ema,38CWS74285MFGZZXR09Z,0,4,-0.12860689985331172,0.0,-0.0640489012002945,0.40229914322388377,0.521048098014569,low,3157,9643,24991,27247,"[1, 64, 28, 28, 20]",0.5887994844442452,0.03189126029610634,0.02355244942009449
experiment_A_ema,38CWS74285MFGZZXR09Z,0,5,-0.029365019251150787,0.0,0.011250002309679985,0.4862117370522201,0.5156308945817958,,3157,9643,24991,27247,"[1, 64, 28, 28, 20]",0.5887994844442452,0.03189126029610634,0.02355244942009449
experiment_A_ema,38CWS74285MFGZZXR09Z,0,6,-0.02238985166492572,0.0,0.006497268099337816,0.508446026305257,0.5317355601197518,,3157,9643,24991,27247,"[1, 64, 28, 28, 20]",0.5887994844442452,0.03189126029610634,0.02355244942009449
experiment_A_ema,38CWS74285MFGZZXR09Z,0,7,0.030310176792455613,0.14286595582962036,-0.029732180759310722,0.47422694175489105,0.44632482465812834,,3157,9643,24991,27247,"[1, 64, 28, 28, 20]",0.5887994844442452,0.03189126029610634,0.02355244942009449
experiment_A_ema,38CWS74285MFGZZXR09Z,0,8,0.0493081103607089,0.23241204023361206,-0.0416506752371788,0.42185278656333597,0.38220611233198504,,3157,9643,24991,27247,"[1, 64, 28, 28, 20]",0.5887994844442452,0.03189126029610634,0.02355244942009449
experiment_A_ema,38CWS74285MFGZZXR09Z,0,9,-0.1640517691738161,0.0,0.02759300172328949,0.291281723016014,0.40560785531114896,low,3157,9643,24991,27247,"[1, 64, 28, 28, 20]",0.5887994844442452,0.03189126029610634,0.02355244942009449
experiment_A_ema,38CWS74285MFGZZXR09Z,0,10,-0.06350442529572613,0.0,0.016048353165388107,0.4558350154166108,0.5176560708872766,,3157,9643,24991,27247,"[1, 64, 28, 28, 20]",0.5887994844442452,0.03189126029610634,0.02355244942009449
experiment_A_ema,38CWS74285MFGZZXR09Z,0,11,0.06293656360112693,0.2966492772102356,-0.024978909641504288,0.43110943774749666,0.38005732618177795,,3157,9643,24991,27247,"[1, 64, 28, 28, 20]",0.5887994844442452,0.03189126029610634,0.02355244942009449
experiment_A_ema,38CWS74285MFGZZXR09Z,0,12,0.013108872491658772,0.06178820878267288,-0.030407845973968506,0.4793098562493427,0.4669060198708277,middle,3157,9643,24991,27247,"[1, 64, 28, 28, 20]",0.5887994844442452,0.03189126029610634,0.02355244942009449
experiment_A_ema,38CWS74285MFGZZXR09Z,0,13,-0.05680809240113702,0.0,-0.00841501448303461,0.4103999594730012,0.45983648884815936,,3157,9643,24991,27247,"[1, 64, 28, 28, 20]",0.5887994844442452,0.03189126029610634,0.02355244942009449
experiment_A_ema,38CWS74285MFGZZXR09Z,0,14,0.10983490384761524,0.5177029371261597,0.012055601924657822,0.6251036982541143,0.5013767199946374,,3157,9643,24991,27247,"[1, 64, 28, 28, 20]",0.5887994844442452,0.03189126029610634,0.02355244942009449
experiment_A_ema,38CWS74285MFGZZXR09Z,0,15,0.03978444639193496,0.18752259016036987,-0.02296176180243492,0.4988859827128497,0.46070898824823175,,3157,9643,24991,27247,"[1, 64, 28, 28, 20]",0.5887994844442452,0.03189126029610634,0.02355244942009449
experiment_A_ema,38CWS74285MFGZZXR09Z,0,16,-0.01878280001061691,0.0,0.03281880170106888,0.3457563346312542,0.35899352916321525,,3157,9643,24991,27247,"[1, 64, 28, 28, 20]",0.5887994844442452,0.03189126029610634,0.02355244942009449
experiment_A_ema,38CWS74285MFGZZXR09Z,0,17,0.03215335069753081,0.1515536904335022,0.017175843939185143,0.47419763681631594,0.444653463011393,,3157,9643,24991,27247,"[1, 64, 28, 28, 20]",0.5887994844442452,0.03189126029610634,0.02355244942009449
experiment_A_ema,38CWS74285MFGZZXR09Z,0,18,-0.05172788567337997,0.0,-0.019179817289114,0.40902669103186323,0.45365124859364414,,3157,9643,24991,27247,"[1, 64, 28, 28, 20]",0.5887994844442452,0.03189126029610634,0.02355244942009449
experiment_A_ema,38CWS74285MFGZZXR09Z,0,19,0.0904839321492527,0.426492840051651,-0.03226415440440178,0.6125944331464787,0.5109331491391956,,3157,9643,24991,27247,"[1, 64, 28, 28, 20]",0.5887994844442452,0.03189126029610634,0.02355244942009449
experiment_A_ema,38CWS74285MFGZZXR09Z,0,20,-0.08268131413936307,0.0,-0.07125218957662582,0.32180539966923716,0.37981650331854155,,3157,9643,24991,27247,"[1, 64, 28, 28, 20]",0.5887994844442452,0.03189126029610634,0.02355244942009449
experiment_A_ema,38CWS74285MFGZZXR09Z,0,21,-0.04534110760893924,0.0,0.007799028884619474,0.44467271518521484,0.4869118359040879,,3157,9643,24991,27247,"[1, 64, 28, 28, 20]",0.5887994844442452,0.03189126029610634,0.02355244942009449
experiment_A_ema,38CWS74285MFGZZXR09Z,0,22,0.003792736345487303,0.01787693053483963,-0.014864232391119003,0.45003390842047714,0.4466330831390542,,3157,9643,24991,27247,"[1, 64, 28, 28, 20]",0.5887994844442452,0.03189126029610634,0.02355244942009449
experiment_A_ema,38CWS74285MFGZZXR09Z,0,23,0.01585904484764562,0.07475104928016663,-0.028111722320318222,0.4244586838644053,0.4112058270491958,middle,3157,9643,24991,27247,"[1, 64, 28, 28, 20]",0.5887994844442452,0.03189126029610634,0.02355244942009449
experiment_A_ema,38CWS74285MFGZZXR09Z,0,24,0.06290803890106801,0.2965148389339447,-0.04642883688211441,0.5328898902313813,0.4698118285895853,,3157,9643,24991,27247,"[1, 64, 28, 28, 20]",0.5887994844442452,0.03189126029610634,0.02355244942009449
experiment_A_ema,38CWS74285MFGZZXR09Z,0,25,-0.12755244889613102,0.0,-0.006351088173687458,0.37979345123169544,0.4908457396913213,,3157,9643,24991,27247,"[1, 64, 28, 28, 20]",0.5887994844442452,0.03189126029610634,0.02355244942009449
experiment_A_ema,38CWS74285MFGZZXR09Z,0,26,-0.10813238366076576,0.0,-0.00328830536454916,0.27009664985011755,0.33559123245006084,,3157,9643,24991,27247,"[1, 64, 28, 28, 20]",0.5887994844442452,0.03189126029610634,0.02355244942009449
experiment_A_ema,38CWS74285MFGZZXR09Z,0,27,0.1123190369781139,0.5294118523597717,-0.004542253911495209,0.5714444181567151,0.45603842264706124,,3157,9643,24991,27247,"[1, 64, 28, 28, 20]",0.5887994844442452,0.03189126029610634,0.02355244942009449
experiment_A_ema,38CWS74285MFGZZXR09Z,0,28,-0.07689690233121103,0.0,-0.008484643884003162,0.38875142450078304,0.4535195286159162,,3157,9643,24991,27247,"[1, 64, 28, 28, 20]",0.5887994844442452,0.03189126029610634,0.02355244942009449
experiment_A_ema,38CWS74285MFGZZXR09Z,0,29,0.10075975895984504,0.4749275743961334,-0.01978197693824768,0.6050697195357759,0.4942976296624772,,3157,9643,24991,27247,"[1, 64, 28, 28, 20]",0.5887994844442452,0.03189126029610634,0.02355244942009449
experiment_A_ema,38CWS74285MFGZZXR09Z,0,30,-0.06132695813905231,0.0,-0.016539813950657845,0.4676146074526008,0.5287166330590468,,3157,9643,24991,27247,"[1, 64, 28, 28, 20]",0.5887994844442452,0.03189126029610634,0.02355244942009449
experiment_A_ema,38CWS74285MFGZZXR09Z,0,31,0.09455690232531086,0.4456906318664551,0.00588263152167201,0.681336330635861,0.56361727919467,,3157,9643,24991,27247,"[1, 64, 28, 28, 20]",0.5887994844442452,0.03189126029610634,0.02355244942009449
experiment_A_ema,38CWS74285MFGZZXR09Z,0,32,-0.013211896530574968,0.0,-0.04472948610782623,0.33002095335714926,0.3388581277805025,,3157,9643,24991,27247,"[1, 64, 28, 28, 20]",0.5887994844442452,0.03189126029610634,0.02355244942009449
experiment_A_ema,38CWS74285MFGZZXR09Z,0,33,0.12122035739290522,0.5713679194450378,0.2665431797504425,0.38490664095335253,0.3016784318296105,,3157,9643,24991,27247,"[1, 64, 28, 28, 20]",0.5887994844442452,0.03189126029610634,0.02355244942009449
experiment_A_ema,38CWS74285MFGZZXR09Z,0,34,-0.007869661366384947,0.0,-0.018599726259708405,0.47111096822671517,0.47858475987766036,,3157,9643,24991,27247,"[1, 64, 28, 28, 20]",0.5887994844442452,0.03189126029610634,0.02355244942009449
experiment_A_ema,38CWS74285MFGZZXR09Z,0,35,-0.14628761471084478,0.0,-0.05144021660089493,0.33073282962811934,0.4440782389963715,low,3157,9643,24991,27247,"[1, 64, 28, 28, 20]",0.5887994844442452,0.03189126029610634,0.02355244942009449
experiment_A_ema,38CWS74285MFGZZXR09Z,0,36,-0.12760047854500922,0.0,-0.035634368658065796,0.31882578523497407,0.4120912801560627,,3157,9643,24991,27247,"[1, 64, 28, 28, 20]",0.5887994844442452,0.03189126029610634,0.02355244942009449
experiment_A_ema,38CWS74285MFGZZXR09Z,0,37,-0.06602345162299843,0.0,-0.055517785251140594,0.29075186480655923,0.3318588384782998,,3157,9643,24991,27247,"[1, 64, 28, 28, 20]",0.5887994844442452,0.03189126029610634,0.02355244942009449
experiment_A_ema,38CWS74285MFGZZXR09Z,0,38,0.07471126573096895,0.3521489202976227,-0.0010262965224683285,0.5350465301079661,0.46065624107014996,,3157,9643,24991,27247,"[1, 64, 28, 28, 20]",0.5887994844442452,0.03189126029610634,0.02355244942009449
experiment_A_ema,38CWS74285MFGZZXR09Z,0,39,0.21215715124213647,0.9999952912330627,-0.11170083284378052,0.487899763585373,0.31711080291886434,high,3157,9643,24991,27247,"[1, 64, 28, 28, 20]",0.5887994844442452,0.03189126029610634,0.02355244942009449
experiment_A_ema,38CWS74285MFGZZXR09Z,0,40,-0.13777302162439242,0.0,0.017562570050358772,0.3131788769949435,0.41326312432463425,low,3157,9643,24991,27247,"[1, 64, 28, 28, 20]",0.5887994844442452,0.03189126029610634,0.02355244942009449
experiment_A_ema,38CWS74285MFGZZXR09Z,0,41,-0.014628953319052061,0.0,-0.04856569319963455,0.5184362742484911,0.5338298407530219,,3157,9643,24991,27247,"[1, 64, 28, 28, 20]",0.5887994844442452,0.03189126029610634,0.02355244942009449
experiment_A_ema,38CWS74285MFGZZXR09Z,0,42,0.016884673708575937,0.07958531379699707,-0.10829110443592072,0.37896121786292236,0.3663764181907609,,3157,9643,24991,27247,"[1, 64, 28, 28, 20]",0.5887994844442452,0.03189126029610634,0.02355244942009449
experiment_A_ema,38CWS74285MFGZZXR09Z,0,43,0.02231328560049926,0.10517288744449615,-0.03631657361984253,0.43672909813861566,0.41766474205380916,,3157,9643,24991,27247,"[1, 64, 28, 28, 20]",0.5887994844442452,0.03189126029610634,0.02355244942009449
experiment_A_ema,38CWS74285MFGZZXR09Z,0,44,-0.05246977186209623,0.0,0.012838155031204224,0.45691005252857775,0.507513171543942,,3157,9643,24991,27247,"[1, 64, 28, 28, 20]",0.5887994844442452,0.03189126029610634,0.02355244942009449
experiment_A_ema,38CWS74285MFGZZXR09Z,0,45,-0.08079106733764926,0.0,-0.048162877559661865,0.4167471372189135,0.4900046638267998,,3157,9643,24991,27247,"[1, 64, 28, 28, 20]",0.5887994844442452,0.03189126029610634,0.02355244942009449
experiment_A_ema,38CWS74285MFGZZXR09Z,0,46,0.16764489870152338,0.7901883721351624,-0.15886864066123962,0.4006114624537044,0.2855755436759056,high,3157,9643,24991,27247,"[1, 64, 28, 28, 20]",0.5887994844442452,0.03189126029610634,0.02355244942009449
experiment_A_ema,38CWS74285MFGZZXR09Z,0,47,0.0781036848739346,0.36813896894454956,-0.06811601668596268,0.6657524112957014,0.5692908996298282,,3157,9643,24991,27247,"[1, 64, 28, 28, 20]",0.5887994844442452,0.03189126029610634,0.02355244942009449
experiment_A_ema,38CWS74285MFGZZXR09Z,0,48,0.013044650318797663,0.06148550286889076,-0.01765286549925804,0.486660227095636,0.474127079604345,middle,3157,9643,24991,27247,"[1, 64, 28, 28, 20]",0.5887994844442452,0.03189126029610634,0.02355244942009449
experiment_A_ema,38CWS74285MFGZZXR09Z,0,49,0.09884024372171203,0.46588000655174255,-0.025430284440517426,0.5865417859703774,0.4810232943977581,,3157,9643,24991,27247,"[1, 64, 28, 28, 20]",0.5887994844442452,0.03189126029610634,0.02355244942009449
experiment_A_ema,38CWS74285MFGZZXR09Z,0,50,0.04217524906567446,0.19879156351089478,0.011880043894052505,0.3300072596264834,0.30329743425243044,,3157,9643,24991,27247,"[1, 64, 28, 28, 20]",0.5887994844442452,0.03189126029610634,0.02355244942009449
experiment_A_ema,38CWS74285MFGZZXR09Z,0,51,0.011661606644310362,0.05496657267212868,-0.10181056708097458,0.4348166454470568,0.42479221340554657,middle,3157,9643,24991,27247,"[1, 64, 28, 28, 20]",0.5887994844442452,0.03189126029610634,0.02355244942009449
experiment_A_ema,38CWS74285MFGZZXR09Z,0,52,0.022668623897792596,0.10684776306152344,-0.09167591482400894,0.5397331608882829,0.5158055286567929,,3157,9643,24991,27247,"[1, 64, 28, 28, 20]",0.5887994844442452,0.03189126029610634,0.02355244942009449
experiment_A_ema,38CWS74285MFGZZXR09Z,0,53,-0.01056906824545101,0.0,-0.0339946374297142,0.450833009746323,0.4604645868052604,,3157,9643,24991,27247,"[1, 64, 28, 28, 20]",0.5887994844442452,0.03189126029610634,0.02355244942009449
experiment_A_ema,38CWS74285MFGZZXR09Z,0,54,0.08785856771015679,0.41411828994750977,-0.023471107706427574,0.4635521498389243,0.3886764755886906,,3157,9643,24991,27247,"[1, 64, 28, 28, 20]",0.5887994844442452,0.03189126029610634,0.02355244942009449
experiment_A_ema,38CWS74285MFGZZXR09Z,0,55,0.07767674951001846,0.3661266267299652,-0.026998508721590042,0.579612970193609,0.4960582486923209,,3157,9643,24991,27247,"[1, 64, 28, 28, 20]",0.5887994844442452,0.03189126029610634,0.02355244942009449
experiment_A_ema,38CWS74285MFGZZXR09Z,0,56,-0.028926722274571635,0.0,-0.005813124123960733,0.28080630225105846,0.2975358747104165,,3157,9643,24991,27247,"[1, 64, 28, 28, 20]",0.5887994844442452,0.03189126029610634,0.02355244942009449
experiment_A_ema,38CWS74285MFGZZXR09Z,0,57,0.12206623795039385,0.5753549337387085,0.02315465919673443,0.6716395133598247,0.5255080873977674,high,3157,9643,24991,27247,"[1, 64, 28, 28, 20]",0.5887994844442452,0.03189126029610634,0.02355244942009449
experiment_A_ema,38CWS74285MFGZZXR09Z,0,58,-0.056289137599514476,0.0,-0.0009439332643523812,0.41168415144900533,0.46079532504316295,,3157,9643,24991,27247,"[1, 64, 28, 28, 20]",0.5887994844442452,0.03189126029610634,0.02355244942009449
experiment_A_ema,38CWS74285MFGZZXR09Z,0,59,0.1943332225181826,0.9159828424453735,-0.056933943182229996,0.5182586643259779,0.3496039344664234,high,3157,9643,24991,27247,"[1, 64, 28, 28, 20]",0.5887994844442452,0.03189126029610634,0.02355244942009449
experiment_A_ema,38CWS74285MFGZZXR09Z,0,60,-0.013197227569019985,0.0,0.04693573713302612,0.5758702577399883,0.5912733304766332,,3157,9643,24991,27247,"[1, 64, 28, 28, 20]",0.5887994844442452,0.03189126029610634,0.02355244942009449
experiment_A_ema,38CWS74285MFGZZXR09Z,0,61,0.10004525942212164,0.4715598225593567,-0.06324099749326706,0.6939531093331693,0.5677278140046371,,3157,9643,24991,27247,"[1, 64, 28, 28, 20]",0.5887994844442452,0.03189126029610634,0.02355244942009449
experiment_A_ema,38CWS74285MFGZZXR09Z,0,62,-0.07767245476765372,0.0,-0.007551093585789204,0.3798576223144855,0.4438360060808842,,3157,9643,24991,27247,"[1, 64, 28, 28, 20]",0.5887994844442452,0.03189126029610634,0.02355244942009449
experiment_A_ema,38CWS74285MFGZZXR09Z,0,63,0.017790516343811312,0.08385497331619263,0.010492628440260887,0.5324821907640002,0.513867079185119,,3157,9643,24991,27247,"[1, 64, 28, 28, 20]",0.5887994844442452,0.03189126029610634,0.02355244942009449
experiment_A_ema,38CWS74285MFGZZXR09Z,1,0,0.05503515436158843,0.24153529107570648,0.021002810448408127,0.4802735727668878,0.4301672656522426,,3461,9344,27300,29828,"[1, 64, 28, 28, 20]",0.6375042479518765,0.03803383558988571,0.027400072664022446
experiment_A_ema,38CWS74285MFGZZXR09Z,1,1,0.12413620795788136,0.5448022484779358,-0.04083205759525299,0.6648710950713538,0.5180301019482887,,3461,9344,27300,29828,"[1, 64, 28, 28, 20]",0.6375042479518765,0.03803383558988571,0.027400072664022446
experiment_A_ema,38CWS74285MFGZZXR09Z,1,2,0.07738411706107855,0.3396191895008087,-0.04235067218542099,0.4422194310932519,0.3786937147353556,,3461,9344,27300,29828,"[1, 64, 28, 28, 20]",0.6375042479518765,0.03803383558988571,0.027400072664022446
experiment_A_ema,38CWS74285MFGZZXR09Z,1,3,-0.005274991301579143,0.0,0.004935169592499733,0.3632633898357525,0.3671161407816018,,3461,9344,27300,29828,"[1, 64, 28, 28, 20]",0.6375042479518765,0.03803383558988571,0.027400072664022446
experiment_A_ema,38CWS74285MFGZZXR09Z,1,4,-0.09001733846590028,0.0,-0.07449306547641754,0.4282086205443076,0.5129272574318259,,3461,9344,27300,29828,"[1, 64, 28, 28, 20]",0.6375042479518765,0.03803383558988571,0.027400072664022446
experiment_A_ema,38CWS74285MFGZZXR09Z,1,5,0.01544561718413066,0.06778688728809357,-0.005606704391539097,0.4998198089333236,0.4846145965182147,,3461,9344,27300,29828,"[1, 64, 28, 28, 20]",0.6375042479518765,0.03803383558988571,0.027400072664022446
experiment_A_ema,38CWS74285MFGZZXR09Z,1,6,-0.00873862066576454,0.0,-0.024496592581272125,0.5159437511088281,0.525040526569101,,3461,9344,27300,29828,"[1, 64, 28, 28, 20]",0.6375042479518765,0.03803383558988571,0.027400072664022446
experiment_A_ema,38CWS74285MFGZZXR09Z,1,7,0.038163326526741106,0.16748912632465363,-0.02938324213027954,0.4703113219609229,0.43573359575491266,,3461,9344,27300,29828,"[1, 64, 28, 28, 20]",0.6375042479518765,0.03803383558988571,0.027400072664022446
experiment_A_ema,38CWS74285MFGZZXR09Z,1,8,0.059962990450065826,0.2631623148918152,-0.02722756564617157,0.4235206680989651,0.37560277665006486,,3461,9344,27300,29828,"[1, 64, 28, 28, 20]",0.6375042479518765,0.03803383558988571,0.027400072664022446
experiment_A_ema,38CWS74285MFGZZXR09Z,1,9,-0.13399589734432962,0.0,0.018941253423690796,0.31998063306829,0.4190013165206148,low,3461,9344,27300,29828,"[1, 64, 28, 28, 20]",0.6375042479518765,0.03803383558988571,0.027400072664022446
experiment_A_ema,38CWS74285MFGZZXR09Z,1,10,-0.07335026154109983,0.0,-0.00218989048153162,0.4537303841823226,0.5255617950008213,,3461,9344,27300,29828,"[1, 64, 28, 28, 20]",0.6375042479518765,0.03803383558988571,0.027400072664022446
experiment_A_ema,38CWS74285MFGZZXR09Z,1,11,0.07783030487386822,0.341577410697937,-0.0028962050564587116,0.45576760455822973,0.3899454238881414,,3461,9344,27300,29828,"[1, 64, 28, 28, 20]",0.6375042479518765,0.03803383558988571,0.027400072664022446
experiment_A_ema,38CWS74285MFGZZXR09Z,1,12,0.027265905775835788,0.11966312676668167,-0.018080051988363266,0.4922922074587771,0.46615913616685173,middle,3461,9344,27300,29828,"[1, 64, 28, 28, 20]",0.6375042479518765,0.03803383558988571,0.027400072664022446
experiment_A_ema,38CWS74285MFGZZXR09Z,1,13,-0.010442703038623923,0.0,0.0019972394220530987,0.43100363169624545,0.44010032204362515,,3461,9344,27300,29828,"[1, 64, 28, 28, 20]",0.6375042479518765,0.03803383558988571,0.027400072664022446
experiment_A_ema,38CWS74285MFGZZXR09Z,1,14,0.11701635625592502,0.5135549902915955,0.0027741906233131886,0.6317159429399608,0.4993612895353123,,3461,9344,27300,29828,"[1, 64, 28, 28, 20]",0.6375042479518765,0.03803383558988571,0.027400072664022446
experiment_A_ema,38CWS74285MFGZZXR09Z,1,15,0.03716585942275496,0.16311150789260864,-0.024619638919830322,0.5118489644217863,0.47516567974270874,,3461,9344,27300,29828,"[1, 64, 28, 28, 20]",0.6375042479518765,0.03803383558988571,0.027400072664022446
experiment_A_ema,38CWS74285MFGZZXR09Z,1,16,-0.003795605999584678,0.0,0.020394857972860336,0.34066989232000894,0.34326584671000765,,3461,9344,27300,29828,"[1, 64, 28, 28, 20]",0.6375042479518765,0.03803383558988571,0.027400072664022446
experiment_A_ema,38CWS74285MFGZZXR09Z,1,17,0.03639717235492348,0.15973792970180511,0.017356496304273605,0.46591374663258284,0.43318891567078427,,3461,9344,27300,29828,"[1, 64, 28, 28, 20]",0.6375042479518765,0.03803383558988571,0.027400072664022446
experiment_A_ema,38CWS74285MFGZZXR09Z,1,18,-0.009238357969966382,0.0,-0.0062674409709870815,0.4114748881493894,0.41914849352588757,,3461,9344,27300,29828,"[1, 64, 28, 28, 20]",0.6375042479518765,0.03803383558988571,0.027400072664022446
experiment_A_ema,38CWS74285MFGZZXR09Z,1,19,0.13709585419658996,0.6016788482666016,0.0001563887344673276,0.6205892088272082,0.47094434656994105,,3461,9344,27300,29828,"[1, 64, 28, 28, 20]",0.6375042479518765,0.03803383558988571,0.027400072664022446
experiment_A_ema,38CWS74285MFGZZXR09Z,1,20,-0.06854338745893829,0.0,-0.05149580538272858,0.32761593907640973,0.37583276467877685,,3461,9344,27300,29828,"[1, 64, 28, 28, 20]",0.6375042479518765,0.03803383558988571,0.027400072664022446
experiment_A_ema,38CWS74285MFGZZXR09Z,1,21,-0.0753535934926107,0.0,-0.014451505616307259,0.43550064983363346,0.5064825438401959,,3461,9344,27300,29828,"[1, 64, 28, 28, 20]",0.6375042479518765,0.03803383558988571,0.027400072664022446
experiment_A_ema,38CWS74285MFGZZXR09Z,1,22,0.0698675119815101,0.3066307306289673,-0.03892719745635986,0.4627852869111332,0.4023409960998332,,3461,9344,27300,29828,"[1, 64, 28, 28, 20]",0.6375042479518765,0.03803383558988571,0.027400072664022446
experiment_A_ema,38CWS74285MFGZZXR09Z,1,23,0.018458548383297763,0.0810098722577095,-0.011524692177772522,0.42177122381053433,0.4064828376842221,middle,3461,9344,27300,29828,"[1, 64, 28, 28, 20]",0.6375042479518765,0.03803383558988571,0.027400072664022446
experiment_A_ema,38CWS74285MFGZZXR09Z,1,24,0.08574071885600978,0.37629419565200806,-0.05005914717912674,0.5311229253366115,0.44723751236691217,,3461,9344,27300,29828,"[1, 64, 28, 28, 20]",0.6375042479518765,0.03803383558988571,0.027400072664022446
experiment_A_ema,38CWS74285MFGZZXR09Z,1,25,-0.13007332828234341,0.0,-0.006946564186364412,0.3882840865817582,0.5043983986023353,low,3461,9344,27300,29828,"[1, 64, 28, 28, 20]",0.6375042479518765,0.03803383558988571,0.027400072664022446
experiment_A_ema,38CWS74285MFGZZXR09Z,1,26,-0.1073462805796925,0.0,0.006770913489162922,0.26211500063009824,0.325156521575527,,3461,9344,27300,29828,"[1, 64, 28, 28, 20]",0.6375042479518765,0.03803383558988571,0.027400072664022446
experiment_A_ema,38CWS74285MFGZZXR09Z,1,27,0.16029870058242582,0.7035102248191833,0.006352747790515423,0.5832383850861277,0.42208602774655746,,3461,9344,27300,29828,"[1, 64, 28, 28, 20]",0.6375042479518765,0.03803383558988571,0.027400072664022446
experiment_A_ema,38CWS74285MFGZZXR09Z,1,28,-0.06477623041662284,0.0,-0.0239274762570858,0.4037012997839864,0.45962434548258374,,3461,9344,27300,29828,"[1, 64, 28, 28, 20]",0.6375042479518765,0.03803383558988571,0.027400072664022446
experiment_A_ema,38CWS74285MFGZZXR09Z,1,29,0.10430210922627328,0.4577554166316986,-0.04185165464878082,0.6149325311875055,0.49877081846434274,,3461,9344,27300,29828,"[1, 64, 28, 28, 20]",0.6375042479518765,0.03803383558988571,0.027400072664022446
experiment_A_ema,38CWS74285MFGZZXR09Z,1,30,-0.004412191847278088,0.0,-0.020799970254302025,0.4929840740300125,0.4973536384231422,,3461,9344,27300,29828,"[1, 64, 28, 28, 20]",0.6375042479518765,0.03803383558988571,0.027400072664022446
experiment_A_ema,38CWS74285MFGZZXR09Z,1,31,0.1020482082448308,0.4478636384010315,0.0035825809463858604,0.6738917213063811,0.5490886623839943,,3461,9344,27300,29828,"[1, 64, 28, 28, 20]",0.6375042479518765,0.03803383558988571,0.027400072664022446
experiment_A_ema,38CWS74285MFGZZXR09Z,1,32,-0.009732041535346542,0.0,-0.05040346086025238,0.33027240689619203,0.3367640430648445,,3461,9344,27300,29828,"[1, 64, 28, 28, 20]",0.6375042479518765,0.03803383558988571,0.027400072664022446
experiment_A_ema,38CWS74285MFGZZXR09Z,1,33,0.17008525269180136,0.7464609146118164,0.21536287665367126,0.3872718753120636,0.27468295127601927,,3461,9344,27300,29828,"[1, 64, 28, 28, 20]",0.6375042479518765,0.03803383558988571,0.027400072664022446
experiment_A_ema,38CWS74285MFGZZXR09Z,1,34,-0.006482381127006761,0.0,0.0014300285838544369,0.46670255634918373,0.47279272934043104,,3461,9344,27300,29828,"[1, 64, 28, 28, 20]",0.6375042479518765,0.03803383558988571,0.027400072664022446
experiment_A_ema,38CWS74285MFGZZXR09Z,1,35,-0.13616449229748498,0.0,-0.0481649711728096,0.332483444681583,0.43730087142765656,low,3461,9344,27300,29828,"[1, 64, 28, 28, 20]",0.6375042479518765,0.03803383558988571,0.027400072664022446
experiment_A_ema,38CWS74285MFGZZXR09Z,1,36,-0.08891752899659304,0.0,-0.045499756932258606,0.3411431100667049,0.40773125725540266,,3461,9344,27300,29828,"[1, 64, 28, 28, 20]",0.6375042479518765,0.03803383558988571,0.027400072664022446
experiment_A_ema,38CWS74285MFGZZXR09Z,1,37,0.005472263987916347,0.024016374722123146,-0.06807336211204529,0.3208581593400014,0.317365624837352,,3461,9344,27300,29828,"[1, 64, 28, 28, 20]",0.6375042479518765,0.03803383558988571,0.027400072664022446
experiment_A_ema,38CWS74285MFGZZXR09Z,1,38,0.07389281757615827,0.324296772480011,-0.01788834109902382,0.5345840732775322,0.461016283819021,,3461,9344,27300,29828,"[1, 64, 28, 28, 20]",0.6375042479518765,0.03803383558988571,0.027400072664022446
experiment_A_ema,38CWS74285MFGZZXR09Z,1,39,0.21818912372716787,0.95757657289505,-0.05713692307472229,0.4699505003031749,0.30160521638349885,high,3461,9344,27300,29828,"[1, 64, 28, 28, 20]",0.6375042479518765,0.03803383558988571,0.027400072664022446
experiment_A_ema,38CWS74285MFGZZXR09Z,1,40,-0.12099962929487061,0.0,0.0221099890768528,0.32229282716888563,0.411024014120177,low,3461,9344,27300,29828,"[1, 64, 28, 28, 20]",0.6375042479518765,0.03803383558988571,0.027400072664022446
experiment_A_ema,38CWS74285MFGZZXR09Z,1,41,0.050130399473287394,0.22000956535339355,-0.04998289421200752,0.5432966678661376,0.4914255781967104,,3461,9344,27300,29828,"[1, 64, 28, 28, 20]",0.6375042479518765,0.03803383558988571,0.027400072664022446
experiment_A_ema,38CWS74285MFGZZXR09Z,1,42,0.021204507239517438,0.0930611863732338,-0.07731059193611145,0.3800018540554451,0.36422095491040746,middle,3461,9344,27300,29828,"[1, 64, 28, 28, 20]",0.6375042479518765,0.03803383558988571,0.027400072664022446
experiment_A_ema,38CWS74285MFGZZXR09Z,1,43,0.06495074853811854,0.2850522994995117,-0.0272165946662426,0.44621013199396065,0.39178185990070463,,3461,9344,27300,29828,"[1, 64, 28, 28, 20]",0.6375042479518765,0.03803383558988571,0.027400072664022446
experiment_A_ema,38CWS74285MFGZZXR09Z,1,44,-0.031913942936194775,0.0,0.016362357884645462,0.4600373014988589,0.49036853091467403,,3461,9344,27300,29828,"[1, 64, 28, 28, 20]",0.6375042479518765,0.03803383558988571,0.027400072664022446
experiment_A_ema,38CWS74285MFGZZXR09Z,1,45,-0.08490379450942011,0.0,-0.03211422264575958,0.3978458313367334,0.4716712126670648,,3461,9344,27300,29828,"[1, 64, 28, 28, 20]",0.6375042479518765,0.03803383558988571,0.027400072664022446
experiment_A_ema,38CWS74285MFGZZXR09Z,1,46,0.17378580627745413,0.762701690196991,-0.13265551626682281,0.39329358210708604,0.2768346356833035,high,3461,9344,27300,29828,"[1, 64, 28, 28, 20]",0.6375042479518765,0.03803383558988571,0.027400072664022446
experiment_A_ema,38CWS74285MFGZZXR09Z,1,47,0.09487102462492135,0.41636478900909424,-0.06484463810920715,0.6879000888286102,0.5686863508915518,,3461,9344,27300,29828,"[1, 64, 28, 28, 20]",0.6375042479518765,0.03803383558988571,0.027400072664022446
experiment_A_ema,38CWS74285MFGZZXR09Z,1,48,0.032657909924320896,0.1433272510766983,-0.020366311073303223,0.47483078890620123,0.44479761468012213,,3461,9344,27300,29828,"[1, 64, 28, 28, 20]",0.6375042479518765,0.03803383558988571,0.027400072664022446
experiment_A_ema,38CWS74285MFGZZXR09Z,1,49,0.1719032210115387,0.7544394731521606,-0.03154834359884262,0.59205547618243,0.41836139035673975,high,3461,9344,27300,29828,"[1, 64, 28, 28, 20]",0.6375042479518765,0.03803383558988571,0.027400072664022446
experiment_A_ema,38CWS74285MFGZZXR09Z,1,50,0.015623077987322183,0.06856571137905121,0.00017477595247328281,0.325973408328827,0.3159446567141122,,3461,9344,27300,29828,"[1, 64, 28, 28, 20]",0.6375042479518765,0.03803383558988571,0.027400072664022446
experiment_A_ema,38CWS74285MFGZZXR09Z,1,51,0.030131575035484526,0.13223981857299805,-0.07769932597875595,0.4517913810832423,0.4253613573946402,,3461,9344,27300,29828,"[1, 64, 28, 28, 20]",0.6375042479518765,0.03803383558988571,0.027400072664022446
experiment_A_ema,38CWS74285MFGZZXR09Z,1,52,0.02086850070910418,0.09158653765916824,-0.06391948461532593,0.5259413025682851,0.5044387939254579,middle,3461,9344,27300,29828,"[1, 64, 28, 28, 20]",0.6375042479518765,0.03803383558988571,0.027400072664022446
experiment_A_ema,38CWS74285MFGZZXR09Z,1,53,0.010400910026897971,0.045646946877241135,0.0021240131463855505,0.47504099953845114,0.46526099271796917,,3461,9344,27300,29828,"[1, 64, 28, 28, 20]",0.6375042479518765,0.03803383558988571,0.027400072664022446
experiment_A_ema,38CWS74285MFGZZXR09Z,1,54,0.09308521387349109,0.40852731466293335,-0.009048039093613625,0.4650335510257522,0.3858305876176349,,3461,9344,27300,29828,"[1, 64, 28, 28, 20]",0.6375042479518765,0.03803383558988571,0.027400072664022446
experiment_A_ema,38CWS74285MFGZZXR09Z,1,55,0.10054869651057484,0.4412826597690582,-0.004821335431188345,0.5903575299105214,0.48248455605618634,,3461,9344,27300,29828,"[1, 64, 28, 28, 20]",0.6375042479518765,0.03803383558988571,0.027400072664022446
experiment_A_ema,38CWS74285MFGZZXR09Z,1,56,-0.04638799642475851,0.0,-0.014878226444125175,0.28896983684978317,0.317083482446509,,3461,9344,27300,29828,"[1, 64, 28, 28, 20]",0.6375042479518765,0.03803383558988571,0.027400072664022446
experiment_A_ema,38CWS74285MFGZZXR09Z,1,57,0.1454578472783515,0.6383774876594543,-0.01633426360785961,0.6726380130828624,0.501805798973863,,3461,9344,27300,29828,"[1, 64, 28, 28, 20]",0.6375042479518765,0.03803383558988571,0.027400072664022446
experiment_A_ema,38CWS74285MFGZZXR09Z,1,58,-0.05577576555229698,0.0,-0.0007199114188551903,0.4083026691412026,0.4565399860950515,,3461,9344,27300,29828,"[1, 64, 28, 28, 20]",0.6375042479518765,0.03803383558988571,0.027400072664022446
experiment_A_ema,38CWS74285MFGZZXR09Z,1,59,0.22785454103321034,0.9999955892562866,-0.04728364199399948,0.5212537146140992,0.3277940891236403,high,3461,9344,27300,29828,"[1, 64, 28, 28, 20]",0.6375042479518765,0.03803383558988571,0.027400072664022446
experiment_A_ema,38CWS74285MFGZZXR09Z,1,60,0.009151745554056314,0.040164683014154434,0.049955204129219055,0.590471006809294,0.5797613290803574,,3461,9344,27300,29828,"[1, 64, 28, 28, 20]",0.6375042479518765,0.03803383558988571,0.027400072664022446
experiment_A_ema,38CWS74285MFGZZXR09Z,1,61,0.13240890033343344,0.5811089873313904,-0.03844304382801056,0.7167182085859086,0.549111020008857,,3461,9344,27300,29828,"[1, 64, 28, 28, 20]",0.6375042479518765,0.03803383558988571,0.027400072664022446
experiment_A_ema,38CWS74285MFGZZXR09Z,1,62,-0.07133659674218801,0.0,-0.008965210989117622,0.38103219837372976,0.43957133290647815,,3461,9344,27300,29828,"[1, 64, 28, 28, 20]",0.6375042479518765,0.03803383558988571,0.027400072664022446
experiment_A_ema,38CWS74285MFGZZXR09Z,1,63,-0.03662697851408536,0.0,0.004115846008062363,0.49838025406879155,0.5362766467723279,,3461,9344,27300,29828,"[1, 64, 28, 28, 20]",0.6375042479518765,0.03803383558988571,0.027400072664022446
experiment_A_ema,38CWS74285MFGZZXR09Z,2,0,-0.01131820649681131,0.0,0.045817598700523376,0.41046230650895654,0.41986007803434894,,2467,10773,19802,21610,"[1, 64, 28, 28, 20]",0.9346377126124397,0.043122801929712296,0.030644135549664497
experiment_A_ema,38CWS74285MFGZZXR09Z,2,1,0.1497300555578306,0.7063535451889038,0.007641035132110119,0.6238219886504787,0.46134041233204154,,2467,10773,19802,21610,"[1, 64, 28, 28, 20]",0.9346377126124397,0.043122801929712296,0.030644135549664497
experiment_A_ema,38CWS74285MFGZZXR09Z,2,2,0.12257549630050443,0.5782515406608582,-0.08014866709709167,0.510004615537629,0.39862835557321863,,2467,10773,19802,21610,"[1, 64, 28, 28, 20]",0.9346377126124397,0.043122801929712296,0.030644135549664497
experiment_A_ema,38CWS74285MFGZZXR09Z,2,3,-0.003844878752793881,0.0,-0.08083130419254303,0.38920176940859513,0.39220619212202695,,2467,10773,19802,21610,"[1, 64, 28, 28, 20]",0.9346377126124397,0.043122801929712296,0.030644135549664497
experiment_A_ema,38CWS74285MFGZZXR09Z,2,4,-0.03260399632590719,0.0,-0.19337350130081177,0.46025524101245363,0.4912790956323931,,2467,10773,19802,21610,"[1, 64, 28, 28, 20]",0.9346377126124397,0.043122801929712296,0.030644135549664497
experiment_A_ema,38CWS74285MFGZZXR09Z,2,5,0.018370477032708547,0.08666297793388367,0.05190863460302353,0.49313169916585436,0.47534038658723093,middle,2467,10773,19802,21610,"[1, 64, 28, 28, 20]",0.9346377126124397,0.043122801929712296,0.030644135549664497
experiment_A_ema,38CWS74285MFGZZXR09Z,2,6,-0.0009615540454347015,0.0,-0.03349774330854416,0.4696065561317877,0.4705105304811567,,2467,10773,19802,21610,"[1, 64, 28, 28, 20]",0.9346377126124397,0.043122801929712296,0.030644135549664497
experiment_A_ema,38CWS74285MFGZZXR09Z,2,7,0.0058280654669046646,0.027493977919220924,-0.06844792515039444,0.4253094198730644,0.4203806767968935,,2467,10773,19802,21610,"[1, 64, 28, 28, 20]",0.9346377126124397,0.043122801929712296,0.030644135549664497
experiment_A_ema,38CWS74285MFGZZXR09Z,2,8,0.09755073270415308,0.46019691228866577,-0.017374392598867416,0.4089559733871987,0.3362595550180239,,2467,10773,19802,21610,"[1, 64, 28, 28, 20]",0.9346377126124397,0.043122801929712296,0.030644135549664497
experiment_A_ema,38CWS74285MFGZZXR09Z,2,9,-0.1622718557765095,0.0,-0.014682799577713013,0.3078678866608741,0.4271389766507839,low,2467,10773,19802,21610,"[1, 64, 28, 28, 20]",0.9346377126124397,0.043122801929712296,0.030644135549664497
experiment_A_ema,38CWS74285MFGZZXR09Z,2,10,-0.005163481683605263,0.0,0.1026768684387207,0.48574688939927263,0.49078922088156857,,2467,10773,19802,21610,"[1, 64, 28, 28, 20]",0.9346377126124397,0.043122801929712296,0.030644135549664497
experiment_A_ema,38CWS74285MFGZZXR09Z,2,11,0.025660424121388692,0.12105339765548706,0.034565918147563934,0.44917443778227495,0.4266991250235418,,2467,10773,19802,21610,"[1, 64, 28, 28, 20]",0.9346377126124397,0.043122801929712296,0.030644135549664497
experiment_A_ema,38CWS74285MFGZZXR09Z,2,12,0.050251654000903534,0.23706285655498505,0.008718371391296387,0.5084749425387317,0.4598166387711079,,2467,10773,19802,21610,"[1, 64, 28, 28, 20]",0.9346377126124397,0.043122801929712296,0.030644135549664497
experiment_A_ema,38CWS74285MFGZZXR09Z,2,13,0.022002949497499848,0.10379921644926071,0.0175558440387249,0.412419388744609,0.39466121302060764,,2467,10773,19802,21610,"[1, 64, 28, 28, 20]",0.9346377126124397,0.043122801929712296,0.030644135549664497
experiment_A_ema,38CWS74285MFGZZXR09Z,2,14,0.06359983516184506,0.3000330924987793,-0.03174867108464241,0.5795099290833783,0.510204224915674,,2467,10773,19802,21610,"[1, 64, 28, 28, 20]",0.9346377126124397,0.043122801929712296,0.030644135549664497
experiment_A_ema,38CWS74285MFGZZXR09Z,2,15,0.07931996093867574,0.3741929829120636,0.013576546683907509,0.5636447259219831,0.4807993808502209,,2467,10773,19802,21610,"[1, 64, 28, 28, 20]",0.9346377126124397,0.043122801929712296,0.030644135549664497
experiment_A_ema,38CWS74285MFGZZXR09Z,2,16,-0.026947492408323923,0.0,0.016172464936971664,0.33634893874148714,0.35497850677880355,,2467,10773,19802,21610,"[1, 64, 28, 28, 20]",0.9346377126124397,0.043122801929712296,0.030644135549664497
experiment_A_ema,38CWS74285MFGZZXR09Z,2,17,-0.0004147218953744527,0.0,0.027694160118699074,0.45996636317832507,0.46034803812589625,,2467,10773,19802,21610,"[1, 64, 28, 28, 20]",0.9346377126124397,0.043122801929712296,0.030644135549664497
experiment_A_ema,38CWS74285MFGZZXR09Z,2,18,-0.013173938000643962,0.0,-0.0958237498998642,0.41494069090600033,0.42601946098192195,,2467,10773,19802,21610,"[1, 64, 28, 28, 20]",0.9346377126124397,0.043122801929712296,0.030644135549664497
experiment_A_ema,38CWS74285MFGZZXR09Z,2,19,0.028783647064994967,0.1357872486114502,-0.028358934447169304,0.5736049078147252,0.5415078664976046,,2467,10773,19802,21610,"[1, 64, 28, 28, 20]",0.9346377126124397,0.043122801929712296,0.030644135549664497
experiment_A_ema,38CWS74285MFGZZXR09Z,2,20,-0.016936291922540547,0.0,-0.28267115354537964,0.3457941146143518,0.35770886335389046,,2467,10773,19802,21610,"[1, 64, 28, 28, 20]",0.9346377126124397,0.043122801929712296,0.030644135549664497
experiment_A_ema,38CWS74285MFGZZXR09Z,2,21,-0.0715513053590086,0.0,-0.0757581889629364,0.4266873661464972,0.49245314077648267,,2467,10773,19802,21610,"[1, 64, 28, 28, 20]",0.9346377126124397,0.043122801929712296,0.030644135549664497
experiment_A_ema,38CWS74285MFGZZXR09Z,2,22,0.0538396177962521,0.2539891302585602,-0.0714443251490593,0.4781531902564007,0.42929639744554365,,2467,10773,19802,21610,"[1, 64, 28, 28, 20]",0.9346377126124397,0.043122801929712296,0.030644135549664497
experiment_A_ema,38CWS74285MFGZZXR09Z,2,23,-0.043785399951852294,0.0,-0.009040726348757744,0.3955017384418093,0.4317221092480185,,2467,10773,19802,21610,"[1, 64, 28, 28, 20]",0.9346377126124397,0.043122801929712296,0.030644135549664497
experiment_A_ema,38CWS74285MFGZZXR09Z,2,24,0.144182681906108,0.6801837682723999,-0.1053197830915451,0.5643957902576223,0.4221524718189328,,2467,10773,19802,21610,"[1, 64, 28, 28, 20]",0.9346377126124397,0.043122801929712296,0.030644135549664497
experiment_A_ema,38CWS74285MFGZZXR09Z,2,25,-0.06432328398319463,0.0,-0.047977298498153687,0.3966508496471399,0.4511866032229768,,2467,10773,19802,21610,"[1, 64, 28, 28, 20]",0.9346377126124397,0.043122801929712296,0.030644135549664497
experiment_A_ema,38CWS74285MFGZZXR09Z,2,26,-0.09874299508720046,0.0,0.026662999764084816,0.2650385915687652,0.3231147087562766,,2467,10773,19802,21610,"[1, 64, 28, 28, 20]",0.9346377126124397,0.043122801929712296,0.030644135549664497
experiment_A_ema,38CWS74285MFGZZXR09Z,2,27,0.18695655835560476,0.8819701075553894,0.034482069313526154,0.5876905187397151,0.40255705371671097,high,2467,10773,19802,21610,"[1, 64, 28, 28, 20]",0.9346377126124397,0.043122801929712296,0.030644135549664497
experiment_A_ema,38CWS74285MFGZZXR09Z,2,28,-0.00739737739270972,0.0,-0.03558899462223053,0.4531928142539903,0.45994766639932055,,2467,10773,19802,21610,"[1, 64, 28, 28, 20]",0.9346377126124397,0.043122801929712296,0.030644135549664497
experiment_A_ema,38CWS74285MFGZZXR09Z,2,29,0.04611802078275404,0.21756239235401154,-0.008133449591696262,0.5107477816648954,0.46571519566479413,,2467,10773,19802,21610,"[1, 64, 28, 28, 20]",0.9346377126124397,0.043122801929712296,0.030644135549664497
experiment_A_ema,38CWS74285MFGZZXR09Z,2,30,-0.024555725072543742,0.0,-0.02610447257757187,0.43070026137724515,0.4523850869623898,,2467,10773,19802,21610,"[1, 64, 28, 28, 20]",0.9346377126124397,0.043122801929712296,0.030644135549664497
experiment_A_ema,38CWS74285MFGZZXR09Z,2,31,0.07533820140633675,0.35540899634361267,0.03374175727367401,0.6393805818114487,0.5497904962850246,,2467,10773,19802,21610,"[1, 64, 28, 28, 20]",0.9346377126124397,0.043122801929712296,0.030644135549664497
experiment_A_ema,38CWS74285MFGZZXR09Z,2,32,0.055173252450494065,0.260280579328537,-0.13284265995025635,0.35307213634920365,0.31614897580961243,,2467,10773,19802,21610,"[1, 64, 28, 28, 20]",0.9346377126124397,0.043122801929712296,0.030644135549664497
experiment_A_ema,38CWS74285MFGZZXR09Z,2,33,0.1698056128578557,0.8010602593421936,0.4702574610710144,0.4100212033777254,0.2909860647840851,high,2467,10773,19802,21610,"[1, 64, 28, 28, 20]",0.9346377126124397,0.043122801929712296,0.030644135549664497
experiment_A_ema,38CWS74285MFGZZXR09Z,2,34,0.02056645270873267,0.09702251851558685,-0.004983324557542801,0.4757971791787347,0.45662063179804796,middle,2467,10773,19802,21610,"[1, 64, 28, 28, 20]",0.9346377126124397,0.043122801929712296,0.030644135549664497
experiment_A_ema,38CWS74285MFGZZXR09Z,2,35,-0.1003219613489507,0.0,-0.09580473601818085,0.3683205286809635,0.45046255375193256,,2467,10773,19802,21610,"[1, 64, 28, 28, 20]",0.9346377126124397,0.043122801929712296,0.030644135549664497
experiment_A_ema,38CWS74285MFGZZXR09Z,2,36,-0.11473292293316846,0.0,-0.03460328280925751,0.34383126558790894,0.4329542534073118,low,2467,10773,19802,21610,"[1, 64, 28, 28, 20]",0.9346377126124397,0.043122801929712296,0.030644135549664497
experiment_A_ema,38CWS74285MFGZZXR09Z,2,37,-0.0032964122712400485,0.0,-0.15313774347305298,0.33704682949518566,0.3392762725645508,,2467,10773,19802,21610,"[1, 64, 28, 28, 20]",0.9346377126124397,0.043122801929712296,0.030644135549664497
experiment_A_ema,38CWS74285MFGZZXR09Z,2,38,0.02416332696325696,0.11399082094430923,-0.004798848181962967,0.5006077400374992,0.4769858034458159,,2467,10773,19802,21610,"[1, 64, 28, 28, 20]",0.9346377126124397,0.043122801929712296,0.030644135549664497
experiment_A_ema,38CWS74285MFGZZXR09Z,2,39,0.21197507242359642,0.9999952912330627,-0.1162843406200409,0.46856141733909784,0.3046579697801038,high,2467,10773,19802,21610,"[1, 64, 28, 28, 20]",0.9346377126124397,0.043122801929712296,0.030644135549664497
experiment_A_ema,38CWS74285MFGZZXR09Z,2,40,-0.1311895587257296,0.0,0.03814695402979851,0.3033479361646338,0.39495859273595696,low,2467,10773,19802,21610,"[1, 64, 28, 28, 20]",0.9346377126124397,0.043122801929712296,0.030644135549664497
experiment_A_ema,38CWS74285MFGZZXR09Z,2,41,0.070205691071036,0.33119630813598633,-0.08508619666099548,0.5292082715088318,0.4597758851281366,,2467,10773,19802,21610,"[1, 64, 28, 28, 20]",0.9346377126124397,0.043122801929712296,0.030644135549664497
experiment_A_ema,38CWS74285MFGZZXR09Z,2,42,0.01067351049717125,0.05035243183374405,-0.24297162890434265,0.3655279243176552,0.3578073866099839,,2467,10773,19802,21610,"[1, 64, 28, 28, 20]",0.9346377126124397,0.043122801929712296,0.030644135549664497
experiment_A_ema,38CWS74285MFGZZXR09Z,2,43,-0.023025327588221584,0.0,0.011868865229189396,0.3987996543918155,0.4175974890878507,,2467,10773,19802,21610,"[1, 64, 28, 28, 20]",0.9346377126124397,0.043122801929712296,0.030644135549664497
experiment_A_ema,38CWS74285MFGZZXR09Z,2,44,0.009725102724335017,0.04587830230593681,0.10494476556777954,0.45557510967057757,0.44679941499725717,,2467,10773,19802,21610,"[1, 64, 28, 28, 20]",0.9346377126124397,0.043122801929712296,0.030644135549664497
experiment_A_ema,38CWS74285MFGZZXR09Z,2,45,-0.13282443164018415,0.0,-0.036800846457481384,0.3711255073895288,0.48481552080086426,low,2467,10773,19802,21610,"[1, 64, 28, 28, 20]",0.9346377126124397,0.043122801929712296,0.030644135549664497
experiment_A_ema,38CWS74285MFGZZXR09Z,2,46,0.16308602416553522,0.7693605422973633,-0.2334267795085907,0.40561576108644515,0.29186606074946775,,2467,10773,19802,21610,"[1, 64, 28, 28, 20]",0.9346377126124397,0.043122801929712296,0.030644135549664497
experiment_A_ema,38CWS74285MFGZZXR09Z,2,47,0.01265876577280554,0.059717901051044464,-0.011904943734407425,0.550149165798425,0.5363948469800522,,2467,10773,19802,21610,"[1, 64, 28, 28, 20]",0.9346377126124397,0.043122801929712296,0.030644135549664497
experiment_A_ema,38CWS74285MFGZZXR09Z,2,48,-9.311074378902353e-05,0.0,-0.04541245102882385,0.42068625058264164,0.4207645987901994,,2467,10773,19802,21610,"[1, 64, 28, 28, 20]",0.9346377126124397,0.043122801929712296,0.030644135549664497
experiment_A_ema,38CWS74285MFGZZXR09Z,2,49,0.16325423173243872,0.7701540589332581,-0.11091284453868866,0.5806295552202638,0.4176551838404562,high,2467,10773,19802,21610,"[1, 64, 28, 28, 20]",0.9346377126124397,0.043122801929712296,0.030644135549664497
experiment_A_ema,38CWS74285MFGZZXR09Z,2,50,0.007476095603028032,0.03526858240365982,-0.0047543407417833805,0.3293980053306602,0.3245093241438921,,2467,10773,19802,21610,"[1, 64, 28, 28, 20]",0.9346377126124397,0.043122801929712296,0.030644135549664497
experiment_A_ema,38CWS74285MFGZZXR09Z,2,51,0.0753168732572223,0.3553083837032318,-0.1890932023525238,0.47180443631113633,0.4057125270813673,,2467,10773,19802,21610,"[1, 64, 28, 28, 20]",0.9346377126124397,0.043122801929712296,0.030644135549664497
experiment_A_ema,38CWS74285MFGZZXR09Z,2,52,0.06031783304328428,0.28455018997192383,-0.07086412608623505,0.5129265700357382,0.454569257898494,,2467,10773,19802,21610,"[1, 64, 28, 28, 20]",0.9346377126124397,0.043122801929712296,0.030644135549664497
experiment_A_ema,38CWS74285MFGZZXR09Z,2,53,0.0688173746094421,0.32464689016342163,0.01236817054450512,0.5253910277197061,0.457734819206206,,2467,10773,19802,21610,"[1, 64, 28, 28, 20]",0.9346377126124397,0.043122801929712296,0.030644135549664497
experiment_A_ema,38CWS74285MFGZZXR09Z,2,54,0.08710809943126609,0.41093364357948303,-0.01034209132194519,0.4535275605928625,0.3808467160335029,,2467,10773,19802,21610,"[1, 64, 28, 28, 20]",0.9346377126124397,0.043122801929712296,0.030644135549664497
experiment_A_ema,38CWS74285MFGZZXR09Z,2,55,0.046921991008381306,0.2213551253080368,0.007917852140963078,0.521249541043265,0.474525735546749,,2467,10773,19802,21610,"[1, 64, 28, 28, 20]",0.9346377126124397,0.043122801929712296,0.030644135549664497
experiment_A_ema,38CWS74285MFGZZXR09Z,2,56,-0.04964735401859154,0.0,-0.04722321406006813,0.3052254504273645,0.3371160562579603,,2467,10773,19802,21610,"[1, 64, 28, 28, 20]",0.9346377126124397,0.043122801929712296,0.030644135549664497
experiment_A_ema,38CWS74285MFGZZXR09Z,2,57,0.06782689002332376,0.31997427344322205,0.04314159229397774,0.5366683767941768,0.4684914443244124,,2467,10773,19802,21610,"[1, 64, 28, 28, 20]",0.9346377126124397,0.043122801929712296,0.030644135549664497
experiment_A_ema,38CWS74285MFGZZXR09Z,2,58,0.01736598635999619,0.08192427456378937,-0.02919049747288227,0.44221451584545896,0.42711768729738847,middle,2467,10773,19802,21610,"[1, 64, 28, 28, 20]",0.9346377126124397,0.043122801929712296,0.030644135549664497
experiment_A_ema,38CWS74285MFGZZXR09Z,2,59,0.12019126465318407,0.5670039057731628,-0.0611032173037529,0.4630880190259707,0.3637135702074757,,2467,10773,19802,21610,"[1, 64, 28, 28, 20]",0.9346377126124397,0.043122801929712296,0.030644135549664497
experiment_A_ema,38CWS74285MFGZZXR09Z,2,60,0.016076090336134316,0.07583917677402496,0.08409975469112396,0.5831344298282871,0.5646820129291282,middle,2467,10773,19802,21610,"[1, 64, 28, 28, 20]",0.9346377126124397,0.043122801929712296,0.030644135549664497
experiment_A_ema,38CWS74285MFGZZXR09Z,2,61,0.08684704284807829,0.4097020924091339,-0.008264937438070774,0.6398513064879755,0.5375936104853024,,2467,10773,19802,21610,"[1, 64, 28, 28, 20]",0.9346377126124397,0.043122801929712296,0.030644135549664497
experiment_A_ema,38CWS74285MFGZZXR09Z,2,62,0.05778036003963441,0.2725796401500702,-0.06934292614459991,0.4564694871960223,0.40660091106461216,,2467,10773,19802,21610,"[1, 64, 28, 28, 20]",0.9346377126124397,0.043122801929712296,0.030644135549664497
experiment_A_ema,38CWS74285MFGZZXR09Z,2,63,-0.10242301136829238,0.0,-0.019311046227812767,0.42755407989423394,0.5251310635997309,,2467,10773,19802,21610,"[1, 64, 28, 28, 20]",0.9346377126124397,0.043122801929712296,0.030644135549664497
